  maths-advanced-y12-hsc-1991-hsc: 1 questions, 16 parts, 0 soln pages [ocr, 0 tokens]
maths-advanced-y12-hsc-1991-hsc: baked 16 parts (0 with answers) -> papers/_work/maths-advanced-y12-hsc-1991-hsc/baked
  subject folder: maths-advanced/   (796 KB questions)
  maths-advanced/q_d7339428405f.pdf  QNonee  Nonem      None
  maths-advanced/q_f139cc1911ff.pdf  QNonea  Nonem      None
  maths-advanced/q_a9fca0a8fd1f.pdf  QNonec  Nonem      None
  maths-advanced/q_735c0c943e7c.pdf  QNonee  Nonem      None
  maths-advanced/q_d81ec630076d.pdf  QNoneg  Nonem      None
  maths-advanced/q_be46d6a3bb6e.pdf  QNoneh  Nonem      None
  maths-advanced/q_8050b9df1a27.pdf  QNoneb  Nonem      None
  maths-advanced/q_00f5c92f31e1.pdf  QNonec  Nonem      None
  maths-advanced/q_b82c2f1cc24b.pdf  QNonei  Nonem      None
  maths-advanced/q_50bfdbc53cf7.pdf  QNonea  Nonem      None
  maths-advanced/q_a75746cc6843.pdf  QNonei  Nonem      None
  maths-advanced/q_2a3600106582.pdf  QNoneb  Nonem      None
  maths-advanced/q_38d0bd6190f8.pdf  QNonea  Nonem      None
  maths-advanced/q_6a2cf4028ead.pdf  QNonei  Nonem      None
  maths-advanced/q_c49cec1f2707.pdf  QNoneb  Nonem      None
  maths-advanced/q_a4380fe9d96a.pdf  QNonei  Nonem      None
  maths-advanced-y12-hsc-1992-hsc: 1 questions, 16 parts, 0 soln pages [ocr, 0 tokens]
maths-advanced-y12-hsc-1992-hsc: baked 16 parts (0 with answers) -> papers/_work/maths-advanced-y12-hsc-1992-hsc/baked
  subject folder: maths-advanced/   (1059 KB questions)
  maths-advanced/q_78e536157cae.pdf  QNonea  Nonem      None
  maths-advanced/q_7f56063afaeb.pdf  QNoneb  Nonem      None
  maths-advanced/q_4e3606227951.pdf  QNonee  Nonem      None
  maths-advanced/q_bb2df826a740.pdf  QNoneb  Nonem      None
  maths-advanced/q_822f4126cc35.pdf  QNonec  Nonem      None
  maths-advanced/q_5d2befc1fdf6.pdf  QNonea  Nonem      None
  maths-advanced/q_d19d62821c77.pdf  QNonei  Nonem      None
  maths-advanced/q_59c07d573563.pdf  QNoneb  Nonem      None
  maths-advanced/q_df881aa30f97.pdf  QNonei  Nonem      None
  maths-advanced/q_c6309c85902f.pdf  QNonei  Nonem      None
  maths-advanced/q_33283431579f.pdf  QNonea  Nonem      None
  maths-advanced/q_3eedb88843ca.pdf  QNonei  Nonem      None
  maths-advanced/q_292a16c4a6be.pdf  QNoneb  Nonem      None
  maths-advanced/q_51ddcc9131ae.pdf  QNonei  Nonem      None
  maths-advanced/q_256c92d252d4.pdf  QNonei  Nonem      None
  maths-advanced/q_40be54a2b02c.pdf  QNonea  Nonem      None
  maths-advanced-y12-hsc-1993-hsc: 1 questions, 19 parts, 0 soln pages [ocr, 0 tokens]
maths-advanced-y12-hsc-1993-hsc: baked 19 parts (0 with answers) -> papers/_work/maths-advanced-y12-hsc-1993-hsc/baked
  subject folder: maths-advanced/   (1264 KB questions)
  maths-advanced/q_22315dd59070.pdf  QNonea  Nonem      None
  maths-advanced/q_302050eb5ba5.pdf  QNoneb  Nonem      None
  maths-advanced/q_2755688fa8de.pdf  QNoned  Nonem      None
  maths-advanced/q_41eb5897ba64.pdf  QNonee  Nonem      None
  maths-advanced/q_f10684d59d99.pdf  QNonef  Nonem      None
  maths-advanced/q_6212e22e8b16.pdf  QNonea  Nonem      None
  maths-advanced/q_2345dc233278.pdf  QNonev  Nonem      None
  maths-advanced/q_b355b4de9fac.pdf  QNoneb  Nonem      None
  maths-advanced/q_e27e24ef0989.pdf  QNonec  Nonem      None
  maths-advanced/q_19d8ca371f88.pdf  QNonei  Nonem      None
  maths-advanced/q_8de465f89f04.pdf  QNonea  Nonem      None
  maths-advanced/q_e11761802932.pdf  QNonec  Nonem      None
  maths-advanced/q_e44902f45fc0.pdf  QNonec  Nonem      None
  maths-advanced/q_90c351dbebb7.pdf  QNonei  Nonem      None
  maths-advanced/q_a8a9db72a9c2.pdf  QNonea  Nonem      None
  maths-advanced/q_c401cd60c791.pdf  QNonei  Nonem      None
  maths-advanced/q_8265bdecac96.pdf  QNoneb  Nonem      None
  maths-advanced/q_3b99e4493acb.pdf  QNonei  Nonem      None
  maths-advanced/q_1eeefff2d3ab.pdf  QNonea  Nonem      None
  maths-advanced-y12-hsc-1994-hsc: 1 questions, 24 parts, 0 soln pages [ocr, 0 tokens]
maths-advanced-y12-hsc-1994-hsc: baked 24 parts (0 with answers) -> papers/_work/maths-advanced-y12-hsc-1994-hsc/baked
  subject folder: maths-advanced/   (1564 KB questions)
  maths-advanced/q_aa572d1a1430.pdf  QNonea  Nonem      None
  maths-advanced/q_206c6cd5521b.pdf  QNoneb  Nonem      None
  maths-advanced/q_039f8d61ae2a.pdf  QNonec  Nonem      None
  maths-advanced/q_b8600cedf097.pdf  QNonee  Nonem      None
  maths-advanced/q_056f69569423.pdf  QNonef  Nonem      None
  maths-advanced/q_8209a1b5f5d3.pdf  QNonea  Nonem      None
  maths-advanced/q_cab42a00a227.pdf  QNoneb  Nonem      None
  maths-advanced/q_e3a6c9e2316b.pdf  QNonec  Nonem      None
  maths-advanced/q_4586b4b4edf4.pdf  QNoned  Nonem      None
  maths-advanced/q_1363cc4f9bbb.pdf  QNonee  Nonem      None
  maths-advanced/q_747754927d76.pdf  QNonec  Nonem      None
  maths-advanced/q_7089d90e4630.pdf  QNonea  Nonem      None
  maths-advanced/q_c93957b0a9c8.pdf  QNonei  Nonem      None
  maths-advanced/q_19b77a231d7b.pdf  QNonea  Nonem      None
  maths-advanced/q_215191386417.pdf  QNonec  Nonem      None
  maths-advanced/q_2c26c9692227.pdf  QNonei  Nonem      None
  maths-advanced/q_3a4b095899f0.pdf  QNonea  Nonem      None
  maths-advanced/q_6e5e184b96f0.pdf  QNonei  Nonem      None
  maths-advanced/q_2e5dce55ecfb.pdf  QNoneb  Nonem      None
  maths-advanced/q_58cb21a2455d.pdf  QNonee  Nonem      None
  maths-advanced/q_cc1e4e5338d5.pdf  QNonei  Nonem      None
  maths-advanced/q_ee8acefcdd30.pdf  QNonea  Nonem      None
  maths-advanced/q_66395e2fa8bf.pdf  QNonei  Nonem      None
  maths-advanced/q_413821675dd9.pdf  QNonea  Nonem      None
  maths-advanced-y12-hsc-1995-hsc: 13 questions, 42 parts, 0 soln pages [ocr, 0 tokens]
maths-advanced-y12-hsc-1995-hsc: baked 42 parts (0 with answers) -> papers/_work/maths-advanced-y12-hsc-1995-hsc/baked
  subject folder: maths-advanced/   (222 KB questions)
  maths-advanced/q_3d5e3fc065c5.pdf  Q1      Nonem      None
  maths-advanced/q_9d03a935e821.pdf  Q1a     Nonem      None
  maths-advanced/q_987fd6a55878.pdf  Q1b     Nonem      None
  maths-advanced/q_bb0408f6684c.pdf  Q1d     Nonem      None
  maths-advanced/q_221f40e90c14.pdf  Q1e     Nonem      None
  maths-advanced/q_6f2d0c5fe7f4.pdf  Q1g     Nonem      None
  maths-advanced/q_a7026848f2f1.pdf  Q2a     Nonem      None
  maths-advanced/q_623d1e7cb893.pdf  Q2b     Nonem      None
  maths-advanced/q_bfe9c86c0d8e.pdf  Q2e     Nonem      None
  maths-advanced/q_6c5e3ae2da7e.pdf  Q2g     Nonem      None
  maths-advanced/q_a150ad5483f8.pdf  Q3a     Nonem      None
  maths-advanced/q_621dbc169aac.pdf  Q3b     Nonem      None
  maths-advanced/q_e314a891fb39.pdf  Q3i     Nonem      None
  maths-advanced/q_139031af2eab.pdf  Q4a     Nonem      None
  maths-advanced/q_20e73e80352c.pdf  Q4i     Nonem      None
  maths-advanced/q_9db8074cfd62.pdf  Q4b     Nonem      None
  maths-advanced/q_f147fd5108e4.pdf  Q4c     Nonem      None
  maths-advanced/q_0cb5e4e45c5b.pdf  Q4i     Nonem      None
  maths-advanced/q_6e74720a1cc9.pdf  Q5a     Nonem      None
  maths-advanced/q_25a8346c715d.pdf  Q5b     Nonem      None
  maths-advanced/q_eaf9415e9aa6.pdf  Q5i     Nonem      None
  maths-advanced/q_f41fc870ca0a.pdf  Q6a     Nonem      None
  maths-advanced/q_870a9f285d57.pdf  Q6b     Nonem      None
  maths-advanced/q_8a91776bd95c.pdf  Q6i     Nonem      None
  maths-advanced/q_566009cd7e0a.pdf  Q6c     Nonem      None
  maths-advanced/q_056f2c0ecfc0.pdf  Q6i     Nonem      None
  maths-advanced/q_a39abdf7a29b.pdf  Q7a     Nonem      None
  maths-advanced/q_a3b6e22e6ccc.pdf  Q7b     Nonem      None
  maths-advanced/q_5971bf2a7d5e.pdf  Q7i     Nonem      None
  maths-advanced/q_4a90014588a3.pdf  Q7d     Nonem      None
  maths-advanced/q_641b8fb6c2ae.pdf  Q8a     Nonem      None
  maths-advanced/q_229a340bc540.pdf  Q8b     Nonem      None
  maths-advanced/q_fdfec6ba1533.pdf  Q8i     Nonem      None
  maths-advanced/q_ba8b2c4e4ec7.pdf  Q9a     Nonem      None
  maths-advanced/q_90680941f597.pdf  Q9i     Nonem      None
  maths-advanced/q_1d5178f761b0.pdf  Q9i     Nonem      None
  maths-advanced/q_0d9231ba9ed3.pdf  Q9b     Nonem      None
  maths-advanced/q_f5e760cce589.pdf  Q9      Nonem      None
  maths-advanced/q_fa77287def5c.pdf  Q10a    Nonem      None
  maths-advanced/q_689e0754b151.pdf  Q10i    Nonem      None
  maths-advanced/q_1b777f96a5c4.pdf  Q10b    Nonem      None
  maths-advanced/q_90eaab4d8a0d.pdf  Q10i    Nonem      None
  maths-advanced-y12-hsc-1996-hsc: 10 questions, 38 parts, 0 soln pages [ocr, 0 tokens]
maths-advanced-y12-hsc-1996-hsc: baked 38 parts (0 with answers) -> papers/_work/maths-advanced-y12-hsc-1996-hsc/baked
  subject folder: maths-advanced/   (469 KB questions)
  maths-advanced/q_8bd995488ad1.pdf  Q1a     Nonem      None
  maths-advanced/q_2ab6816e5d7d.pdf  Q1b     Nonem      None
  maths-advanced/q_73945fbcc03b.pdf  Q1d     Nonem      None
  maths-advanced/q_e8d9b070eeb2.pdf  Q1e     Nonem      None
  maths-advanced/q_bce70b20e944.pdf  Q2a     Nonem      None
  maths-advanced/q_16f37bb3c07d.pdf  Q2b     Nonem      None
  maths-advanced/q_99682f5817be.pdf  Q2c     Nonem      None
  maths-advanced/q_a16bd128d16e.pdf  Q2d     Nonem      None
  maths-advanced/q_d13d0c950879.pdf  Q2e     Nonem      None
  maths-advanced/q_01fbfc2fa782.pdf  Q2f     Nonem      None
  maths-advanced/q_8d700eb92876.pdf  Q2g     Nonem      None
  maths-advanced/q_cb7eca34fb99.pdf  Q3a     Nonem      None
  maths-advanced/q_c59a18b761b6.pdf  Q3i     Nonem      None
  maths-advanced/q_dc2eff3186bb.pdf  Q3b     Nonem      None
  maths-advanced/q_8e946d740ac4.pdf  Q3i     Nonem      None
  maths-advanced/q_81a526bff12b.pdf  Q3c     Nonem      None
  maths-advanced/q_3cd599856478.pdf  Q4a     Nonem      None
  maths-advanced/q_f6ece28cc191.pdf  Q4b     Nonem      None
  maths-advanced/q_c1d7a2358be6.pdf  Q5a     Nonem      None
  maths-advanced/q_cd739285e20f.pdf  Q5b     Nonem      None
  maths-advanced/q_71c169cc7ce3.pdf  Q5i     Nonem      None
  maths-advanced/q_a86b7465577d.pdf  Q6a     Nonem      None
  maths-advanced/q_c82c06b8d05b.pdf  Q6b     Nonem      None
  maths-advanced/q_dfc7088007e3.pdf  Q6i     Nonem      None
  maths-advanced/q_5ba260de9cf8.pdf  Q7a     Nonem      None
  maths-advanced/q_783c548f0fb9.pdf  Q7b     Nonem      None
  maths-advanced/q_8fb77ad76ed1.pdf  Q7i     Nonem      None
  maths-advanced/q_47da0f039c68.pdf  Q8a     Nonem      None
  maths-advanced/q_87f01b92f207.pdf  Q8i     Nonem      None
  maths-advanced/q_2eb4fc753f09.pdf  Q8b     Nonem      None
  maths-advanced/q_f8c809e38235.pdf  Q8i     Nonem      None
  maths-advanced/q_87342051f5fe.pdf  Q9a     Nonem      None
  maths-advanced/q_617c1ac90604.pdf  Q9b     Nonem      None
  maths-advanced/q_e6f1d3a24ee1.pdf  Q9c     Nonem      None
  maths-advanced/q_1d541f3ab3cc.pdf  Q9d     Nonem      None
  maths-advanced/q_7c22cd5a8ed0.pdf  Q10a    Nonem      None
  maths-advanced/q_f049e59113ea.pdf  Q10b    Nonem      None
  maths-advanced/q_173d8c977664.pdf  Q10c    Nonem      None
  maths-advanced-y12-hsc-1997-hsc: 9 questions, 29 parts, 1 soln pages [ocr, 0 tokens]
maths-advanced-y12-hsc-1997-hsc: baked 29 parts (0 with answers) -> papers/_work/maths-advanced-y12-hsc-1997-hsc/baked
  subject folder: maths-advanced/   (197 KB questions)
  maths-advanced/q_2d632bd9fc6a.pdf  Q1b     Nonem      None
  maths-advanced/q_06bbbdc81c03.pdf  Q1f     Nonem      None
  maths-advanced/q_49aa7c07c076.pdf  Q1g     Nonem      None
  maths-advanced/q_65f0ecee2640.pdf  Q2a     Nonem      None
  maths-advanced/q_d4b0b953b66a.pdf  Q2i     Nonem      None
  maths-advanced/q_3f20d0c8d2af.pdf  Q2b     Nonem      None
  maths-advanced/q_0dde748452bb.pdf  Q2i     Nonem      None
  maths-advanced/q_c7afdefaec44.pdf  Q3a     Nonem      None
  maths-advanced/q_460bab655a73.pdf  Q3b     Nonem      None
  maths-advanced/q_7b16fbda8de2.pdf  Q3i     Nonem      None
  maths-advanced/q_23fde5bbc3b8.pdf  Q4a     Nonem      None
  maths-advanced/q_52e744c31143.pdf  Q4b     Nonem      None
  maths-advanced/q_9abaf75c0a25.pdf  Q5a     Nonem      None
  maths-advanced/q_e7a9cd621b96.pdf  Q5b     Nonem      None
  maths-advanced/q_ff5c8d9782ed.pdf  Q5i     Nonem      None
  maths-advanced/q_67db79a70ae4.pdf  Q5i     Nonem      None
  maths-advanced/q_e8a234176c89.pdf  Q6a     Nonem      None
  maths-advanced/q_d825faa52ac9.pdf  Q6b     Nonem      None
  maths-advanced/q_6b56983c4793.pdf  Q6i     Nonem      None
  maths-advanced/q_1c412adc20fb.pdf  Q7a     Nonem      None
  maths-advanced/q_7c25a92eeb6f.pdf  Q7b     Nonem      None
  maths-advanced/q_40a2e134a5f4.pdf  Q7i     Nonem      None
  maths-advanced/q_fa15927f4629.pdf  Q7i     Nonem      None
  maths-advanced/q_af303fe6b478.pdf  Q8a     Nonem      None
  maths-advanced/q_4b906efa8f63.pdf  Q8i     Nonem      None
  maths-advanced/q_3f9c4426702e.pdf  Q8i     Nonem      None
  maths-advanced/q_f8786a81cd46.pdf  Q8b     Nonem      None
  maths-advanced/q_5d2b05362a41.pdf  Q9a     Nonem      None
  maths-advanced/q_e8ea970792aa.pdf  Q9b     Nonem      None
  maths-advanced-y12-hsc-1998-hsc: 10 questions, 44 parts, 0 soln pages [ocr, 0 tokens]
maths-advanced-y12-hsc-1998-hsc: baked 44 parts (0 with answers) -> papers/_work/maths-advanced-y12-hsc-1998-hsc/baked
  subject folder: maths-advanced/   (266 KB questions)
  maths-advanced/q_0c70dd73578b.pdf  Q1a     Nonem      None
  maths-advanced/q_cff04dd310cf.pdf  Q1b     Nonem      None
  maths-advanced/q_6270510f863f.pdf  Q1d     Nonem      None
  maths-advanced/q_83a649c3a2c0.pdf  Q1e     Nonem      None
  maths-advanced/q_82ebfe7d20dc.pdf  Q2a     Nonem      None
  maths-advanced/q_557fc143dcb9.pdf  Q2b     Nonem      None
  maths-advanced/q_48ee1227cedf.pdf  Q3a     Nonem      None
  maths-advanced/q_45edd1b0f3ee.pdf  Q3b     Nonem      None
  maths-advanced/q_79a492b62be6.pdf  Q3c     Nonem      None
  maths-advanced/q_301b0dd340f0.pdf  Q3d     Nonem      None
  maths-advanced/q_ee4d3c538cfa.pdf  Q3f     Nonem      None
  maths-advanced/q_dfeac92a42b8.pdf  Q3g     Nonem      None
  maths-advanced/q_b6177deaa5fa.pdf  Q3h     Nonem      None
  maths-advanced/q_08a15600ff8d.pdf  Q4a     Nonem      None
  maths-advanced/q_b345241e5403.pdf  Q4i     Nonem      None
  maths-advanced/q_514a0ecb9606.pdf  Q4b     Nonem      None
  maths-advanced/q_61b930a8a5c6.pdf  Q4i     Nonem      None
  maths-advanced/q_73133b282824.pdf  Q4i     Nonem      None
  maths-advanced/q_a6f00f708e6a.pdf  Q4d     Nonem      None
  maths-advanced/q_b9d55c1fee1c.pdf  Q4i     Nonem      None
  maths-advanced/q_230b4a31f3a6.pdf  Q5a     Nonem      None
  maths-advanced/q_3e1cc1561644.pdf  Q5i     Nonem      None
  maths-advanced/q_9c6130089c17.pdf  Q5b     Nonem      None
  maths-advanced/q_671284ece657.pdf  Q5i     Nonem      None
  maths-advanced/q_6cbfb5fe49cc.pdf  Q6a     Nonem      None
  maths-advanced/q_cf229416d600.pdf  Q6i     Nonem      None
  maths-advanced/q_85d6b132243e.pdf  Q6b     Nonem      None
  maths-advanced/q_790a4089f1e5.pdf  Q6i     Nonem      None
  maths-advanced/q_9b19e2e5a077.pdf  Q6v     Nonem      None
  maths-advanced/q_1a001528e8f1.pdf  Q7a     Nonem      None
  maths-advanced/q_fa6530d2c1ea.pdf  Q7b     Nonem      None
  maths-advanced/q_784d689e8463.pdf  Q7i     Nonem      None
  maths-advanced/q_d6a344c1b4ee.pdf  Q7c     Nonem      None
  maths-advanced/q_7fc72f76ac8d.pdf  Q7i     Nonem      None
  maths-advanced/q_00e533023c51.pdf  Q8a     Nonem      None
  maths-advanced/q_1e446d61699b.pdf  Q8i     Nonem      None
  maths-advanced/q_2f6be34f9270.pdf  Q8v     Nonem      None
  maths-advanced/q_f9870cfaa2cd.pdf  Q8b     Nonem      None
  maths-advanced/q_0b67ed6c07c9.pdf  Q8i     Nonem      None
  maths-advanced/q_dd47dfa083a5.pdf  Q9a     Nonem      None
  maths-advanced/q_d95861bb74b8.pdf  Q9b     Nonem      None
  maths-advanced/q_4a18ba58b79f.pdf  Q9i     Nonem      None
  maths-advanced/q_0774f0b7e489.pdf  Q10a    Nonem      None
  maths-advanced/q_08c14efd2710.pdf  Q10b    Nonem      None
  maths-advanced-y12-hsc-1999-hsc: 9 questions, 30 parts, 1 soln pages [ocr, 0 tokens]
maths-advanced-y12-hsc-1999-hsc: baked 30 parts (0 with answers) -> papers/_work/maths-advanced-y12-hsc-1999-hsc/baked
  subject folder: maths-advanced/   (154 KB questions)
  maths-advanced/q_2fa38f5c3c5a.pdf  Q1a     Nonem      None
  maths-advanced/q_086e1b49de1e.pdf  Q1b     Nonem      None
  maths-advanced/q_31305bc5e567.pdf  Q1c     Nonem      None
  maths-advanced/q_41c2c5df2d26.pdf  Q1d     Nonem      None
  maths-advanced/q_7efec9cfdb6f.pdf  Q2a     Nonem      None
  maths-advanced/q_88f94340f18c.pdf  Q2i     Nonem      None
  maths-advanced/q_7e3260365c59.pdf  Q2v     Nonem      None
  maths-advanced/q_f2679e2bee38.pdf  Q3a     Nonem      None
  maths-advanced/q_1bcbbe622042.pdf  Q3b     Nonem      None
  maths-advanced/q_20939e3b3751.pdf  Q3i     Nonem      None
  maths-advanced/q_54415bf36eec.pdf  Q4a     Nonem      None
  maths-advanced/q_4a658c191909.pdf  Q4b     Nonem      None
  maths-advanced/q_67222730f397.pdf  Q4i     Nonem      None
  maths-advanced/q_ff1db7d27e76.pdf  Q4i     Nonem      None
  maths-advanced/q_dfd79fad6b41.pdf  Q5a     Nonem      None
  maths-advanced/q_ac88b9550391.pdf  Q5b     Nonem      None
  maths-advanced/q_1ae44ae15e3c.pdf  Q6a     Nonem      None
  maths-advanced/q_92fb534970b6.pdf  Q6b     Nonem      None
  maths-advanced/q_73dd1368aa3b.pdf  Q6i     Nonem      None
  maths-advanced/q_35e907ba40ac.pdf  Q7a     Nonem      None
  maths-advanced/q_b14539e3d6fb.pdf  Q7i     Nonem      None
  maths-advanced/q_e57ff01f6d98.pdf  Q7b     Nonem      None
  maths-advanced/q_c8b649f2a7ba.pdf  Q7i     Nonem      None
  maths-advanced/q_4281cd4b3a80.pdf  Q7v     Nonem      None
  maths-advanced/q_20c1729e1585.pdf  Q8a     Nonem      None
  maths-advanced/q_13a064c857c6.pdf  Q8i     Nonem      None
  maths-advanced/q_21b4cc2ae425.pdf  Q8b     Nonem      None
  maths-advanced/q_93259111eef5.pdf  Q8i     Nonem      None
  maths-advanced/q_b2fe8d41616e.pdf  Q9a     Nonem      None
  maths-advanced/q_1903452e1666.pdf  Q9b     Nonem      None
  maths-advanced-y12-hsc-2000-hsc: 9 questions, 28 parts, 2 soln pages [ocr, 0 tokens]
maths-advanced-y12-hsc-2000-hsc: baked 28 parts (0 with answers) -> papers/_work/maths-advanced-y12-hsc-2000-hsc/baked
  subject folder: maths-advanced/   (261 KB questions)
  maths-advanced/q_8d52618bba54.pdf  Q2a     Nonem      None
  maths-advanced/q_cebde5d8168a.pdf  Q2b     Nonem      None
  maths-advanced/q_ba7121c58c0a.pdf  Q2d     Nonem      None
  maths-advanced/q_c7f0074c75e3.pdf  Q2e     Nonem      None
  maths-advanced/q_34de30c17542.pdf  Q2h     Nonem      None
  maths-advanced/q_40fd61a586a3.pdf  Q3a     Nonem      None
  maths-advanced/q_c00746a17abc.pdf  Q3i     Nonem      None
  maths-advanced/q_6473afc1ea36.pdf  Q3b     Nonem      None
  maths-advanced/q_62a2c79036b6.pdf  Q3d     Nonem      None
  maths-advanced/q_bbb2b60629c4.pdf  Q4a     Nonem      None
  maths-advanced/q_d1ee5329bd41.pdf  Q4b     Nonem      None
  maths-advanced/q_bb4e3214517a.pdf  Q6a     Nonem      None
  maths-advanced/q_faff4bca76ce.pdf  Q6b     Nonem      None
  maths-advanced/q_0d1d03d010a6.pdf  Q6i     Nonem      None
  maths-advanced/q_da62e80255f8.pdf  Q6v     Nonem      None
  maths-advanced/q_c1c84ac9a8f2.pdf  Q7a     Nonem      None
  maths-advanced/q_02ae254f4716.pdf  Q7b     Nonem      None
  maths-advanced/q_bffddf7c17b9.pdf  Q7i     Nonem      None
  maths-advanced/q_7815c637c14f.pdf  Q8a     Nonem      None
  maths-advanced/q_56abc9c578fe.pdf  Q8i     Nonem      None
  maths-advanced/q_f5fad626a49b.pdf  Q8i     Nonem      None
  maths-advanced/q_40967c1f6689.pdf  Q8b     Nonem      None
  maths-advanced/q_26632561c802.pdf  Q9a     Nonem      None
  maths-advanced/q_724960a08132.pdf  Q9i     Nonem      None
  maths-advanced/q_ff9a36eb7613.pdf  Q10a    Nonem      None
  maths-advanced/q_6893a4c8e1ca.pdf  Q10i    Nonem      None
  maths-advanced/q_04a1d7035dd8.pdf  Q10b    Nonem      None
  maths-advanced/q_0fb0aad235e1.pdf  Q10i    Nonem      None
PROGRESS: 10/10 baked
  maths-advanced-y12-hsc-2001-hsc: 11 questions, 38 parts, 1 soln pages [ocr, 0 tokens]
maths-advanced-y12-hsc-2001-hsc: baked 38 parts (0 with answers) -> papers/_work/maths-advanced-y12-hsc-2001-hsc/baked
  subject folder: maths-advanced/   (969 KB questions)
  maths-advanced/q_b8f13d9a3e1e.pdf  Q2a     Nonem      None
  maths-advanced/q_ddeec6e11f28.pdf  Q2b     Nonem      None
  maths-advanced/q_ddb7680e86c1.pdf  Q2i     Nonem      None
  maths-advanced/q_e44442e0ac01.pdf  Q2v     Nonem      None
  maths-advanced/q_5b496ef8ea69.pdf  Q3a     Nonem      None
  maths-advanced/q_013a97e5ff07.pdf  Q3b     Nonem      None
  maths-advanced/q_43e2cbed56ef.pdf  Q3c     Nonem      None
  maths-advanced/q_fc961e518c3c.pdf  Q4a     Nonem      None
  maths-advanced/q_cc3de85b5e61.pdf  Q4b     Nonem      None
  maths-advanced/q_bce7e3fe576a.pdf  Q4i     Nonem      None
  maths-advanced/q_3b8621d982b3.pdf  Q5a     Nonem      None
  maths-advanced/q_eb6110611aac.pdf  Q5b     Nonem      None
  maths-advanced/q_7f8963d5c103.pdf  Q5c     Nonem      None
  maths-advanced/q_88cf771e6c76.pdf  Q5d     Nonem      None
  maths-advanced/q_cead1a7748ec.pdf  Q5i     Nonem      None
  maths-advanced/q_36584af1b994.pdf  Q6a     Nonem      None
  maths-advanced/q_37123be8e54e.pdf  Q6i     Nonem      None
  maths-advanced/q_3df28c3c2bd5.pdf  Q6b     Nonem      None
  maths-advanced/q_ed37ed00d46e.pdf  Q6c     Nonem      None
  maths-advanced/q_60520f395205.pdf  Q6i     Nonem      None
  maths-advanced/q_d26c6b320201.pdf  Q7a     Nonem      None
  maths-advanced/q_9ab4e5b7e034.pdf  Q7b     Nonem      None
  maths-advanced/q_15a3fa0b564a.pdf  Q7i     Nonem      None
  maths-advanced/q_54e5fca8a1dc.pdf  Q7i     Nonem      None
  maths-advanced/q_b27da87f4cd8.pdf  Q8a     Nonem      None
  maths-advanced/q_10cecbb9e1d0.pdf  Q8b     Nonem      None
  maths-advanced/q_99d5bb578e1f.pdf  Q8i     Nonem      None
  maths-advanced/q_2c22e09dabc5.pdf  Q8      Nonem      None
  maths-advanced/q_d9dfc36efc57.pdf  Q8c     Nonem      None
  maths-advanced/q_e4044fc47759.pdf  Q8i     Nonem      None
  maths-advanced/q_5637d20c7677.pdf  Q9a     Nonem      None
  maths-advanced/q_8b72c725eacc.pdf  Q9i     Nonem      None
  maths-advanced/q_38577911a7c5.pdf  Q9b     Nonem      None
  maths-advanced/q_f8bd4ebc20c8.pdf  Q9i     Nonem      None
  maths-advanced/q_00ad3b49a4a7.pdf  Q10a    Nonem      None
  maths-advanced/q_adfee87cec77.pdf  Q10i    Nonem      None
  maths-advanced/q_023f5f30d21d.pdf  Q10b    Nonem      None
  maths-advanced/q_46069759262f.pdf  Q10i    Nonem      None
  maths-advanced-y12-trial-ascham-2020: 37 questions, 45 parts, 5 soln pages [ocr, 0 tokens]
maths-advanced-y12-trial-ascham-2020: baked 45 parts (0 with answers) -> papers/_work/maths-advanced-y12-trial-ascham-2020/baked
  subject folder: maths-advanced/   (5671 KB questions)
  maths-advanced/q_175883bacbda.pdf  Q5      1m      None
  maths-advanced/q_b376d12b1f30.pdf  Q6      1m      None
  maths-advanced/q_263c79370ccb.pdf  Q10     1m      None
  maths-advanced/q_d97c33a604dd.pdf  Q11     2m      None
  maths-advanced/q_686c8b07984c.pdf  Q12     3m      None
  maths-advanced/q_c4ae620cbff3.pdf  Q13     2m      None
  maths-advanced/q_a9cc18597700.pdf  Q14     3m      None
  maths-advanced/q_4ac3f495c53f.pdf  Q15     2m      None
  maths-advanced/q_a9f2dc505a40.pdf  Q16a    Nonem      None
  maths-advanced/q_3a028e7f28ed.pdf  Q16b    Nonem      None
  maths-advanced/q_89be0c5754c4.pdf  Q17a    Nonem      None
  maths-advanced/q_190050a08317.pdf  Q17b    Nonem      None
  maths-advanced/q_d964a5a7a7ac.pdf  Q18a    Nonem      None
  maths-advanced/q_fffaaabba227.pdf  Q18     Nonem      None
  maths-advanced/q_c5207e6953ed.pdf  Q20     3m      None
  maths-advanced/q_b0d00ba0192c.pdf  Q21     3m      None
  maths-advanced/q_76da968e9aaf.pdf  Q22a    Nonem      None
  maths-advanced/q_2267a37d3b25.pdf  Q22b    Nonem      None
  maths-advanced/q_ed193ca4fe24.pdf  Q23     2m      None
  maths-advanced/q_85aad117b94a.pdf  Q24a    Nonem      None
  maths-advanced/q_af49c2a8ada7.pdf  Q24     Nonem      None
  maths-advanced/q_bfeb52fef060.pdf  Q24b    Nonem      None
  maths-advanced/q_9c08af89b887.pdf  Q24     Nonem      None
  maths-advanced/q_aa08c8298639.pdf  Q24c    Nonem      None
  maths-advanced/q_b3ae128bf62a.pdf  Q25     3m      None
  maths-advanced/q_add3810d38bd.pdf  Q26     2m      None
  maths-advanced/q_00c79870dd57.pdf  Q27     2m      None
  maths-advanced/q_c4cf75b953c9.pdf  Q28a    Nonem      None
  maths-advanced/q_5b1b31d762f1.pdf  Q28c    Nonem      None
  maths-advanced/q_b8724341074b.pdf  Q29     4m      None
  maths-advanced/q_31be352c5aec.pdf  Q30a    Nonem      None
  maths-advanced/q_12a33be0fbcf.pdf  Q30     Nonem      None
  maths-advanced/q_cdc0ec080e72.pdf  Q30c    Nonem      None
  maths-advanced/q_7f2ede5b3ae0.pdf  Q30d    Nonem      None
  maths-advanced/q_e3ab5c9df3eb.pdf  Q31a    Nonem      None
  maths-advanced/q_49b2f5b3065b.pdf  Q31     Nonem      None
  maths-advanced/q_b82a86700889.pdf  Q31b    Nonem      None
  maths-advanced/q_9f7cc3baf319.pdf  Q31c    Nonem      None
  maths-advanced/q_2282d4a3bc49.pdf  Q32a    Nonem      None
  maths-advanced/q_c24189dd3d83.pdf  Q32     Nonem      None
  maths-advanced/q_ffdd05c4afd6.pdf  Q33a    Nonem      None
  maths-advanced/q_d921edce833d.pdf  Q33b    Nonem      None
  maths-advanced/q_8515bf6abf6b.pdf  Q33c    Nonem      None
  maths-advanced/q_f6143be56e8c.pdf  Q34a    Nonem      None
  maths-advanced/q_a5cac252e805.pdf  Q34     Nonem      None
  maths-advanced-y12-trial-ascham-2022-w-sol: 67 questions, 71 parts, 2 soln pages [ocr, 0 tokens]
maths-advanced-y12-trial-ascham-2022-w-sol: baked 71 parts (0 with answers) -> papers/_work/maths-advanced-y12-trial-ascham-2022-w-sol/baked
  subject folder: maths-advanced/   (8932 KB questions)
  maths-advanced/q_381243bdb5e3.pdf  Q5      1m      None
  maths-advanced/q_acb64bb851fd.pdf  Q6      1m      None
  maths-advanced/q_f9e7304f7b47.pdf  Q7      1m      None
  maths-advanced/q_644a5c0457b4.pdf  Q8      1m      None
  maths-advanced/q_16f59f9e7bd1.pdf  Q9      1m      None
  maths-advanced/q_c9cb2df6efd2.pdf  Q10     1m      None
  maths-advanced/q_85602691bfb8.pdf  Q11     1m      None
  maths-advanced/q_af578cc68cbe.pdf  Q12     2m      None
  maths-advanced/q_24441d3e8a3c.pdf  Q13     2m      None
  maths-advanced/q_fb34392020dc.pdf  Q14     2m      None
  maths-advanced/q_3c83520d2e36.pdf  Q15     3m      None
  maths-advanced/q_64f286d60405.pdf  Q16     2m      None
  maths-advanced/q_0cfb059a7e7d.pdf  Q17a    Nonem      None
  maths-advanced/q_96649d22cbb9.pdf  Q17b    Nonem      None
  maths-advanced/q_9ac17777a8de.pdf  Q18     5m      None
  maths-advanced/q_f992c60d0c24.pdf  Q19     4m      None
  maths-advanced/q_6fe2dfddc8d3.pdf  Q19     Nonem      None
  maths-advanced/q_ac2297278d8b.pdf  Q19     Nonem      None
  maths-advanced/q_5818bd8d758f.pdf  Q20     2m      None
  maths-advanced/q_b8576aca5466.pdf  Q21     3m      None
  maths-advanced/q_31912868ff6b.pdf  Q22     4m      None
  maths-advanced/q_3e73b547d11c.pdf  Q23     3m      None
  maths-advanced/q_64f167490088.pdf  Q24     2m      None
  maths-advanced/q_435d8bff3876.pdf  Q25     3m      None
  maths-advanced/q_f463e00b6a72.pdf  Q26     3m      None
  maths-advanced/q_7ae47d3524a8.pdf  Q27a    Nonem      None
  maths-advanced/q_434b4e698b23.pdf  Q27b    Nonem      None
  maths-advanced/q_ac127e9243c2.pdf  Q28     4m      None
  maths-advanced/q_7b0827110177.pdf  Q29     3m      None
  maths-advanced/q_de526a0a71b0.pdf  Q30     3m      None
  maths-advanced/q_e4bccf56c6d5.pdf  Q31     5m      None
  maths-advanced/q_3228a66f56e0.pdf  Q32     5m      None
  maths-advanced/q_d2e51c403654.pdf  Q33     7m      None
  maths-advanced/q_bc936179c709.pdf  Q34     6m      None
  maths-advanced/q_fddec608de08.pdf  Q34     Nonem      None
  maths-advanced/q_b0bdb2701701.pdf  Q34     Nonem      None
  maths-advanced/q_7bc4d537cb47.pdf  Q35     7m      None
  maths-advanced/q_7984c4637751.pdf  Q35     Nonem      None
  maths-advanced/q_85ef28300101.pdf  Q35     Nonem      None
  maths-advanced/q_0b5ab9d30967.pdf  Q11     1m      None
  maths-advanced/q_a4d720db62af.pdf  Q12     2m      None
  maths-advanced/q_83037abbef64.pdf  Q13     2m      None
  maths-advanced/q_032a04f50a40.pdf  Q14     2m      None
  maths-advanced/q_695ababa678f.pdf  Q15     3m      None
  maths-advanced/q_1443f175e646.pdf  Q16     Nonem      None
  maths-advanced/q_87ce7bf91463.pdf  Q17a    Nonem      None
  maths-advanced/q_8ef207c1521a.pdf  Q17b    Nonem      None
  maths-advanced/q_0637c6fd1591.pdf  Q18     5m      None
  maths-advanced/q_74b5f311f339.pdf  Q19     4m      None
  maths-advanced/q_ae0e687b5713.pdf  Q19     Nonem      None
  maths-advanced/q_196a239c09a2.pdf  Q19     Nonem      None
  maths-advanced/q_f61088a71431.pdf  Q20     2m      None
  maths-advanced/q_8493cd526887.pdf  Q21     3m      None
  maths-advanced/q_0491127130ad.pdf  Q22     4m      None
  maths-advanced/q_493daa9de76d.pdf  Q23     3m      None
  maths-advanced/q_fbaf9d1d323d.pdf  Q24     2m      None
  maths-advanced/q_0675b96f8b14.pdf  Q25     3m      None
  maths-advanced/q_3f6eb7508b6e.pdf  Q26     3m      None
  maths-advanced/q_6b912e90b16b.pdf  Q27a    Nonem      None
  maths-advanced/q_705dfde446cb.pdf  Q27b    Nonem      None
  maths-advanced/q_36648635ee69.pdf  Q28     4m      None
  maths-advanced/q_1870fc17ce12.pdf  Q29     3m      None
  maths-advanced/q_57939bc924b9.pdf  Q30     3m      None
  maths-advanced/q_e7087023351e.pdf  Q31     5m      None
  maths-advanced/q_546851a66ee5.pdf  Q32     5m      None
  maths-advanced/q_5b3cbbdca568.pdf  Q33     7m      None
  maths-advanced/q_42f3f6dc7de3.pdf  Q34     6m      None
  maths-advanced/q_934e29352124.pdf  Q34     Nonem      None
  maths-advanced/q_58b5475ca77a.pdf  Q35     7m      None
  maths-advanced/q_f12b2696d9a9.pdf  Q35     Nonem      None
  maths-advanced/q_bd25a86765f2.pdf  Q35     Nonem      None
  maths-advanced-y12-trial-ascham-2023-w-sol: 54 questions, 82 parts, 4 soln pages [ocr, 0 tokens]
maths-advanced-y12-trial-ascham-2023-w-sol: baked 82 parts (0 with answers) -> papers/_work/maths-advanced-y12-trial-ascham-2023-w-sol/baked
  subject folder: maths-advanced/   (16680 KB questions)
  maths-advanced/q_acfa57ec2a60.pdf  Q1      1m      None
  maths-advanced/q_53ec6660f351.pdf  Q2      1m      None
  maths-advanced/q_fd153e3c474a.pdf  Q3      1m      None
  maths-advanced/q_b110d724bf3c.pdf  Q5      1m      None
  maths-advanced/q_db1e366914d3.pdf  Q6      1m      None
  maths-advanced/q_de14ad69ff3d.pdf  Q7      1m      None
  maths-advanced/q_210ef404378a.pdf  Q9      1m      None
  maths-advanced/q_28be35eb3530.pdf  Q10     1m      None
  maths-advanced/q_d208d372f122.pdf  Q11     2m      None
  maths-advanced/q_528af11bccd6.pdf  Q12a    Nonem      None
  maths-advanced/q_fcde4047d979.pdf  Q13     2m      None
  maths-advanced/q_28136aa59c02.pdf  Q14a    Nonem      None
  maths-advanced/q_fae173c74924.pdf  Q14b    Nonem      None
  maths-advanced/q_c6e873a2166f.pdf  Q15     3m      None
  maths-advanced/q_4f9653d1f0da.pdf  Q16a    Nonem      None
  maths-advanced/q_2f9196ab87a0.pdf  Q16b    Nonem      None
  maths-advanced/q_953d9c5b8aad.pdf  Q17a    Nonem      None
  maths-advanced/q_8685d5efa938.pdf  Q17b    Nonem      None
  maths-advanced/q_5a0bb0aafcb8.pdf  Q17c    Nonem      None
  maths-advanced/q_586a619aa77e.pdf  Q18     3m      None
  maths-advanced/q_8415b6c66682.pdf  Q19     4m      None
  maths-advanced/q_2b5b1119a2b0.pdf  Q20a    Nonem      None
  maths-advanced/q_f810d4350942.pdf  Q20b    Nonem      None
  maths-advanced/q_241e32fad83e.pdf  Q21     3m      None
  maths-advanced/q_c3004753e264.pdf  Q22     2m      None
  maths-advanced/q_51442f99131e.pdf  Q23a    Nonem      None
  maths-advanced/q_e3966525ce06.pdf  Q23b    Nonem      None
  maths-advanced/q_3d6ddae9254b.pdf  Q23c    Nonem      None
  maths-advanced/q_16f10be42118.pdf  Q24a    Nonem      None
  maths-advanced/q_1b5b80ab84cc.pdf  Q24b    Nonem      None
  maths-advanced/q_4c5234a150d1.pdf  Q24c    Nonem      None
  maths-advanced/q_86d386e2b9e4.pdf  Q24d    Nonem      None
  maths-advanced/q_7c30f113dbcc.pdf  Q25     4m      None
  maths-advanced/q_6509a4d4720a.pdf  Q26a    Nonem      None
  maths-advanced/q_86a3e8c1c8d5.pdf  Q26b    Nonem      None
  maths-advanced/q_2dbce8c4d8f5.pdf  Q27     3m      None
  maths-advanced/q_649f3a10f287.pdf  Q28a    Nonem      None
  maths-advanced/q_2d7a9c6f8a98.pdf  Q28b    Nonem      None
  maths-advanced/q_72cc669460f0.pdf  Q28c    Nonem      None
  maths-advanced/q_b880b7ffcd3d.pdf  Q29a    Nonem      None
  maths-advanced/q_67bd86561fb1.pdf  Q29b    Nonem      None
  maths-advanced/q_41ee09c4f774.pdf  Q30a    Nonem      None
  maths-advanced/q_751579169402.pdf  Q30b    Nonem      None
  maths-advanced/q_31773d226236.pdf  Q30c    Nonem      None
  maths-advanced/q_6707a7740c60.pdf  Q31a    Nonem      None
  maths-advanced/q_1e33cabedc1a.pdf  Q31b    Nonem      None
  maths-advanced/q_13294ffc238b.pdf  Q31c    Nonem      None
  maths-advanced/q_fb13a54664a9.pdf  Q32     4m      None
  maths-advanced/q_99e9aed3d109.pdf  Q11     2m      None
  maths-advanced/q_3cda340ed195.pdf  Q12a    Nonem      None
  maths-advanced/q_6dbdcccd789a.pdf  Q13     2m      None
  maths-advanced/q_33c7fb0be177.pdf  Q14a    Nonem      None
  maths-advanced/q_8e78a6282e3e.pdf  Q14b    Nonem      None
  maths-advanced/q_d121e1b679ce.pdf  Q15     3m      None
  maths-advanced/q_c3024e2fa2b8.pdf  Q16a    Nonem      None
  maths-advanced/q_a679c8d36fb2.pdf  Q16b    Nonem      None
  maths-advanced/q_7d751a8a8911.pdf  Q17a    Nonem      None
  maths-advanced/q_eb1dae7be763.pdf  Q17b    Nonem      None
  maths-advanced/q_497a49a3426e.pdf  Q17c    Nonem      None
  maths-advanced/q_8df49962c575.pdf  Q18     3m      None
  maths-advanced/q_38f93bde803b.pdf  Q19     4m      None
  maths-advanced/q_8ba36ba413b4.pdf  Q20a    Nonem      None
  maths-advanced/q_03418e505628.pdf  Q20b    Nonem      None
  maths-advanced/q_c78c95d448be.pdf  Q21     3m      None
  maths-advanced/q_6ae2a086db40.pdf  Q22     2m      None
  maths-advanced/q_93c9321ec507.pdf  Q23a    Nonem      None
  maths-advanced/q_8cdb6bf9f71e.pdf  Q23c    Nonem      None
  maths-advanced/q_1332d605e34d.pdf  Q24a    Nonem      None
  maths-advanced/q_798e4a01e888.pdf  Q24c    Nonem      None
  maths-advanced/q_2a92cc8da4aa.pdf  Q24d    Nonem      None
  maths-advanced/q_3921c6b4a20a.pdf  Q25     4m      None
  maths-advanced/q_9a16e1defff7.pdf  Q26a    Nonem      None
  maths-advanced/q_3432a7db2c6b.pdf  Q26b    Nonem      None
  maths-advanced/q_d21b8b28c689.pdf  Q27     3m      None
  maths-advanced/q_17f205e1ea70.pdf  Q28a    Nonem      None
  maths-advanced/q_34c2b07bef14.pdf  Q28b    Nonem      None
  maths-advanced/q_3913c50ed398.pdf  Q28c    Nonem      None
  maths-advanced/q_3ffe75fcbd58.pdf  Q29a    Nonem      None
  maths-advanced/q_80f4b7f7444d.pdf  Q30a    Nonem      None
  maths-advanced/q_6dc794835aba.pdf  Q30c    Nonem      None
  maths-advanced/q_fa4d831ba5f8.pdf  Q31a    Nonem      None
  maths-advanced/q_76c836869117.pdf  Q32     4m      None
  maths-advanced-y12-trial-ascham-2024-w-sol: 74 questions, 100 parts, 4 soln pages [ocr, 0 tokens]
maths-advanced-y12-trial-ascham-2024-w-sol: baked 100 parts (0 with answers) -> papers/_work/maths-advanced-y12-trial-ascham-2024-w-sol/baked
  subject folder: maths-advanced/   (15192 KB questions)
  maths-advanced/q_a614217d1915.pdf  Q1      1m      None
  maths-advanced/q_9dc882ff0c06.pdf  Q2      1m      None
  maths-advanced/q_5d538dac8059.pdf  Q3      1m      None
  maths-advanced/q_9d46109ad6d4.pdf  Q4      1m      None
  maths-advanced/q_8dedef63d22e.pdf  Q5      1m      None
  maths-advanced/q_820892355599.pdf  Q6      1m      None
  maths-advanced/q_049b5fd3d510.pdf  Q7      1m      None
  maths-advanced/q_4f205f110333.pdf  Q8      1m      None
  maths-advanced/q_8178d715af59.pdf  Q9      1m      None
  maths-advanced/q_25a4bdd90f21.pdf  Q10     1m      None
  maths-advanced/q_1af0d8d2def3.pdf  Q11     2m      None
  maths-advanced/q_f478652f3312.pdf  Q12     2m      None
  maths-advanced/q_fd645d82753a.pdf  Q13a    Nonem      None
  maths-advanced/q_203fc69828a6.pdf  Q13b    Nonem      None
  maths-advanced/q_5dab7ccc6647.pdf  Q14     2m      None
  maths-advanced/q_9ae4f229c2ae.pdf  Q15     2m      None
  maths-advanced/q_f312260d59a3.pdf  Q16     2m      None
  maths-advanced/q_af8de295c453.pdf  Q17a    Nonem      None
  maths-advanced/q_512f1372f930.pdf  Q17b    Nonem      None
  maths-advanced/q_ca16afce9644.pdf  Q17c    Nonem      None
  maths-advanced/q_667fd6e22f2c.pdf  Q18     2m      None
  maths-advanced/q_da0b9adda513.pdf  Q19a    Nonem      None
  maths-advanced/q_e027ea604c90.pdf  Q19b    Nonem      None
  maths-advanced/q_3fbc536b7675.pdf  Q20     2m      None
  maths-advanced/q_6f6246cf2853.pdf  Q21     3m      None
  maths-advanced/q_ca295659691d.pdf  Q22     3m      None
  maths-advanced/q_2cf3a6fc9863.pdf  Q23a    Nonem      None
  maths-advanced/q_1082615f97c6.pdf  Q23b    Nonem      None
  maths-advanced/q_2bb282cc9adb.pdf  Q24     3m      None
  maths-advanced/q_b810418bae79.pdf  Q25     2m      None
  maths-advanced/q_95d98b101f92.pdf  Q26     2m      None
  maths-advanced/q_2eaae158a6e1.pdf  Q27     2m      None
  maths-advanced/q_a9000affe6aa.pdf  Q28a    Nonem      None
  maths-advanced/q_c80eb6451899.pdf  Q28b    Nonem      None
  maths-advanced/q_cd9e8a2ed1c6.pdf  Q29a    Nonem      None
  maths-advanced/q_98140834d587.pdf  Q29b    Nonem      None
  maths-advanced/q_e67a31c24229.pdf  Q30a    Nonem      None
  maths-advanced/q_cacacd1137ad.pdf  Q30b    Nonem      None
  maths-advanced/q_ca465f03c3ed.pdf  Q31a    Nonem      None
  maths-advanced/q_47f882a7f93c.pdf  Q31b    Nonem      None
  maths-advanced/q_b2be1b8a7f7b.pdf  Q31     Nonem      None
  maths-advanced/q_d40e568ef86e.pdf  Q31c    Nonem      None
  maths-advanced/q_0d1a47890dcc.pdf  Q31     Nonem      None
  maths-advanced/q_9d8e9419ef91.pdf  Q31d    Nonem      None
  maths-advanced/q_eb47f049f461.pdf  Q32a    Nonem      None
  maths-advanced/q_b7d9ed49a9d2.pdf  Q32b    Nonem      None
  maths-advanced/q_2d37f7218f0c.pdf  Q33     4m      None
  maths-advanced/q_d45d1adc18e5.pdf  Q34a    Nonem      None
  maths-advanced/q_a0faebc24d4e.pdf  Q34     Nonem      None
  maths-advanced/q_60fc7f13c0b7.pdf  Q34b    Nonem      None
  maths-advanced/q_5da1ad6cf758.pdf  Q34c    Nonem      None
  maths-advanced/q_fc21cc268aae.pdf  Q35a    Nonem      None
  maths-advanced/q_5e943d7e52c3.pdf  Q35b    Nonem      None
  maths-advanced/q_0d70bbfca78f.pdf  Q36a    Nonem      None
  maths-advanced/q_5ca7dc7301d3.pdf  Q36b    Nonem      None
  maths-advanced/q_af12f305134d.pdf  Q11     2m      None
  maths-advanced/q_1c523616d7c3.pdf  Q12     2m      None
  maths-advanced/q_0f4051267d5d.pdf  Q13a    Nonem      None
  maths-advanced/q_1824f8b39562.pdf  Q13b    Nonem      None
  maths-advanced/q_2eb3aca70024.pdf  Q14     2m      None
  maths-advanced/q_9549d71e579a.pdf  Q15     2m      None
  maths-advanced/q_4e9d98a16195.pdf  Q16     2m      None
  maths-advanced/q_ab66076eda02.pdf  Q17a    Nonem      None
  maths-advanced/q_9af162319c33.pdf  Q17b    Nonem      None
  maths-advanced/q_0bce79d9fbbb.pdf  Q17c    Nonem      None
  maths-advanced/q_10614c156e59.pdf  Q18     2m      None
  maths-advanced/q_fc9a4a1d93b9.pdf  Q19a    Nonem      None
  maths-advanced/q_9dd43e007d69.pdf  Q19b    Nonem      None
  maths-advanced/q_0a07b6f305e2.pdf  Q20     2m      None
  maths-advanced/q_30bd3c0e1d88.pdf  Q21     3m      None
  maths-advanced/q_163009835a1e.pdf  Q22     3m      None
  maths-advanced/q_03ce6de70ef9.pdf  Q23a    Nonem      None
  maths-advanced/q_4482c9d76aa7.pdf  Q23b    Nonem      None
  maths-advanced/q_ef2c24d62f0a.pdf  Q24     3m      None
  maths-advanced/q_b6ff0dcd7656.pdf  Q25     2m      None
  maths-advanced/q_ad0f91be68d1.pdf  Q26     2m      None
  maths-advanced/q_21eaa4401b13.pdf  Q27     2m      None
  maths-advanced/q_bf92d3113d55.pdf  Q28a    Nonem      None
  maths-advanced/q_3802626e4922.pdf  Q28b    Nonem      None
  maths-advanced/q_6f5837889099.pdf  Q29a    Nonem      None
  maths-advanced/q_2ef268ec50c3.pdf  Q29b    Nonem      None
  maths-advanced/q_e1c43f76b5a3.pdf  Q30a    Nonem      None
  maths-advanced/q_cefb39e9ed29.pdf  Q30b    Nonem      None
  maths-advanced/q_d52b0825ef38.pdf  Q31a    Nonem      None
  maths-advanced/q_66b174b02804.pdf  Q31b    Nonem      None
  maths-advanced/q_2adc1e98eb63.pdf  Q31     Nonem      None
  maths-advanced/q_37db56d4e64d.pdf  Q31c    Nonem      None
  maths-advanced/q_e8bd9dea4e17.pdf  Q31     Nonem      None
  maths-advanced/q_376c2d1ea0e0.pdf  Q31d    Nonem      None
  maths-advanced/q_1a0363cabac6.pdf  Q32a    Nonem      None
  maths-advanced/q_f55015e6f8f8.pdf  Q32b    Nonem      None
  maths-advanced/q_07ace444d0c5.pdf  Q33     4m      None
  maths-advanced/q_e18de9d1448d.pdf  Q34a    Nonem      None
  maths-advanced/q_ee46310bccb0.pdf  Q34     Nonem      None
  maths-advanced/q_9b209956ab77.pdf  Q34b    Nonem      None
  maths-advanced/q_d882bc17d369.pdf  Q34c    Nonem      None
  maths-advanced/q_b074ee40d5e5.pdf  Q35a    Nonem      None
  maths-advanced/q_0c759ddc3d70.pdf  Q35b    Nonem      None
  maths-advanced/q_736280d1b31d.pdf  Q36a    Nonem      None
  maths-advanced/q_983a6a4c9c8e.pdf  Q36b    Nonem      None
  maths-advanced-y12-trial-barker-1988-w-sol: 10 questions, 10 parts, 0 soln pages [ocr, 0 tokens]
maths-advanced-y12-trial-barker-1988-w-sol: baked 10 parts (0 with answers) -> papers/_work/maths-advanced-y12-trial-barker-1988-w-sol/baked
  subject folder: maths-advanced/   (331 KB questions)
  maths-advanced/q_30d892b554cb.pdf  Q1      Nonem      None
  maths-advanced/q_b15d83d6eed0.pdf  Q2v     Nonem      None
  maths-advanced/q_c4687e1ff125.pdf  Q3      Nonem      None
  maths-advanced/q_aa52c1e09d79.pdf  Q4      Nonem      None
  maths-advanced/q_48d9e496873b.pdf  Q5      Nonem      None
  maths-advanced/q_e7bb6817d15d.pdf  Q6i     Nonem      None
  maths-advanced/q_36ce728f3738.pdf  Q7      Nonem      None
  maths-advanced/q_53c60ce06b04.pdf  Q8i     Nonem      None
  maths-advanced/q_69aa527bb2ff.pdf  Q9      Nonem      None
  maths-advanced/q_8371278a34b1.pdf  Q10i    Nonem      None
  maths-advanced-y12-trial-barker-1989-w-sol: 8 questions, 9 parts, 0 soln pages [ocr, 0 tokens]
maths-advanced-y12-trial-barker-1989-w-sol: baked 9 parts (0 with answers) -> papers/_work/maths-advanced-y12-trial-barker-1989-w-sol/baked
  subject folder: maths-advanced/   (996 KB questions)
  maths-advanced/q_d9e38625bf0a.pdf  Q2a     Nonem      None
  maths-advanced/q_1243e2685853.pdf  Q3a     Nonem      None
  maths-advanced/q_8041c0558981.pdf  Q3a     Nonem      None
  maths-advanced/q_dbd09d08d844.pdf  Q4      Nonem      None
  maths-advanced/q_b611fcb7ae5f.pdf  Q5      Nonem      None
  maths-advanced/q_ce3e9ee84177.pdf  Q6a     Nonem      None
  maths-advanced/q_8d4f327c987d.pdf  Q8      Nonem      None
  maths-advanced/q_9f37cb069e02.pdf  Q9      Nonem      None
  maths-advanced/q_87c49e810b9d.pdf  Q10     Nonem      None
  maths-advanced-y12-trial-barker-1990-w-sol: 10 questions, 17 parts, 0 soln pages [ocr, 0 tokens]
maths-advanced-y12-trial-barker-1990-w-sol: baked 17 parts (0 with answers) -> papers/_work/maths-advanced-y12-trial-barker-1990-w-sol/baked
  subject folder: maths-advanced/   (1927 KB questions)
  maths-advanced/q_bdb71b78aa99.pdf  Q1b     Nonem      None
  maths-advanced/q_b37340075d0c.pdf  Q2      Nonem      None
  maths-advanced/q_22fb54cff233.pdf  Q3      Nonem      None
  maths-advanced/q_c3a7521bdec0.pdf  Q4      Nonem      None
  maths-advanced/q_9cd10f672d70.pdf  Q5b     Nonem      None
  maths-advanced/q_25c9ab054fd3.pdf  Q5i     Nonem      None
  maths-advanced/q_41aad797e066.pdf  Q6      Nonem      None
  maths-advanced/q_6b789daf9b2a.pdf  Q7      Nonem      None
  maths-advanced/q_e0aaf465b768.pdf  Q8a     Nonem      None
  maths-advanced/q_2f62e651156f.pdf  Q8b     Nonem      None
  maths-advanced/q_9f426f9bc763.pdf  Q8a     Nonem      None
  maths-advanced/q_98a033f12436.pdf  Q8b     Nonem      None
  maths-advanced/q_218326b5d6a1.pdf  Q9      Nonem      None
  maths-advanced/q_8ff01a1a92b7.pdf  Q10w    Nonem      None
  maths-advanced/q_5745ea675136.pdf  Q10b    Nonem      None
  maths-advanced/q_ebaaae320896.pdf  Q10a    Nonem      None
  maths-advanced/q_663c48e686a1.pdf  Q10b    Nonem      None
  maths-advanced-y12-trial-barker-1999-w-sol: 9 questions, 44 parts, 0 soln pages [ocr, 0 tokens]
maths-advanced-y12-trial-barker-1999-w-sol: baked 44 parts (0 with answers) -> papers/_work/maths-advanced-y12-trial-barker-1999-w-sol/baked
  subject folder: maths-advanced/   (1550 KB questions)
  maths-advanced/q_6f2e20c36a35.pdf  Q1a     Nonem      None
  maths-advanced/q_29961071ffc5.pdf  Q1b     Nonem      None
  maths-advanced/q_d9bff162290a.pdf  Q1c     Nonem      None
  maths-advanced/q_cedc79df2a0f.pdf  Q1d     Nonem      None
  maths-advanced/q_f7f1e16deb19.pdf  Q1e     Nonem      None
  maths-advanced/q_8b2c0953698a.pdf  Q2a     Nonem      None
  maths-advanced/q_4a2297c843a3.pdf  Q2b     Nonem      None
  maths-advanced/q_280baee4fe5a.pdf  Q2i     Nonem      None
  maths-advanced/q_fda008753e91.pdf  Q3a     Nonem      None
  maths-advanced/q_68c938e70ad1.pdf  Q3b     Nonem      None
  maths-advanced/q_f8bd5eec4705.pdf  Q3c     Nonem      None
  maths-advanced/q_bd6d54785d25.pdf  Q3d     Nonem      None
  maths-advanced/q_9faded7b75d6.pdf  Q3e     Nonem      None
  maths-advanced/q_6a317e5c005c.pdf  Q3f     Nonem      None
  maths-advanced/q_a00ba37e7cfb.pdf  Q3g     Nonem      None
  maths-advanced/q_99a5f2da3bef.pdf  Q4a     Nonem      None
  maths-advanced/q_30f1364d7e1b.pdf  Q4b     Nonem      None
  maths-advanced/q_7e486149f128.pdf  Q4c     Nonem      None
  maths-advanced/q_9d5cdac82943.pdf  Q4i     Nonem      None
  maths-advanced/q_8f50d66b6d17.pdf  Q5a     Nonem      None
  maths-advanced/q_9a28cf1a4475.pdf  Q5i     Nonem      None
  maths-advanced/q_0f5d48328dff.pdf  Q5b     Nonem      None
  maths-advanced/q_c80d6d67c607.pdf  Q5i     Nonem      None
  maths-advanced/q_29b9debf592c.pdf  Q5a     Nonem      None
  maths-advanced/q_089e677bdd48.pdf  Q5v     Nonem      None
  maths-advanced/q_1dc8597568bc.pdf  Q5b     Nonem      None
  maths-advanced/q_dd6b1ed0c781.pdf  Q5i     Nonem      None
  maths-advanced/q_d17e06540a0a.pdf  Q8a     Nonem      None
  maths-advanced/q_2c84ab9efcfd.pdf  Q8b     Nonem      None
  maths-advanced/q_f66ec12a493e.pdf  Q8c     Nonem      None
  maths-advanced/q_27bf26d0eae8.pdf  Q8d     Nonem      None
  maths-advanced/q_3ecc19caa298.pdf  Q8e     Nonem      None
  maths-advanced/q_0cbbb064ff0d.pdf  Q7a     Nonem      None
  maths-advanced/q_9f847b9c7fbf.pdf  Q7b     Nonem      None
  maths-advanced/q_bb849782ff7c.pdf  Q9a     Nonem      None
  maths-advanced/q_8dc44b2396da.pdf  Q9b     Nonem      None
  maths-advanced/q_7f7f921ad1fb.pdf  Q9i     Nonem      None
  maths-advanced/q_850528fc5e98.pdf  Q9v     Nonem      None
  maths-advanced/q_e905ddee67fa.pdf  Q10a    Nonem      None
  maths-advanced/q_324d76174144.pdf  Q10i    Nonem      None
  maths-advanced/q_ff6909dc5959.pdf  Q10b    Nonem      None
  maths-advanced/q_29f86d8eefea.pdf  Q10c    Nonem      None
  maths-advanced/q_06c1d6d749e1.pdf  Q10d    Nonem      None
  maths-advanced/q_21d9ea8d76e4.pdf  Q10a    Nonem      None
  maths-advanced-y12-trial-barker-2000-w-sol: 4 questions, 6 parts, 0 soln pages [ocr, 0 tokens]
maths-advanced-y12-trial-barker-2000-w-sol: baked 6 parts (0 with answers) -> papers/_work/maths-advanced-y12-trial-barker-2000-w-sol/baked
  subject folder: maths-advanced/   (962 KB questions)
  maths-advanced/q_5c625fc14c44.pdf  Q1      Nonem      None
  maths-advanced/q_7379e1299fcc.pdf  Q3a     Nonem      None
  maths-advanced/q_a096ddd5549b.pdf  Q3a     Nonem      None
  maths-advanced/q_7c66376fe408.pdf  Q8      Nonem      None
  maths-advanced/q_9a4b57b2514a.pdf  Q10i    Nonem      None
  maths-advanced/q_db0da29eac0a.pdf  Q10i    Nonem      None
PROGRESS: 20/20 baked
  maths-advanced-y12-trial-barker-2001: 10 questions, 17 parts, 1 soln pages [ocr, 0 tokens]
maths-advanced-y12-trial-barker-2001: baked 17 parts (0 with answers) -> papers/_work/maths-advanced-y12-trial-barker-2001/baked
  subject folder: maths-advanced/   (3804 KB questions)
  maths-advanced/q_a7e80fc407eb.pdf  Q2i     Nonem      None
  maths-advanced/q_ca8691534286.pdf  Q2v     Nonem      None
  maths-advanced/q_3b97c44e4cdf.pdf  Q3a     Nonem      None
  maths-advanced/q_e013f00d6ebe.pdf  Q3b     Nonem      None
  maths-advanced/q_f3c0098592b2.pdf  Q4a     Nonem      None
  maths-advanced/q_af3198fb1a97.pdf  Q4i     Nonem      None
  maths-advanced/q_b1122a74b369.pdf  Q5a     Nonem      None
  maths-advanced/q_806b4fa35e0a.pdf  Q6b     Nonem      None
  maths-advanced/q_55d81417fe10.pdf  Q7a     Nonem      None
  maths-advanced/q_d3b6ad0ff0c8.pdf  Q7b     Nonem      None
  maths-advanced/q_4fc1d96df1d6.pdf  Q7a     Nonem      None
  maths-advanced/q_267461131ca4.pdf  Q8b     Nonem      None
  maths-advanced/q_fd7c877622d5.pdf  Q8e     Nonem      None
  maths-advanced/q_c9c3159cf673.pdf  Q9a     Nonem      None
  maths-advanced/q_12cef2b3bdab.pdf  Q9i     Nonem      None
  maths-advanced/q_b02021f08334.pdf  Q10     Nonem      None
  maths-advanced/q_d095bec33b65.pdf  Q10b    Nonem      None
  maths-advanced-y12-trial-barker-2003-w-sol: 9 questions, 14 parts, 1 soln pages [ocr, 0 tokens]
maths-advanced-y12-trial-barker-2003-w-sol: baked 14 parts (0 with answers) -> papers/_work/maths-advanced-y12-trial-barker-2003-w-sol/baked
  subject folder: maths-advanced/   (444 KB questions)
  maths-advanced/q_7f6b46038a57.pdf  Q2b     Nonem      None
  maths-advanced/q_26cbc4fbb630.pdf  Q2v     Nonem      None
  maths-advanced/q_a2840a141954.pdf  Q3      12m      None
  maths-advanced/q_965436c4c27a.pdf  Q4a     Nonem      None
  maths-advanced/q_a810447f38a0.pdf  Q5i     Nonem      None
  maths-advanced/q_b564ddbc6668.pdf  Q6i     Nonem      None
  maths-advanced/q_a05796f68f28.pdf  Q7      12m      None
  maths-advanced/q_25aae592e2a1.pdf  Q8a     Nonem      None
  maths-advanced/q_25fd0d993ccf.pdf  Q8i     Nonem      None
  maths-advanced/q_c24c00cc24ac.pdf  Q9i     Nonem      None
  maths-advanced/q_b89501ec0a43.pdf  Q9b     Nonem      None
  maths-advanced/q_247967a2c311.pdf  Q9c     Nonem      None
  maths-advanced/q_2a12b10a41e8.pdf  Q9i     Nonem      None
  maths-advanced/q_05c6c2082194.pdf  Q10     12m      None
  maths-extension-1-y11-yearly-baulkham-hills-2024-w-sol: 3 questions, 13 parts, 1 soln pages [ocr, 0 tokens]
maths-extension-1-y11-yearly-baulkham-hills-2024-w-sol: baked 13 parts (0 with answers) -> papers/_work/maths-extension-1-y11-yearly-baulkham-hills-2024-w-sol/baked
  subject folder: maths-extension-1/   (512 KB questions)
  maths-extension-1/q_52917ccfa822.pdf  Q11a    Nonem      None
  maths-extension-1/q_8ddb44cfbd9e.pdf  Q11b    Nonem      None
  maths-extension-1/q_960614065363.pdf  Q11c    Nonem      None
  maths-extension-1/q_4639a893c145.pdf  Q11e    Nonem      None
  maths-extension-1/q_d91a9a50cbf5.pdf  Q11f    Nonem      None
  maths-extension-1/q_363b7e448977.pdf  Q13a    Nonem      None
  maths-extension-1/q_5a53135d3f3f.pdf  Q13i    Nonem      None
  maths-extension-1/q_06ded5b33176.pdf  Q13i    Nonem      None
  maths-extension-1/q_b1c39a394a26.pdf  Q13c    Nonem      None
  maths-extension-1/q_9253652cc8d8.pdf  Q14a    Nonem      None
  maths-extension-1/q_960287d16b64.pdf  Q14b    Nonem      None
  maths-extension-1/q_76ebde4e1c95.pdf  Q14i    Nonem      None
  maths-extension-1/q_e247f3539a93.pdf  Q14c    Nonem      None
  maths-extension-1-y11-yearly-baulkham-hills-2025-w-sol: 7 questions, 7 parts, 0 soln pages [ocr, 0 tokens]
maths-extension-1-y11-yearly-baulkham-hills-2025-w-sol: baked 7 parts (0 with answers) -> papers/_work/maths-extension-1-y11-yearly-baulkham-hills-2025-w-sol/baked
  subject folder: maths-extension-1/   (370 KB questions)
  maths-extension-1/q_1a478089a95c.pdf  Q11     16m      None
  maths-extension-1/q_8abde8089a3e.pdf  Q11     Nonem      None
  maths-extension-1/q_cfc8062afdd1.pdf  Q12     15m      None
  maths-extension-1/q_f65ac74245eb.pdf  Q12     Nonem      None
  maths-extension-1/q_b4dc04fabcfe.pdf  Q13     15m      None
  maths-extension-1/q_39a9579b21ca.pdf  Q13     Nonem      None
  maths-extension-1/q_6be87fdfdf24.pdf  Q14     14m      None
  maths-extension-1-y11-yearly-blacktown-boys-2019-w-sol: 3 questions, 4 parts, 2 soln pages [ocr, 0 tokens]
maths-extension-1-y11-yearly-blacktown-boys-2019-w-sol: baked 4 parts (0 with answers) -> papers/_work/maths-extension-1-y11-yearly-blacktown-boys-2019-w-sol/baked
  subject folder: maths-extension-1/   (237 KB questions)
  maths-extension-1/q_2da35abff79b.pdf  Q12a    Nonem      None
  maths-extension-1/q_80194087be21.pdf  Q12i    Nonem      None
  maths-extension-1/q_1ef19352f589.pdf  Q13     Nonem      None
  maths-extension-1/q_b783dbbf7473.pdf  Q13     Nonem      None
  maths-extension-1-y11-yearly-blacktown-boys-2020-w-sol: 4 questions, 4 parts, 2 soln pages [ocr, 0 tokens]
maths-extension-1-y11-yearly-blacktown-boys-2020-w-sol: baked 4 parts (0 with answers) -> papers/_work/maths-extension-1-y11-yearly-blacktown-boys-2020-w-sol/baked
  subject folder: maths-extension-1/   (341 KB questions)
  maths-extension-1/q_f9c98e37b5db.pdf  Q10     1m      None
  maths-extension-1/q_57e30cbee328.pdf  Q13     Nonem      None
  maths-extension-1/q_ac8583260037.pdf  Q12     Nonem      None
  maths-extension-1/q_7117d61ae1bd.pdf  Q13     Nonem      None
  maths-extension-1-y11-yearly-blacktown-boys-2022-w-sol: 2 questions, 2 parts, 3 soln pages [ocr, 0 tokens]
maths-extension-1-y11-yearly-blacktown-boys-2022-w-sol: baked 2 parts (0 with answers) -> papers/_work/maths-extension-1-y11-yearly-blacktown-boys-2022-w-sol/baked
  subject folder: maths-extension-1/   (164 KB questions)
  maths-extension-1/q_aa566b1cb79c.pdf  Q12     15m      None
  maths-extension-1/q_dc735e84673d.pdf  Q13     Nonem      None
  maths-extension-1-y11-yearly-blacktown-boys-2023-w-sol: 3 questions, 4 parts, 2 soln pages [ocr, 0 tokens]
maths-extension-1-y11-yearly-blacktown-boys-2023-w-sol: baked 4 parts (0 with answers) -> papers/_work/maths-extension-1-y11-yearly-blacktown-boys-2023-w-sol/baked
  subject folder: maths-extension-1/   (237 KB questions)
  maths-extension-1/q_45cd1fa96910.pdf  Q12a    Nonem      None
  maths-extension-1/q_2897be59d8f7.pdf  Q12i    Nonem      None
  maths-extension-1/q_4397d4bb7ce8.pdf  Q13     Nonem      None
  maths-extension-1/q_bf0fc0bf94ff.pdf  Q13     Nonem      None
  maths-extension-1-y11-yearly-blacktown-boys-2024-w-sol: 17 questions, 19 parts, 5 soln pages [ocr, 0 tokens]
maths-extension-1-y11-yearly-blacktown-boys-2024-w-sol: baked 19 parts (0 with answers) -> papers/_work/maths-extension-1-y11-yearly-blacktown-boys-2024-w-sol/baked
  subject folder: maths-extension-1/   (4049 KB questions)
  maths-extension-1/q_637f2dad36f4.pdf  Q13b    Nonem      None
  maths-extension-1/q_002a14f8127e.pdf  Q15b    Nonem      None
  maths-extension-1/q_db5689540f4a.pdf  Q17     2m      None
  maths-extension-1/q_a277eec80963.pdf  Q18     2m      None
  maths-extension-1/q_69726420f4a5.pdf  Q19     4m      None
  maths-extension-1/q_f0ef4279a00d.pdf  Q20     5m      None
  maths-extension-1/q_30a7ba882225.pdf  Q21     3m      None
  maths-extension-1/q_334feb80a813.pdf  Q22     5m      None
  maths-extension-1/q_c8639a8a0b38.pdf  Q24     3m      None
  maths-extension-1/q_e082a7faf2ad.pdf  Q25a    Nonem      None
  maths-extension-1/q_c3487aff5f8e.pdf  Q25b    Nonem      None
  maths-extension-1/q_41c8f88b5f5a.pdf  Q25a    Nonem      None
  maths-extension-1/q_27af5e8e080b.pdf  Q15b    Nonem      None
  maths-extension-1/q_411a871aefe7.pdf  Q17     2m      None
  maths-extension-1/q_804775f7cd94.pdf  Q20     5m      None
  maths-extension-1/q_08ee3a94d3bc.pdf  Q21a    Nonem      None
  maths-extension-1/q_7241388001ff.pdf  Q22b    Nonem      None
  maths-extension-1/q_11cc1476c9c8.pdf  Q24     Nonem      None
  maths-extension-1/q_495484b3165b.pdf  Q25     5m      None
  maths-extension-1-y11-yearly-caringbah-2014-w-sol: 5 questions, 14 parts, 4 soln pages [ocr, 0 tokens]
maths-extension-1-y11-yearly-caringbah-2014-w-sol: baked 14 parts (0 with answers) -> papers/_work/maths-extension-1-y11-yearly-caringbah-2014-w-sol/baked
  subject folder: maths-extension-1/   (714 KB questions)
  maths-extension-1/q_b3966315cd62.pdf  Q1a     Nonem      None
  maths-extension-1/q_429915d27772.pdf  Q1b     Nonem      None
  maths-extension-1/q_f0586afb1807.pdf  Q1d     Nonem      None
  maths-extension-1/q_4590273ee0be.pdf  Q2a     Nonem      None
  maths-extension-1/q_3d1e5dad1601.pdf  Q2b     Nonem      None
  maths-extension-1/q_c5021e7df319.pdf  Q2c     Nonem      None
  maths-extension-1/q_ca0b37e62a79.pdf  Q2i     Nonem      None
  maths-extension-1/q_1166f5bc9248.pdf  Q3b     Nonem      None
  maths-extension-1/q_8c745b5870e6.pdf  Q3i     Nonem      None
  maths-extension-1/q_74d3e0cfeb44.pdf  Q4a     Nonem      None
  maths-extension-1/q_f787599c2cb6.pdf  Q4b     Nonem      None
  maths-extension-1/q_ddc4ab5adae0.pdf  Q4i     Nonem      None
  maths-extension-1/q_ebc130128e06.pdf  Q5b     Nonem      None
  maths-extension-1/q_7b4a2ea9d232.pdf  Q5i     Nonem      None
PROGRESS: 30/30 baked
  maths-extension-1-y11-yearly-caringbah-2015-w-sol: 5 questions, 5 parts, 0 soln pages [ocr, 0 tokens]
maths-extension-1-y11-yearly-caringbah-2015-w-sol: baked 5 parts (0 with answers) -> papers/_work/maths-extension-1-y11-yearly-caringbah-2015-w-sol/baked
  subject folder: maths-extension-1/   (834 KB questions)
  maths-extension-1/q_5b61e4cb63f0.pdf  Q1      13m      None
  maths-extension-1/q_f15a2a66ee84.pdf  Q2      13m      None
  maths-extension-1/q_a6e3e6aa8bf8.pdf  Q3      13m      None
  maths-extension-1/q_fd87f91c88b1.pdf  Q4      13m      None
  maths-extension-1/q_33d757ab4148.pdf  Q5      13m      None
  maths-extension-1-y11-yearly-caringbah-2016: 10 questions, 14 parts, 1 soln pages [ocr, 0 tokens]
maths-extension-1-y11-yearly-caringbah-2016: baked 14 parts (0 with answers) -> papers/_work/maths-extension-1-y11-yearly-caringbah-2016/baked
  subject folder: maths-extension-1/   (2143 KB questions)
  maths-extension-1/q_30a40010ee17.pdf  Q1      1m      None
  maths-extension-1/q_c8f1c515cde2.pdf  Q2      1m      None
  maths-extension-1/q_100fce5f595f.pdf  Q3      1m      None
  maths-extension-1/q_08530e100d48.pdf  Q4      1m      None
  maths-extension-1/q_37d51ad23257.pdf  Q6a     Nonem      None
  maths-extension-1/q_1aed0fe4687b.pdf  Q6b     Nonem      None
  maths-extension-1/q_a34aca0a3fc4.pdf  Q6d     Nonem      None
  maths-extension-1/q_1d4b5f4d6e6f.pdf  Q7i     Nonem      None
  maths-extension-1/q_21853f759236.pdf  Q7b     Nonem      None
  maths-extension-1/q_7b7262e572f5.pdf  Q8b     Nonem      None
  maths-extension-1/q_38891b8678c4.pdf  Q9b     Nonem      None
  maths-extension-1/q_0a6b135488ac.pdf  Q10a    Nonem      None
  maths-extension-1/q_7ea5ad88a463.pdf  Q10b    Nonem      None
  maths-extension-1/q_ca6898faf624.pdf  Q10d    Nonem      None
  maths-extension-1-y12-hsc-1980-hsc: 10 questions, 16 parts, 0 soln pages [ocr, 0 tokens]
maths-extension-1-y12-hsc-1980-hsc: baked 16 parts (0 with answers) -> papers/_work/maths-extension-1-y12-hsc-1980-hsc/baked
  subject folder: maths-extension-1/   (1343 KB questions)
  maths-extension-1/q_441a4fc34ff5.pdf  Q1      Nonem      None
  maths-extension-1/q_f32e32e428d9.pdf  Q2      10m      None
  maths-extension-1/q_62c191fb1b5e.pdf  Q3      Nonem      None
  maths-extension-1/q_5b05669308b1.pdf  Q4a     Nonem      None
  maths-extension-1/q_3afb5aef5b68.pdf  Q4b     Nonem      None
  maths-extension-1/q_d23a83b9bd0c.pdf  Q4i     Nonem      None
  maths-extension-1/q_d2263c66a9be.pdf  Q5      10m      None
  maths-extension-1/q_9aa06417c1e5.pdf  Q6      10m      None
  maths-extension-1/q_0b5a3e97ebab.pdf  Q7      10m      None
  maths-extension-1/q_61be609a1fdb.pdf  Q8a     Nonem      None
  maths-extension-1/q_5790a6e94aa5.pdf  Q8b     Nonem      None
  maths-extension-1/q_60d399707506.pdf  Q8a     Nonem      None
  maths-extension-1/q_f3378134a6e2.pdf  Q8b     Nonem      None
  maths-extension-1/q_2106ddca4803.pdf  Q9      10m      None
  maths-extension-1/q_42bc0cc97e2a.pdf  Q10a    Nonem      None
  maths-extension-1/q_c2d68a1fcf81.pdf  Q10b    Nonem      None
  maths-extension-1-y12-hsc-1981-hsc: 8 questions, 13 parts, 1 soln pages [ocr, 0 tokens]
maths-extension-1-y12-hsc-1981-hsc: baked 13 parts (0 with answers) -> papers/_work/maths-extension-1-y12-hsc-1981-hsc/baked
  subject folder: maths-extension-1/   (861 KB questions)
  maths-extension-1/q_929ec6547916.pdf  Q1      Nonem      None
  maths-extension-1/q_2e229301bb11.pdf  Q2a     Nonem      None
  maths-extension-1/q_7306bff74145.pdf  Q2b     Nonem      None
  maths-extension-1/q_631085a2ac2e.pdf  Q2c     Nonem      None
  maths-extension-1/q_58c1b130bca4.pdf  Q3b     Nonem      None
  maths-extension-1/q_e081ed7e3308.pdf  Q4      10m      None
  maths-extension-1/q_91653e5f8d03.pdf  Q5a     Nonem      None
  maths-extension-1/q_3a7e865a3d98.pdf  Q5b     Nonem      None
  maths-extension-1/q_bb86214ec133.pdf  Q6b     Nonem      None
  maths-extension-1/q_ba38599098ef.pdf  Q7      10m      None
  maths-extension-1/q_c14b5914acf0.pdf  Q8i     Nonem      None
  maths-extension-1/q_c7af65583066.pdf  Q8a     Nonem      None
  maths-extension-1/q_fb56e3e8737b.pdf  Q8b     Nonem      None
  maths-extension-1-y12-hsc-1982-hsc: 8 questions, 17 parts, 0 soln pages [ocr, 0 tokens]
maths-extension-1-y12-hsc-1982-hsc: baked 17 parts (0 with answers) -> papers/_work/maths-extension-1-y12-hsc-1982-hsc/baked
  subject folder: maths-extension-1/   (1458 KB questions)
  maths-extension-1/q_2de51bb5d5d3.pdf  Q1v     Nonem      None
  maths-extension-1/q_7f2799833367.pdf  Q2c     Nonem      None
  maths-extension-1/q_d639fb884c28.pdf  Q3b     Nonem      None
  maths-extension-1/q_dcc4b091e2e7.pdf  Q5a     Nonem      None
  maths-extension-1/q_ca02b50224a1.pdf  Q5b     Nonem      None
  maths-extension-1/q_0c1f6adc1557.pdf  Q6a     Nonem      None
  maths-extension-1/q_c21642d4e58a.pdf  Q6b     Nonem      None
  maths-extension-1/q_6a03ea27a47c.pdf  Q7b     Nonem      None
  maths-extension-1/q_c275e76af3ab.pdf  Q7c     Nonem      None
  maths-extension-1/q_0f67d0fd12d6.pdf  Q7a     Nonem      None
  maths-extension-1/q_4d0e79bc49e0.pdf  Q7b     Nonem      None
  maths-extension-1/q_cb711fb3f985.pdf  Q7a     Nonem      None
  maths-extension-1/q_cc5aac41a4a6.pdf  Q7b     Nonem      None
  maths-extension-1/q_df2d6ee44001.pdf  Q7e     Nonem      None
  maths-extension-1/q_d83b3b1c66d0.pdf  Q9      Nonem      None
  maths-extension-1/q_f643b284bae9.pdf  Q10a    Nonem      None
  maths-extension-1/q_88f3d61f9f0c.pdf  Q10b    Nonem      None
  maths-extension-1-y12-hsc-1983-hsc: 5 questions, 10 parts, 0 soln pages [ocr, 0 tokens]
maths-extension-1-y12-hsc-1983-hsc: baked 10 parts (0 with answers) -> papers/_work/maths-extension-1-y12-hsc-1983-hsc/baked
  subject folder: maths-extension-1/   (899 KB questions)
  maths-extension-1/q_04ed492e3a35.pdf  Q1a     Nonem      None
  maths-extension-1/q_173e4a0cc55d.pdf  Q1a     Nonem      None
  maths-extension-1/q_e66723f190f7.pdf  Q1b     Nonem      None
  maths-extension-1/q_24fe78226df6.pdf  Q3      Nonem      None
  maths-extension-1/q_c4a3b16d24ee.pdf  Q5a     Nonem      None
  maths-extension-1/q_35ddf31d1c84.pdf  Q5b     Nonem      None
  maths-extension-1/q_e4cccc83e7ca.pdf  Q6a     Nonem      None
  maths-extension-1/q_c09cbd0f4d81.pdf  Q6b     Nonem      None
  maths-extension-1/q_2ac9a45a2bb9.pdf  Q7c     Nonem      None
  maths-extension-1/q_8200b5bc7722.pdf  Q7i     Nonem      None
  maths-extension-1-y12-hsc-1984-hsc: 7 questions, 14 parts, 0 soln pages [ocr, 0 tokens]
maths-extension-1-y12-hsc-1984-hsc: baked 14 parts (0 with answers) -> papers/_work/maths-extension-1-y12-hsc-1984-hsc/baked
  subject folder: maths-extension-1/   (1119 KB questions)
  maths-extension-1/q_6de2431a1a78.pdf  Q1a     Nonem      None
  maths-extension-1/q_e425eb31494f.pdf  Q1a     Nonem      None
  maths-extension-1/q_8b99abd1f61b.pdf  Q1b     Nonem      None
  maths-extension-1/q_601b5c4ce008.pdf  Q1c     Nonem      None
  maths-extension-1/q_6473a4362036.pdf  Q1d     Nonem      None
  maths-extension-1/q_f646e284b11c.pdf  Q2a     Nonem      None
  maths-extension-1/q_36ce18f6a80f.pdf  Q3b     Nonem      None
  maths-extension-1/q_8a7b2d5749f1.pdf  Q4b     Nonem      None
  maths-extension-1/q_9b6d355be62c.pdf  Q5a     Nonem      None
  maths-extension-1/q_d34cf22cd94b.pdf  Q5b     Nonem      None
  maths-extension-1/q_cb980504c6ad.pdf  Q5c     Nonem      None
  maths-extension-1/q_e4a058e6e457.pdf  Q5d     Nonem      None
  maths-extension-1/q_9c6f559daf34.pdf  Q6b     Nonem      None
  maths-extension-1/q_0c3c45f6e732.pdf  Q7a     Nonem      None
  maths-extension-1-y12-hsc-1985-hsc: 7 questions, 17 parts, 0 soln pages [ocr, 0 tokens]
maths-extension-1-y12-hsc-1985-hsc: baked 17 parts (0 with answers) -> papers/_work/maths-extension-1-y12-hsc-1985-hsc/baked
  subject folder: maths-extension-1/   (1367 KB questions)
  maths-extension-1/q_926deed10b6d.pdf  Q1      Nonem      None
  maths-extension-1/q_c5af8c565a39.pdf  Q2a     Nonem      None
  maths-extension-1/q_b475af6acf0d.pdf  Q2a     Nonem      None
  maths-extension-1/q_c5aaf2d384dd.pdf  Q2b     Nonem      None
  maths-extension-1/q_d5f98b0e71ee.pdf  Q2a     Nonem      None
  maths-extension-1/q_5433a2c09bf6.pdf  Q3b     Nonem      None
  maths-extension-1/q_369368fceae6.pdf  Q3a     Nonem      None
  maths-extension-1/q_3d38413ee75d.pdf  Q4i     Nonem      None
  maths-extension-1/q_fb14096484eb.pdf  Q4b     Nonem      None
  maths-extension-1/q_ac3a57f4d4a6.pdf  Q5i     Nonem      None
  maths-extension-1/q_8c4dc875a3d2.pdf  Q5b     Nonem      None
  maths-extension-1/q_84b0f3a4b7cb.pdf  Q5c     Nonem      None
  maths-extension-1/q_060972fce9df.pdf  Q6a     Nonem      None
  maths-extension-1/q_8aa007787c71.pdf  Q6b     Nonem      None
  maths-extension-1/q_2ada5178b9d1.pdf  Q6c     Nonem      None
  maths-extension-1/q_adae803e3368.pdf  Q7a     Nonem      None
  maths-extension-1/q_6291d48aba5a.pdf  Q7b     Nonem      None
  maths-extension-1-y12-trial-abbotsleigh-2009: 9 questions, 32 parts, 0 soln pages [ocr, 0 tokens]
maths-extension-1-y12-trial-abbotsleigh-2009: baked 32 parts (0 with answers) -> papers/_work/maths-extension-1-y12-trial-abbotsleigh-2009/baked
  subject folder: maths-extension-1/   (1527 KB questions)
  maths-extension-1/q_bb80fb7b4f9b.pdf  Q1b     Nonem      None
  maths-extension-1/q_bb674fdb6c35.pdf  Q1c     Nonem      None
  maths-extension-1/q_c1697ac53594.pdf  Q1d     Nonem      None
  maths-extension-1/q_e49ead432c53.pdf  Q1e     Nonem      None
  maths-extension-1/q_c2440ed07903.pdf  Q1f     Nonem      None
  maths-extension-1/q_cd9de74c15cc.pdf  Q2a     Nonem      None
  maths-extension-1/q_ff11ae319825.pdf  Q2b     Nonem      None
  maths-extension-1/q_e7c7970cb893.pdf  Q2c     Nonem      None
  maths-extension-1/q_f1816323361a.pdf  Q2d     Nonem      None
  maths-extension-1/q_09dc8ac8bfcf.pdf  Q2e     Nonem      None
  maths-extension-1/q_ddb9d8467b1b.pdf  Q3a     Nonem      None
  maths-extension-1/q_72bc68237b06.pdf  Q3b     Nonem      None
  maths-extension-1/q_0dddaf702f3a.pdf  Q3c     Nonem      None
  maths-extension-1/q_d82c9d94b359.pdf  Q4a     Nonem      None
  maths-extension-1/q_6172e138124a.pdf  Q4b     Nonem      None
  maths-extension-1/q_523f5e6c8692.pdf  Q4c     Nonem      None
  maths-extension-1/q_6d5a9cf13868.pdf  Q4d     Nonem      None
  maths-extension-1/q_d6db805d0ad1.pdf  Q4e     Nonem      None
  maths-extension-1/q_b0dad9aa0166.pdf  Q4f     Nonem      None
  maths-extension-1/q_44cb43824075.pdf  Q5a     Nonem      None
  maths-extension-1/q_4b322a5b0ca4.pdf  Q5i     Nonem      None
  maths-extension-1/q_0b2682b951fd.pdf  Q5i     Nonem      None
  maths-extension-1/q_c39d00bc3353.pdf  Q5b     Nonem      None
  maths-extension-1/q_6459dcbb905c.pdf  Q6a     Nonem      None
  maths-extension-1/q_1083acdefc8f.pdf  Q6i     Nonem      None
  maths-extension-1/q_769e24f073b9.pdf  Q6i     Nonem      None
  maths-extension-1/q_ff1948a2cebc.pdf  Q6b     Nonem      None
  maths-extension-1/q_74f6c363c22d.pdf  Q6i     Nonem      None
  maths-extension-1/q_23f2cc860722.pdf  Q7a     Nonem      None
  maths-extension-1/q_bf5641a5441a.pdf  Q7i     Nonem      None
  maths-extension-1/q_40e67ed587e1.pdf  Q7b     Nonem      None
  maths-extension-1/q_d7b9e4342e9a.pdf  Q7i     Nonem      None
  maths-extension-1-y12-trial-abbotsleigh-2010-w-sol: 9 questions, 28 parts, 0 soln pages [ocr, 0 tokens]
maths-extension-1-y12-trial-abbotsleigh-2010-w-sol: baked 28 parts (0 with answers) -> papers/_work/maths-extension-1-y12-trial-abbotsleigh-2010-w-sol/baked
  subject folder: maths-extension-1/   (5052 KB questions)
  maths-extension-1/q_37b458048ff4.pdf  Q1a     Nonem      None
  maths-extension-1/q_7c49496b2d27.pdf  Q1b     Nonem      None
  maths-extension-1/q_16566757d133.pdf  Q1d     Nonem      None
  maths-extension-1/q_5c55ad6385bf.pdf  Q1e     Nonem      None
  maths-extension-1/q_dcff12d3d53b.pdf  Q2a     Nonem      None
  maths-extension-1/q_7abafb27e219.pdf  Q2b     Nonem      None
  maths-extension-1/q_d74fb5abd186.pdf  Q2d     Nonem      None
  maths-extension-1/q_d57ef60c04c5.pdf  Q2i     Nonem      None
  maths-extension-1/q_dae3812606e6.pdf  Q3a     Nonem      None
  maths-extension-1/q_05e3bcd1aa53.pdf  Q3i     Nonem      None
  maths-extension-1/q_18fb010674d7.pdf  Q3b     Nonem      None
  maths-extension-1/q_c5bb9dbaca42.pdf  Q3c     Nonem      None
  maths-extension-1/q_22ec2a6d7cf3.pdf  Q3a     Nonem      None
  maths-extension-1/q_6555005869c6.pdf  Q4a     Nonem      None
  maths-extension-1/q_524709ecb7c4.pdf  Q4i     Nonem      None
  maths-extension-1/q_6465c5c1f8a4.pdf  Q4i     Nonem      None
  maths-extension-1/q_30e9d43edd08.pdf  Q5a     Nonem      None
  maths-extension-1/q_7980eb9f1d98.pdf  Q5i     Nonem      None
  maths-extension-1/q_6338ba0d6e69.pdf  Q5i     Nonem      None
  maths-extension-1/q_83594093432f.pdf  Q5b     Nonem      None
  maths-extension-1/q_bf2d9fcd6b5d.pdf  Q5i     Nonem      None
  maths-extension-1/q_08ad7c5d6b86.pdf  Q6a     Nonem      None
  maths-extension-1/q_1e416e16507c.pdf  Q6i     Nonem      None
  maths-extension-1/q_50c6e6fc79f3.pdf  Q6      Nonem      None
  maths-extension-1/q_4fe7cb5c8d58.pdf  Q6b     Nonem      None
  maths-extension-1/q_4b4a324cb4ce.pdf  Q6i     Nonem      None
  maths-extension-1/q_ea373b95b05c.pdf  Q7a     Nonem      None
  maths-extension-1/q_57f6ee85f47d.pdf  Q7b     Nonem      None
PROGRESS: 40/40 baked
  maths-extension-1-y12-trial-abbotsleigh-2011-w-sol: 7 questions, 28 parts, 0 soln pages [ocr, 0 tokens]
maths-extension-1-y12-trial-abbotsleigh-2011-w-sol: baked 28 parts (0 with answers) -> papers/_work/maths-extension-1-y12-trial-abbotsleigh-2011-w-sol/baked
  subject folder: maths-extension-1/   (3830 KB questions)
  maths-extension-1/q_8bc76680d284.pdf  Q1a     Nonem      None
  maths-extension-1/q_0a18147edac0.pdf  Q1b     Nonem      None
  maths-extension-1/q_e5855adc4dde.pdf  Q1c     Nonem      None
  maths-extension-1/q_474adf4d58d1.pdf  Q1e     Nonem      None
  maths-extension-1/q_2363f6b28ab9.pdf  Q2a     Nonem      None
  maths-extension-1/q_b06309510c08.pdf  Q2b     Nonem      None
  maths-extension-1/q_4f18e96d1d15.pdf  Q2c     Nonem      None
  maths-extension-1/q_db1dceb24571.pdf  Q3a     Nonem      None
  maths-extension-1/q_c78bc140f7f8.pdf  Q3i     Nonem      None
  maths-extension-1/q_01dd92063821.pdf  Q3b     Nonem      None
  maths-extension-1/q_6550f61f7908.pdf  Q3i     Nonem      None
  maths-extension-1/q_f582134ddc49.pdf  Q3c     Nonem      None
  maths-extension-1/q_e790493c8a65.pdf  Q4a     Nonem      None
  maths-extension-1/q_2c5b26b55ffd.pdf  Q4b     Nonem      None
  maths-extension-1/q_3c27e31875d7.pdf  Q4i     Nonem      None
  maths-extension-1/q_3cd0d7b63d10.pdf  Q4c     Nonem      None
  maths-extension-1/q_a43efc136615.pdf  Q4i     Nonem      None
  maths-extension-1/q_2456e735a6bc.pdf  Q5a     Nonem      None
  maths-extension-1/q_9f72d0059588.pdf  Q5b     Nonem      None
  maths-extension-1/q_57c5efff6836.pdf  Q5i     Nonem      None
  maths-extension-1/q_6e142c752655.pdf  Q5c     Nonem      None
  maths-extension-1/q_8fb6b7368644.pdf  Q5i     Nonem      None
  maths-extension-1/q_f271036405bc.pdf  Q6a     Nonem      None
  maths-extension-1/q_854ffe54dc01.pdf  Q6b     Nonem      None
  maths-extension-1/q_a3c6b53700b2.pdf  Q6i     Nonem      None
  maths-extension-1/q_05acd988d378.pdf  Q7a     Nonem      None
  maths-extension-1/q_2c54e294c10f.pdf  Q7i     Nonem      None
  maths-extension-1/q_b0704005ad92.pdf  Q7b     Nonem      None
  maths-extension-1-y12-trial-abbotsleigh-2012-w-sol: 11 questions, 24 parts, 2 soln pages [ocr, 0 tokens]
maths-extension-1-y12-trial-abbotsleigh-2012-w-sol: baked 24 parts (0 with answers) -> papers/_work/maths-extension-1-y12-trial-abbotsleigh-2012-w-sol/baked
  subject folder: maths-extension-1/   (3999 KB questions)
  maths-extension-1/q_221ee156672e.pdf  Q6      1m      None
  maths-extension-1/q_b573e96dede9.pdf  Q8      1m      None
  maths-extension-1/q_da7631ef634d.pdf  Q9      1m      None
  maths-extension-1/q_53f0c3f8d85b.pdf  Q10     1m      None
  maths-extension-1/q_ecc30283a829.pdf  Q11a    Nonem      None
  maths-extension-1/q_5e50915d013a.pdf  Q11b    Nonem      None
  maths-extension-1/q_30037f0104f9.pdf  Q11i    Nonem      None
  maths-extension-1/q_2a5b0d014745.pdf  Q11c    Nonem      None
  maths-extension-1/q_9e88504c1979.pdf  Q11d    Nonem      None
  maths-extension-1/q_19f749900c38.pdf  Q11c    Nonem      None
  maths-extension-1/q_31bcbb433713.pdf  Q11f    Nonem      None
  maths-extension-1/q_ed55bd765347.pdf  Q12a    Nonem      None
  maths-extension-1/q_9c370e81faab.pdf  Q12b    Nonem      None
  maths-extension-1/q_7e10056c8fed.pdf  Q12i    Nonem      None
  maths-extension-1/q_ba09ca76fd96.pdf  Q12c    Nonem      None
  maths-extension-1/q_1bc1bb0fd4be.pdf  Q12e    Nonem      None
  maths-extension-1/q_5cee219eeebb.pdf  Q13a    Nonem      None
  maths-extension-1/q_3d19a206a2a0.pdf  Q13v    Nonem      None
  maths-extension-1/q_5edef848dfef.pdf  Q13b    Nonem      None
  maths-extension-1/q_56029b45162b.pdf  Q14a    Nonem      None
  maths-extension-1/q_768633c26cdf.pdf  Q14b    Nonem      None
  maths-extension-1/q_db5a6e49e20f.pdf  Q14i    Nonem      None
  maths-extension-1/q_23d81b673900.pdf  Q14c    Nonem      None
  maths-extension-1/q_3233777374c1.pdf  Q14     Nonem      None
  maths-extension-1-y12-trial-abbotsleigh-2016-w-sol: 13 questions, 29 parts, 5 soln pages [ocr, 0 tokens]
maths-extension-1-y12-trial-abbotsleigh-2016-w-sol: baked 29 parts (0 with answers) -> papers/_work/maths-extension-1-y12-trial-abbotsleigh-2016-w-sol/baked
  subject folder: maths-extension-1/   (3731 KB questions)
  maths-extension-1/q_a4f5a0d958c5.pdf  Q2      1m      None
  maths-extension-1/q_29878f4831c5.pdf  Q3      1m      None
  maths-extension-1/q_23aeb829e7d6.pdf  Q4      1m      None
  maths-extension-1/q_7282afda4184.pdf  Q4a     Nonem      None
  maths-extension-1/q_eae1cc96512c.pdf  Q5      1m      None
  maths-extension-1/q_ea90300dc3a8.pdf  Q8      1m      None
  maths-extension-1/q_892d34e2743e.pdf  Q9      1m      None
  maths-extension-1/q_e28aefa4d58d.pdf  Q10     1m      None
  maths-extension-1/q_80a6de3d07dd.pdf  Q11a    Nonem      None
  maths-extension-1/q_59e5676ec1aa.pdf  Q11b    Nonem      None
  maths-extension-1/q_0e29544273ac.pdf  Q11d    Nonem      None
  maths-extension-1/q_ac4fd67ed750.pdf  Q11c    Nonem      None
  maths-extension-1/q_7c49291becb8.pdf  Q11i    Nonem      None
  maths-extension-1/q_04e5386c2295.pdf  Q11i    Nonem      None
  maths-extension-1/q_ca692e335cc8.pdf  Q12a    Nonem      None
  maths-extension-1/q_32b29f9266fc.pdf  Q12b    Nonem      None
  maths-extension-1/q_deb9329ebc7b.pdf  Q12c    Nonem      None
  maths-extension-1/q_6c587a9b49b9.pdf  Q12d    Nonem      None
  maths-extension-1/q_b38212f199c9.pdf  Q12i    Nonem      None
  maths-extension-1/q_63bcaf14a20c.pdf  Q13a    Nonem      None
  maths-extension-1/q_cb84da6a617e.pdf  Q13b    Nonem      None
  maths-extension-1/q_69867511e35e.pdf  Q13i    Nonem      None
  maths-extension-1/q_bc8fb7600c91.pdf  Q13c    Nonem      None
  maths-extension-1/q_df2ba3b550f2.pdf  Q13     Nonem      None
  maths-extension-1/q_919f3570ede6.pdf  Q13d    Nonem      None
  maths-extension-1/q_4f3e70362604.pdf  Q13i    Nonem      None
  maths-extension-1/q_6125ab7e6139.pdf  Q14a    Nonem      None
  maths-extension-1/q_5800dfe0a67b.pdf  Q14b    Nonem      None
  maths-extension-1/q_61635770f80d.pdf  Q14c    Nonem      None
  maths-extension-1-y12-trial-abbotsleigh-2020: 9 questions, 18 parts, 1 soln pages [ocr, 0 tokens]
maths-extension-1-y12-trial-abbotsleigh-2020: baked 18 parts (0 with answers) -> papers/_work/maths-extension-1-y12-trial-abbotsleigh-2020/baked
  subject folder: maths-extension-1/   (3258 KB questions)
  maths-extension-1/q_791bb2786141.pdf  Q11a    Nonem      None
  maths-extension-1/q_8dfee4954ddc.pdf  Q11b    Nonem      None
  maths-extension-1/q_abd034fdf2fb.pdf  Q11i    Nonem      None
  maths-extension-1/q_59dc61e7c190.pdf  Q11c    Nonem      None
  maths-extension-1/q_aec197a1da19.pdf  Q11     Nonem      None
  maths-extension-1/q_da6334a30abe.pdf  Q11i    Nonem      None
  maths-extension-1/q_cf49d91491cc.pdf  Q13a    Nonem      None
  maths-extension-1/q_aefba2e18177.pdf  Q13b    Nonem      None
  maths-extension-1/q_c7d8030c84a3.pdf  Q13i    Nonem      None
  maths-extension-1/q_aa25b546b4a4.pdf  Q13     Nonem      None
  maths-extension-1/q_305bd0c1ab80.pdf  Q13c    Nonem      None
  maths-extension-1/q_d3075b0b2f6e.pdf  Q13i    Nonem      None
  maths-extension-1/q_1206f4bab003.pdf  Q13i    Nonem      None
  maths-extension-1/q_4117a9dd50ac.pdf  Q14a    Nonem      None
  maths-extension-1/q_8a5540964ba9.pdf  Q14b    Nonem      None
  maths-extension-1/q_8cc5eef775cc.pdf  Q14     Nonem      None
  maths-extension-1/q_369cba6a2981.pdf  Q14c    Nonem      None
  maths-extension-1/q_c63a3aa4a09d.pdf  Q14i    Nonem      None
  maths-extension-1-y12-trial-abbotsleigh-2022-w-sol: 8 questions, 18 parts, 1 soln pages [ocr, 0 tokens]
maths-extension-1-y12-trial-abbotsleigh-2022-w-sol: baked 18 parts (0 with answers) -> papers/_work/maths-extension-1-y12-trial-abbotsleigh-2022-w-sol/baked
  subject folder: maths-extension-1/   (968 KB questions)
  maths-extension-1/q_2b3c78714c38.pdf  Q11a    Nonem      None
  maths-extension-1/q_e7617fb3e74b.pdf  Q11b    Nonem      None
  maths-extension-1/q_d69969a23dfa.pdf  Q11     Nonem      None
  maths-extension-1/q_7fe6fd5214d8.pdf  Q11i    Nonem      None
  maths-extension-1/q_6dac60cf3277.pdf  Q11i    Nonem      None
  maths-extension-1/q_37f9f5c86c7b.pdf  Q12a    Nonem      None
  maths-extension-1/q_d83b6462ce2d.pdf  Q12b    Nonem      None
  maths-extension-1/q_8e7da9b1c550.pdf  Q12c    Nonem      None
  maths-extension-1/q_bc67f8f4a6b1.pdf  Q12c    Nonem      None
  maths-extension-1/q_980994f0c6de.pdf  Q13a    Nonem      None
  maths-extension-1/q_d2d1900850dc.pdf  Q13b    Nonem      None
  maths-extension-1/q_75ba3431f93a.pdf  Q13i    Nonem      None
  maths-extension-1/q_525401cab019.pdf  Q14a    Nonem      None
  maths-extension-1/q_645efdf99b53.pdf  Q14b    Nonem      None
  maths-extension-1/q_39804656f38b.pdf  Q14i    Nonem      None
  maths-extension-1/q_398ffdfab406.pdf  Q14     Nonem      None
  maths-extension-1/q_e0d1430369a5.pdf  Q14c    Nonem      None
  maths-extension-1/q_dd45bed303d4.pdf  Q14a    Nonem      None
  maths-extension-1-y12-trial-abbotsleigh-2023-w-sol: 17 questions, 27 parts, 1 soln pages [ocr, 0 tokens]
maths-extension-1-y12-trial-abbotsleigh-2023-w-sol: baked 27 parts (0 with answers) -> papers/_work/maths-extension-1-y12-trial-abbotsleigh-2023-w-sol/baked
  subject folder: maths-extension-1/   (4842 KB questions)
  maths-extension-1/q_20bd73396e99.pdf  Q1      1m      None
  maths-extension-1/q_f8dbfa562c34.pdf  Q2      1m      None
  maths-extension-1/q_dffba2644cc8.pdf  Q2a     Nonem      None
  maths-extension-1/q_c6f51b1af869.pdf  Q4      1m      None
  maths-extension-1/q_73097a03e2b2.pdf  Q9      1m      None
  maths-extension-1/q_36d1155e8f8f.pdf  Q10     1m      None
  maths-extension-1/q_fb230c078959.pdf  Q11a    Nonem      None
  maths-extension-1/q_0675e4300303.pdf  Q11b    Nonem      None
  maths-extension-1/q_b0098c03f9db.pdf  Q11c    Nonem      None
  maths-extension-1/q_830ba7c54acc.pdf  Q11     Nonem      None
  maths-extension-1/q_7329c4f239f3.pdf  Q11c    Nonem      None
  maths-extension-1/q_c8b831cb6f19.pdf  Q12a    Nonem      None
  maths-extension-1/q_bb20b504d1f0.pdf  Q12b    Nonem      None
  maths-extension-1/q_e8a5bb8dcee3.pdf  Q12i    Nonem      None
  maths-extension-1/q_89b8b2d989fa.pdf  Q12i    Nonem      None
  maths-extension-1/q_b897c9ae9417.pdf  Q12     Nonem      None
  maths-extension-1/q_3df4851705a9.pdf  Q12d    Nonem      None
  maths-extension-1/q_96c2936edc6c.pdf  Q13a    Nonem      None
  maths-extension-1/q_32b12b2edd39.pdf  Q13i    Nonem      None
  maths-extension-1/q_33c0a7702b5a.pdf  Q13     Nonem      None
  maths-extension-1/q_701a5b1b4463.pdf  Q13b    Nonem      None
  maths-extension-1/q_f98398416b82.pdf  Q14a    Nonem      None
  maths-extension-1/q_8319c2c52f2c.pdf  Q14b    Nonem      None
  maths-extension-1/q_e93127317f2d.pdf  Q14     Nonem      None
  maths-extension-1/q_9989f7919031.pdf  Q14c    Nonem      None
  maths-extension-1/q_9d2b3fb0c71d.pdf  Q14i    Nonem      None
  maths-extension-1/q_0d349e954344.pdf  Q14a    Nonem      None
  maths-extension-2-y12-trial-ascham-2025-w-sol: 12 questions, 12 parts, 1 soln pages [ocr, 0 tokens]
maths-extension-2-y12-trial-ascham-2025-w-sol: baked 12 parts (0 with answers) -> papers/_work/maths-extension-2-y12-trial-ascham-2025-w-sol/baked
  subject folder: maths-extension-2/   (935 KB questions)
  maths-extension-2/q_957aad426a53.pdf  Q5      1m      None
  maths-extension-2/q_ef7679545342.pdf  Q6      1m      None
  maths-extension-2/q_ec71702a7bb9.pdf  Q7      1m      None
  maths-extension-2/q_adfce6278c89.pdf  Q8      1m      None
  maths-extension-2/q_6aa02eb03cbe.pdf  Q9      1m      None
  maths-extension-2/q_eae9d0c8098c.pdf  Q10     1m      None
  maths-extension-2/q_83c71fcceb33.pdf  Q11     15m      None
  maths-extension-2/q_b7f8361fdfd9.pdf  Q12     15m      None
  maths-extension-2/q_bb8497dfcb76.pdf  Q13     14m      None
  maths-extension-2/q_5a4ea3731ca6.pdf  Q14     14m      None
  maths-extension-2/q_8002ec7e6af0.pdf  Q15     16m      None
  maths-extension-2/q_cfe5b64e06e8.pdf  Q16     16m      None
  maths-extension-2-y12-trial-barker-1999-w-sol: 8 questions, 9 parts, 0 soln pages [ocr, 0 tokens]
maths-extension-2-y12-trial-barker-1999-w-sol: baked 9 parts (0 with answers) -> papers/_work/maths-extension-2-y12-trial-barker-1999-w-sol/baked
  subject folder: maths-extension-2/   (1355 KB questions)
  maths-extension-2/q_187902f8e0e5.pdf  Q1      Nonem      None
  maths-extension-2/q_527d8346fb39.pdf  Q2      Nonem      None
  maths-extension-2/q_ceefb1ec7c6c.pdf  Q3      Nonem      None
  maths-extension-2/q_39e43170e546.pdf  Q4      Nonem      None
  maths-extension-2/q_cd05e34a12c5.pdf  Q5      Nonem      None
  maths-extension-2/q_5a1429b0bdcb.pdf  Q6      Nonem      None
  maths-extension-2/q_b140a18a0bd3.pdf  Q7      Nonem      None
  maths-extension-2/q_e9bf7385957b.pdf  Q8i     Nonem      None
  maths-extension-2/q_a13a6351220c.pdf  Q8a     Nonem      None
  maths-extension-2-y12-trial-barker-2001-w-sol: 7 questions, 7 parts, 1 soln pages [ocr, 0 tokens]
maths-extension-2-y12-trial-barker-2001-w-sol: baked 7 parts (0 with answers) -> papers/_work/maths-extension-2-y12-trial-barker-2001-w-sol/baked
  subject folder: maths-extension-2/   (123 KB questions)
  maths-extension-2/q_d2e2c19d3ecd.pdf  Q2      Nonem      None
  maths-extension-2/q_f07c9f98fec7.pdf  Q3      Nonem      None
  maths-extension-2/q_92f5f2a86555.pdf  Q4      Nonem      None
  maths-extension-2/q_83e445efc16d.pdf  Q5      Nonem      None
  maths-extension-2/q_a9819ee8cdd6.pdf  Q6      Nonem      None
  maths-extension-2/q_960c24ec5f40.pdf  Q7      Nonem      None
  maths-extension-2/q_10bf01aa5291.pdf  Q8      Nonem      None
  maths-extension-2-y12-trial-barker-2002-w-sol: 7 questions, 10 parts, 1 soln pages [ocr, 0 tokens]
maths-extension-2-y12-trial-barker-2002-w-sol: baked 10 parts (0 with answers) -> papers/_work/maths-extension-2-y12-trial-barker-2002-w-sol/baked
  subject folder: maths-extension-2/   (967 KB questions)
  maths-extension-2/q_b55f2d7a7c29.pdf  Q2i     Nonem      None
  maths-extension-2/q_c6d8cdbd6a1a.pdf  Q3i     Nonem      None
  maths-extension-2/q_eb3ea48f34b6.pdf  Q4a     Nonem      None
  maths-extension-2/q_50e8202b68c2.pdf  Q4i     Nonem      None
  maths-extension-2/q_c7b2786f3fa5.pdf  Q4b     Nonem      None
  maths-extension-2/q_8ef3d1930398.pdf  Q5      Nonem      None
  maths-extension-2/q_b3d01691fe02.pdf  Q6b     Nonem      None
  maths-extension-2/q_f25578c82fc2.pdf  Q7b     Nonem      None
  maths-extension-2/q_5d69b90f6c8f.pdf  Q8a     Nonem      None
  maths-extension-2/q_ba41dee9c871.pdf  Q8b     Nonem      None
PROGRESS: 50/50 baked
  maths-extension-2-y12-trial-barker-2003: 7 questions, 9 parts, 1 soln pages [ocr, 0 tokens]
maths-extension-2-y12-trial-barker-2003: baked 9 parts (0 with answers) -> papers/_work/maths-extension-2-y12-trial-barker-2003/baked
  subject folder: maths-extension-2/   (1241 KB questions)
  maths-extension-2/q_f44e70d0e6ab.pdf  Q2d     Nonem      None
  maths-extension-2/q_ed49ca30399e.pdf  Q3      Nonem      None
  maths-extension-2/q_af1204647ea8.pdf  Q4      15m      None
  maths-extension-2/q_6956819eb576.pdf  Q5      15m      None
  maths-extension-2/q_ee91a26a3171.pdf  Q6i     Nonem      None
  maths-extension-2/q_f7e2d5e3176b.pdf  Q6b     Nonem      None
  maths-extension-2/q_53b78ecf5458.pdf  Q6i     Nonem      None
  maths-extension-2/q_03b2e994ce78.pdf  Q7      15m      None
  maths-extension-2/q_1ba58df79049.pdf  Q8      15m      None
  maths-extension-2-y12-trial-barker-2006: 9 questions, 16 parts, 1 soln pages [ocr, 0 tokens]
maths-extension-2-y12-trial-barker-2006: baked 16 parts (0 with answers) -> papers/_work/maths-extension-2-y12-trial-barker-2006/baked
  subject folder: maths-extension-2/   (483 KB questions)
  maths-extension-2/q_94202bb2a443.pdf  Q2a     Nonem      None
  maths-extension-2/q_629d453c12f2.pdf  Q2b     Nonem      None
  maths-extension-2/q_6675253fd431.pdf  Q3a     Nonem      None
  maths-extension-2/q_eccfdecbf618.pdf  Q3      Nonem      None
  maths-extension-2/q_1973dfe4e5e2.pdf  Q3b     Nonem      None
  maths-extension-2/q_ff6d3cf2e5c9.pdf  Q4a     Nonem      None
  maths-extension-2/q_3a065de81920.pdf  Q4b     Nonem      None
  maths-extension-2/q_3330bb3ef6b1.pdf  Q4a     Nonem      None
  maths-extension-2/q_db850bc26d1b.pdf  Q4b     Nonem      None
  maths-extension-2/q_94427376b908.pdf  Q4d     Nonem      None
  maths-extension-2/q_dc6dbc1ba12c.pdf  Q6a     Nonem      None
  maths-extension-2/q_d326db4da3a2.pdf  Q6b     Nonem      None
  maths-extension-2/q_0cc09a4a3266.pdf  Q8a     Nonem      None
  maths-extension-2/q_e051f2aad274.pdf  Q8b     Nonem      None
  maths-extension-2/q_3ebfdb0b84a2.pdf  Q8      Nonem      None
  maths-extension-2/q_f4fbc38835b2.pdf  Q8      Nonem      None
  maths-extension-2-y12-trial-barker-2007-w-sol: 11 questions, 11 parts, 0 soln pages [ocr, 0 tokens]
maths-extension-2-y12-trial-barker-2007-w-sol: baked 11 parts (0 with answers) -> papers/_work/maths-extension-2-y12-trial-barker-2007-w-sol/baked
  subject folder: maths-extension-2/   (1004 KB questions)
  maths-extension-2/q_ddb4e9bcabb5.pdf  Q2      15m      None
  maths-extension-2/q_b6a1518e7885.pdf  Q3i     Nonem      None
  maths-extension-2/q_c97df520a2b0.pdf  Q4      15m      None
  maths-extension-2/q_745d2cffe6e2.pdf  Q5      Nonem      None
  maths-extension-2/q_52573957c637.pdf  Q6      15m      None
  maths-extension-2/q_82d319e59ba7.pdf  Q5      Nonem      None
  maths-extension-2/q_df06deb2f9b4.pdf  Q6      Nonem      None
  maths-extension-2/q_43a02d13e59c.pdf  Q7      15m      None
  maths-extension-2/q_bac7654dcb1e.pdf  Q6      Nonem      None
  maths-extension-2/q_5228e4ab2dde.pdf  Q8      15m      None
  maths-extension-2/q_abcc0e35180a.pdf  Q3a     Nonem      None
  maths-extension-2-y12-trial-barker-2008-w-sol: 10 questions, 11 parts, 0 soln pages [ocr, 0 tokens]
maths-extension-2-y12-trial-barker-2008-w-sol: baked 11 parts (0 with answers) -> papers/_work/maths-extension-2-y12-trial-barker-2008-w-sol/baked
  subject folder: maths-extension-2/   (878 KB questions)
  maths-extension-2/q_108cb1007411.pdf  Q1      Nonem      None
  maths-extension-2/q_0fd086f68582.pdf  Q1      Nonem      None
  maths-extension-2/q_6d74155b8239.pdf  Q4      15m      None
  maths-extension-2/q_bc17fc7bea71.pdf  Q6      15m      None
  maths-extension-2/q_4af0ce65cca2.pdf  Q5      15m      None
  maths-extension-2/q_5d1a4cc772f5.pdf  Q7      15m      None
  maths-extension-2/q_d69e3c6ba096.pdf  Q8a     Nonem      None
  maths-extension-2/q_79a354b729f4.pdf  Q8      Nonem      None
  maths-extension-2/q_337d3352fc79.pdf  Q8i     Nonem      None
  maths-extension-2/q_2bd9c3d14edf.pdf  Q8i     Nonem      None
  maths-extension-2/q_fb6b4d6b328d.pdf  Q7      Nonem      None
  maths-extension-2-y12-trial-barker-2009-w-sol: 11 questions, 24 parts, 2 soln pages [ocr, 0 tokens]
maths-extension-2-y12-trial-barker-2009-w-sol: baked 24 parts (0 with answers) -> papers/_work/maths-extension-2-y12-trial-barker-2009-w-sol/baked
  subject folder: maths-extension-2/   (3309 KB questions)
  maths-extension-2/q_5c06f8c4182c.pdf  Q2a     Nonem      None
  maths-extension-2/q_643a8750dd41.pdf  Q2i     Nonem      None
  maths-extension-2/q_d949c53f1942.pdf  Q2b     Nonem      None
  maths-extension-2/q_1a3c66f3cae4.pdf  Q2d     Nonem      None
  maths-extension-2/q_88df4680655b.pdf  Q2e     Nonem      None
  maths-extension-2/q_36475fcfa522.pdf  Q3a     Nonem      None
  maths-extension-2/q_26d010259aa6.pdf  Q3      Nonem      None
  maths-extension-2/q_c3d7b65fc424.pdf  Q3b     Nonem      None
  maths-extension-2/q_c964a042a7f0.pdf  Q3i     Nonem      None
  maths-extension-2/q_9570499d4900.pdf  Q4a     Nonem      None
  maths-extension-2/q_d55d5ee52362.pdf  Q4      Nonem      None
  maths-extension-2/q_b1031b0cd0ba.pdf  Q4c     Nonem      None
  maths-extension-2/q_35d0d4e7e241.pdf  Q4i     Nonem      None
  maths-extension-2/q_20dca80c65ce.pdf  Q5a     Nonem      None
  maths-extension-2/q_49e5cbb11d06.pdf  Q5b     Nonem      None
  maths-extension-2/q_debe90618958.pdf  Q6a     Nonem      None
  maths-extension-2/q_b0c1724a0b08.pdf  Q6i     Nonem      None
  maths-extension-2/q_2889cadbe203.pdf  Q6b     Nonem      None
  maths-extension-2/q_9e8893aa7c06.pdf  Q7a     Nonem      None
  maths-extension-2/q_1e51bd595a40.pdf  Q7b     Nonem      None
  maths-extension-2/q_ad923c843187.pdf  Q8a     Nonem      None
  maths-extension-2/q_384c3a7fb316.pdf  Q8i     Nonem      None
  maths-extension-2/q_a3b99e96acbb.pdf  Q8b     Nonem      None
  maths-extension-2/q_0d99d44aeae0.pdf  Q8i     Nonem      None
  maths-extension-2-y12-trial-barker-2010-w-sol: 10 questions, 31 parts, 1 soln pages [ocr, 0 tokens]
maths-extension-2-y12-trial-barker-2010-w-sol: baked 31 parts (0 with answers) -> papers/_work/maths-extension-2-y12-trial-barker-2010-w-sol/baked
  subject folder: maths-extension-2/   (11846 KB questions)
  maths-extension-2/q_532419baee2c.pdf  Q2a     Nonem      None
  maths-extension-2/q_76fb7f478c44.pdf  Q2i     Nonem      None
  maths-extension-2/q_e7ddd9501e4c.pdf  Q2b     Nonem      None
  maths-extension-2/q_dd4cdcb00435.pdf  Q2c     Nonem      None
  maths-extension-2/q_b6f78096993b.pdf  Q2d     Nonem      None
  maths-extension-2/q_e52ac73c2978.pdf  Q3a     Nonem      None
  maths-extension-2/q_d78ff4212b57.pdf  Q3b     Nonem      None
  maths-extension-2/q_ad58775e5943.pdf  Q4a     Nonem      None
  maths-extension-2/q_8d54b46d53b6.pdf  Q4i     Nonem      None
  maths-extension-2/q_a5d302b58917.pdf  Q4b     Nonem      None
  maths-extension-2/q_74fec959aa2c.pdf  Q4i     Nonem      None
  maths-extension-2/q_d633b02ddc47.pdf  Q4c     Nonem      None
  maths-extension-2/q_eb6792df157a.pdf  Q5a     Nonem      None
  maths-extension-2/q_01b8850d80dc.pdf  Q5i     Nonem      None
  maths-extension-2/q_40886a0dcf26.pdf  Q5i     Nonem      None
  maths-extension-2/q_73966c39297a.pdf  Q5b     Nonem      None
  maths-extension-2/q_b2dfcd0e054c.pdf  Q5i     Nonem      None
  maths-extension-2/q_22e88df670e9.pdf  Q6a     Nonem      None
  maths-extension-2/q_bda5f09a666d.pdf  Q6i     Nonem      None
  maths-extension-2/q_e8f1b3805423.pdf  Q6b     Nonem      None
  maths-extension-2/q_a6ad51b9ae7d.pdf  Q6      Nonem      None
  maths-extension-2/q_479d08b19ec5.pdf  Q6      Nonem      None
  maths-extension-2/q_f6b4f33a50a3.pdf  Q7a     Nonem      None
  maths-extension-2/q_88b7c94684dd.pdf  Q7i     Nonem      None
  maths-extension-2/q_0d144fd84116.pdf  Q7v     Nonem      None
  maths-extension-2/q_f85dd30c252b.pdf  Q7b     Nonem      None
  maths-extension-2/q_fbde78da60b8.pdf  Q7i     Nonem      None
  maths-extension-2/q_ba1ae8a80e29.pdf  Q8a     Nonem      None
  maths-extension-2/q_c85553a80430.pdf  Q8b     Nonem      None
  maths-extension-2/q_dec7275e5951.pdf  Q8i     Nonem      None
  maths-extension-2/q_5777d46b4c74.pdf  Q8i     Nonem      None
  maths-extension-2-y12-trial-barker-2011-w-sol: 13 questions, 20 parts, 3 soln pages [ocr, 0 tokens]
maths-extension-2-y12-trial-barker-2011-w-sol: baked 20 parts (0 with answers) -> papers/_work/maths-extension-2-y12-trial-barker-2011-w-sol/baked
  subject folder: maths-extension-2/   (4238 KB questions)
  maths-extension-2/q_6947b16d913b.pdf  Q3a     Nonem      None
  maths-extension-2/q_f96cfe54ab50.pdf  Q3      Nonem      None
  maths-extension-2/q_9f2a96d0ad44.pdf  Q3b     Nonem      None
  maths-extension-2/q_053f697bc280.pdf  Q4a     Nonem      None
  maths-extension-2/q_0a21c820e2c6.pdf  Q4i     Nonem      None
  maths-extension-2/q_9f714523012f.pdf  Q4b     Nonem      None
  maths-extension-2/q_b59c449514d6.pdf  Q5a     Nonem      None
  maths-extension-2/q_5aeb8c3f90ee.pdf  Q5b     Nonem      None
  maths-extension-2/q_ad11e9e86d5e.pdf  Q5      Nonem      None
  maths-extension-2/q_a7132d80cd01.pdf  Q5c     Nonem      None
  maths-extension-2/q_32c227a2b856.pdf  Q5i     Nonem      None
  maths-extension-2/q_04dc0b069876.pdf  Q5i     Nonem      None
  maths-extension-2/q_038a65df11ec.pdf  Q6a     Nonem      None
  maths-extension-2/q_77352fe8d77a.pdf  Q6b     Nonem      None
  maths-extension-2/q_2a4d81ca4671.pdf  Q7a     Nonem      None
  maths-extension-2/q_e95e54bb1585.pdf  Q7i     Nonem      None
  maths-extension-2/q_70d85bb7b874.pdf  Q7      Nonem      None
  maths-extension-2/q_da96e9b7e30c.pdf  Q7b     Nonem      None
  maths-extension-2/q_b6f4b1adc2d4.pdf  Q8a     Nonem      None
  maths-extension-2/q_324837af9d86.pdf  Q8      Nonem      None
  maths-extension-2-y12-trial-barker-2012: 13 questions, 17 parts, 2 soln pages [ocr, 0 tokens]
maths-extension-2-y12-trial-barker-2012: baked 17 parts (0 with answers) -> papers/_work/maths-extension-2-y12-trial-barker-2012/baked
  subject folder: maths-extension-2/   (1161 KB questions)
  maths-extension-2/q_0f9466e5da3e.pdf  Q12i    Nonem      None
  maths-extension-2/q_3752ecbe7fc4.pdf  Q12b    Nonem      None
  maths-extension-2/q_2ec5f25f721e.pdf  Q12     Nonem      None
  maths-extension-2/q_b63af2c8519f.pdf  Q12     Nonem      None
  maths-extension-2/q_fc31f075d3a5.pdf  Q13a    Nonem      None
  maths-extension-2/q_0bbb38f51612.pdf  Q13b    Nonem      None
  maths-extension-2/q_ce5f4d1780af.pdf  Q13d    Nonem      None
  maths-extension-2/q_7004fb783807.pdf  Q14i    Nonem      None
  maths-extension-2/q_de24e0cc827f.pdf  Q14     Nonem      None
  maths-extension-2/q_8d9f42b9a46c.pdf  Q14     Nonem      None
  maths-extension-2/q_688b37db8297.pdf  Q15a    Nonem      None
  maths-extension-2/q_e8664b4ac0d9.pdf  Q15     Nonem      None
  maths-extension-2/q_6610600b8ff7.pdf  Q15b    Nonem      None
  maths-extension-2/q_d740670da945.pdf  Q15c    Nonem      None
  maths-extension-2/q_592151fb619f.pdf  Q16a    Nonem      None
  maths-extension-2/q_16bb15915c9b.pdf  Q16     Nonem      None
  maths-extension-2/q_d3c69e065a63.pdf  Q16b    Nonem      None
  physics-hsc-nesa-hsc-physics-sec2-answer-booklet: 1 questions, 4 parts, 0 soln pages [ocr, 0 tokens]
physics-hsc-nesa-hsc-physics-sec2-answer-booklet: baked 4 parts (0 with answers) -> papers/_work/physics-hsc-nesa-hsc-physics-sec2-answer-booklet/baked
  subject folder: physics/   (281 KB questions)
  physics/q_7af5285580c5.pdf  Q4      1m      None
  physics/q_2e6ebf444c08.pdf  Q4a     Nonem      None
  physics/q_9672c1d81fde.pdf  Q4c     Nonem      None
  physics/q_d0059cbc6a38.pdf  Q4a     Nonem      None
[60] RENDER-FAIL Physics/Y11-Yearly/James Ruse 2019 w. sol.pdf
  physics-y11-yearly-penrith-2023: 23 questions, 23 parts, 3 soln pages [ocr, 0 tokens]
physics-y11-yearly-penrith-2023: baked 23 parts (0 with answers) -> papers/_work/physics-y11-yearly-penrith-2023/baked
  subject folder: physics/   (3221 KB questions)
  physics/q_7dbc26483262.pdf  Q1      1m      None
  physics/q_154de3759cd0.pdf  Q2      1m      None
  physics/q_e25f2c0deffd.pdf  Q3      1m      None
  physics/q_2fde432e13bd.pdf  Q5      1m      None
  physics/q_b4204ab12205.pdf  Q6      1m      None
  physics/q_6b36cdac8384.pdf  Q7      1m      None
  physics/q_4e3a6d12537c.pdf  Q8      1m      None
  physics/q_e297a6dfa9f4.pdf  Q9      1m      None
  physics/q_a27beb5fc442.pdf  Q10     1m      None
  physics/q_ad63b9b25ad2.pdf  Q11     1m      None
  physics/q_6a30d0f0abaa.pdf  Q13     1m      None
  physics/q_1f18583ef897.pdf  Q15     1m      None
  physics/q_31d77c282b3d.pdf  Q16     1m      None
  physics/q_a1e594a62e12.pdf  Q16     3m      None
  physics/q_be042aa5e1f5.pdf  Q17     4m      None
  physics/q_9ea6f8b99b43.pdf  Q18     2m      None
  physics/q_f94cc3b4e712.pdf  Q19     2m      None
  physics/q_b3b10cb739fa.pdf  Q20     6m      None
  physics/q_a03db09b1e1b.pdf  Q21     6m      None
  physics/q_9bd6f658d096.pdf  Q22     3m      None
  physics/q_9852bba339fe.pdf  Q23     3m      None
  physics/q_6e4f8ccd5ac3.pdf  Q24     4m      None
  physics/q_7a294d53b695.pdf  Q25     2m      None
  physics-y11-yearly-pymble-2005-w-sol: 42 questions, 76 parts, 4 soln pages [ocr, 0 tokens]
physics-y11-yearly-pymble-2005-w-sol: baked 76 parts (0 with answers) -> papers/_work/physics-y11-yearly-pymble-2005-w-sol/baked
  subject folder: physics/   (3505 KB questions)
  physics/q_db660047e83d.pdf  Q1      Nonem      None
  physics/q_225235613179.pdf  Q2      Nonem      None
  physics/q_9bf0f577f2fd.pdf  Q3      Nonem      None
  physics/q_1ab0044cfbed.pdf  Q4      Nonem      None
  physics/q_ebbf39365733.pdf  Q5      Nonem      None
  physics/q_80c904571be8.pdf  Q6      Nonem      None
  physics/q_540538017d89.pdf  Q7      Nonem      None
  physics/q_0fc1df9376a3.pdf  Q8      Nonem      None
  physics/q_b138e2f97592.pdf  Q9      Nonem      None
  physics/q_af4570c6dd00.pdf  Q10     Nonem      None
  physics/q_a9e6f621c894.pdf  Q11     Nonem      None
  physics/q_67a4ae348df9.pdf  Q12     Nonem      None
  physics/q_ca6145d7e327.pdf  Q13a    Nonem      None
  physics/q_ef719e747be2.pdf  Q13b    Nonem      None
  physics/q_33383dfc9b6f.pdf  Q13c    Nonem      None
  physics/q_d63780ceeed0.pdf  Q14a    Nonem      None
  physics/q_0cd4317159a4.pdf  Q14b    Nonem      None
  physics/q_32838ca0b6dc.pdf  Q15a    Nonem      None
  physics/q_b18c3f4c5194.pdf  Q15b    Nonem      None
  physics/q_670cafe0cb9e.pdf  Q16a    Nonem      None
  physics/q_63025bd5504e.pdf  Q16b    Nonem      None
  physics/q_76689a863419.pdf  Q16c    Nonem      None
  physics/q_04a3485e9978.pdf  Q17a    Nonem      None
  physics/q_c23c200c3ee3.pdf  Q17b    Nonem      None
  physics/q_a182a323ebf0.pdf  Q17c    Nonem      None
  physics/q_7e78f3f4b861.pdf  Q17d    Nonem      None
  physics/q_2d084a02612a.pdf  Q17e    Nonem      None
  physics/q_8d3dceeaae3e.pdf  Q18     4m      None
  physics/q_ef49104970e8.pdf  Q19a    Nonem      None
  physics/q_03f9e63647ca.pdf  Q19b    Nonem      None
  physics/q_a2db844134c6.pdf  Q19c    Nonem      None
  physics/q_78c8a5d44d5c.pdf  Q21a    Nonem      None
  physics/q_1fbe6355cc0a.pdf  Q21b    Nonem      None
  physics/q_d9dc1d044843.pdf  Q21c    Nonem      None
  physics/q_bfa466bab54f.pdf  Q22a    Nonem      None
  physics/q_ddee8bc3cdab.pdf  Q22b    Nonem      None
  physics/q_35c7f2b752da.pdf  Q22c    Nonem      None
  physics/q_6d2e1697058c.pdf  Q22d    Nonem      None
  physics/q_402fecc01fa4.pdf  Q22i    Nonem      None
  physics/q_3b6735e0a2a1.pdf  Q1      Nonem      None
  physics/q_4aa1284c161e.pdf  Q2      Nonem      None
  physics/q_905bbb83a8bb.pdf  Q3      Nonem      None
  physics/q_8ba7818124a1.pdf  Q4      Nonem      None
  physics/q_924dea47a318.pdf  Q5      Nonem      None
  physics/q_f14f86b9695e.pdf  Q6      Nonem      None
  physics/q_709ca114dd9b.pdf  Q7      Nonem      None
  physics/q_7937f03b261c.pdf  Q8      Nonem      None
  physics/q_2a29539611ea.pdf  Q9      Nonem      None
  physics/q_c84f6d1a5559.pdf  Q10     Nonem      None
  physics/q_32c00addb413.pdf  Q11     Nonem      None
  physics/q_d29287a0797f.pdf  Q12     Nonem      None
  physics/q_3a3101315fd2.pdf  Q13a    Nonem      None
  physics/q_b95d00534d31.pdf  Q13b    Nonem      None
  physics/q_a4c736c07778.pdf  Q14a    Nonem      None
  physics/q_1955684f10ef.pdf  Q14b    Nonem      None
  physics/q_4c86a114ab9c.pdf  Q15a    Nonem      None
  physics/q_e4ad9c816553.pdf  Q15b    Nonem      None
  physics/q_2e3c5af2daf7.pdf  Q16a    Nonem      None
  physics/q_8a471ddd1a61.pdf  Q16b    Nonem      None
  physics/q_91c607e6e75f.pdf  Q17a    Nonem      None
  physics/q_63aa46b96e32.pdf  Q17b    Nonem      None
  physics/q_61ad22900ab2.pdf  Q17c    Nonem      None
  physics/q_5e0fbb5a5e27.pdf  Q17d    Nonem      None
  physics/q_0bc25b33e0ef.pdf  Q17e    Nonem      None
  physics/q_b5809d9ca711.pdf  Q18     4m      None
  physics/q_bf6a0daef9ce.pdf  Q19a    Nonem      None
  physics/q_6ecd1a4fad49.pdf  Q19b    Nonem      None
  physics/q_75f1f06adbc8.pdf  Q19c    Nonem      None
  physics/q_cddb29e9bb12.pdf  Q21a    Nonem      None
  physics/q_5abb7573e5fd.pdf  Q21b    Nonem      None
  physics/q_03c1556b842f.pdf  Q21c    Nonem      None
  physics/q_db531d2cdaa9.pdf  Q22a    Nonem      None
  physics/q_2da2e9925a57.pdf  Q22b    Nonem      None
  physics/q_282d3f5b392b.pdf  Q22c    Nonem      None
  physics/q_806f94f3dd4b.pdf  Q22d    Nonem      None
  physics/q_1deaca082fea.pdf  Q22i    Nonem      None
  physics-y11-yearly-pymble-2024-w-sol: 37 questions, 45 parts, 5 soln pages [ocr, 0 tokens]
physics-y11-yearly-pymble-2024-w-sol: baked 45 parts (0 with answers) -> papers/_work/physics-y11-yearly-pymble-2024-w-sol/baked
  subject folder: physics/   (7456 KB questions)
  physics/q_f989aba0fbf3.pdf  Q1      1m      None
  physics/q_d4481ac36aee.pdf  Q2      1m      None
  physics/q_11ef345822f6.pdf  Q2      Nonem      None
  physics/q_cb65e971791e.pdf  Q3      Nonem      None
  physics/q_7597a63def3e.pdf  Q4      Nonem      None
  physics/q_f3eeb1b08098.pdf  Q5      Nonem      None
  physics/q_f0aea36af853.pdf  Q6      Nonem      None
  physics/q_44a9c0c2eca4.pdf  Q7      Nonem      None
  physics/q_28427f54bbc0.pdf  Q8      Nonem      None
  physics/q_65eb7d553bce.pdf  Q9      Nonem      None
  physics/q_cf81c5e34b25.pdf  Q10     Nonem      None
  physics/q_d5c2ffad2296.pdf  Q11     Nonem      None
  physics/q_e7e829da1986.pdf  Q12     Nonem      None
  physics/q_8e02c92a5056.pdf  Q13     Nonem      None
  physics/q_3e4e928be899.pdf  Q14     Nonem      None
  physics/q_01a4707a5347.pdf  Q15     Nonem      None
  physics/q_1c3c445a9435.pdf  Q17     3m      None
  physics/q_96526b8088d1.pdf  Q18     4m      None
  physics/q_bb26b7b750fd.pdf  Q19     4m      None
  physics/q_70e80755eb7b.pdf  Q20a    Nonem      None
  physics/q_1a21639b5016.pdf  Q20b    Nonem      None
  physics/q_d41d189bfdbe.pdf  Q21     4m      None
  physics/q_6a4d3e288153.pdf  Q22a    Nonem      None
  physics/q_d90463ec5c33.pdf  Q22b    Nonem      None
  physics/q_bce0613f9d5c.pdf  Q23a    Nonem      None
  physics/q_23fe05271d93.pdf  Q23b    Nonem      None
  physics/q_c133d37fd394.pdf  Q23c    Nonem      None
  physics/q_d9fb867022bd.pdf  Q23d    Nonem      None
  physics/q_7e4f2c58c5a4.pdf  Q24     3m      None
  physics/q_f24236899820.pdf  Q25a    Nonem      None
  physics/q_058a33db0043.pdf  Q25b    Nonem      None
  physics/q_4430e4a5b416.pdf  Q25i    Nonem      None
  physics/q_e9978fe8c5e5.pdf  Q26     2m      None
  physics/q_d51cf1d22605.pdf  Q27a    Nonem      None
  physics/q_38abf279665b.pdf  Q27b    Nonem      None
  physics/q_529a9ec929b7.pdf  Q29     5m      None
  physics/q_c02180ad18c1.pdf  Q30     2m      None
  physics/q_501517f00838.pdf  Q17     3m      None
  physics/q_5be330bbbe7a.pdf  Q18     4m      None
  physics/q_f3e7f02421ad.pdf  Q19     4m      None
  physics/q_7496474ff36a.pdf  Q21     4m      None
  physics/q_ea4a8b49b231.pdf  Q24     3m      None
  physics/q_1859f014c1b2.pdf  Q26     2m      None
  physics/q_cbddd869f000.pdf  Q29     5m      None
  physics/q_cb6bcb62cc1b.pdf  Q30     2m      None
  physics-y11-yearly-riverview-2024: 30 questions, 30 parts, 3 soln pages [ocr, 0 tokens]
physics-y11-yearly-riverview-2024: baked 30 parts (0 with answers) -> papers/_work/physics-y11-yearly-riverview-2024/baked
  subject folder: physics/   (3742 KB questions)
  physics/q_1d2d8f3a8b26.pdf  Q1      Nonem      None
  physics/q_cd02aea316fe.pdf  Q2      Nonem      None
  physics/q_7c047f7622c8.pdf  Q3      Nonem      None
  physics/q_cd73e647e830.pdf  Q4      Nonem      None
  physics/q_3c920c49157e.pdf  Q5      Nonem      None
  physics/q_98871ba3129b.pdf  Q6      Nonem      None
  physics/q_8915ca3e37f9.pdf  Q7      Nonem      None
  physics/q_29632e171e37.pdf  Q8      Nonem      None
  physics/q_d04538de90ac.pdf  Q9      Nonem      None
  physics/q_cb6756c6cc8d.pdf  Q10     Nonem      None
  physics/q_555f818623d8.pdf  Q11     Nonem      None
  physics/q_b0d321afd6f6.pdf  Q12     Nonem      None
  physics/q_f84f6553ba89.pdf  Q15     Nonem      None
  physics/q_ff509574feb3.pdf  Q16     2m      None
  physics/q_dfff4d459de2.pdf  Q17     5m      None
  physics/q_9feb107522c0.pdf  Q17     Nonem      None
  physics/q_a66963496045.pdf  Q17     Nonem      None
  physics/q_a9908e29bb7f.pdf  Q18     6m      None
  physics/q_c9325509b0a8.pdf  Q19     9m      None
  physics/q_8475d9d18f0d.pdf  Q19     Nonem      None
  physics/q_20d21d649f4c.pdf  Q20     3m      None
  physics/q_109e09f2da71.pdf  Q21     4m      None
  physics/q_0a22ffc068e9.pdf  Q22     2m      None
  physics/q_7ab3d894348a.pdf  Q23     4m      None
  physics/q_28d0712ccfc5.pdf  Q24     7m      None
  physics/q_43187d6c5e81.pdf  Q25     4m      None
  physics/q_db5bb3b9442e.pdf  Q26     2m      None
  physics/q_16d30e91a4ca.pdf  Q27     7m      None
  physics/q_98d37bc7ef54.pdf  Q27     Nonem      None
  physics/q_0bba70e964b6.pdf  Q27     Nonem      None
  physics-y11-yearly-sydney-boys-2018-w-sol: 24 questions, 44 parts, 0 soln pages [ocr, 0 tokens]
physics-y11-yearly-sydney-boys-2018-w-sol: baked 44 parts (0 with answers) -> papers/_work/physics-y11-yearly-sydney-boys-2018-w-sol/baked
  subject folder: physics/   (4249 KB questions)
  physics/q_a99adb050f18.pdf  Q21     3m      None
  physics/q_12f5afa83ff9.pdf  Q22     3m      None
  physics/q_0228ac6e33b9.pdf  Q23a    Nonem      None
  physics/q_836144f9b880.pdf  Q23b    Nonem      None
  physics/q_d658b5f8e697.pdf  Q24a    Nonem      None
  physics/q_c4410662fe10.pdf  Q24b    Nonem      None
  physics/q_71586ac91ff5.pdf  Q25a    Nonem      None
  physics/q_0e2b6659f702.pdf  Q25b    Nonem      None
  physics/q_e5a7ae2e09bc.pdf  Q26a    Nonem      None
  physics/q_16d421d394b7.pdf  Q26b    Nonem      None
  physics/q_1f89a29f8b62.pdf  Q26c    Nonem      None
  physics/q_dd218d682d10.pdf  Q27a    Nonem      None
  physics/q_88831be7368c.pdf  Q27b    Nonem      None
  physics/q_81a1a8c0817a.pdf  Q28     3m      None
  physics/q_705f9a29131b.pdf  Q29     5m      None
  physics/q_1f3c22896139.pdf  Q30a    Nonem      None
  physics/q_4baf3e271505.pdf  Q30b    Nonem      None
  physics/q_8a10e05dbc55.pdf  Q31a    Nonem      None
  physics/q_09b473ef11c5.pdf  Q31b    Nonem      None
  physics/q_68f6b4846af1.pdf  Q31b    Nonem      None
  physics/q_ba21bcdd4715.pdf  Q32a    Nonem      None
  physics/q_6fe859667549.pdf  Q32b    Nonem      None
  physics/q_9e9d2bc91613.pdf  Q21     3m      None
  physics/q_064a04160613.pdf  Q22     3m      None
  physics/q_541c11bd42c8.pdf  Q23a    Nonem      None
  physics/q_edf53b83dce4.pdf  Q23b    Nonem      None
  physics/q_ef09a15a2d05.pdf  Q24a    Nonem      None
  physics/q_984178f44373.pdf  Q24b    Nonem      None
  physics/q_7b73895f8d44.pdf  Q25a    Nonem      None
  physics/q_93e5e74a0dfe.pdf  Q25b    Nonem      None
  physics/q_0f5d630cfaa1.pdf  Q26a    Nonem      None
  physics/q_b9231338f22f.pdf  Q26b    Nonem      None
  physics/q_c54b276bcce7.pdf  Q26c    Nonem      None
  physics/q_d4f9624af854.pdf  Q27a    Nonem      None
  physics/q_232439b5e3bd.pdf  Q27b    Nonem      None
  physics/q_34555c2b3f92.pdf  Q28     3m      None
  physics/q_932dd8d10275.pdf  Q29     5m      None
  physics/q_0ac15e0bf3f9.pdf  Q30a    Nonem      None
  physics/q_7f1a0664fd26.pdf  Q30b    Nonem      None
  physics/q_2ae85a075644.pdf  Q31a    Nonem      None
  physics/q_1c23139b9bbf.pdf  Q31p    Nonem      None
  physics/q_1a656d411d56.pdf  Q31b    Nonem      None
  physics/q_49e13bdcafc1.pdf  Q32a    Nonem      None
  physics/q_bb2073d53c98.pdf  Q32b    Nonem      None
  physics-y11-yearly-sydney-boys-2019-w-sol: 20 questions, 34 parts, 6 soln pages [ocr, 0 tokens]
physics-y11-yearly-sydney-boys-2019-w-sol: baked 34 parts (0 with answers) -> papers/_work/physics-y11-yearly-sydney-boys-2019-w-sol/baked
  subject folder: physics/   (4649 KB questions)
  physics/q_59568e238c03.pdf  QNonea  Nonem      None
  physics/q_1f12c2a6bc3a.pdf  Q5      1m      None
  physics/q_8089a00d90d8.pdf  Q6      1m      None
  physics/q_477b825ae8c9.pdf  Q7      1m      None
  physics/q_47eb9081aaa3.pdf  Q11     1m      None
  physics/q_d4060acfa07a.pdf  Q14     1m      None
  physics/q_79c48dfdf796.pdf  Q14a    Nonem      None
  physics/q_dc20a384dbcc.pdf  Q18     1m      None
  physics/q_976dd349ba79.pdf  Q19     1m      None
  physics/q_b252090303b6.pdf  Q20     1m      None
  physics/q_023e4dfad656.pdf  Q22a    Nonem      None
  physics/q_c977fdf3542d.pdf  Q22b    Nonem      None
  physics/q_99429eaeddb7.pdf  Q22c    Nonem      None
  physics/q_7bf0b67e2579.pdf  Q22d    Nonem      None
  physics/q_fd17b4cbe29a.pdf  Q23a    Nonem      None
  physics/q_da1ba09a1941.pdf  Q23b    Nonem      None
  physics/q_1d3264c03603.pdf  Q24a    Nonem      None
  physics/q_a06cadb13b95.pdf  Q24b    Nonem      None
  physics/q_1c7063e5d73e.pdf  Q25a    Nonem      None
  physics/q_dc70d7661d02.pdf  Q25b    Nonem      None
  physics/q_2f50628686fd.pdf  Q25c    Nonem      None
  physics/q_5e04b949e1d8.pdf  Q26a    Nonem      None
  physics/q_3f248a56ee67.pdf  Q26b    Nonem      None
  physics/q_a81e88273c7f.pdf  Q27     3m      None
  physics/q_e819689c7328.pdf  Q28a    Nonem      None
  physics/q_306b298c6c0f.pdf  Q28b    Nonem      None
  physics/q_90ab43f24e18.pdf  Q29a    Nonem      None
  physics/q_99d2f0ea22b2.pdf  Q29b    Nonem      None
  physics/q_1274e0735e15.pdf  Q30     2m      None
  physics/q_c17fea3531b2.pdf  Q31a    Nonem      None
  physics/q_6ff12e40f296.pdf  Q31b    Nonem      None
  physics/q_5b74bd492a61.pdf  Q32a    Nonem      None
  physics/q_4f4d8db450e2.pdf  Q32b    Nonem      None
  physics/q_9eec8411ccd3.pdf  Q32c    Nonem      None
  physics-y12-trial-girraween-2011-w-sol: 30 questions, 36 parts, 2 soln pages [ocr, 0 tokens]
physics-y12-trial-girraween-2011-w-sol: baked 36 parts (0 with answers) -> papers/_work/physics-y12-trial-girraween-2011-w-sol/baked
  subject folder: physics/   (2707 KB questions)
  physics/q_de197f092f3b.pdf  Q21     2m      None
  physics/q_331457f518ba.pdf  Q22     2m      None
  physics/q_09d4bfdf41f6.pdf  Q23     2m      None
  physics/q_e520b74aa2d4.pdf  Q24     6m      None
  physics/q_cef125976d51.pdf  Q25a    Nonem      None
  physics/q_c668f42d4374.pdf  Q25b    Nonem      None
  physics/q_845aff9901a8.pdf  Q26a    Nonem      None
  physics/q_74aa6e9ad5f4.pdf  Q26b    Nonem      None
  physics/q_10d00d518f03.pdf  Q27a    Nonem      None
  physics/q_019ac5964d12.pdf  Q27b    Nonem      None
  physics/q_891ebadc46fa.pdf  Q28a    Nonem      None
  physics/q_3080c8b9878d.pdf  Q28b    Nonem      None
  physics/q_0d8fd6754d13.pdf  Q29     5m      None
  physics/q_0b0da2b196f1.pdf  Q30     3m      None
  physics/q_34c60f40272c.pdf  Q31     2m      None
  physics/q_6e767d3ffa34.pdf  Q32     6m      None
  physics/q_3a0aa6916b39.pdf  Q33a    Nonem      None
  physics/q_95bfd25a48df.pdf  Q33b    Nonem      None
  physics/q_1e8d98ff8c85.pdf  Q34d    Nonem      None
  physics/q_6308d20f3149.pdf  Q34f    Nonem      None
  physics/q_ffec5e8a89a0.pdf  Q21     Nonem      None
  physics/q_0d6bbd6029a3.pdf  Q22     Nonem      None
  physics/q_8d6f743eadb0.pdf  Q23     Nonem      None
  physics/q_2e4dd38926e7.pdf  Q24     Nonem      None
  physics/q_96ad7a91e18b.pdf  Q25     Nonem      None
  physics/q_588b9959d892.pdf  Q25     Nonem      None
  physics/q_0e4210548ac6.pdf  Q26     Nonem      None
  physics/q_81958f4ca0ac.pdf  Q27     Nonem      None
  physics/q_904b45d66d21.pdf  Q275    Nonem      None
  physics/q_5e759b08d506.pdf  Q28     Nonem      None
  physics/q_2f23e599ccfc.pdf  Q29     Nonem      None
  physics/q_ec1b5a9e57ac.pdf  Q30     Nonem      None
  physics/q_5fa0436e0454.pdf  Q31     Nonem      None
  physics/q_19b0fc1dcf1d.pdf  Q32     Nonem      None
  physics/q_b950f7d18021.pdf  Q33     Nonem      None
  physics/q_91c153924ff5.pdf  Q34     Nonem      None
  physics-y12-trial-girraween-2012-w-sol: 49 questions, 49 parts, 5 soln pages [ocr, 0 tokens]
physics-y12-trial-girraween-2012-w-sol: baked 49 parts (0 with answers) -> papers/_work/physics-y12-trial-girraween-2012-w-sol/baked
  subject folder: physics/   (3877 KB questions)
  physics/q_e6295c30e972.pdf  Q1      1m      None
  physics/q_88e59b9404d0.pdf  Q2      1m      None
  physics/q_c918d79c8f4b.pdf  Q3      1m      None
  physics/q_37f44a5750be.pdf  Q5      1m      None
  physics/q_1f5792bd5188.pdf  Q6      1m      None
  physics/q_9ee043b88460.pdf  Q14     1m      None
  physics/q_0680740846e7.pdf  Q15     1m      None
  physics/q_2b16753da684.pdf  Q16     1m      None
  physics/q_efb1f59141be.pdf  Q17     1m      None
  physics/q_0a5c0a84df29.pdf  Q18     1m      None
  physics/q_f81523b21dea.pdf  Q19     1m      None
  physics/q_5c8823623be6.pdf  Q20     1m      None
  physics/q_04076ba1b41a.pdf  Q21     5m      None
  physics/q_a8198db8b1a8.pdf  Q22     2m      None
  physics/q_97f21c3df086.pdf  Q23     2m      None
  physics/q_a3a5a4f313c8.pdf  Q24     3m      None
  physics/q_9404dce96fd1.pdf  Q25     4m      None
  physics/q_58fd451668f3.pdf  Q26     3m      None
  physics/q_04b7b62620cc.pdf  Q29     2m      None
  physics/q_dd79c49c2b08.pdf  Q30     4m      None
  physics/q_661d092b0333.pdf  Q31     5m      None
  physics/q_b9b013afa906.pdf  Q32     1m      None
  physics/q_1aa904b15523.pdf  Q33     2m      None
  physics/q_6efaec20ac84.pdf  Q34     6m      None
  physics/q_5d876ef57249.pdf  Q35     6m      None
  physics/q_8c32512e66f7.pdf  Q36     6m      None
  physics/q_ca00a4ccbbba.pdf  Q37     25m      None
  physics/q_9417ca65de49.pdf  Q21     Nonem      None
  physics/q_891e54227148.pdf  Q22     Nonem      None
  physics/q_7865af48d47b.pdf  Q23     Nonem      None
  physics/q_2f022d1401c9.pdf  Q24     Nonem      None
  physics/q_3cb22098b300.pdf  Q25     Nonem      None
  physics/q_cb05d1b06e8b.pdf  Q26     Nonem      None
  physics/q_508883a8b0dd.pdf  Q27     Nonem      None
  physics/q_4ce1cf3a6c70.pdf  Q28     Nonem      None
  physics/q_04c42c3dc626.pdf  Q29     Nonem      None
  physics/q_005be1da5325.pdf  Q30     Nonem      None
  physics/q_4fef04a1a32b.pdf  Q31     Nonem      None
  physics/q_4cea99e22d66.pdf  Q32     Nonem      None
  physics/q_c65359ae957d.pdf  Q33     Nonem      None
  physics/q_1b167c122dcf.pdf  Q34     Nonem      None
  physics/q_4110bdd991b8.pdf  Q35     Nonem      None
  physics/q_59ded1b69bd0.pdf  Q37     Nonem      None
  physics/q_f1c48c43cbee.pdf  Q37     Nonem      None
  physics/q_b97a8023a0d1.pdf  Q37     Nonem      None
  physics/q_3fac69e10dd7.pdf  Q37     Nonem      None
  physics/q_c816824c4039.pdf  Q37     Nonem      None
  physics/q_962d626829fb.pdf  Q37     Nonem      None
  physics/q_613c9a5e7367.pdf  Q37     Nonem      None
  physics-y12-trial-girraween-2013-w-sol: 26 questions, 35 parts, 4 soln pages [ocr, 0 tokens]
physics-y12-trial-girraween-2013-w-sol: baked 35 parts (0 with answers) -> papers/_work/physics-y12-trial-girraween-2013-w-sol/baked
  subject folder: physics/   (7285 KB questions)
  physics/q_23e677a22dc2.pdf  Q12     1m      None
  physics/q_73b17a443b40.pdf  Q21a    Nonem      None
  physics/q_7c959e0b8d46.pdf  Q21b    Nonem      None
  physics/q_03d05e898388.pdf  Q22a    Nonem      None
  physics/q_65194d37c126.pdf  Q22b    Nonem      None
  physics/q_0fefcaeb02ac.pdf  Q22c    Nonem      None
  physics/q_e57043fff248.pdf  Q23     4m      None
  physics/q_edcd8b28129f.pdf  Q24     2m      None
  physics/q_7bf8566fce14.pdf  Q25     4m      None
  physics/q_209b45ef07b7.pdf  Q26     3m      None
  physics/q_4e2df3d39f6f.pdf  Q27a    Nonem      None
  physics/q_d2a4591a39b1.pdf  Q27b    Nonem      None
  physics/q_b0a48bfe7c03.pdf  Q27c    Nonem      None
  physics/q_b250b7c6aedf.pdf  Q28a    Nonem      None
  physics/q_2a547b118028.pdf  Q28b    Nonem      None
  physics/q_3a69caf2caf7.pdf  Q28c    Nonem      None
  physics/q_0a0e4e1c2b2a.pdf  Q29a    Nonem      None
  physics/q_8667b8347004.pdf  Q29b    Nonem      None
  physics/q_d1bbf4ae809d.pdf  Q30a    Nonem      None
  physics/q_375e139a0e23.pdf  Q30b    Nonem      None
  physics/q_fbe1108a7f0f.pdf  Q31     8m      None
  physics/q_7c252ca821f4.pdf  Q34     3m      None
  physics/q_a4df09a050e4.pdf  Q35a    Nonem      None
  physics/q_29900a015eed.pdf  Q22     Nonem      None
  physics/q_879b41f6ac40.pdf  Q23     Nonem      None
  physics/q_f9276c146fc7.pdf  Q24     Nonem      None
  physics/q_9217999284b6.pdf  Q27     Nonem      None
  physics/q_231e09856bb9.pdf  Q28     Nonem      None
  physics/q_281b23a8c215.pdf  Q29     Nonem      None
  physics/q_ce48d46a185c.pdf  Q30     Nonem      None
  physics/q_19b5f2c1e35c.pdf  Q31     Nonem      None
  physics/q_1112f553202e.pdf  Q32     Nonem      None
  physics/q_9319c67c1a2c.pdf  Q33     Nonem      None
  physics/q_31988db7f373.pdf  Q34     Nonem      None
  physics/q_656bcb0d2a63.pdf  Q36     Nonem      None
  physics-y12-trial-girraween-2014-w-sol: 48 questions, 53 parts, 6 soln pages [ocr, 0 tokens]
physics-y12-trial-girraween-2014-w-sol: baked 53 parts (0 with answers) -> papers/_work/physics-y12-trial-girraween-2014-w-sol/baked
  subject folder: physics/   (6364 KB questions)
  physics/q_5fb14a731570.pdf  Q1      1m      None
  physics/q_8744d5893ac4.pdf  Q2      1m      None
  physics/q_76e17c70eb90.pdf  Q3      1m      None
  physics/q_5dd8a56d5547.pdf  Q5      1m      None
  physics/q_3f6ef65ac572.pdf  Q6      1m      None
  physics/q_0bf11044af1d.pdf  Q8      1m      None
  physics/q_f305606b8579.pdf  Q10     1m      None
  physics/q_62c392ae7ed1.pdf  Q11     1m      None
  physics/q_2f46fb17790a.pdf  Q12     1m      None
  physics/q_4c49adeb9690.pdf  Q13     1m      None
  physics/q_a84ebcf2f5e9.pdf  Q14     1m      None
  physics/q_0a3df32c51ab.pdf  Q15     1m      None
  physics/q_57806291fa04.pdf  Q16     1m      None
  physics/q_27f5567fc3e3.pdf  Q17     1m      None
  physics/q_c9ad74588864.pdf  Q21a    2m      None
  physics/q_a63bc826b979.pdf  Q22a    1m      None
  physics/q_2846b3338383.pdf  Q23     3m      None
  physics/q_38bde7f5ebd7.pdf  Q24b    1m      None
  physics/q_1d64710343ce.pdf  Q24c    Nonem      None
  physics/q_52a23e0b76f7.pdf  Q25     2m      None
  physics/q_8229f12dba31.pdf  Q26b    Nonem      None
  physics/q_6d4c17ad684d.pdf  Q26     Nonem      None
  physics/q_822e026025dd.pdf  Q27     2m      None
  physics/q_4f6f727d78bb.pdf  Q28     3m      None
  physics/q_dc820328b5d8.pdf  Q29a    2m      None
  physics/q_be47a9a8c5c9.pdf  Q29b    1m      None
  physics/q_4fdf46873bb0.pdf  Q30     3m      None
  physics/q_bba973c05ca8.pdf  Q31     2m      None
  physics/q_c43acf7a3f05.pdf  Q32a    1m      None
  physics/q_f1bd3135425f.pdf  Q33     3m      None
  physics/q_9b41665f7866.pdf  Q34     3m      None
  physics/q_f18d3ad613d6.pdf  Q35     3m      None
  physics/q_3dcd3f3b9d34.pdf  Q36     3m      None
  physics/q_3c6bdc816ae9.pdf  Q37a    Nonem      None
  physics/q_e15cd94bfc82.pdf  Q37i    Nonem      None
  physics/q_ac4800eb196f.pdf  Q37b    Nonem      None
  physics/q_37c74c672fcd.pdf  Q37c    Nonem      None
  physics/q_293447025ecf.pdf  Q21a    Nonem      None
  physics/q_7c34b7e9a4d4.pdf  Q21b    Nonem      None
  physics/q_3fb59d77dd83.pdf  Q23     Nonem      None
  physics/q_3f1d81ee556f.pdf  Q25     Nonem      None
  physics/q_454a5f76a677.pdf  Q27     Nonem      None
  physics/q_f8c061417c0d.pdf  Q28     Nonem      None
  physics/q_a0be7f21a741.pdf  Q29     Nonem      None
  physics/q_0366a8b3ec4f.pdf  Q30     Nonem      None
  physics/q_d701f874d8ca.pdf  Q32a    Nonem      None
  physics/q_e550f1a45cde.pdf  Q33     Nonem      None
  physics/q_6e8d9e942199.pdf  Q34     Nonem      None
  physics/q_a35de2343446.pdf  Q35     Nonem      None
  physics/q_1c6302821129.pdf  Q36     Nonem      None
  physics/q_2ae0c68b0bfb.pdf  Q37     Nonem      None
  physics/q_885cd243d8d2.pdf  Q37     Nonem      None
  physics/q_aa2864ab1b1b.pdf  Q37     Nonem      None
PROGRESS: 69/70 baked
  physics-y12-trial-girraween-2015-w-sol: 55 questions, 90 parts, 8 soln pages [ocr, 0 tokens]
physics-y12-trial-girraween-2015-w-sol: baked 90 parts (0 with answers) -> papers/_work/physics-y12-trial-girraween-2015-w-sol/baked
  subject folder: physics/   (8617 KB questions)
  physics/q_4dcd04c05f79.pdf  Q7      1m      None
  physics/q_caab6f49d209.pdf  Q8      1m      None
  physics/q_46d0f82906da.pdf  Q9      1m      None
  physics/q_0f4bfb5a03f0.pdf  Q10     1m      None
  physics/q_ffd70bea27f6.pdf  Q11     1m      None
  physics/q_71a3ac777d6d.pdf  Q12     1m      None
  physics/q_da1d739fe391.pdf  Q13     1m      None
  physics/q_1bd397d0bc7a.pdf  Q14     1m      None
  physics/q_0ede2fb235b5.pdf  Q15     1m      None
  physics/q_52d004173341.pdf  Q16     1m      None
  physics/q_a68809f88e79.pdf  Q17     1m      None
  physics/q_77be2cd7e5b5.pdf  Q18     1m      None
  physics/q_1df93e822d97.pdf  Q19     1m      None
  physics/q_83cc0bbb67ed.pdf  Q20     1m      None
  physics/q_8e230970fdfb.pdf  Q21a    2m      None
  physics/q_7f7928f45859.pdf  Q21b    1m      None
  physics/q_0af9f69dfd19.pdf  Q21c    2m      None
  physics/q_98261712ce6d.pdf  Q21d    Nonem      None
  physics/q_7e6eb98a5fac.pdf  Q22     4m      None
  physics/q_9e1e882d6cf7.pdf  Q23     2m      None
  physics/q_23d2843c8408.pdf  Q24     2m      None
  physics/q_97b9ba92c315.pdf  Q25     3m      None
  physics/q_1e1435612a7e.pdf  Q26     4m      None
  physics/q_892058d43c46.pdf  Q27a    Nonem      None
  physics/q_88014e925b92.pdf  Q27b    2m      None
  physics/q_2bedae104ccd.pdf  Q28     2m      None
  physics/q_5b6737699952.pdf  Q29a    2m      None
  physics/q_ca2e473943fa.pdf  Q29b    Nonem      None
  physics/q_e780227ab347.pdf  Q30     2m      None
  physics/q_0945b624d664.pdf  Q31a    1m      None
  physics/q_010e29bb2f66.pdf  Q31b    Nonem      None
  physics/q_0a41d74279de.pdf  Q32a    2m      None
  physics/q_20fd24077f44.pdf  Q32b    Nonem      None
  physics/q_19357a75fc14.pdf  Q33a    1m      None
  physics/q_0f6fcf8f4598.pdf  Q33b    Nonem      None
  physics/q_f78791c3fc25.pdf  Q33c    Nonem      None
  physics/q_bb661d495201.pdf  Q34a    Nonem      None
  physics/q_ea85ae7d530c.pdf  Q34b    2m      None
  physics/q_7af6115d8653.pdf  Q35a    Nonem      None
  physics/q_a3aa08a914e9.pdf  Q35i    Nonem      None
  physics/q_e00a85464253.pdf  Q35c    Nonem      None
  physics/q_63cda8ec7c05.pdf  Q35i    Nonem      None
  physics/q_9371ed3c6c04.pdf  Q35d    Nonem      None
  physics/q_8147de5df294.pdf  Q35i    Nonem      None
  physics/q_88f3ee694d73.pdf  Q35e    Nonem      None
  physics/q_8172d59f5eca.pdf  Q21a    Nonem      None
  physics/q_8c31b2635ee8.pdf  Q21b    1m      None
  physics/q_98b099683d3a.pdf  Q21c    2m      None
  physics/q_7986b3ac4e96.pdf  Q21d    Nonem      None
  physics/q_fede27e395e2.pdf  Q22     4m      None
  physics/q_6cbaa4bcbfc9.pdf  Q23     2m      None
  physics/q_b894ef993454.pdf  Q24     2m      None
  physics/q_b0dfb99d8556.pdf  Q25     3m      None
  physics/q_534773f7bce7.pdf  Q26     4m      None
  physics/q_9317a6bd8476.pdf  Q27a    Nonem      None
  physics/q_9d8bb6761343.pdf  Q27b    2m      None
  physics/q_e22d4f5c2cd9.pdf  Q28     2m      None
  physics/q_60c93d3fc39f.pdf  Q29a    2m      None
  physics/q_f73db7b8f29c.pdf  Q29b    Nonem      None
  physics/q_7e18ea01939b.pdf  Q30     2m      None
  physics/q_139c7da8556e.pdf  Q31a    1m      None
  physics/q_defb55526908.pdf  Q31b    Nonem      None
  physics/q_bee681f967b2.pdf  Q32a    2m      None
  physics/q_3363a918ab28.pdf  Q32b    Nonem      None
  physics/q_3a112387e818.pdf  Q33a    1m      None
  physics/q_04b38de22c70.pdf  Q33b    Nonem      None
  physics/q_71e8fdb2b759.pdf  Q33c    Nonem      None
  physics/q_7d5dcb017c71.pdf  Q34a    Nonem      None
  physics/q_9f6f09f2c016.pdf  Q34b    2m      None
  physics/q_5a4a1487e23f.pdf  Q35a    Nonem      None
  physics/q_37108745d0dc.pdf  Q35i    Nonem      None
  physics/q_db9d025561cc.pdf  Q35c    Nonem      None
  physics/q_9a8b372a704e.pdf  Q35i    Nonem      None
  physics/q_71c9c150d935.pdf  Q35d    Nonem      None
  physics/q_506f2eb4b9d6.pdf  Q35i    Nonem      None
  physics/q_e37f662959a0.pdf  Q35e    Nonem      None
  physics/q_7bfc11e565bc.pdf  Q22     Nonem      None
  physics/q_b61287c6133d.pdf  Q23     Nonem      None
  physics/q_447620dc1dae.pdf  Q24a    Nonem      None
  physics/q_be52b0097bf1.pdf  Q24b    Nonem      None
  physics/q_b33513e5a3f9.pdf  Q28a    Nonem      None
  physics/q_7452660cd37a.pdf  Q28b    2m      None
  physics/q_d49605f52810.pdf  Q29b    2m      None
  physics/q_6a776f8f38aa.pdf  Q30b    Nonem      None
  physics/q_f52038942afe.pdf  Q31c    Nonem      None
  physics/q_d778210ff18c.pdf  Q32a    Nonem      None
  physics/q_2420bbddff65.pdf  Q32b    2m      None
  physics/q_823e84beedce.pdf  Q33a    3m      None
  physics/q_d07d1f815dca.pdf  Q33b    2m      None
  physics/q_fbbb86a6870c.pdf  Q33a    Nonem      None
  physics-y12-trial-girraween-2016-w-sol: 56 questions, 66 parts, 3 soln pages [ocr, 0 tokens]
physics-y12-trial-girraween-2016-w-sol: baked 66 parts (0 with answers) -> papers/_work/physics-y12-trial-girraween-2016-w-sol/baked
  subject folder: physics/   (6576 KB questions)
  physics/q_35f3130084d6.pdf  Q17     1m      None
  physics/q_064b9a17cbcb.pdf  Q1      1m      None
  physics/q_ccb19b4a12b3.pdf  Q2      1m      None
  physics/q_ce516c441015.pdf  Q5      1m      None
  physics/q_1e118b3ffbf7.pdf  Q6      1m      None
  physics/q_08dc520f50bd.pdf  Q7      1m      None
  physics/q_586859b082f5.pdf  Q8      1m      None
  physics/q_21b16cdf379b.pdf  Q9      1m      None
  physics/q_09f0c807e1e6.pdf  Q10     1m      None
  physics/q_b815e90510d8.pdf  Q12     1m      None
  physics/q_7215e0304baa.pdf  Q13     1m      None
  physics/q_b11ee35ac28f.pdf  Q14     1m      None
  physics/q_9ff029536f73.pdf  Q16     1m      None
  physics/q_0deb006518aa.pdf  Q17     1m      None
  physics/q_b87e23640a34.pdf  Q18     1m      None
  physics/q_01723357670e.pdf  Q19     1m      None
  physics/q_1a7bab5ac960.pdf  Q20     1m      None
  physics/q_70d471cdfa06.pdf  Q22a    2m      None
  physics/q_88df0acc5a41.pdf  Q22b    2m      None
  physics/q_cebbb3a8a9ef.pdf  Q22c    1m      None
  physics/q_69caf4021a52.pdf  Q23     2m      None
  physics/q_c619ca1d5b29.pdf  Q24     3m      None
  physics/q_528b0da727e7.pdf  Q25     3m      None
  physics/q_8499d24e7951.pdf  Q26     2m      None
  physics/q_8a955859891c.pdf  Q27a    1m      None
  physics/q_ca01f9cbe58c.pdf  Q27c    1m      None
  physics/q_1f212bdc02e9.pdf  Q27d    Nonem      None
  physics/q_0f332e39484e.pdf  Q28     1m      None
  physics/q_47625bb755b8.pdf  Q29     4m      None
  physics/q_c919bdfc78d4.pdf  Q30     5m      None
  physics/q_e11885aa3571.pdf  Q31a    Nonem      None
  physics/q_b1484b87be59.pdf  Q31b    3m      None
  physics/q_e01ea5e2deac.pdf  Q32a    Nonem      None
  physics/q_1ce2868deb72.pdf  Q32i    Nonem      None
  physics/q_0d0dc8e5af11.pdf  Q32b    Nonem      None
  physics/q_d3ca53ad40a0.pdf  Q33     5m      None
  physics/q_732a06b92521.pdf  Q34a    Nonem      None
  physics/q_0d0e38be5632.pdf  Q34b    2m      None
  physics/q_12fc522217ef.pdf  Q35     1m      None
  physics/q_8dede69c02f5.pdf  Q36a    Nonem      None
  physics/q_fbc2eebda4dd.pdf  Q36b    1m      None
  physics/q_8fb8c23949d6.pdf  Q36c    Nonem      None
  physics/q_47b2585dcb11.pdf  Q36c    Nonem      None
  physics/q_1c8de98ded98.pdf  Q37a    1m      None
  physics/q_aa9ddab4d79c.pdf  Q37b    Nonem      None
  physics/q_2c3aadc5fe7f.pdf  Q38a    1m      None
  physics/q_229c5241b6ae.pdf  Q39     4m      None
  physics/q_4a954c2f63f9.pdf  Q40a    Nonem      None
  physics/q_12b244e4c262.pdf  Q22     Nonem      None
  physics/q_38ee69b05a28.pdf  Q23     Nonem      None
  physics/q_059092f87124.pdf  Q24     Nonem      None
  physics/q_b0fbf44e6739.pdf  Q25     Nonem      None
  physics/q_55dec1afc875.pdf  Q26     Nonem      None
  physics/q_a9925167c12d.pdf  Q27     Nonem      None
  physics/q_8c81ed02f474.pdf  Q28     Nonem      None
  physics/q_bbd4d3bc3ad8.pdf  Q29     Nonem      None
  physics/q_2cef764db151.pdf  Q30     Nonem      None
  physics/q_a578977ef569.pdf  Q31a    Nonem      None
  physics/q_534882fff108.pdf  Q31b    Nonem      None
  physics/q_31abb255bc5d.pdf  Q32     Nonem      None
  physics/q_bbe970cbb6f7.pdf  Q33     Nonem      None
  physics/q_5e7b5f8ffce5.pdf  Q34b    Nonem      None
  physics/q_60ac814be62e.pdf  Q35     Nonem      None
  physics/q_2b22957f11c7.pdf  Q36     Nonem      None
  physics/q_ce2dac3d0214.pdf  Q375    Nonem      None
  physics/q_b579296f1e19.pdf  Q40     Nonem      None
  physics-y12-trial-girraween-2017: 43 questions, 52 parts, 2 soln pages [ocr, 0 tokens]
physics-y12-trial-girraween-2017: baked 52 parts (0 with answers) -> papers/_work/physics-y12-trial-girraween-2017/baked
  subject folder: physics/   (2728 KB questions)
  physics/q_3a2ecc746ad5.pdf  Q1      1m      None
  physics/q_8924fba5e67c.pdf  Q11     1m      None
  physics/q_4d64e2007dcc.pdf  Q12     1m      None
  physics/q_54afe3e375f9.pdf  Q13     1m      None
  physics/q_09fe5a786082.pdf  Q14     1m      None
  physics/q_a408201d254b.pdf  Q15     1m      None
  physics/q_a6a6053de617.pdf  Q16     1m      None
  physics/q_dc056c0ed1a2.pdf  Q17     1m      None
  physics/q_a712f8ea5bb8.pdf  Q1      1m      None
  physics/q_3f33cc023a9c.pdf  Q2      1m      None
  physics/q_fc9d7849e7ef.pdf  Q3      1m      None
  physics/q_df33b6adadf2.pdf  Q4      1m      None
  physics/q_1f5ab2f89133.pdf  Q5      1m      None
  physics/q_287d5a9c6863.pdf  Q6      1m      None
  physics/q_c3235e97a3ed.pdf  Q7      1m      None
  physics/q_730b220dfc3b.pdf  Q8      1m      None
  physics/q_b1e8f5c612bc.pdf  Q9      1m      None
  physics/q_262f03c15d28.pdf  Q10     1m      None
  physics/q_4048e28c5c5e.pdf  Q12     1m      None
  physics/q_c866cefd7482.pdf  Q13     1m      None
  physics/q_0da4268b0c54.pdf  Q14     1m      None
  physics/q_5e3450238696.pdf  Q15     1m      None
  physics/q_0c4c2fde87cb.pdf  Q16     1m      None
  physics/q_28617895696c.pdf  Q17     1m      None
  physics/q_16fbfff17748.pdf  Q18     1m      None
  physics/q_12d72804a634.pdf  Q19     1m      None
  physics/q_a0b910644263.pdf  Q20     1m      None
  physics/q_ad2941338ec0.pdf  Q23a    Nonem      None
  physics/q_6cfca32560ae.pdf  Q23b    Nonem      None
  physics/q_2a3b3ac9f669.pdf  Q23c    Nonem      None
  physics/q_f5f43b9fb3b8.pdf  Q24a    2m      None
  physics/q_d647616d0a7a.pdf  Q24b    2m      None
  physics/q_9bdad762585e.pdf  Q25     5m      None
  physics/q_fea46b430338.pdf  Q26a    Nonem      None
  physics/q_1b025d688b36.pdf  Q26b    1m      None
  physics/q_87836b53a390.pdf  Q26c    2m      None
  physics/q_c5d196e8ac6e.pdf  Q26d    Nonem      None
  physics/q_9ae5051f852f.pdf  Q27a    Nonem      None
  physics/q_c48bb123ac37.pdf  Q27b    Nonem      None
  physics/q_259a54fd1b71.pdf  Q27c    Nonem      None
  physics/q_ad65c3fe9920.pdf  Q28     3m      None
  physics/q_3d87f32af1da.pdf  Q29a    1m      None
  physics/q_0e93c1c567de.pdf  Q29b    Nonem      None
  physics/q_d1568f61746c.pdf  Q29c    Nonem      None
  physics/q_6ab0c5860410.pdf  Q30     3m      None
  physics/q_d41ec46f477c.pdf  Q32a    3m      None
  physics/q_33fc97799f97.pdf  Q32b    Nonem      None
  physics/q_0a2e55984694.pdf  Q33a    Nonem      None
  physics/q_0a557b5d8b65.pdf  Q33     Nonem      None
  physics/q_34fca2becf4f.pdf  Q34a    Nonem      None
  physics/q_5351f7b2ce96.pdf  Q34b    2m      None
  physics/q_c3688fdb7876.pdf  Q34c    Nonem      None
FREE PIPELINE DONE: 72/73 baked
