staged 14723 files -> rclone copy to r2:hsc-podcast/ …
2026/07/03 11:23:25 NOTICE: maths-advanced/2003-barker-trial/q07.pdf: Failed to read metadata: object not found
2026/07/03 11:23:25 NOTICE: maths-advanced/2003-barker-trial/q03.pdf: Failed to read metadata: object not found
2026/07/03 11:23:25 NOTICE: maths-advanced/2003-barker-trial/q06i.pdf: Failed to read metadata: object not found
2026/07/03 11:23:25 NOTICE: maths-advanced/2003-barker-trial/q09i-1.pdf: Failed to read metadata: object not found
2026/07/03 11:23:25 NOTICE: maths-advanced/2003-barker-trial/q02v.pdf: Failed to read metadata: object not found
2026/07/03 11:23:25 NOTICE: maths-advanced/2003-barker-trial/q02b.pdf: Failed to read metadata: object not found
2026/07/03 11:23:25 NOTICE: maths-advanced/2003-barker-trial/paper.pdf: Failed to read metadata: object not found
2026/07/03 11:23:25 NOTICE: maths-advanced/2003-barker-trial/q04a.pdf: Failed to read metadata: object not found
2026/07/03 11:23:25 NOTICE: maths-advanced/2003-barker-trial/q10.pdf: Failed to read metadata: object not found
2026/07/03 11:23:25 NOTICE: maths-advanced/2003-barker-trial/q05i.pdf: Failed to read metadata: object not found
2026/07/03 11:23:25 NOTICE: maths-advanced/2003-barker-trial/q08i.pdf: Failed to read metadata: object not found
2026/07/03 11:23:25 NOTICE: maths-advanced/2003-barker-trial/q09i.pdf: Failed to read metadata: object not found
2026/07/03 11:23:25 NOTICE: maths-advanced/2003-barker-trial/q09c.pdf: Failed to read metadata: object not found
2026/07/03 11:23:25 NOTICE: maths-advanced/2003-barker-trial/q09b.pdf: Failed to read metadata: object not found
2026/07/03 11:23:25 NOTICE: maths-advanced/2003-barker-trial/q08a.pdf: Failed to read metadata: object not found
2026/07/03 11:23:25 NOTICE: maths-advanced/1999-ascham-trial/q01a.pdf: Failed to read metadata: object not found
2026/07/03 11:23:25 NOTICE: maths-advanced/1999-ascham-trial/q01c.pdf: Failed to read metadata: object not found
2026/07/03 11:23:25 ERROR : maths-advanced/2003-barker-trial/q07.pdf: Failed to set modification time: object not found
2026/07/03 11:23:25 ERROR : maths-advanced/2003-barker-trial/q02b.pdf: Failed to set modification time: object not found
2026/07/03 11:23:25 ERROR : maths-advanced/2003-barker-trial/q03.pdf: Failed to set modification time: object not found
2026/07/03 11:23:25 ERROR : maths-advanced/2003-barker-trial/q09i-1.pdf: Failed to set modification time: object not found
2026/07/03 11:23:25 NOTICE: maths-advanced/1999-ascham-trial/q01b.pdf: Failed to read metadata: object not found
2026/07/03 11:23:25 ERROR : maths-advanced/2003-barker-trial/paper.pdf: Failed to set modification time: object not found
2026/07/03 11:23:25 NOTICE: maths-advanced/1999-ascham-trial/q02.pdf: Failed to read metadata: object not found
2026/07/03 11:23:25 ERROR : maths-advanced/2003-barker-trial/q02v.pdf: Failed to set modification time: object not found
2026/07/03 11:23:25 NOTICE: maths-advanced/1999-ascham-trial/q02d.pdf: Failed to read metadata: object not found
2026/07/03 11:23:25 NOTICE: maths-advanced/1999-ascham-trial/q01e.pdf: Failed to read metadata: object not found
2026/07/03 11:23:25 NOTICE: maths-advanced/1999-ascham-trial/paper.pdf: Failed to read metadata: object not found
2026/07/03 11:23:25 NOTICE: maths-advanced/1999-ascham-trial/q02b.pdf: Failed to read metadata: object not found
2026/07/03 11:23:25 ERROR : maths-advanced/2003-barker-trial/q06i.pdf: Failed to set modification time: object not found
2026/07/03 11:23:25 ERROR : maths-advanced/2003-barker-trial/q10.pdf: Failed to set modification time: object not found
2026/07/03 11:23:25 ERROR : maths-advanced/2003-barker-trial/q08i.pdf: Failed to set modification time: object not found
2026/07/03 11:23:25 NOTICE: maths-advanced/1999-ascham-trial/q01.pdf: Failed to read metadata: object not found
2026/07/03 11:23:25 ERROR : maths-advanced/2003-barker-trial/q04a.pdf: Failed to set modification time: object not found
2026/07/03 11:23:25 NOTICE: maths-advanced/1999-ascham-trial/q03.pdf: Failed to read metadata: object not found
2026/07/03 11:23:25 ERROR : maths-advanced/2003-barker-trial/q09c.pdf: Failed to set modification time: object not found
2026/07/03 11:23:25 NOTICE: maths-advanced/1999-ascham-trial/q01d.pdf: Failed to read metadata: object not found
2026/07/03 11:23:25 NOTICE: maths-advanced/1999-ascham-trial/q02a.pdf: Failed to read metadata: object not found
2026/07/03 11:23:25 NOTICE: maths-advanced/1999-ascham-trial/q03c.pdf: Failed to read metadata: object not found
2026/07/03 11:23:25 NOTICE: maths-advanced/1999-ascham-trial/q02c.pdf: Failed to read metadata: object not found
2026/07/03 11:23:25 NOTICE: maths-advanced/1999-ascham-trial/q01g.pdf: Failed to read metadata: object not found
2026/07/03 11:23:25 NOTICE: maths-advanced/1999-ascham-trial/q02i-1.pdf: Failed to read metadata: object not found
2026/07/03 11:23:25 NOTICE: maths-advanced/1999-ascham-trial/q03b.pdf: Failed to read metadata: object not found
2026/07/03 11:23:25 NOTICE: maths-advanced/1999-ascham-trial/q04a.pdf: Failed to read metadata: object not found
2026/07/03 11:23:25 ERROR : maths-advanced/2003-barker-trial/q05i.pdf: Failed to set modification time: object not found
2026/07/03 11:23:25 NOTICE: maths-advanced/1999-ascham-trial/q03a.pdf: Failed to read metadata: object not found
2026/07/03 11:23:25 NOTICE: maths-advanced/1999-ascham-trial/q04i.pdf: Failed to read metadata: object not found
2026/07/03 11:23:25 NOTICE: maths-advanced/1999-ascham-trial/q05.pdf: Failed to read metadata: object not found
2026/07/03 11:23:25 NOTICE: maths-advanced/1999-ascham-trial/q03i-2.pdf: Failed to read metadata: object not found
2026/07/03 11:23:25 ERROR : maths-advanced/2003-barker-trial/q09b.pdf: Failed to set modification time: object not found
2026/07/03 11:23:25 NOTICE: maths-advanced/1999-ascham-trial/q04.pdf: Failed to read metadata: object not found
2026/07/03 11:23:25 ERROR : maths-advanced/2003-barker-trial/q09i.pdf: Failed to set modification time: object not found
2026/07/03 11:23:25 NOTICE: maths-advanced/1999-ascham-trial/q02i.pdf: Failed to read metadata: object not found
2026/07/03 11:23:25 NOTICE: maths-advanced/1999-ascham-trial/q01f.pdf: Failed to read metadata: object not found
2026/07/03 11:23:25 NOTICE: maths-advanced/1999-ascham-trial/q04c.pdf: Failed to read metadata: object not found
2026/07/03 11:23:25 NOTICE: maths-advanced/1999-ascham-trial/q03i-1.pdf: Failed to read metadata: object not found
2026/07/03 11:23:25 NOTICE: maths-advanced/1999-ascham-trial/q05i.pdf: Failed to read metadata: object not found
2026/07/03 11:23:25 ERROR : maths-advanced/2003-barker-trial/q08a.pdf: Failed to set modification time: object not found
2026/07/03 11:23:25 NOTICE: maths-advanced/1999-ascham-trial/q06a.pdf: Failed to read metadata: object not found
2026/07/03 11:23:25 NOTICE: maths-advanced/1999-ascham-trial/q06i.pdf: Failed to read metadata: object not found
2026/07/03 11:23:25 NOTICE: maths-advanced/1999-ascham-trial/q08a.pdf: Failed to read metadata: object not found
2026/07/03 11:23:25 NOTICE: maths-advanced/1999-ascham-trial/q04b.pdf: Failed to read metadata: object not found
2026/07/03 11:23:25 NOTICE: maths-advanced/1999-ascham-trial/q07v.pdf: Failed to read metadata: object not found
2026/07/03 11:23:25 NOTICE: maths-advanced/1999-ascham-trial/q06i-1.pdf: Failed to read metadata: object not found
2026/07/03 11:23:25 NOTICE: maths-advanced/1999-ascham-trial/q03i.pdf: Failed to read metadata: object not found
2026/07/03 11:23:25 NOTICE: maths-advanced/1999-ascham-trial/q06d.pdf: Failed to read metadata: object not found
2026/07/03 11:23:25 NOTICE: maths-advanced/1999-ascham-trial/q05b.pdf: Failed to read metadata: object not found
2026/07/03 11:23:25 NOTICE: maths-advanced/1999-ascham-trial/q06c.pdf: Failed to read metadata: object not found
2026/07/03 11:23:25 ERROR : maths-advanced/1999-ascham-trial/q01a.pdf: Failed to set modification time: object not found
2026/07/03 11:23:25 NOTICE: maths-advanced/1999-ascham-trial/q10b.pdf: Failed to read metadata: object not found
2026/07/03 11:23:25 NOTICE: maths-advanced/1999-ascham-trial/q05a.pdf: Failed to read metadata: object not found
2026/07/03 11:23:25 NOTICE: maths-advanced/1999-ascham-trial/q07i.pdf: Failed to read metadata: object not found
2026/07/03 11:23:25 ERROR : maths-advanced/1999-ascham-trial/paper.pdf: Failed to set modification time: object not found
2026/07/03 11:23:25 NOTICE: maths-advanced/1999-ascham-trial/q08a-1.pdf: Failed to read metadata: object not found
2026/07/03 11:23:25 NOTICE: maths-advanced/1999-ascham-trial/q10i-1.pdf: Failed to read metadata: object not found
2026/07/03 11:23:25 NOTICE: maths-advanced/1999-ascham-trial/q07a.pdf: Failed to read metadata: object not found
2026/07/03 11:23:25 NOTICE: maths-advanced/1999-ascham-trial/q10a.pdf: Failed to read metadata: object not found
2026/07/03 11:23:25 ERROR : maths-advanced/1999-ascham-trial/q02d.pdf: Failed to set modification time: object not found
2026/07/03 11:23:25 NOTICE: maths-advanced/1999-ascham-trial/q08i-2.pdf: Failed to read metadata: object not found
2026/07/03 11:23:25 ERROR : maths-advanced/1999-ascham-trial/q01b.pdf: Failed to set modification time: object not found
2026/07/03 11:23:25 NOTICE: maths-advanced/1999-ascham-trial/q08i-1.pdf: Failed to read metadata: object not found
2026/07/03 11:23:25 ERROR : maths-advanced/1999-ascham-trial/q02.pdf: Failed to set modification time: object not found
2026/07/03 11:23:25 ERROR : maths-advanced/1999-ascham-trial/q01.pdf: Failed to set modification time: object not found
2026/07/03 11:23:25 NOTICE: maths-advanced/1999-ascham-trial/q08i.pdf: Failed to read metadata: object not found
2026/07/03 11:23:25 ERROR : maths-advanced/1999-ascham-trial/q01c.pdf: Failed to set modification time: object not found
2026/07/03 11:23:25 NOTICE: maths-advanced/1999-ascham-trial/q08b.pdf: Failed to read metadata: object not found
2026/07/03 11:23:25 NOTICE: maths-advanced/1999-ascham-trial/q06.pdf: Failed to read metadata: object not found
2026/07/03 11:23:25 ERROR : maths-advanced/1999-ascham-trial/q01e.pdf: Failed to set modification time: object not found
2026/07/03 11:23:25 NOTICE: maths-advanced/1999-ascham-trial/q10i.pdf: Failed to read metadata: object not found
2026/07/03 11:23:25 ERROR : maths-advanced/1999-ascham-trial/q02i-1.pdf: Failed to set modification time: object not found
2026/07/03 11:23:25 ERROR : maths-advanced/1999-ascham-trial/q03c.pdf: Failed to set modification time: object not found
2026/07/03 11:23:25 ERROR : maths-advanced/1999-ascham-trial/q01g.pdf: Failed to set modification time: object not found
2026/07/03 11:23:25 ERROR : maths-advanced/1999-ascham-trial/q02b.pdf: Failed to set modification time: object not found
2026/07/03 11:23:25 ERROR : maths-advanced/1999-ascham-trial/q03b.pdf: Failed to set modification time: object not found
2026/07/03 11:23:25 ERROR : maths-advanced/1999-ascham-trial/q02c.pdf: Failed to set modification time: object not found
2026/07/03 11:23:25 ERROR : maths-advanced/1999-ascham-trial/q03a.pdf: Failed to set modification time: object not found
2026/07/03 11:23:25 ERROR : maths-advanced/1999-ascham-trial/q01d.pdf: Failed to set modification time: object not found
2026/07/03 11:23:25 ERROR : maths-advanced/1999-ascham-trial/q04.pdf: Failed to set modification time: object not found
2026/07/03 11:23:25 ERROR : maths-advanced/1999-ascham-trial/q03i-2.pdf: Failed to set modification time: object not found
2026/07/03 11:23:25 ERROR : maths-advanced/1999-ascham-trial/q01f.pdf: Failed to set modification time: object not found
2026/07/03 11:23:25 ERROR : maths-advanced/1999-ascham-trial/q02a.pdf: Failed to set modification time: object not found
2026/07/03 11:23:25 ERROR : maths-advanced/1999-ascham-trial/q03.pdf: Failed to set modification time: object not found
2026/07/03 11:23:25 ERROR : maths-advanced/1999-ascham-trial/q04i.pdf: Failed to set modification time: object not found
2026/07/03 11:23:25 ERROR : maths-advanced/1999-ascham-trial/q04a.pdf: Failed to set modification time: object not found
2026/07/03 11:23:25 ERROR : maths-advanced/1999-ascham-trial/q05.pdf: Failed to set modification time: object not found
2026/07/03 11:23:25 ERROR : maths-advanced/1999-ascham-trial/q07v.pdf: Failed to set modification time: object not found
2026/07/03 11:23:25 ERROR : maths-advanced/1999-ascham-trial/q04b.pdf: Failed to set modification time: object not found
2026/07/03 11:23:25 ERROR : maths-advanced/1999-ascham-trial/q06i-1.pdf: Failed to set modification time: object not found
2026/07/03 11:23:25 ERROR : maths-advanced/1999-ascham-trial/q06i.pdf: Failed to set modification time: object not found
2026/07/03 11:23:25 ERROR : maths-advanced/1999-ascham-trial/q03i.pdf: Failed to set modification time: object not found
2026/07/03 11:23:25 ERROR : maths-advanced/1999-ascham-trial/q08a.pdf: Failed to set modification time: object not found
2026/07/03 11:23:25 ERROR : maths-advanced/1999-ascham-trial/q03i-1.pdf: Failed to set modification time: object not found
2026/07/03 11:23:25 ERROR : maths-advanced/1999-ascham-trial/q04c.pdf: Failed to set modification time: object not found
2026/07/03 11:23:25 ERROR : maths-advanced/1999-ascham-trial/q10b.pdf: Failed to set modification time: object not found
2026/07/03 11:23:25 ERROR : maths-advanced/1999-ascham-trial/q06c.pdf: Failed to set modification time: object not found
2026/07/03 11:23:25 ERROR : maths-advanced/1999-ascham-trial/q06a.pdf: Failed to set modification time: object not found
2026/07/03 11:23:25 ERROR : maths-advanced/1999-ascham-trial/q06d.pdf: Failed to set modification time: object not found
2026/07/03 11:23:25 ERROR : maths-advanced/1999-ascham-trial/q05b.pdf: Failed to set modification time: object not found
2026/07/03 11:23:25 ERROR : maths-advanced/1999-ascham-trial/q02i.pdf: Failed to set modification time: object not found
2026/07/03 11:23:25 ERROR : maths-advanced/1999-ascham-trial/q10a.pdf: Failed to set modification time: object not found
2026/07/03 11:23:25 ERROR : maths-advanced/1999-ascham-trial/q10i-1.pdf: Failed to set modification time: object not found
2026/07/03 11:23:25 ERROR : maths-advanced/1999-ascham-trial/q07a.pdf: Failed to set modification time: object not found
2026/07/03 11:23:25 ERROR : maths-advanced/1999-ascham-trial/q07i.pdf: Failed to set modification time: object not found
2026/07/03 11:23:25 ERROR : maths-advanced/1999-ascham-trial/q05i.pdf: Failed to set modification time: object not found
2026/07/03 11:23:25 ERROR : maths-advanced/1999-ascham-trial/q08i-2.pdf: Failed to set modification time: object not found
2026/07/03 11:23:25 ERROR : maths-advanced/1999-ascham-trial/q08a-1.pdf: Failed to set modification time: object not found
2026/07/03 11:23:25 ERROR : maths-advanced/1999-ascham-trial/q10i.pdf: Failed to set modification time: object not found
2026/07/03 11:23:25 ERROR : maths-advanced/1999-ascham-trial/q05a.pdf: Failed to set modification time: object not found
2026/07/03 11:23:25 ERROR : maths-advanced/1999-ascham-trial/q08b.pdf: Failed to set modification time: object not found
2026/07/03 11:23:25 ERROR : maths-advanced/1999-ascham-trial/q08i.pdf: Failed to set modification time: object not found
2026/07/03 11:23:25 ERROR : maths-advanced/1999-ascham-trial/q08i-1.pdf: Failed to set modification time: object not found
2026/07/03 11:23:25 ERROR : maths-advanced/1999-ascham-trial/q06.pdf: Failed to set modification time: object not found
2026/07/03 11:23:25 NOTICE: maths-advanced/2004-abbotsleigh-trial/paper.pdf: Failed to read metadata: object not found
2026/07/03 11:23:25 NOTICE: maths-advanced/2001-barker-trial/paper.pdf: Failed to read metadata: object not found
2026/07/03 11:23:25 NOTICE: maths-advanced/2004-abbotsleigh-trial/q06i.pdf: Failed to read metadata: object not found
2026/07/03 11:23:25 NOTICE: maths-advanced/2004-abbotsleigh-trial/q06c.pdf: Failed to read metadata: object not found
2026/07/03 11:23:25 NOTICE: maths-advanced/2004-abbotsleigh-trial/q08a.pdf: Failed to read metadata: object not found
2026/07/03 11:23:25 NOTICE: maths-advanced/2004-abbotsleigh-trial/q04i-1.pdf: Failed to read metadata: object not found
2026/07/03 11:23:25 NOTICE: maths-advanced/2004-abbotsleigh-trial/q04i.pdf: Failed to read metadata: object not found
2026/07/03 11:23:25 NOTICE: maths-advanced/2004-abbotsleigh-trial/q04.pdf: Failed to read metadata: object not found
2026/07/03 11:23:25 NOTICE: maths-advanced/2004-abbotsleigh-trial/q02o.pdf: Failed to read metadata: object not found
2026/07/03 11:23:25 NOTICE: maths-advanced/2004-abbotsleigh-trial/q03.pdf: Failed to read metadata: object not found
2026/07/03 11:23:25 NOTICE: maths-advanced/2004-abbotsleigh-trial/q02a.pdf: Failed to read metadata: object not found
2026/07/03 11:23:25 NOTICE: maths-advanced/2004-abbotsleigh-trial/q10b.pdf: Failed to read metadata: object not found
2026/07/03 11:23:25 NOTICE: maths-advanced/2001-barker-trial/q02i.pdf: Failed to read metadata: object not found
2026/07/03 11:23:25 NOTICE: maths-advanced/2004-abbotsleigh-trial/q09.pdf: Failed to read metadata: object not found
2026/07/03 11:23:25 NOTICE: maths-advanced/2004-abbotsleigh-trial/q08i.pdf: Failed to read metadata: object not found
2026/07/03 11:23:26 NOTICE: maths-advanced/2001-barker-trial/q02v.pdf: Failed to read metadata: object not found
2026/07/03 11:23:26 NOTICE: maths-advanced/2001-barker-trial/q03a.pdf: Failed to read metadata: object not found
2026/07/03 11:23:26 NOTICE: maths-advanced/2001-barker-trial/q06b.pdf: Failed to read metadata: object not found
2026/07/03 11:23:26 NOTICE: maths-advanced/2001-barker-trial/q08b.pdf: Failed to read metadata: object not found
2026/07/03 11:23:26 NOTICE: maths-advanced/2001-barker-trial/q04a.pdf: Failed to read metadata: object not found
2026/07/03 11:23:26 NOTICE: maths-advanced/2001-barker-trial/q07a-1.pdf: Failed to read metadata: object not found
2026/07/03 11:23:26 NOTICE: maths-advanced/2001-barker-trial/q10b.pdf: Failed to read metadata: object not found
2026/07/03 11:23:26 NOTICE: maths-advanced/2001-barker-trial/q09a.pdf: Failed to read metadata: object not found
2026/07/03 11:23:26 NOTICE: maths-advanced/2001-barker-trial/q05a.pdf: Failed to read metadata: object not found
2026/07/03 11:23:26 NOTICE: maths-advanced/2001-barker-trial/q10.pdf: Failed to read metadata: object not found
2026/07/03 11:23:26 NOTICE: maths-advanced/2001-barker-trial/q03b.pdf: Failed to read metadata: object not found
2026/07/03 11:23:26 NOTICE: maths-advanced/2001-barker-trial/q07a.pdf: Failed to read metadata: object not found
2026/07/03 11:23:26 NOTICE: maths-advanced/2001-barker-trial/q04i.pdf: Failed to read metadata: object not found
2026/07/03 11:23:26 ERROR : maths-advanced/2001-barker-trial/paper.pdf: Failed to set modification time: object not found
2026/07/03 11:23:26 NOTICE: maths-advanced/2001-barker-trial/q07b.pdf: Failed to read metadata: object not found
2026/07/03 11:23:26 ERROR : maths-advanced/2004-abbotsleigh-trial/paper.pdf: Failed to set modification time: object not found
2026/07/03 11:23:26 ERROR : maths-advanced/2004-abbotsleigh-trial/q06i.pdf: Failed to set modification time: object not found
2026/07/03 11:23:26 ERROR : maths-advanced/2004-abbotsleigh-trial/q08a.pdf: Failed to set modification time: object not found
2026/07/03 11:23:26 NOTICE: maths-advanced/2001-barker-trial/q08e.pdf: Failed to read metadata: object not found
2026/07/03 11:23:26 NOTICE: maths-advanced/2001-barker-trial/q09i.pdf: Failed to read metadata: object not found
2026/07/03 11:23:26 ERROR : maths-advanced/2004-abbotsleigh-trial/q04i-1.pdf: Failed to set modification time: object not found
2026/07/03 11:23:26 ERROR : maths-advanced/2004-abbotsleigh-trial/q04i.pdf: Failed to set modification time: object not found
2026/07/03 11:23:26 ERROR : maths-advanced/2001-barker-trial/q02i.pdf: Failed to set modification time: object not found
2026/07/03 11:23:26 ERROR : maths-advanced/2004-abbotsleigh-trial/q08i.pdf: Failed to set modification time: object not found
2026/07/03 11:23:26 ERROR : maths-advanced/2004-abbotsleigh-trial/q02o.pdf: Failed to set modification time: object not found
2026/07/03 11:23:26 ERROR : maths-advanced/2004-abbotsleigh-trial/q04.pdf: Failed to set modification time: object not found
2026/07/03 11:23:26 ERROR : maths-advanced/2004-abbotsleigh-trial/q03.pdf: Failed to set modification time: object not found
2026/07/03 11:23:26 ERROR : maths-advanced/2004-abbotsleigh-trial/q06c.pdf: Failed to set modification time: object not found
2026/07/03 11:23:26 ERROR : maths-advanced/2004-abbotsleigh-trial/q09.pdf: Failed to set modification time: object not found
2026/07/03 11:23:26 ERROR : maths-advanced/2004-abbotsleigh-trial/q02a.pdf: Failed to set modification time: object not found
2026/07/03 11:23:26 ERROR : maths-advanced/2004-abbotsleigh-trial/q10b.pdf: Failed to set modification time: object not found
2026/07/03 11:23:26 ERROR : maths-advanced/2001-barker-trial/q06b.pdf: Failed to set modification time: object not found
2026/07/03 11:23:26 ERROR : maths-advanced/2001-barker-trial/q10.pdf: Failed to set modification time: object not found
2026/07/03 11:23:26 ERROR : maths-advanced/2001-barker-trial/q05a.pdf: Failed to set modification time: object not found
2026/07/03 11:23:26 ERROR : maths-advanced/2001-barker-trial/q08b.pdf: Failed to set modification time: object not found
2026/07/03 11:23:26 ERROR : maths-advanced/2001-barker-trial/q03a.pdf: Failed to set modification time: object not found
2026/07/03 11:23:26 ERROR : maths-advanced/2001-barker-trial/q04a.pdf: Failed to set modification time: object not found
2026/07/03 11:23:26 ERROR : maths-advanced/2001-barker-trial/q02v.pdf: Failed to set modification time: object not found
2026/07/03 11:23:26 ERROR : maths-advanced/2001-barker-trial/q09a.pdf: Failed to set modification time: object not found
2026/07/03 11:23:26 ERROR : maths-advanced/2001-barker-trial/q07a-1.pdf: Failed to set modification time: object not found
2026/07/03 11:23:26 ERROR : maths-advanced/2001-barker-trial/q07a.pdf: Failed to set modification time: object not found
2026/07/03 11:23:26 ERROR : maths-advanced/2001-barker-trial/q04i.pdf: Failed to set modification time: object not found
2026/07/03 11:23:26 ERROR : maths-advanced/2001-barker-trial/q10b.pdf: Failed to set modification time: object not found
2026/07/03 11:23:26 ERROR : maths-advanced/2001-barker-trial/q09i.pdf: Failed to set modification time: object not found
2026/07/03 11:23:26 ERROR : maths-advanced/2001-barker-trial/q03b.pdf: Failed to set modification time: object not found
2026/07/03 11:23:26 ERROR : maths-advanced/2001-barker-trial/q07b.pdf: Failed to set modification time: object not found
2026/07/03 11:23:26 NOTICE: maths-advanced/2006-abbotsleigh-trial/paper.pdf: Failed to read metadata: object not found
2026/07/03 11:23:26 NOTICE: maths-advanced/2006-abbotsleigh-trial/q04i.pdf: Failed to read metadata: object not found
2026/07/03 11:23:26 NOTICE: maths-advanced/2006-abbotsleigh-trial/q05a.pdf: Failed to read metadata: object not found
2026/07/03 11:23:26 NOTICE: maths-advanced/2006-abbotsleigh-trial/q06b.pdf: Failed to read metadata: object not found
2026/07/03 11:23:26 ERROR : maths-advanced/2001-barker-trial/q08e.pdf: Failed to set modification time: object not found
2026/07/03 11:23:26 NOTICE: maths-advanced/2006-abbotsleigh-trial/q06c.pdf: Failed to read metadata: object not found
2026/07/03 11:23:26 NOTICE: maths-advanced/2006-abbotsleigh-trial/q06a-1.pdf: Failed to read metadata: object not found
2026/07/03 11:23:26 NOTICE: maths-advanced/2006-abbotsleigh-trial/q01b.pdf: Failed to read metadata: object not found
2026/07/03 11:23:26 NOTICE: maths-advanced/2006-abbotsleigh-trial/q09i.pdf: Failed to read metadata: object not found
2026/07/03 11:23:26 NOTICE: maths-advanced/2006-abbotsleigh-trial/q06a.pdf: Failed to read metadata: object not found
2026/07/03 11:23:26 NOTICE: maths-advanced/2006-abbotsleigh-trial/q09a.pdf: Failed to read metadata: object not found
2026/07/03 11:23:26 NOTICE: maths-advanced/2006-abbotsleigh-trial/q06i.pdf: Failed to read metadata: object not found
2026/07/03 11:23:26 NOTICE: maths-advanced/2006-abbotsleigh-trial/q40i.pdf: Failed to read metadata: object not found
2026/07/03 11:23:26 NOTICE: maths-advanced/2008-ascham-trial/q04.pdf: Failed to read metadata: object not found
2026/07/03 11:23:26 NOTICE: maths-advanced/2008-ascham-trial/q08.pdf: Failed to read metadata: object not found
2026/07/03 11:23:26 NOTICE: maths-advanced/2008-ascham-trial/q06.pdf: Failed to read metadata: object not found
2026/07/03 11:23:26 NOTICE: maths-advanced/2008-ascham-trial/q05.pdf: Failed to read metadata: object not found
2026/07/03 11:23:26 NOTICE: maths-advanced/2008-ascham-trial/q07.pdf: Failed to read metadata: object not found
2026/07/03 11:23:26 NOTICE: maths-advanced/2007-abbotsleigh-trial/q01b.pdf: Failed to read metadata: object not found
2026/07/03 11:23:26 NOTICE: maths-advanced/2008-ascham-trial/q01.pdf: Failed to read metadata: object not found
2026/07/03 11:23:26 NOTICE: maths-advanced/2006-abbotsleigh-trial/q06b-1.pdf: Failed to read metadata: object not found
2026/07/03 11:23:26 NOTICE: maths-advanced/2007-abbotsleigh-trial/q01a.pdf: Failed to read metadata: object not found
2026/07/03 11:23:26 NOTICE: maths-advanced/2008-ascham-trial/q09.pdf: Failed to read metadata: object not found
2026/07/03 11:23:26 NOTICE: maths-advanced/2007-abbotsleigh-trial/q01c.pdf: Failed to read metadata: object not found
2026/07/03 11:23:26 NOTICE: maths-advanced/2007-abbotsleigh-trial/paper.pdf: Failed to read metadata: object not found
2026/07/03 11:23:26 NOTICE: maths-advanced/2008-ascham-trial/q02.pdf: Failed to read metadata: object not found
2026/07/03 11:23:26 NOTICE: maths-advanced/2007-abbotsleigh-trial/q02a.pdf: Failed to read metadata: object not found
2026/07/03 11:23:26 NOTICE: maths-advanced/2008-ascham-trial/paper.pdf: Failed to read metadata: object not found
2026/07/03 11:23:26 NOTICE: maths-advanced/2007-abbotsleigh-trial/q03b.pdf: Failed to read metadata: object not found
2026/07/03 11:23:26 NOTICE: maths-advanced/2008-ascham-trial/q03.pdf: Failed to read metadata: object not found
2026/07/03 11:23:26 NOTICE: maths-advanced/2007-abbotsleigh-trial/q05c.pdf: Failed to read metadata: object not found
2026/07/03 11:23:26 NOTICE: maths-advanced/2007-abbotsleigh-trial/q06c.pdf: Failed to read metadata: object not found
2026/07/03 11:23:26 NOTICE: maths-advanced/2008-ascham-trial/q10.pdf: Failed to read metadata: object not found
2026/07/03 11:23:26 NOTICE: maths-advanced/2007-abbotsleigh-trial/q04i.pdf: Failed to read metadata: object not found
2026/07/03 11:23:26 NOTICE: maths-advanced/2007-abbotsleigh-trial/q03v.pdf: Failed to read metadata: object not found
2026/07/03 11:23:26 NOTICE: maths-advanced/2007-abbotsleigh-trial/q07a.pdf: Failed to read metadata: object not found
2026/07/03 11:23:26 NOTICE: maths-advanced/2007-abbotsleigh-trial/q01e.pdf: Failed to read metadata: object not found
2026/07/03 11:23:26 NOTICE: maths-advanced/2007-abbotsleigh-trial/q04b.pdf: Failed to read metadata: object not found
2026/07/03 11:23:26 NOTICE: maths-advanced/2007-abbotsleigh-trial/q08a.pdf: Failed to read metadata: object not found
2026/07/03 11:23:26 NOTICE: maths-advanced/2007-abbotsleigh-trial/q02b.pdf: Failed to read metadata: object not found
2026/07/03 11:23:26 NOTICE: maths-advanced/2007-abbotsleigh-trial/q06i.pdf: Failed to read metadata: object not found
2026/07/03 11:23:26 NOTICE: maths-advanced/2007-abbotsleigh-trial/q09b.pdf: Failed to read metadata: object not found
2026/07/03 11:23:26 NOTICE: maths-advanced/2007-abbotsleigh-trial/q08a-1.pdf: Failed to read metadata: object not found
2026/07/03 11:23:26 NOTICE: maths-advanced/2007-abbotsleigh-trial/q05b.pdf: Failed to read metadata: object not found
2026/07/03 11:23:26 NOTICE: maths-advanced/2007-abbotsleigh-trial/q07i.pdf: Failed to read metadata: object not found
2026/07/03 11:23:26 NOTICE: maths-advanced/2007-abbotsleigh-trial/q04a.pdf: Failed to read metadata: object not found
2026/07/03 11:23:26 NOTICE: maths-advanced/2007-abbotsleigh-trial/q01f.pdf: Failed to read metadata: object not found
2026/07/03 11:23:26 NOTICE: maths-advanced/2007-abbotsleigh-trial/q08b.pdf: Failed to read metadata: object not found
2026/07/03 11:23:26 NOTICE: maths-advanced/2007-abbotsleigh-trial/q06b.pdf: Failed to read metadata: object not found
2026/07/03 11:23:26 NOTICE: maths-advanced/2007-abbotsleigh-trial/q03a.pdf: Failed to read metadata: object not found
2026/07/03 11:23:26 NOTICE: maths-advanced/2007-abbotsleigh-trial/q07b.pdf: Failed to read metadata: object not found
2026/07/03 11:23:26 ERROR : maths-advanced/2006-abbotsleigh-trial/q05a.pdf: Failed to set modification time: object not found
2026/07/03 11:23:26 ERROR : maths-advanced/2006-abbotsleigh-trial/q04i.pdf: Failed to set modification time: object not found
2026/07/03 11:23:26 NOTICE: maths-advanced/2007-abbotsleigh-trial/q05a.pdf: Failed to read metadata: object not found
2026/07/03 11:23:26 NOTICE: maths-advanced/2007-abbotsleigh-trial/q09i-1.pdf: Failed to read metadata: object not found
2026/07/03 11:23:26 NOTICE: maths-advanced/2007-abbotsleigh-trial/q09i.pdf: Failed to read metadata: object not found
2026/07/03 11:23:26 NOTICE: maths-advanced/2007-abbotsleigh-trial/q04c.pdf: Failed to read metadata: object not found
2026/07/03 11:23:26 NOTICE: maths-advanced/2007-abbotsleigh-trial/q06a.pdf: Failed to read metadata: object not found
2026/07/03 11:23:26 NOTICE: maths-advanced/2007-abbotsleigh-trial/q09a.pdf: Failed to read metadata: object not found
2026/07/03 11:23:26 NOTICE: maths-advanced/2007-abbotsleigh-trial/q02d.pdf: Failed to read metadata: object not found
2026/07/03 11:23:26 NOTICE: maths-advanced/2007-abbotsleigh-trial/q10i-1.pdf: Failed to read metadata: object not found
2026/07/03 11:23:26 NOTICE: maths-advanced/2007-abbotsleigh-trial/q10i-2.pdf: Failed to read metadata: object not found
2026/07/03 11:23:26 NOTICE: maths-advanced/2007-abbotsleigh-trial/q05e.pdf: Failed to read metadata: object not found
2026/07/03 11:23:26 ERROR : maths-advanced/2006-abbotsleigh-trial/q09a.pdf: Failed to set modification time: object not found
2026/07/03 11:23:26 NOTICE: maths-advanced/2007-abbotsleigh-trial/q10i.pdf: Failed to read metadata: object not found
2026/07/03 11:23:26 ERROR : maths-advanced/2006-abbotsleigh-trial/q06a.pdf: Failed to set modification time: object not found
2026/07/03 11:23:26 ERROR : maths-advanced/2006-abbotsleigh-trial/q06c.pdf: Failed to set modification time: object not found
2026/07/03 11:23:26 NOTICE: maths-advanced/2007-abbotsleigh-trial/q10a.pdf: Failed to read metadata: object not found
2026/07/03 11:23:26 ERROR : maths-advanced/2006-abbotsleigh-trial/q09i.pdf: Failed to set modification time: object not found
2026/07/03 11:23:26 ERROR : maths-advanced/2006-abbotsleigh-trial/q06a-1.pdf: Failed to set modification time: object not found
2026/07/03 11:23:26 ERROR : maths-advanced/2006-abbotsleigh-trial/q06b.pdf: Failed to set modification time: object not found
2026/07/03 11:23:26 ERROR : maths-advanced/2008-ascham-trial/q08.pdf: Failed to set modification time: object not found
2026/07/03 11:23:26 ERROR : maths-advanced/2006-abbotsleigh-trial/paper.pdf: Failed to set modification time: object not found
2026/07/03 11:23:26 ERROR : maths-advanced/2008-ascham-trial/q07.pdf: Failed to set modification time: object not found
2026/07/03 11:23:26 ERROR : maths-advanced/2006-abbotsleigh-trial/q01b.pdf: Failed to set modification time: object not found
2026/07/03 11:23:26 ERROR : maths-advanced/2006-abbotsleigh-trial/q40i.pdf: Failed to set modification time: object not found
2026/07/03 11:23:26 ERROR : maths-advanced/2008-ascham-trial/q06.pdf: Failed to set modification time: object not found
2026/07/03 11:23:26 NOTICE: maths-advanced/2007-abbotsleigh-trial/q08y.pdf: Failed to read metadata: object not found
2026/07/03 11:23:26 ERROR : maths-advanced/2007-abbotsleigh-trial/q01b.pdf: Failed to set modification time: object not found
2026/07/03 11:23:26 ERROR : maths-advanced/2007-abbotsleigh-trial/q01c.pdf: Failed to set modification time: object not found
2026/07/03 11:23:26 ERROR : maths-advanced/2008-ascham-trial/q02.pdf: Failed to set modification time: object not found
2026/07/03 11:23:26 ERROR : maths-advanced/2007-abbotsleigh-trial/q05c.pdf: Failed to set modification time: object not found
2026/07/03 11:23:26 ERROR : maths-advanced/2007-abbotsleigh-trial/q01a.pdf: Failed to set modification time: object not found
2026/07/03 11:23:26 ERROR : maths-advanced/2007-abbotsleigh-trial/q02a.pdf: Failed to set modification time: object not found
2026/07/03 11:23:26 ERROR : maths-advanced/2008-ascham-trial/q04.pdf: Failed to set modification time: object not found
2026/07/03 11:23:26 NOTICE: maths-advanced/2007-abbotsleigh-trial/q10f.pdf: Failed to read metadata: object not found
2026/07/03 11:23:26 ERROR : maths-advanced/2008-ascham-trial/q03.pdf: Failed to set modification time: object not found
2026/07/03 11:23:26 ERROR : maths-advanced/2008-ascham-trial/q09.pdf: Failed to set modification time: object not found
2026/07/03 11:23:26 ERROR : maths-advanced/2006-abbotsleigh-trial/q06b-1.pdf: Failed to set modification time: object not found
2026/07/03 11:23:26 ERROR : maths-advanced/2006-abbotsleigh-trial/q06i.pdf: Failed to set modification time: object not found
2026/07/03 11:23:26 ERROR : maths-advanced/2007-abbotsleigh-trial/q07a.pdf: Failed to set modification time: object not found
2026/07/03 11:23:26 ERROR : maths-advanced/2008-ascham-trial/q05.pdf: Failed to set modification time: object not found
2026/07/03 11:23:26 ERROR : maths-advanced/2007-abbotsleigh-trial/paper.pdf: Failed to set modification time: object not found
2026/07/03 11:23:26 ERROR : maths-advanced/2008-ascham-trial/paper.pdf: Failed to set modification time: object not found
2026/07/03 11:23:26 ERROR : maths-advanced/2007-abbotsleigh-trial/q06i.pdf: Failed to set modification time: object not found
2026/07/03 11:23:26 ERROR : maths-advanced/2007-abbotsleigh-trial/q08a.pdf: Failed to set modification time: object not found
2026/07/03 11:23:26 ERROR : maths-advanced/2007-abbotsleigh-trial/q07i.pdf: Failed to set modification time: object not found
2026/07/03 11:23:26 ERROR : maths-advanced/2007-abbotsleigh-trial/q08b.pdf: Failed to set modification time: object not found
2026/07/03 11:23:26 ERROR : maths-advanced/2007-abbotsleigh-trial/q04a.pdf: Failed to set modification time: object not found
2026/07/03 11:23:26 ERROR : maths-advanced/2007-abbotsleigh-trial/q04i.pdf: Failed to set modification time: object not found
2026/07/03 11:23:26 ERROR : maths-advanced/2007-abbotsleigh-trial/q03b.pdf: Failed to set modification time: object not found
2026/07/03 11:23:26 ERROR : maths-advanced/2007-abbotsleigh-trial/q09b.pdf: Failed to set modification time: object not found
2026/07/03 11:23:26 ERROR : maths-advanced/2007-abbotsleigh-trial/q03a.pdf: Failed to set modification time: object not found
2026/07/03 11:23:26 ERROR : maths-advanced/2007-abbotsleigh-trial/q09i.pdf: Failed to set modification time: object not found
2026/07/03 11:23:26 ERROR : maths-advanced/2007-abbotsleigh-trial/q01f.pdf: Failed to set modification time: object not found
2026/07/03 11:23:26 ERROR : maths-advanced/2007-abbotsleigh-trial/q06a.pdf: Failed to set modification time: object not found
2026/07/03 11:23:26 ERROR : maths-advanced/2007-abbotsleigh-trial/q06b.pdf: Failed to set modification time: object not found
2026/07/03 11:23:26 ERROR : maths-advanced/2008-ascham-trial/q01.pdf: Failed to set modification time: object not found
2026/07/03 11:23:26 ERROR : maths-advanced/2007-abbotsleigh-trial/q07b.pdf: Failed to set modification time: object not found
2026/07/03 11:23:26 ERROR : maths-advanced/2007-abbotsleigh-trial/q06c.pdf: Failed to set modification time: object not found
2026/07/03 11:23:26 ERROR : maths-advanced/2007-abbotsleigh-trial/q04b.pdf: Failed to set modification time: object not found
2026/07/03 11:23:26 ERROR : maths-advanced/2007-abbotsleigh-trial/q01e.pdf: Failed to set modification time: object not found
2026/07/03 11:23:26 ERROR : maths-advanced/2007-abbotsleigh-trial/q03v.pdf: Failed to set modification time: object not found
2026/07/03 11:23:26 ERROR : maths-advanced/2007-abbotsleigh-trial/q04c.pdf: Failed to set modification time: object not found
2026/07/03 11:23:26 ERROR : maths-advanced/2007-abbotsleigh-trial/q08y.pdf: Failed to set modification time: object not found
2026/07/03 11:23:26 ERROR : maths-advanced/2007-abbotsleigh-trial/q09a.pdf: Failed to set modification time: object not found
2026/07/03 11:23:26 ERROR : maths-advanced/2007-abbotsleigh-trial/q10i-2.pdf: Failed to set modification time: object not found
2026/07/03 11:23:26 ERROR : maths-advanced/2007-abbotsleigh-trial/q02d.pdf: Failed to set modification time: object not found
2026/07/03 11:23:26 ERROR : maths-advanced/2007-abbotsleigh-trial/q05a.pdf: Failed to set modification time: object not found
2026/07/03 11:23:26 ERROR : maths-advanced/2007-abbotsleigh-trial/q08a-1.pdf: Failed to set modification time: object not found
2026/07/03 11:23:26 ERROR : maths-advanced/2007-abbotsleigh-trial/q10i.pdf: Failed to set modification time: object not found
2026/07/03 11:23:26 ERROR : maths-advanced/2007-abbotsleigh-trial/q05e.pdf: Failed to set modification time: object not found
2026/07/03 11:23:26 ERROR : maths-advanced/2007-abbotsleigh-trial/q09i-1.pdf: Failed to set modification time: object not found
2026/07/03 11:23:26 ERROR : maths-advanced/2007-abbotsleigh-trial/q05b.pdf: Failed to set modification time: object not found
2026/07/03 11:23:26 ERROR : maths-advanced/2008-ascham-trial/q10.pdf: Failed to set modification time: object not found
2026/07/03 11:23:26 ERROR : maths-advanced/2007-abbotsleigh-trial/q02b.pdf: Failed to set modification time: object not found
2026/07/03 11:23:26 ERROR : maths-advanced/2007-abbotsleigh-trial/q10i-1.pdf: Failed to set modification time: object not found
2026/07/03 11:23:26 ERROR : maths-advanced/2007-abbotsleigh-trial/q10a.pdf: Failed to set modification time: object not found
2026/07/03 11:23:26 ERROR : maths-advanced/2007-abbotsleigh-trial/q10f.pdf: Failed to set modification time: object not found
2026/07/03 11:23:26 NOTICE: maths-advanced/2004-ascham-trial/q01.pdf: Failed to read metadata: object not found
2026/07/03 11:23:26 NOTICE: maths-advanced/2004-ascham-trial/q04i.pdf: Failed to read metadata: object not found
2026/07/03 11:23:26 NOTICE: maths-advanced/2004-ascham-trial/q06a.pdf: Failed to read metadata: object not found
2026/07/03 11:23:26 NOTICE: maths-advanced/2004-ascham-trial/q10a.pdf: Failed to read metadata: object not found
2026/07/03 11:23:26 NOTICE: maths-advanced/2004-ascham-trial/q08.pdf: Failed to read metadata: object not found
2026/07/03 11:23:26 NOTICE: maths-advanced/2004-ascham-trial/q10b.pdf: Failed to read metadata: object not found
2026/07/03 11:23:26 NOTICE: maths-advanced/2004-ascham-trial/paper.pdf: Failed to read metadata: object not found
2026/07/03 11:23:26 NOTICE: maths-advanced/2004-ascham-trial/q02a.pdf: Failed to read metadata: object not found
2026/07/03 11:23:26 NOTICE: maths-advanced/2004-ascham-trial/q07.pdf: Failed to read metadata: object not found
2026/07/03 11:23:26 NOTICE: maths-advanced/2004-ascham-trial/q06b.pdf: Failed to read metadata: object not found
2026/07/03 11:23:26 ERROR : maths-advanced/2004-ascham-trial/q01.pdf: Failed to set modification time: object not found
2026/07/03 11:23:26 ERROR : maths-advanced/2004-ascham-trial/q10b.pdf: Failed to set modification time: object not found
2026/07/03 11:23:26 ERROR : maths-advanced/2004-ascham-trial/q06a.pdf: Failed to set modification time: object not found
2026/07/03 11:23:26 ERROR : maths-advanced/2004-ascham-trial/q10a.pdf: Failed to set modification time: object not found
2026/07/03 11:23:26 ERROR : maths-advanced/2004-ascham-trial/q04i.pdf: Failed to set modification time: object not found
2026/07/03 11:23:26 ERROR : maths-advanced/2004-ascham-trial/q02a.pdf: Failed to set modification time: object not found
2026/07/03 11:23:26 ERROR : maths-advanced/2004-ascham-trial/q08.pdf: Failed to set modification time: object not found
2026/07/03 11:23:26 ERROR : maths-advanced/2004-ascham-trial/paper.pdf: Failed to set modification time: object not found
2026/07/03 11:23:26 ERROR : maths-advanced/2004-ascham-trial/q06b.pdf: Failed to set modification time: object not found
2026/07/03 11:23:26 ERROR : maths-advanced/2004-ascham-trial/q07.pdf: Failed to set modification time: object not found
2026/07/03 11:23:26 NOTICE: maths-advanced/2007-ascham-trial/q04.pdf: Failed to read metadata: object not found
2026/07/03 11:23:26 NOTICE: maths-advanced/2007-ascham-trial/q02.pdf: Failed to read metadata: object not found
2026/07/03 11:23:26 NOTICE: maths-advanced/2007-ascham-trial/paper.pdf: Failed to read metadata: object not found
2026/07/03 11:23:26 NOTICE: maths-advanced/2007-ascham-trial/q03.pdf: Failed to read metadata: object not found
2026/07/03 11:23:26 NOTICE: maths-advanced/2007-ascham-trial/q06.pdf: Failed to read metadata: object not found
2026/07/03 11:23:26 NOTICE: maths-advanced/2007-ascham-trial/q08.pdf: Failed to read metadata: object not found
2026/07/03 11:23:26 NOTICE: maths-advanced/2007-ascham-trial/q01i.pdf: Failed to read metadata: object not found
2026/07/03 11:23:26 NOTICE: maths-advanced/2007-ascham-trial/q05.pdf: Failed to read metadata: object not found
2026/07/03 11:23:26 NOTICE: maths-advanced/2007-ascham-trial/q09.pdf: Failed to read metadata: object not found
2026/07/03 11:23:26 NOTICE: maths-advanced/2007-ascham-trial/q07i.pdf: Failed to read metadata: object not found
2026/07/03 11:23:26 NOTICE: maths-advanced/2007-ascham-trial/q10.pdf: Failed to read metadata: object not found
2026/07/03 11:23:26 ERROR : maths-advanced/2007-ascham-trial/q02.pdf: Failed to set modification time: object not found
2026/07/03 11:23:26 NOTICE: maths-advanced/2011-baulkham-hills-yearly/paper.pdf: Failed to read metadata: object not found
2026/07/03 11:23:26 ERROR : maths-advanced/2007-ascham-trial/q01i.pdf: Failed to set modification time: object not found
2026/07/03 11:23:26 ERROR : maths-advanced/2007-ascham-trial/q07i.pdf: Failed to set modification time: object not found
2026/07/03 11:23:26 NOTICE: maths-advanced/2011-baulkham-hills-yearly/q06.pdf: Failed to read metadata: object not found
2026/07/03 11:23:26 ERROR : maths-advanced/2007-ascham-trial/q08.pdf: Failed to set modification time: object not found
2026/07/03 11:23:26 ERROR : maths-advanced/2007-ascham-trial/q09.pdf: Failed to set modification time: object not found
2026/07/03 11:23:26 NOTICE: maths-advanced/2011-baulkham-hills-yearly/q09.pdf: Failed to read metadata: object not found
2026/07/03 11:23:26 NOTICE: maths-advanced/2010-baulkham-hills-yearly/q04.pdf: Failed to read metadata: object not found
2026/07/03 11:23:26 NOTICE: maths-advanced/2011-baulkham-hills-yearly/q08.pdf: Failed to read metadata: object not found
2026/07/03 11:23:26 ERROR : maths-advanced/2007-ascham-trial/q04.pdf: Failed to set modification time: object not found
2026/07/03 11:23:26 ERROR : maths-advanced/2007-ascham-trial/q06.pdf: Failed to set modification time: object not found
2026/07/03 11:23:26 NOTICE: maths-advanced/2011-baulkham-hills-yearly/q04.pdf: Failed to read metadata: object not found
2026/07/03 11:23:26 ERROR : maths-advanced/2007-ascham-trial/q03.pdf: Failed to set modification time: object not found
2026/07/03 11:23:26 ERROR : maths-advanced/2007-ascham-trial/paper.pdf: Failed to set modification time: object not found
2026/07/03 11:23:26 ERROR : maths-advanced/2007-ascham-trial/q05.pdf: Failed to set modification time: object not found
2026/07/03 11:23:26 NOTICE: maths-advanced/2011-baulkham-hills-yearly/q05.pdf: Failed to read metadata: object not found
2026/07/03 11:23:26 ERROR : maths-advanced/2007-ascham-trial/q10.pdf: Failed to set modification time: object not found
2026/07/03 11:23:26 NOTICE: maths-advanced/2010-baulkham-hills-yearly/paper.pdf: Failed to read metadata: object not found
2026/07/03 11:23:26 NOTICE: maths-advanced/2011-baulkham-hills-yearly/q07.pdf: Failed to read metadata: object not found
2026/07/03 11:23:26 NOTICE: maths-advanced/2010-baulkham-hills-yearly/q05.pdf: Failed to read metadata: object not found
2026/07/03 11:23:26 NOTICE: maths-advanced/2010-baulkham-hills-yearly/q02-1.pdf: Failed to read metadata: object not found
2026/07/03 11:23:26 NOTICE: maths-advanced/2010-baulkham-hills-yearly/q06-1.pdf: Failed to read metadata: object not found
2026/07/03 11:23:26 NOTICE: maths-advanced/2010-baulkham-hills-yearly/q06.pdf: Failed to read metadata: object not found
2026/07/03 11:23:26 NOTICE: maths-advanced/2010-baulkham-hills-yearly/q08.pdf: Failed to read metadata: object not found
2026/07/03 11:23:26 NOTICE: maths-advanced/2010-baulkham-hills-yearly/q01.pdf: Failed to read metadata: object not found
2026/07/03 11:23:26 NOTICE: maths-advanced/2010-baulkham-hills-yearly/q01-1.pdf: Failed to read metadata: object not found
2026/07/03 11:23:26 NOTICE: maths-advanced/2010-baulkham-hills-yearly/q07.pdf: Failed to read metadata: object not found
2026/07/03 11:23:26 NOTICE: maths-advanced/2010-baulkham-hills-yearly/q09.pdf: Failed to read metadata: object not found
2026/07/03 11:23:26 NOTICE: maths-advanced/2010-baulkham-hills-yearly/q10.pdf: Failed to read metadata: object not found
2026/07/03 11:23:26 NOTICE: maths-advanced/2010-baulkham-hills-yearly/q05-1.pdf: Failed to read metadata: object not found
2026/07/03 11:23:26 ERROR : maths-advanced/2011-baulkham-hills-yearly/paper.pdf: Failed to set modification time: object not found
2026/07/03 11:23:26 NOTICE: maths-advanced/2010-baulkham-hills-yearly/q02.pdf: Failed to read metadata: object not found
2026/07/03 11:23:26 ERROR : maths-advanced/2010-baulkham-hills-yearly/q04.pdf: Failed to set modification time: object not found
2026/07/03 11:23:26 ERROR : maths-advanced/2011-baulkham-hills-yearly/q06.pdf: Failed to set modification time: object not found
2026/07/03 11:23:26 ERROR : maths-advanced/2011-baulkham-hills-yearly/q09.pdf: Failed to set modification time: object not found
2026/07/03 11:23:26 ERROR : maths-advanced/2011-baulkham-hills-yearly/q07.pdf: Failed to set modification time: object not found
2026/07/03 11:23:26 ERROR : maths-advanced/2011-baulkham-hills-yearly/q08.pdf: Failed to set modification time: object not found
2026/07/03 11:23:26 ERROR : maths-advanced/2010-baulkham-hills-yearly/q08.pdf: Failed to set modification time: object not found
2026/07/03 11:23:26 ERROR : maths-advanced/2011-baulkham-hills-yearly/q04.pdf: Failed to set modification time: object not found
2026/07/03 11:23:26 ERROR : maths-advanced/2011-baulkham-hills-yearly/q05.pdf: Failed to set modification time: object not found
2026/07/03 11:23:26 ERROR : maths-advanced/2010-baulkham-hills-yearly/paper.pdf: Failed to set modification time: object not found
2026/07/03 11:23:26 NOTICE: maths-advanced/2008-baulkham-hills-yearly/q04.pdf: Failed to read metadata: object not found
2026/07/03 11:23:26 ERROR : maths-advanced/2010-baulkham-hills-yearly/q01-1.pdf: Failed to set modification time: object not found
2026/07/03 11:23:26 ERROR : maths-advanced/2010-baulkham-hills-yearly/q06-1.pdf: Failed to set modification time: object not found
2026/07/03 11:23:26 ERROR : maths-advanced/2010-baulkham-hills-yearly/q07.pdf: Failed to set modification time: object not found
2026/07/03 11:23:26 ERROR : maths-advanced/2010-baulkham-hills-yearly/q01.pdf: Failed to set modification time: object not found
2026/07/03 11:23:26 ERROR : maths-advanced/2010-baulkham-hills-yearly/q09.pdf: Failed to set modification time: object not found
2026/07/03 11:23:26 ERROR : maths-advanced/2010-baulkham-hills-yearly/q06.pdf: Failed to set modification time: object not found
2026/07/03 11:23:26 ERROR : maths-advanced/2010-baulkham-hills-yearly/q10.pdf: Failed to set modification time: object not found
2026/07/03 11:23:26 ERROR : maths-advanced/2010-baulkham-hills-yearly/q02-1.pdf: Failed to set modification time: object not found
2026/07/03 11:23:26 NOTICE: maths-advanced/2008-baulkham-hills-yearly/paper.pdf: Failed to read metadata: object not found
2026/07/03 11:23:26 ERROR : maths-advanced/2010-baulkham-hills-yearly/q05.pdf: Failed to set modification time: object not found
2026/07/03 11:23:26 NOTICE: maths-advanced/2008-baulkham-hills-yearly/q01.pdf: Failed to read metadata: object not found
2026/07/03 11:23:26 NOTICE: maths-advanced/2008-baulkham-hills-yearly/q03.pdf: Failed to read metadata: object not found
2026/07/03 11:23:26 NOTICE: maths-advanced/2008-baulkham-hills-yearly/q02.pdf: Failed to read metadata: object not found
2026/07/03 11:23:26 ERROR : maths-advanced/2010-baulkham-hills-yearly/q02.pdf: Failed to set modification time: object not found
2026/07/03 11:23:26 ERROR : maths-advanced/2010-baulkham-hills-yearly/q05-1.pdf: Failed to set modification time: object not found
2026/07/03 11:23:27 NOTICE: maths-advanced/2008-baulkham-hills-yearly/q05.pdf: Failed to read metadata: object not found
2026/07/03 11:23:27 NOTICE: maths-advanced/2008-baulkham-hills-yearly/q09.pdf: Failed to read metadata: object not found
2026/07/03 11:23:27 ERROR : maths-advanced/2008-baulkham-hills-yearly/q04.pdf: Failed to set modification time: object not found
2026/07/03 11:23:27 NOTICE: maths-advanced/2008-baulkham-hills-yearly/q06.pdf: Failed to read metadata: object not found
2026/07/03 11:23:27 NOTICE: maths-advanced/2008-baulkham-hills-yearly/q08.pdf: Failed to read metadata: object not found
2026/07/03 11:23:27 NOTICE: maths-advanced/2008-baulkham-hills-yearly/q10.pdf: Failed to read metadata: object not found
2026/07/03 11:23:27 ERROR : maths-advanced/2008-baulkham-hills-yearly/q02.pdf: Failed to set modification time: object not found
2026/07/03 11:23:27 ERROR : maths-advanced/2008-baulkham-hills-yearly/q03.pdf: Failed to set modification time: object not found
2026/07/03 11:23:27 ERROR : maths-advanced/2008-baulkham-hills-yearly/paper.pdf: Failed to set modification time: object not found
2026/07/03 11:23:27 ERROR : maths-advanced/2008-baulkham-hills-yearly/q01.pdf: Failed to set modification time: object not found
2026/07/03 11:23:27 ERROR : maths-advanced/2008-baulkham-hills-yearly/q05.pdf: Failed to set modification time: object not found
2026/07/03 11:23:27 NOTICE: maths-advanced/2012-ascham-trial/q12.pdf: Failed to read metadata: object not found
2026/07/03 11:23:27 NOTICE: maths-advanced/2012-ascham-trial/q14i.pdf: Failed to read metadata: object not found
2026/07/03 11:23:27 NOTICE: maths-advanced/2012-ascham-trial/q13.pdf: Failed to read metadata: object not found
2026/07/03 11:23:27 NOTICE: maths-advanced/2012-ascham-trial/paper.pdf: Failed to read metadata: object not found
2026/07/03 11:23:27 NOTICE: maths-advanced/2012-ascham-trial/q01.pdf: Failed to read metadata: object not found
2026/07/03 11:23:27 NOTICE: maths-advanced/2012-ascham-trial/q14v.pdf: Failed to read metadata: object not found
2026/07/03 11:23:27 NOTICE: maths-advanced/2012-ascham-trial/q12-1.pdf: Failed to read metadata: object not found
2026/07/03 11:23:27 NOTICE: maths-advanced/2012-ascham-trial/q06.pdf: Failed to read metadata: object not found
2026/07/03 11:23:27 NOTICE: maths-advanced/2012-ascham-trial/q16i-3.pdf: Failed to read metadata: object not found
2026/07/03 11:23:27 NOTICE: maths-advanced/2012-ascham-trial/q04.pdf: Failed to read metadata: object not found
2026/07/03 11:23:27 NOTICE: maths-advanced/2012-ascham-trial/q03.pdf: Failed to read metadata: object not found
2026/07/03 11:23:27 NOTICE: maths-advanced/2012-ascham-trial/q05.pdf: Failed to read metadata: object not found
2026/07/03 11:23:27 ERROR : maths-advanced/2008-baulkham-hills-yearly/q09.pdf: Failed to set modification time: object not found
2026/07/03 11:23:27 NOTICE: maths-advanced/2012-ascham-trial/q15i-1.pdf: Failed to read metadata: object not found
2026/07/03 11:23:27 NOTICE: maths-advanced/2012-ascham-trial/q16.pdf: Failed to read metadata: object not found
2026/07/03 11:23:27 ERROR : maths-advanced/2008-baulkham-hills-yearly/q06.pdf: Failed to set modification time: object not found
2026/07/03 11:23:27 NOTICE: maths-advanced/2012-ascham-trial/q16i-1.pdf: Failed to read metadata: object not found
2026/07/03 11:23:27 NOTICE: maths-advanced/2012-ascham-trial/q15i.pdf: Failed to read metadata: object not found
2026/07/03 11:23:27 NOTICE: maths-advanced/2012-ascham-trial/q16-1.pdf: Failed to read metadata: object not found
2026/07/03 11:23:27 NOTICE: maths-advanced/2012-ascham-trial/q16i.pdf: Failed to read metadata: object not found
2026/07/03 11:23:27 NOTICE: maths-advanced/2012-ascham-trial/q16i-2.pdf: Failed to read metadata: object not found
2026/07/03 11:23:27 NOTICE: maths-advanced/2012-ascham-trial/q15i-2.pdf: Failed to read metadata: object not found
2026/07/03 11:23:27 ERROR : maths-advanced/2008-baulkham-hills-yearly/q10.pdf: Failed to set modification time: object not found
2026/07/03 11:23:27 ERROR : maths-advanced/2008-baulkham-hills-yearly/q08.pdf: Failed to set modification time: object not found
2026/07/03 11:23:27 ERROR : maths-advanced/2012-ascham-trial/q12.pdf: Failed to set modification time: object not found
2026/07/03 11:23:27 ERROR : maths-advanced/2012-ascham-trial/q14i.pdf: Failed to set modification time: object not found
2026/07/03 11:23:27 ERROR : maths-advanced/2012-ascham-trial/q12-1.pdf: Failed to set modification time: object not found
2026/07/03 11:23:27 ERROR : maths-advanced/2012-ascham-trial/q16i-3.pdf: Failed to set modification time: object not found
2026/07/03 11:23:27 ERROR : maths-advanced/2012-ascham-trial/q01.pdf: Failed to set modification time: object not found
2026/07/03 11:23:27 ERROR : maths-advanced/2012-ascham-trial/paper.pdf: Failed to set modification time: object not found
2026/07/03 11:23:27 ERROR : maths-advanced/2012-ascham-trial/q04.pdf: Failed to set modification time: object not found
2026/07/03 11:23:27 ERROR : maths-advanced/2012-ascham-trial/q14v.pdf: Failed to set modification time: object not found
2026/07/03 11:23:27 ERROR : maths-advanced/2012-ascham-trial/q06.pdf: Failed to set modification time: object not found
2026/07/03 11:23:27 ERROR : maths-advanced/2012-ascham-trial/q15i-1.pdf: Failed to set modification time: object not found
2026/07/03 11:23:27 ERROR : maths-advanced/2012-ascham-trial/q16.pdf: Failed to set modification time: object not found
2026/07/03 11:23:27 ERROR : maths-advanced/2012-ascham-trial/q03.pdf: Failed to set modification time: object not found
2026/07/03 11:23:27 ERROR : maths-advanced/2012-ascham-trial/q15i.pdf: Failed to set modification time: object not found
2026/07/03 11:23:27 ERROR : maths-advanced/2012-ascham-trial/q16i-1.pdf: Failed to set modification time: object not found
2026/07/03 11:23:27 ERROR : maths-advanced/2012-ascham-trial/q16i-2.pdf: Failed to set modification time: object not found
2026/07/03 11:23:27 ERROR : maths-advanced/2012-ascham-trial/q16i.pdf: Failed to set modification time: object not found
2026/07/03 11:23:27 ERROR : maths-advanced/2012-ascham-trial/q05.pdf: Failed to set modification time: object not found
2026/07/03 11:23:27 ERROR : maths-advanced/2012-ascham-trial/q13.pdf: Failed to set modification time: object not found
2026/07/03 11:23:27 ERROR : maths-advanced/2012-ascham-trial/q15i-2.pdf: Failed to set modification time: object not found
2026/07/03 11:23:27 ERROR : maths-advanced/2012-ascham-trial/q16-1.pdf: Failed to set modification time: object not found
2026/07/03 11:23:27 NOTICE: maths-advanced/2009-baulkham-hills-yearly/q02.pdf: Failed to read metadata: object not found
2026/07/03 11:23:27 NOTICE: maths-advanced/2009-baulkham-hills-yearly/q05.pdf: Failed to read metadata: object not found
2026/07/03 11:23:27 NOTICE: maths-advanced/2009-baulkham-hills-yearly/q10.pdf: Failed to read metadata: object not found
2026/07/03 11:23:27 NOTICE: maths-advanced/2009-baulkham-hills-yearly/q06.pdf: Failed to read metadata: object not found
2026/07/03 11:23:27 NOTICE: maths-advanced/2009-baulkham-hills-yearly/q07.pdf: Failed to read metadata: object not found
2026/07/03 11:23:27 NOTICE: maths-advanced/2009-baulkham-hills-yearly/q04.pdf: Failed to read metadata: object not found
2026/07/03 11:23:27 NOTICE: maths-advanced/2009-baulkham-hills-yearly/paper.pdf: Failed to read metadata: object not found
2026/07/03 11:23:27 NOTICE: maths-advanced/2009-baulkham-hills-yearly/q08.pdf: Failed to read metadata: object not found
2026/07/03 11:23:27 NOTICE: maths-advanced/2009-baulkham-hills-yearly/q01.pdf: Failed to read metadata: object not found
2026/07/03 11:23:27 NOTICE: maths-advanced/2009-baulkham-hills-yearly/q09.pdf: Failed to read metadata: object not found
2026/07/03 11:23:27 NOTICE: maths-advanced/2009-baulkham-hills-yearly/q03.pdf: Failed to read metadata: object not found
2026/07/03 11:23:27 NOTICE: maths-advanced/2009-baulkham-hills-yearly/q04-1.pdf: Failed to read metadata: object not found
2026/07/03 11:23:27 NOTICE: maths-advanced/2012-baulkham-hills-yearly/q11.pdf: Failed to read metadata: object not found
2026/07/03 11:23:27 NOTICE: maths-advanced/2012-baulkham-hills-yearly/q13v.pdf: Failed to read metadata: object not found
2026/07/03 11:23:27 NOTICE: maths-advanced/2012-baulkham-hills-yearly/q12i.pdf: Failed to read metadata: object not found
2026/07/03 11:23:27 NOTICE: maths-advanced/2012-baulkham-hills-yearly/paper.pdf: Failed to read metadata: object not found
2026/07/03 11:23:27 ERROR : maths-advanced/2009-baulkham-hills-yearly/q05.pdf: Failed to set modification time: object not found
2026/07/03 11:23:27 NOTICE: maths-advanced/2012-baulkham-hills-yearly/q13i-1.pdf: Failed to read metadata: object not found
2026/07/03 11:23:27 NOTICE: maths-advanced/2012-baulkham-hills-yearly/q14i.pdf: Failed to read metadata: object not found
2026/07/03 11:23:27 ERROR : maths-advanced/2009-baulkham-hills-yearly/q06.pdf: Failed to set modification time: object not found
2026/07/03 11:23:27 ERROR : maths-advanced/2009-baulkham-hills-yearly/q07.pdf: Failed to set modification time: object not found
2026/07/03 11:23:27 ERROR : maths-advanced/2009-baulkham-hills-yearly/q09.pdf: Failed to set modification time: object not found
2026/07/03 11:23:27 NOTICE: maths-advanced/2012-baulkham-hills-yearly/q13i.pdf: Failed to read metadata: object not found
2026/07/03 11:23:27 NOTICE: maths-advanced/2012-baulkham-hills-yearly/q14i-1.pdf: Failed to read metadata: object not found
2026/07/03 11:23:27 ERROR : maths-advanced/2009-baulkham-hills-yearly/paper.pdf: Failed to set modification time: object not found
2026/07/03 11:23:27 ERROR : maths-advanced/2009-baulkham-hills-yearly/q02.pdf: Failed to set modification time: object not found
2026/07/03 11:23:27 ERROR : maths-advanced/2009-baulkham-hills-yearly/q10.pdf: Failed to set modification time: object not found
2026/07/03 11:23:27 ERROR : maths-advanced/2009-baulkham-hills-yearly/q01.pdf: Failed to set modification time: object not found
2026/07/03 11:23:27 ERROR : maths-advanced/2009-baulkham-hills-yearly/q04.pdf: Failed to set modification time: object not found
2026/07/03 11:23:27 ERROR : maths-advanced/2009-baulkham-hills-yearly/q03.pdf: Failed to set modification time: object not found
2026/07/03 11:23:27 ERROR : maths-advanced/2009-baulkham-hills-yearly/q08.pdf: Failed to set modification time: object not found
2026/07/03 11:23:27 ERROR : maths-advanced/2009-baulkham-hills-yearly/q04-1.pdf: Failed to set modification time: object not found
2026/07/03 11:23:27 ERROR : maths-advanced/2012-baulkham-hills-yearly/q11.pdf: Failed to set modification time: object not found
2026/07/03 11:23:27 ERROR : maths-advanced/2012-baulkham-hills-yearly/q13v.pdf: Failed to set modification time: object not found
2026/07/03 11:23:27 ERROR : maths-advanced/2012-baulkham-hills-yearly/q14i.pdf: Failed to set modification time: object not found
2026/07/03 11:23:27 ERROR : maths-advanced/2012-baulkham-hills-yearly/q12i.pdf: Failed to set modification time: object not found
2026/07/03 11:23:27 ERROR : maths-advanced/2012-baulkham-hills-yearly/q13i.pdf: Failed to set modification time: object not found
2026/07/03 11:23:27 ERROR : maths-advanced/2012-baulkham-hills-yearly/q14i-1.pdf: Failed to set modification time: object not found
2026/07/03 11:23:27 ERROR : maths-advanced/2012-baulkham-hills-yearly/paper.pdf: Failed to set modification time: object not found
2026/07/03 11:23:27 ERROR : maths-advanced/2012-baulkham-hills-yearly/q13i-1.pdf: Failed to set modification time: object not found
2026/07/03 11:23:27 NOTICE: maths-advanced/2011-abbotsleigh-trial/paper.pdf: Failed to read metadata: object not found
2026/07/03 11:23:27 NOTICE: maths-advanced/2011-abbotsleigh-trial/q03i.pdf: Failed to read metadata: object not found
2026/07/03 11:23:27 NOTICE: maths-advanced/2011-abbotsleigh-trial/q02.pdf: Failed to read metadata: object not found
2026/07/03 11:23:27 NOTICE: maths-advanced/2011-abbotsleigh-trial/q01.pdf: Failed to read metadata: object not found
2026/07/03 11:23:27 NOTICE: maths-advanced/2011-abbotsleigh-trial/q04.pdf: Failed to read metadata: object not found
2026/07/03 11:23:27 NOTICE: maths-advanced/2011-abbotsleigh-trial/q03i-1.pdf: Failed to read metadata: object not found
2026/07/03 11:23:27 NOTICE: maths-advanced/2011-abbotsleigh-trial/q06i.pdf: Failed to read metadata: object not found
2026/07/03 11:23:27 NOTICE: maths-advanced/2011-abbotsleigh-trial/q06.pdf: Failed to read metadata: object not found
2026/07/03 11:23:27 NOTICE: maths-advanced/2011-abbotsleigh-trial/q09-2.pdf: Failed to read metadata: object not found
2026/07/03 11:23:27 NOTICE: maths-advanced/2011-abbotsleigh-trial/q07.pdf: Failed to read metadata: object not found
2026/07/03 11:23:27 NOTICE: maths-advanced/2011-abbotsleigh-trial/q06-1.pdf: Failed to read metadata: object not found
2026/07/03 11:23:27 NOTICE: maths-advanced/2011-abbotsleigh-trial/q09.pdf: Failed to read metadata: object not found
2026/07/03 11:23:27 NOTICE: maths-advanced/2011-abbotsleigh-trial/q09-1.pdf: Failed to read metadata: object not found
2026/07/03 11:23:27 NOTICE: maths-advanced/2011-abbotsleigh-trial/q03i-2.pdf: Failed to read metadata: object not found
2026/07/03 11:23:27 NOTICE: maths-advanced/2011-abbotsleigh-trial/q10a.pdf: Failed to read metadata: object not found
2026/07/03 11:23:27 NOTICE: maths-advanced/2011-abbotsleigh-trial/q08.pdf: Failed to read metadata: object not found
2026/07/03 11:23:27 NOTICE: maths-advanced/2011-abbotsleigh-trial/q10i.pdf: Failed to read metadata: object not found
2026/07/03 11:23:27 NOTICE: maths-advanced/2011-abbotsleigh-trial/q10i-1.pdf: Failed to read metadata: object not found
2026/07/03 11:23:27 NOTICE: maths-advanced/2010-abbotsleigh-trial/q03.pdf: Failed to read metadata: object not found
2026/07/03 11:23:27 NOTICE: maths-advanced/2010-abbotsleigh-trial/paper.pdf: Failed to read metadata: object not found
2026/07/03 11:23:27 NOTICE: maths-advanced/2010-abbotsleigh-trial/q04c.pdf: Failed to read metadata: object not found
2026/07/03 11:23:27 NOTICE: maths-advanced/2010-abbotsleigh-trial/q04v.pdf: Failed to read metadata: object not found
2026/07/03 11:23:27 NOTICE: maths-advanced/2010-abbotsleigh-trial/q04i.pdf: Failed to read metadata: object not found
2026/07/03 11:23:27 NOTICE: maths-advanced/2010-abbotsleigh-trial/q05a.pdf: Failed to read metadata: object not found
2026/07/03 11:23:27 ERROR : maths-advanced/2011-abbotsleigh-trial/paper.pdf: Failed to set modification time: object not found
2026/07/03 11:23:27 NOTICE: maths-advanced/2010-abbotsleigh-trial/q07.pdf: Failed to read metadata: object not found
2026/07/03 11:23:27 ERROR : maths-advanced/2011-abbotsleigh-trial/q02.pdf: Failed to set modification time: object not found
2026/07/03 11:23:27 ERROR : maths-advanced/2011-abbotsleigh-trial/q03i-1.pdf: Failed to set modification time: object not found
2026/07/03 11:23:27 NOTICE: maths-advanced/2010-abbotsleigh-trial/q05b.pdf: Failed to read metadata: object not found
2026/07/03 11:23:27 ERROR : maths-advanced/2011-abbotsleigh-trial/q03i.pdf: Failed to set modification time: object not found
2026/07/03 11:23:27 NOTICE: maths-advanced/2010-abbotsleigh-trial/q05i.pdf: Failed to read metadata: object not found
2026/07/03 11:23:27 ERROR : maths-advanced/2011-abbotsleigh-trial/q04.pdf: Failed to set modification time: object not found
2026/07/03 11:23:27 NOTICE: maths-advanced/2010-abbotsleigh-trial/q04b.pdf: Failed to read metadata: object not found
2026/07/03 11:23:27 NOTICE: maths-advanced/2010-abbotsleigh-trial/q08a.pdf: Failed to read metadata: object not found
2026/07/03 11:23:27 NOTICE: maths-advanced/2010-abbotsleigh-trial/q08b.pdf: Failed to read metadata: object not found
2026/07/03 11:23:27 NOTICE: maths-advanced/2010-abbotsleigh-trial/q02.pdf: Failed to read metadata: object not found
2026/07/03 11:23:27 NOTICE: maths-advanced/2010-abbotsleigh-trial/q10v.pdf: Failed to read metadata: object not found
2026/07/03 11:23:27 ERROR : maths-advanced/2011-abbotsleigh-trial/q06.pdf: Failed to set modification time: object not found
2026/07/03 11:23:27 NOTICE: maths-advanced/2010-abbotsleigh-trial/q04a.pdf: Failed to read metadata: object not found
2026/07/03 11:23:27 ERROR : maths-advanced/2011-abbotsleigh-trial/q06i.pdf: Failed to set modification time: object not found
2026/07/03 11:23:27 NOTICE: maths-advanced/2010-abbotsleigh-trial/q08i.pdf: Failed to read metadata: object not found
2026/07/03 11:23:27 ERROR : maths-advanced/2011-abbotsleigh-trial/q06-1.pdf: Failed to set modification time: object not found
2026/07/03 11:23:27 ERROR : maths-advanced/2011-abbotsleigh-trial/q09-2.pdf: Failed to set modification time: object not found
2026/07/03 11:23:27 NOTICE: maths-advanced/2010-abbotsleigh-trial/q10a-1.pdf: Failed to read metadata: object not found
2026/07/03 11:23:27 ERROR : maths-advanced/2011-abbotsleigh-trial/q09-1.pdf: Failed to set modification time: object not found
2026/07/03 11:23:27 ERROR : maths-advanced/2011-abbotsleigh-trial/q03i-2.pdf: Failed to set modification time: object not found
2026/07/03 11:23:27 ERROR : maths-advanced/2011-abbotsleigh-trial/q08.pdf: Failed to set modification time: object not found
2026/07/03 11:23:27 NOTICE: maths-advanced/2010-abbotsleigh-trial/q10i.pdf: Failed to read metadata: object not found
2026/07/03 11:23:27 ERROR : maths-advanced/2011-abbotsleigh-trial/q09.pdf: Failed to set modification time: object not found
2026/07/03 11:23:27 NOTICE: maths-advanced/2010-abbotsleigh-trial/q09.pdf: Failed to read metadata: object not found
2026/07/03 11:23:27 NOTICE: maths-advanced/2010-abbotsleigh-trial/q10a.pdf: Failed to read metadata: object not found
2026/07/03 11:23:27 ERROR : maths-advanced/2011-abbotsleigh-trial/q01.pdf: Failed to set modification time: object not found
2026/07/03 11:23:27 ERROR : maths-advanced/2011-abbotsleigh-trial/q10a.pdf: Failed to set modification time: object not found
2026/07/03 11:23:27 NOTICE: maths-advanced/2010-abbotsleigh-trial/q10b.pdf: Failed to read metadata: object not found
2026/07/03 11:23:27 ERROR : maths-advanced/2011-abbotsleigh-trial/q10i.pdf: Failed to set modification time: object not found
2026/07/03 11:23:27 ERROR : maths-advanced/2010-abbotsleigh-trial/q03.pdf: Failed to set modification time: object not found
2026/07/03 11:23:27 ERROR : maths-advanced/2010-abbotsleigh-trial/paper.pdf: Failed to set modification time: object not found
2026/07/03 11:23:27 ERROR : maths-advanced/2011-abbotsleigh-trial/q07.pdf: Failed to set modification time: object not found
2026/07/03 11:23:27 ERROR : maths-advanced/2010-abbotsleigh-trial/q05a.pdf: Failed to set modification time: object not found
2026/07/03 11:23:27 ERROR : maths-advanced/2010-abbotsleigh-trial/q07.pdf: Failed to set modification time: object not found
2026/07/03 11:23:27 ERROR : maths-advanced/2010-abbotsleigh-trial/q04v.pdf: Failed to set modification time: object not found
2026/07/03 11:23:27 ERROR : maths-advanced/2010-abbotsleigh-trial/q04a.pdf: Failed to set modification time: object not found
2026/07/03 11:23:27 ERROR : maths-advanced/2010-abbotsleigh-trial/q08i.pdf: Failed to set modification time: object not found
2026/07/03 11:23:27 ERROR : maths-advanced/2010-abbotsleigh-trial/q02.pdf: Failed to set modification time: object not found
2026/07/03 11:23:27 ERROR : maths-advanced/2010-abbotsleigh-trial/q04b.pdf: Failed to set modification time: object not found
2026/07/03 11:23:27 ERROR : maths-advanced/2010-abbotsleigh-trial/q05b.pdf: Failed to set modification time: object not found
2026/07/03 11:23:27 ERROR : maths-advanced/2010-abbotsleigh-trial/q10a-1.pdf: Failed to set modification time: object not found
2026/07/03 11:23:27 ERROR : maths-advanced/2010-abbotsleigh-trial/q05i.pdf: Failed to set modification time: object not found
2026/07/03 11:23:27 ERROR : maths-advanced/2010-abbotsleigh-trial/q04c.pdf: Failed to set modification time: object not found
2026/07/03 11:23:27 ERROR : maths-advanced/2010-abbotsleigh-trial/q08a.pdf: Failed to set modification time: object not found
2026/07/03 11:23:27 ERROR : maths-advanced/2010-abbotsleigh-trial/q09.pdf: Failed to set modification time: object not found
2026/07/03 11:23:27 ERROR : maths-advanced/2010-abbotsleigh-trial/q10v.pdf: Failed to set modification time: object not found
2026/07/03 11:23:27 ERROR : maths-advanced/2011-abbotsleigh-trial/q10i-1.pdf: Failed to set modification time: object not found
2026/07/03 11:23:27 ERROR : maths-advanced/2010-abbotsleigh-trial/q08b.pdf: Failed to set modification time: object not found
2026/07/03 11:23:27 ERROR : maths-advanced/2010-abbotsleigh-trial/q10i.pdf: Failed to set modification time: object not found
2026/07/03 11:23:27 ERROR : maths-advanced/2010-abbotsleigh-trial/q04i.pdf: Failed to set modification time: object not found
2026/07/03 11:23:27 ERROR : maths-advanced/2010-abbotsleigh-trial/q10a.pdf: Failed to set modification time: object not found
2026/07/03 11:23:27 NOTICE: maths-advanced/2014-baulkham-hills-yearly/q02.pdf: Failed to read metadata: object not found
2026/07/03 11:23:27 NOTICE: maths-advanced/2013-ascham-trial/q12.pdf: Failed to read metadata: object not found
2026/07/03 11:23:27 ERROR : maths-advanced/2010-abbotsleigh-trial/q10b.pdf: Failed to set modification time: object not found
2026/07/03 11:23:27 NOTICE: maths-advanced/2013-ascham-trial/paper.pdf: Failed to read metadata: object not found
2026/07/03 11:23:27 NOTICE: maths-advanced/2014-baulkham-hills-yearly/q03.pdf: Failed to read metadata: object not found
2026/07/03 11:23:27 NOTICE: maths-advanced/2013-ascham-trial/q11.pdf: Failed to read metadata: object not found
2026/07/03 11:23:27 NOTICE: maths-advanced/2014-baulkham-hills-yearly/paper.pdf: Failed to read metadata: object not found
2026/07/03 11:23:27 NOTICE: maths-advanced/2013-ascham-trial/q14.pdf: Failed to read metadata: object not found
2026/07/03 11:23:27 NOTICE: maths-advanced/2013-ascham-trial/q16.pdf: Failed to read metadata: object not found
2026/07/03 11:23:27 NOTICE: maths-advanced/2013-ascham-trial/q16-1.pdf: Failed to read metadata: object not found
2026/07/03 11:23:28 ERROR : maths-advanced/2013-ascham-trial/q11.pdf: Failed to set modification time: object not found
2026/07/03 11:23:28 ERROR : maths-advanced/2013-ascham-trial/q12.pdf: Failed to set modification time: object not found
2026/07/03 11:23:28 ERROR : maths-advanced/2013-ascham-trial/q14.pdf: Failed to set modification time: object not found
2026/07/03 11:23:28 ERROR : maths-advanced/2013-ascham-trial/q16-1.pdf: Failed to set modification time: object not found
2026/07/03 11:23:28 ERROR : maths-advanced/2014-baulkham-hills-yearly/q02.pdf: Failed to set modification time: object not found
2026/07/03 11:23:28 ERROR : maths-advanced/2014-baulkham-hills-yearly/paper.pdf: Failed to set modification time: object not found
2026/07/03 11:23:28 ERROR : maths-advanced/2014-baulkham-hills-yearly/q03.pdf: Failed to set modification time: object not found
2026/07/03 11:23:28 ERROR : maths-advanced/2013-ascham-trial/paper.pdf: Failed to set modification time: object not found
2026/07/03 11:23:28 ERROR : maths-advanced/2013-ascham-trial/q16.pdf: Failed to set modification time: object not found
2026/07/03 11:23:28 NOTICE: maths-advanced/2015-baulkham-hills-yearly/paper.pdf: Failed to read metadata: object not found
2026/07/03 11:23:28 ERROR : maths-advanced/2015-baulkham-hills-yearly/paper.pdf: Failed to set modification time: object not found
2026/07/03 11:23:28 NOTICE: maths-advanced/2011-ascham-trial/q03.pdf: Failed to read metadata: object not found
2026/07/03 11:23:28 NOTICE: maths-advanced/2011-ascham-trial/q06.pdf: Failed to read metadata: object not found
2026/07/03 11:23:28 NOTICE: maths-advanced/2011-ascham-trial/paper.pdf: Failed to read metadata: object not found
2026/07/03 11:23:28 NOTICE: maths-advanced/2013-baulkham-hills-yearly/q11b.pdf: Failed to read metadata: object not found
2026/07/03 11:23:28 NOTICE: maths-advanced/2013-baulkham-hills-yearly/q14c.pdf: Failed to read metadata: object not found
2026/07/03 11:23:28 NOTICE: maths-advanced/2013-baulkham-hills-yearly/paper.pdf: Failed to read metadata: object not found
2026/07/03 11:23:28 NOTICE: maths-advanced/2013-baulkham-hills-yearly/q11a.pdf: Failed to read metadata: object not found
2026/07/03 11:23:28 NOTICE: maths-advanced/2011-ascham-trial/q07.pdf: Failed to read metadata: object not found
2026/07/03 11:23:28 NOTICE: maths-advanced/2013-baulkham-hills-yearly/q14i.pdf: Failed to read metadata: object not found
2026/07/03 11:23:28 NOTICE: maths-advanced/2011-ascham-trial/q10.pdf: Failed to read metadata: object not found
2026/07/03 11:23:28 NOTICE: maths-advanced/2013-baulkham-hills-yearly/q14i-1.pdf: Failed to read metadata: object not found
2026/07/03 11:23:28 ERROR : maths-advanced/2011-ascham-trial/q06.pdf: Failed to set modification time: object not found
2026/07/03 11:23:28 ERROR : maths-advanced/2011-ascham-trial/paper.pdf: Failed to set modification time: object not found
2026/07/03 11:23:28 ERROR : maths-advanced/2013-baulkham-hills-yearly/q11b.pdf: Failed to set modification time: object not found
2026/07/03 11:23:28 ERROR : maths-advanced/2013-baulkham-hills-yearly/q11a.pdf: Failed to set modification time: object not found
2026/07/03 11:23:28 ERROR : maths-advanced/2011-ascham-trial/q03.pdf: Failed to set modification time: object not found
2026/07/03 11:23:28 ERROR : maths-advanced/2013-baulkham-hills-yearly/q14i.pdf: Failed to set modification time: object not found
2026/07/03 11:23:28 ERROR : maths-advanced/2011-ascham-trial/q07.pdf: Failed to set modification time: object not found
2026/07/03 11:23:28 ERROR : maths-advanced/2013-baulkham-hills-yearly/paper.pdf: Failed to set modification time: object not found
2026/07/03 11:23:28 ERROR : maths-advanced/2011-ascham-trial/q10.pdf: Failed to set modification time: object not found
2026/07/03 11:23:28 ERROR : maths-advanced/2013-baulkham-hills-yearly/q14c.pdf: Failed to set modification time: object not found
2026/07/03 11:23:28 ERROR : maths-advanced/2013-baulkham-hills-yearly/q14i-1.pdf: Failed to set modification time: object not found
2026/07/03 11:23:29 NOTICE: maths-advanced/2016-ascham-trial/q09.pdf: Failed to read metadata: object not found
2026/07/03 11:23:29 NOTICE: maths-advanced/2016-ascham-trial/q01.pdf: Failed to read metadata: object not found
2026/07/03 11:23:29 NOTICE: maths-advanced/2016-ascham-trial/q12.pdf: Failed to read metadata: object not found
2026/07/03 11:23:29 NOTICE: maths-advanced/2016-ascham-trial/paper.pdf: Failed to read metadata: object not found
2026/07/03 11:23:29 NOTICE: maths-advanced/2016-ascham-trial/q15-2.pdf: Failed to read metadata: object not found
2026/07/03 11:23:29 NOTICE: maths-advanced/2016-ascham-trial/q02.pdf: Failed to read metadata: object not found
2026/07/03 11:23:29 NOTICE: maths-advanced/2016-ascham-trial/q08.pdf: Failed to read metadata: object not found
2026/07/03 11:23:29 NOTICE: maths-advanced/2016-ascham-trial/q06.pdf: Failed to read metadata: object not found
2026/07/03 11:23:29 NOTICE: maths-advanced/2016-ascham-trial/q07.pdf: Failed to read metadata: object not found
2026/07/03 11:23:29 NOTICE: maths-advanced/2016-ascham-trial/q15.pdf: Failed to read metadata: object not found
2026/07/03 11:23:29 NOTICE: maths-advanced/2016-ascham-trial/q05.pdf: Failed to read metadata: object not found
2026/07/03 11:23:29 NOTICE: maths-advanced/2016-ascham-trial/q16.pdf: Failed to read metadata: object not found
2026/07/03 11:23:29 NOTICE: maths-advanced/2016-ascham-trial/q04.pdf: Failed to read metadata: object not found
2026/07/03 11:23:29 NOTICE: maths-advanced/2016-ascham-trial/q03.pdf: Failed to read metadata: object not found
2026/07/03 11:23:29 NOTICE: maths-advanced/2016-ascham-trial/q14.pdf: Failed to read metadata: object not found
2026/07/03 11:23:29 NOTICE: maths-advanced/2016-ascham-trial/q11.pdf: Failed to read metadata: object not found
2026/07/03 11:23:29 NOTICE: maths-advanced/2016-ascham-trial/q15-1.pdf: Failed to read metadata: object not found
2026/07/03 11:23:29 NOTICE: maths-advanced/2016-ascham-trial/q10.pdf: Failed to read metadata: object not found
2026/07/03 11:23:29 NOTICE: maths-advanced/2016-ascham-trial/q13.pdf: Failed to read metadata: object not found
2026/07/03 11:23:29 ERROR : maths-advanced/2016-ascham-trial/q01.pdf: Failed to set modification time: object not found
2026/07/03 11:23:29 ERROR : maths-advanced/2016-ascham-trial/q15-2.pdf: Failed to set modification time: object not found
2026/07/03 11:23:29 ERROR : maths-advanced/2016-ascham-trial/paper.pdf: Failed to set modification time: object not found
2026/07/03 11:23:29 ERROR : maths-advanced/2016-ascham-trial/q06.pdf: Failed to set modification time: object not found
2026/07/03 11:23:29 NOTICE: maths-advanced/2018-baulkham-hills-yearly/q11.pdf: Failed to read metadata: object not found
2026/07/03 11:23:29 ERROR : maths-advanced/2016-ascham-trial/q09.pdf: Failed to set modification time: object not found
2026/07/03 11:23:29 NOTICE: maths-advanced/2016-hsc/paper.pdf: Failed to read metadata: object not found
2026/07/03 11:23:29 NOTICE: maths-advanced/2017-baulkham-hills-yearly/paper.pdf: Failed to read metadata: object not found
2026/07/03 11:23:29 ERROR : maths-advanced/2016-ascham-trial/q12.pdf: Failed to set modification time: object not found
2026/07/03 11:23:29 ERROR : maths-advanced/2016-ascham-trial/q15.pdf: Failed to set modification time: object not found
2026/07/03 11:23:29 NOTICE: maths-advanced/2016-abbotsleigh-trial/paper.pdf: Failed to read metadata: object not found
2026/07/03 11:23:29 NOTICE: maths-advanced/2018-baulkham-hills-yearly/paper.pdf: Failed to read metadata: object not found
2026/07/03 11:23:29 ERROR : maths-advanced/2016-ascham-trial/q11.pdf: Failed to set modification time: object not found
2026/07/03 11:23:29 ERROR : maths-advanced/2016-ascham-trial/q02.pdf: Failed to set modification time: object not found
2026/07/03 11:23:29 ERROR : maths-advanced/2016-ascham-trial/q03.pdf: Failed to set modification time: object not found
2026/07/03 11:23:29 ERROR : maths-advanced/2016-ascham-trial/q08.pdf: Failed to set modification time: object not found
2026/07/03 11:23:29 ERROR : maths-advanced/2016-ascham-trial/q05.pdf: Failed to set modification time: object not found
2026/07/03 11:23:29 ERROR : maths-advanced/2016-ascham-trial/q04.pdf: Failed to set modification time: object not found
2026/07/03 11:23:29 ERROR : maths-advanced/2016-ascham-trial/q07.pdf: Failed to set modification time: object not found
2026/07/03 11:23:29 ERROR : maths-advanced/2016-ascham-trial/q16.pdf: Failed to set modification time: object not found
2026/07/03 11:23:29 ERROR : maths-advanced/2016-ascham-trial/q15-1.pdf: Failed to set modification time: object not found
2026/07/03 11:23:29 ERROR : maths-advanced/2016-ascham-trial/q10.pdf: Failed to set modification time: object not found
2026/07/03 11:23:29 ERROR : maths-advanced/2016-ascham-trial/q14.pdf: Failed to set modification time: object not found
2026/07/03 11:23:29 NOTICE: maths-advanced/2018-baulkham-hills-yearly/q14.pdf: Failed to read metadata: object not found
2026/07/03 11:23:29 NOTICE: maths-advanced/2016-baulkham-hills-yearly/paper.pdf: Failed to read metadata: object not found
2026/07/03 11:23:29 NOTICE: maths-advanced/2016-abbotsleigh-trial/q03.pdf: Failed to read metadata: object not found
2026/07/03 11:23:29 NOTICE: maths-advanced/2019-baulkham-hills-yearly/paper.pdf: Failed to read metadata: object not found
2026/07/03 11:23:29 ERROR : maths-advanced/2016-ascham-trial/q13.pdf: Failed to set modification time: object not found
2026/07/03 11:23:29 NOTICE: maths-advanced/2020-abbotsleigh-yearly/paper.pdf: Failed to read metadata: object not found
2026/07/03 11:23:29 NOTICE: maths-advanced/2015-hsc/paper.pdf: Failed to read metadata: object not found
2026/07/03 11:23:29 NOTICE: maths-advanced/2019-baulkham-hills-yearly/q01a-1.pdf: Failed to read metadata: object not found
2026/07/03 11:23:29 NOTICE: maths-advanced/2016-hsc/q11a.pdf: Failed to read metadata: object not found
2026/07/03 11:23:29 NOTICE: maths-advanced/2021-barker-yearly/paper.pdf: Failed to read metadata: object not found
2026/07/03 11:23:29 NOTICE: maths-advanced/2019-hsc/paper.pdf: Failed to read metadata: object not found
2026/07/03 11:23:29 ERROR : maths-advanced/2018-baulkham-hills-yearly/q11.pdf: Failed to set modification time: object not found
2026/07/03 11:23:29 NOTICE: maths-advanced/2017-hsc/paper.pdf: Failed to read metadata: object not found
2026/07/03 11:23:29 ERROR : maths-advanced/2016-hsc/paper.pdf: Failed to set modification time: object not found
2026/07/03 11:23:29 NOTICE: maths-advanced/2021-baulkham-hills-yearly/paper.pdf: Failed to read metadata: object not found
2026/07/03 11:23:29 NOTICE: maths-advanced/2020-baulkham-hills-yearly/paper.pdf: Failed to read metadata: object not found
2026/07/03 11:23:29 NOTICE: maths-advanced/2020-blacktown-boys-yearly/paper.pdf: Failed to read metadata: object not found
2026/07/03 11:23:29 ERROR : maths-advanced/2017-baulkham-hills-yearly/paper.pdf: Failed to set modification time: object not found
2026/07/03 11:23:29 ERROR : maths-advanced/2016-abbotsleigh-trial/paper.pdf: Failed to set modification time: object not found
2026/07/03 11:23:29 ERROR : maths-advanced/2018-baulkham-hills-yearly/paper.pdf: Failed to set modification time: object not found
2026/07/03 11:23:29 NOTICE: maths-advanced/2021-hsc/paper.pdf: Failed to read metadata: object not found
2026/07/03 11:23:29 NOTICE: maths-advanced/2016-hsc/q11b.pdf: Failed to read metadata: object not found
2026/07/03 11:23:29 NOTICE: maths-advanced/2020-ascham-trial/paper.pdf: Failed to read metadata: object not found
2026/07/03 11:23:29 NOTICE: maths-advanced/2016-baulkham-hills-yearly/q07.pdf: Failed to read metadata: object not found
2026/07/03 11:23:29 NOTICE: maths-advanced/2020-hsc/paper.pdf: Failed to read metadata: object not found
2026/07/03 11:23:29 NOTICE: maths-advanced/2016-abbotsleigh-trial/q04.pdf: Failed to read metadata: object not found
2026/07/03 11:23:29 ERROR : maths-advanced/2016-abbotsleigh-trial/q03.pdf: Failed to set modification time: object not found
2026/07/03 11:23:29 ERROR : maths-advanced/2016-baulkham-hills-yearly/paper.pdf: Failed to set modification time: object not found
2026/07/03 11:23:29 NOTICE: maths-advanced/2022-blacktown-boys-yearly/paper.pdf: Failed to read metadata: object not found
2026/07/03 11:23:29 ERROR : maths-advanced/2018-baulkham-hills-yearly/q14.pdf: Failed to set modification time: object not found
2026/07/03 11:23:29 NOTICE: maths-advanced/2021-barker-yearly/q02.pdf: Failed to read metadata: object not found
2026/07/03 11:23:29 NOTICE: maths-advanced/2021-abbotsleigh-trial/paper.pdf: Failed to read metadata: object not found
2026/07/03 11:23:29 ERROR : maths-advanced/2019-baulkham-hills-yearly/paper.pdf: Failed to set modification time: object not found
2026/07/03 11:23:29 ERROR : maths-advanced/2020-abbotsleigh-yearly/paper.pdf: Failed to set modification time: object not found
2026/07/03 11:23:29 NOTICE: maths-advanced/2018-hsc/paper.pdf: Failed to read metadata: object not found
2026/07/03 11:23:29 NOTICE: maths-advanced/2019-baulkham-hills-yearly/q01a.pdf: Failed to read metadata: object not found
2026/07/03 11:23:29 ERROR : maths-advanced/2021-barker-yearly/paper.pdf: Failed to set modification time: object not found
2026/07/03 11:23:29 NOTICE: maths-advanced/2021-baulkham-hills-yearly/q11a.pdf: Failed to read metadata: object not found
2026/07/03 11:23:29 NOTICE: maths-advanced/2020-abbotsleigh-yearly/q01.pdf: Failed to read metadata: object not found
2026/07/03 11:23:29 NOTICE: maths-advanced/2020-baulkham-hills-yearly/q11-1.pdf: Failed to read metadata: object not found
2026/07/03 11:23:29 NOTICE: maths-advanced/2020-abbotsleigh-trial/paper.pdf: Failed to read metadata: object not found
2026/07/03 11:23:29 ERROR : maths-advanced/2015-hsc/paper.pdf: Failed to set modification time: object not found
2026/07/03 11:23:29 NOTICE: maths-advanced/2022-hsc/paper.pdf: Failed to read metadata: object not found
2026/07/03 11:23:29 ERROR : maths-advanced/2016-hsc/q11a.pdf: Failed to set modification time: object not found
2026/07/03 11:23:29 NOTICE: maths-advanced/2023-hsc/paper.pdf: Failed to read metadata: object not found
2026/07/03 11:23:29 NOTICE: maths-advanced/2023-baulkham-hills-yearly/paper.pdf: Failed to read metadata: object not found
2026/07/03 11:23:29 ERROR : maths-advanced/2021-baulkham-hills-yearly/paper.pdf: Failed to set modification time: object not found
2026/07/03 11:23:29 ERROR : maths-advanced/2017-hsc/paper.pdf: Failed to set modification time: object not found
2026/07/03 11:23:29 NOTICE: maths-advanced/2022-ascham-trial/paper.pdf: Failed to read metadata: object not found
2026/07/03 11:23:29 NOTICE: maths-advanced/2016-hsc/q11c.pdf: Failed to read metadata: object not found
2026/07/03 11:23:29 ERROR : maths-advanced/2020-blacktown-boys-yearly/paper.pdf: Failed to set modification time: object not found
2026/07/03 11:23:29 ERROR : maths-advanced/2019-hsc/paper.pdf: Failed to set modification time: object not found
2026/07/03 11:23:29 NOTICE: maths-advanced/2019-hsc/q11.pdf: Failed to read metadata: object not found
2026/07/03 11:23:29 NOTICE: maths-advanced/2020-ascham-trial/q05.pdf: Failed to read metadata: object not found
2026/07/03 11:23:29 ERROR : maths-advanced/2019-baulkham-hills-yearly/q01a-1.pdf: Failed to set modification time: object not found
2026/07/03 11:23:29 ERROR : maths-advanced/2021-hsc/paper.pdf: Failed to set modification time: object not found
2026/07/03 11:23:29 ERROR : maths-advanced/2016-hsc/q11b.pdf: Failed to set modification time: object not found
2026/07/03 11:23:29 ERROR : maths-advanced/2016-baulkham-hills-yearly/q07.pdf: Failed to set modification time: object not found
2026/07/03 11:23:29 NOTICE: maths-advanced/2020-blacktown-boys-yearly/q11.pdf: Failed to read metadata: object not found
2026/07/03 11:23:29 ERROR : maths-advanced/2020-baulkham-hills-yearly/paper.pdf: Failed to set modification time: object not found
2026/07/03 11:23:29 ERROR : maths-advanced/2016-abbotsleigh-trial/q04.pdf: Failed to set modification time: object not found
2026/07/03 11:23:29 NOTICE: maths-advanced/2017-hsc/q02.pdf: Failed to read metadata: object not found
2026/07/03 11:23:29 ERROR : maths-advanced/2020-ascham-trial/paper.pdf: Failed to set modification time: object not found
2026/07/03 11:23:29 ERROR : maths-advanced/2022-blacktown-boys-yearly/paper.pdf: Failed to set modification time: object not found
2026/07/03 11:23:29 ERROR : maths-advanced/2021-barker-yearly/q02.pdf: Failed to set modification time: object not found
2026/07/03 11:23:29 NOTICE: maths-advanced/2021-hsc/q11.pdf: Failed to read metadata: object not found
2026/07/03 11:23:29 ERROR : maths-advanced/2021-abbotsleigh-trial/paper.pdf: Failed to set modification time: object not found
2026/07/03 11:23:29 NOTICE: maths-advanced/2021-abbotsleigh-trial/q03.pdf: Failed to read metadata: object not found
2026/07/03 11:23:29 ERROR : maths-advanced/2020-hsc/paper.pdf: Failed to set modification time: object not found
2026/07/03 11:23:29 ERROR : maths-advanced/2018-hsc/paper.pdf: Failed to set modification time: object not found
2026/07/03 11:23:29 NOTICE: maths-advanced/2019-ascham-yearly/paper.pdf: Failed to read metadata: object not found
2026/07/03 11:23:29 NOTICE: maths-advanced/2020-hsc/q11.pdf: Failed to read metadata: object not found
2026/07/03 11:23:29 NOTICE: maths-advanced/2022-baulkham-hills-yearly/paper.pdf: Failed to read metadata: object not found
2026/07/03 11:23:29 ERROR : maths-advanced/2020-abbotsleigh-yearly/q01.pdf: Failed to set modification time: object not found
2026/07/03 11:23:29 NOTICE: maths-advanced/2016-abbotsleigh-trial/q05.pdf: Failed to read metadata: object not found
2026/07/03 11:23:29 ERROR : maths-advanced/2019-baulkham-hills-yearly/q01a.pdf: Failed to set modification time: object not found
2026/07/03 11:23:29 NOTICE: maths-advanced/2024-abbotsleigh-yearly/paper.pdf: Failed to read metadata: object not found
2026/07/03 11:23:29 NOTICE: maths-advanced/2023-abbotsleigh-trial/paper.pdf: Failed to read metadata: object not found
2026/07/03 11:23:29 NOTICE: maths-advanced/2020-abbotsleigh-trial/q10.pdf: Failed to read metadata: object not found
2026/07/03 11:23:29 ERROR : maths-advanced/2021-baulkham-hills-yearly/q11a.pdf: Failed to set modification time: object not found
2026/07/03 11:23:29 NOTICE: maths-advanced/2022-blacktown-boys-yearly/q02.pdf: Failed to read metadata: object not found
2026/07/03 11:23:29 ERROR : maths-advanced/2023-hsc/paper.pdf: Failed to set modification time: object not found
2026/07/03 11:23:29 ERROR : maths-advanced/2023-baulkham-hills-yearly/paper.pdf: Failed to set modification time: object not found
2026/07/03 11:23:29 NOTICE: maths-advanced/2019-baulkham-hills-yearly/q15i-1.pdf: Failed to read metadata: object not found
2026/07/03 11:23:29 NOTICE: maths-advanced/2016-baulkham-hills-yearly/q14.pdf: Failed to read metadata: object not found
2026/07/03 11:23:29 ERROR : maths-advanced/2022-ascham-trial/paper.pdf: Failed to set modification time: object not found
2026/07/03 11:23:29 NOTICE: maths-advanced/2023-ascham-trial/paper.pdf: Failed to read metadata: object not found
2026/07/03 11:23:29 ERROR : maths-advanced/2022-hsc/paper.pdf: Failed to set modification time: object not found
2026/07/03 11:23:29 NOTICE: maths-advanced/2018-hsc/q11a.pdf: Failed to read metadata: object not found
2026/07/03 11:23:29 NOTICE: maths-advanced/2023-baulkham-hills-yearly/q08.pdf: Failed to read metadata: object not found
2026/07/03 11:23:29 NOTICE: maths-advanced/2020-abbotsleigh-yearly/q10.pdf: Failed to read metadata: object not found
2026/07/03 11:23:29 ERROR : maths-advanced/2020-blacktown-boys-yearly/q11.pdf: Failed to set modification time: object not found
2026/07/03 11:23:29 ERROR : maths-advanced/2020-abbotsleigh-trial/paper.pdf: Failed to set modification time: object not found
2026/07/03 11:23:29 ERROR : maths-advanced/2017-hsc/q02.pdf: Failed to set modification time: object not found
2026/07/03 11:23:29 NOTICE: maths-advanced/2024-abbotsleigh-trial/paper.pdf: Failed to read metadata: object not found
2026/07/03 11:23:29 NOTICE: maths-advanced/2020-blacktown-boys-yearly/q12.pdf: Failed to read metadata: object not found
2026/07/03 11:23:29 NOTICE: maths-advanced/2016-hsc/q11d.pdf: Failed to read metadata: object not found
2026/07/03 11:23:29 NOTICE: maths-advanced/2019-ascham-yearly/q09.pdf: Failed to read metadata: object not found
2026/07/03 11:23:29 NOTICE: maths-advanced/2016-abbotsleigh-trial/q06.pdf: Failed to read metadata: object not found
2026/07/03 11:23:29 ERROR : maths-advanced/2019-hsc/q11.pdf: Failed to set modification time: object not found
2026/07/03 11:23:29 NOTICE: maths-advanced/2017-hsc/q11.pdf: Failed to read metadata: object not found
2026/07/03 11:23:29 NOTICE: maths-advanced/2022-baulkham-hills-yearly/q11.pdf: Failed to read metadata: object not found
2026/07/03 11:23:29 ERROR : maths-advanced/2020-ascham-trial/q05.pdf: Failed to set modification time: object not found
2026/07/03 11:23:29 NOTICE: maths-advanced/2020-baulkham-hills-yearly/q11.pdf: Failed to read metadata: object not found
2026/07/03 11:23:29 NOTICE: maths-advanced/2021-hsc/q12a.pdf: Failed to read metadata: object not found
2026/07/03 11:23:29 ERROR : maths-advanced/2024-abbotsleigh-yearly/paper.pdf: Failed to set modification time: object not found
2026/07/03 11:23:29 ERROR : maths-advanced/2016-abbotsleigh-trial/q05.pdf: Failed to set modification time: object not found
2026/07/03 11:23:29 ERROR : maths-advanced/2016-baulkham-hills-yearly/q14.pdf: Failed to set modification time: object not found
2026/07/03 11:23:29 NOTICE: maths-advanced/2021-baulkham-hills-yearly/q12a.pdf: Failed to read metadata: object not found
2026/07/03 11:23:29 ERROR : maths-advanced/2020-hsc/q11.pdf: Failed to set modification time: object not found
2026/07/03 11:23:29 NOTICE: maths-advanced/2019-hsc/q11a.pdf: Failed to read metadata: object not found
2026/07/03 11:23:29 ERROR : maths-advanced/2020-baulkham-hills-yearly/q11-1.pdf: Failed to set modification time: object not found
2026/07/03 11:23:29 NOTICE: maths-advanced/2022-hsc/q11a.pdf: Failed to read metadata: object not found
2026/07/03 11:23:29 ERROR : maths-advanced/2023-abbotsleigh-trial/paper.pdf: Failed to set modification time: object not found
2026/07/03 11:23:29 ERROR : maths-advanced/2021-hsc/q11.pdf: Failed to set modification time: object not found
2026/07/03 11:23:29 NOTICE: maths-advanced/2022-ascham-trial/q05.pdf: Failed to read metadata: object not found
2026/07/03 11:23:29 ERROR : maths-advanced/2022-baulkham-hills-yearly/paper.pdf: Failed to set modification time: object not found
2026/07/03 11:23:29 ERROR : maths-advanced/2021-abbotsleigh-trial/q03.pdf: Failed to set modification time: object not found
2026/07/03 11:23:29 ERROR : maths-advanced/2016-hsc/q11c.pdf: Failed to set modification time: object not found
2026/07/03 11:23:29 ERROR : maths-advanced/2019-ascham-yearly/paper.pdf: Failed to set modification time: object not found
2026/07/03 11:23:29 ERROR : maths-advanced/2020-abbotsleigh-trial/q10.pdf: Failed to set modification time: object not found
2026/07/03 11:23:29 NOTICE: maths-advanced/2020-ascham-trial/q06.pdf: Failed to read metadata: object not found
2026/07/03 11:23:29 ERROR : maths-advanced/2022-blacktown-boys-yearly/q02.pdf: Failed to set modification time: object not found
2026/07/03 11:23:29 NOTICE: maths-advanced/2023-hsc/q11.pdf: Failed to read metadata: object not found
2026/07/03 11:23:29 ERROR : maths-advanced/2019-baulkham-hills-yearly/q15i-1.pdf: Failed to set modification time: object not found
2026/07/03 11:23:29 NOTICE: maths-advanced/2021-abbotsleigh-trial/q04.pdf: Failed to read metadata: object not found
2026/07/03 11:23:29 ERROR : maths-advanced/2018-hsc/q11a.pdf: Failed to set modification time: object not found
2026/07/03 11:23:29 ERROR : maths-advanced/2023-baulkham-hills-yearly/q08.pdf: Failed to set modification time: object not found
2026/07/03 11:23:29 NOTICE: maths-advanced/2020-hsc/q11a.pdf: Failed to read metadata: object not found
2026/07/03 11:23:29 NOTICE: maths-advanced/2022-blacktown-boys-yearly/q03.pdf: Failed to read metadata: object not found
2026/07/03 11:23:29 NOTICE: maths-advanced/2018-hsc/q11b.pdf: Failed to read metadata: object not found
2026/07/03 11:23:29 NOTICE: maths-advanced/2020-abbotsleigh-trial/q11-1.pdf: Failed to read metadata: object not found
2026/07/03 11:23:29 NOTICE: maths-advanced/2020-abbotsleigh-yearly/q11-1.pdf: Failed to read metadata: object not found
2026/07/03 11:23:29 ERROR : maths-advanced/2023-ascham-trial/paper.pdf: Failed to set modification time: object not found
2026/07/03 11:23:29 NOTICE: maths-advanced/2021-baulkham-hills-yearly/q12b.pdf: Failed to read metadata: object not found
2026/07/03 11:23:29 ERROR : maths-advanced/2016-hsc/q11d.pdf: Failed to set modification time: object not found
2026/07/03 11:23:29 NOTICE: maths-advanced/2020-baulkham-hills-yearly/q12-1.pdf: Failed to read metadata: object not found
2026/07/03 11:23:29 ERROR : maths-advanced/2019-ascham-yearly/q09.pdf: Failed to set modification time: object not found
2026/07/03 11:23:29 NOTICE: maths-advanced/2023-abbotsleigh-trial/q02.pdf: Failed to read metadata: object not found
2026/07/03 11:23:29 NOTICE: maths-advanced/2019-hsc/q11b.pdf: Failed to read metadata: object not found
2026/07/03 11:23:29 ERROR : maths-advanced/2021-baulkham-hills-yearly/q12a.pdf: Failed to set modification time: object not found
2026/07/03 11:23:29 ERROR : maths-advanced/2016-abbotsleigh-trial/q06.pdf: Failed to set modification time: object not found
2026/07/03 11:23:29 NOTICE: maths-advanced/2016-hsc/q11e.pdf: Failed to read metadata: object not found
2026/07/03 11:23:29 NOTICE: maths-advanced/2023-ascham-trial/q01.pdf: Failed to read metadata: object not found
2026/07/03 11:23:29 ERROR : maths-advanced/2020-ascham-trial/q06.pdf: Failed to set modification time: object not found
2026/07/03 11:23:29 ERROR : maths-advanced/2021-abbotsleigh-trial/q04.pdf: Failed to set modification time: object not found
2026/07/03 11:23:29 ERROR : maths-advanced/2024-abbotsleigh-trial/paper.pdf: Failed to set modification time: object not found
2026/07/03 11:23:29 ERROR : maths-advanced/2021-hsc/q12a.pdf: Failed to set modification time: object not found
2026/07/03 11:23:29 NOTICE: maths-advanced/2023-hsc/q12a.pdf: Failed to read metadata: object not found
2026/07/03 11:23:29 NOTICE: maths-advanced/2022-hsc/q11b.pdf: Failed to read metadata: object not found
2026/07/03 11:23:29 ERROR : maths-advanced/2020-baulkham-hills-yearly/q11.pdf: Failed to set modification time: object not found
2026/07/03 11:23:29 NOTICE: maths-advanced/2019-baulkham-hills-yearly/q15i.pdf: Failed to read metadata: object not found
2026/07/03 11:23:29 NOTICE: maths-advanced/2017-hsc/q11a.pdf: Failed to read metadata: object not found
2026/07/03 11:23:29 ERROR : maths-advanced/2022-ascham-trial/q05.pdf: Failed to set modification time: object not found
2026/07/03 11:23:29 NOTICE: maths-advanced/2024-abbotsleigh-trial/q09.pdf: Failed to read metadata: object not found
2026/07/03 11:23:29 ERROR : maths-advanced/2020-blacktown-boys-yearly/q12.pdf: Failed to set modification time: object not found
2026/07/03 11:23:29 NOTICE: maths-advanced/2021-hsc/q12b.pdf: Failed to read metadata: object not found
2026/07/03 11:23:29 ERROR : maths-advanced/2019-hsc/q11a.pdf: Failed to set modification time: object not found
2026/07/03 11:23:29 NOTICE: maths-advanced/2022-ascham-trial/q06.pdf: Failed to read metadata: object not found
2026/07/03 11:23:29 ERROR : maths-advanced/2020-abbotsleigh-yearly/q10.pdf: Failed to set modification time: object not found
2026/07/03 11:23:29 ERROR : maths-advanced/2022-hsc/q11a.pdf: Failed to set modification time: object not found
2026/07/03 11:23:29 ERROR : maths-advanced/2017-hsc/q11.pdf: Failed to set modification time: object not found
2026/07/03 11:23:29 ERROR : maths-advanced/2023-hsc/q11.pdf: Failed to set modification time: object not found
2026/07/03 11:23:29 NOTICE: maths-advanced/2023-baulkham-hills-yearly/q09.pdf: Failed to read metadata: object not found
2026/07/03 11:23:29 ERROR : maths-advanced/2022-baulkham-hills-yearly/q11.pdf: Failed to set modification time: object not found
2026/07/03 11:23:29 NOTICE: maths-advanced/2024-abbotsleigh-yearly/q03.pdf: Failed to read metadata: object not found
2026/07/03 11:23:29 NOTICE: maths-advanced/2020-blacktown-boys-yearly/q13.pdf: Failed to read metadata: object not found
2026/07/03 11:23:29 NOTICE: maths-advanced/2020-ascham-trial/q10.pdf: Failed to read metadata: object not found
2026/07/03 11:23:29 ERROR : maths-advanced/2020-hsc/q11a.pdf: Failed to set modification time: object not found
2026/07/03 11:23:29 ERROR : maths-advanced/2020-abbotsleigh-trial/q11-1.pdf: Failed to set modification time: object not found
2026/07/03 11:23:29 ERROR : maths-advanced/2018-hsc/q11b.pdf: Failed to set modification time: object not found
2026/07/03 11:23:29 NOTICE: maths-advanced/2019-ascham-yearly/q10.pdf: Failed to read metadata: object not found
2026/07/03 11:23:29 ERROR : maths-advanced/2023-abbotsleigh-trial/q02.pdf: Failed to set modification time: object not found
2026/07/03 11:23:29 NOTICE: maths-advanced/2022-baulkham-hills-yearly/q12.pdf: Failed to read metadata: object not found
2026/07/03 11:23:29 NOTICE: maths-advanced/2021-abbotsleigh-trial/q05.pdf: Failed to read metadata: object not found
2026/07/03 11:23:29 NOTICE: maths-advanced/2020-hsc/q11b.pdf: Failed to read metadata: object not found
2026/07/03 11:23:29 ERROR : maths-advanced/2021-baulkham-hills-yearly/q12b.pdf: Failed to set modification time: object not found
2026/07/03 11:23:29 NOTICE: maths-advanced/2016-abbotsleigh-trial/q07.pdf: Failed to read metadata: object not found
2026/07/03 11:23:29 ERROR : maths-advanced/2019-hsc/q11b.pdf: Failed to set modification time: object not found
2026/07/03 11:23:29 ERROR : maths-advanced/2020-baulkham-hills-yearly/q12-1.pdf: Failed to set modification time: object not found
2026/07/03 11:23:29 ERROR : maths-advanced/2020-abbotsleigh-yearly/q11-1.pdf: Failed to set modification time: object not found
2026/07/03 11:23:29 ERROR : maths-advanced/2022-blacktown-boys-yearly/q03.pdf: Failed to set modification time: object not found
2026/07/03 11:23:29 ERROR : maths-advanced/2022-hsc/q11b.pdf: Failed to set modification time: object not found
2026/07/03 11:23:29 NOTICE: maths-advanced/2023-ascham-trial/q02.pdf: Failed to read metadata: object not found
2026/07/03 11:23:29 ERROR : maths-advanced/2021-hsc/q12b.pdf: Failed to set modification time: object not found
2026/07/03 11:23:29 ERROR : maths-advanced/2023-hsc/q12a.pdf: Failed to set modification time: object not found
2026/07/03 11:23:29 NOTICE: maths-advanced/2019-hsc/q11c.pdf: Failed to read metadata: object not found
2026/07/03 11:23:29 NOTICE: maths-advanced/2020-abbotsleigh-yearly/q11.pdf: Failed to read metadata: object not found
2026/07/03 11:23:29 ERROR : maths-advanced/2016-hsc/q11e.pdf: Failed to set modification time: object not found
2026/07/03 11:23:29 NOTICE: maths-advanced/2024-abbotsleigh-yearly/q04.pdf: Failed to read metadata: object not found
2026/07/03 11:23:29 NOTICE: maths-advanced/2020-abbotsleigh-trial/q11-2.pdf: Failed to read metadata: object not found
2026/07/03 11:23:29 NOTICE: maths-advanced/2023-abbotsleigh-trial/q03.pdf: Failed to read metadata: object not found
2026/07/03 11:23:29 NOTICE: maths-advanced/2017-hsc/q11b.pdf: Failed to read metadata: object not found
2026/07/03 11:23:29 ERROR : maths-advanced/2022-ascham-trial/q06.pdf: Failed to set modification time: object not found
2026/07/03 11:23:29 NOTICE: maths-advanced/2018-hsc/q11d.pdf: Failed to read metadata: object not found
2026/07/03 11:23:29 NOTICE: maths-advanced/2022-blacktown-boys-yearly/q08.pdf: Failed to read metadata: object not found
2026/07/03 11:23:29 NOTICE: maths-advanced/2023-baulkham-hills-yearly/q10.pdf: Failed to read metadata: object not found
2026/07/03 11:23:29 ERROR : maths-advanced/2024-abbotsleigh-yearly/q03.pdf: Failed to set modification time: object not found
2026/07/03 11:23:29 ERROR : maths-advanced/2023-ascham-trial/q01.pdf: Failed to set modification time: object not found
2026/07/03 11:23:29 ERROR : maths-advanced/2020-ascham-trial/q10.pdf: Failed to set modification time: object not found
2026/07/03 11:23:29 ERROR : maths-advanced/2017-hsc/q11a.pdf: Failed to set modification time: object not found
2026/07/03 11:23:29 ERROR : maths-advanced/2019-baulkham-hills-yearly/q15i.pdf: Failed to set modification time: object not found
2026/07/03 11:23:29 ERROR : maths-advanced/2023-baulkham-hills-yearly/q09.pdf: Failed to set modification time: object not found
2026/07/03 11:23:29 NOTICE: maths-advanced/2024-abbotsleigh-trial/q10.pdf: Failed to read metadata: object not found
2026/07/03 11:23:29 NOTICE: maths-advanced/2022-ascham-trial/q07.pdf: Failed to read metadata: object not found
2026/07/03 11:23:29 ERROR : maths-advanced/2024-abbotsleigh-trial/q09.pdf: Failed to set modification time: object not found
2026/07/03 11:23:29 ERROR : maths-advanced/2020-blacktown-boys-yearly/q13.pdf: Failed to set modification time: object not found
2026/07/03 11:23:29 ERROR : maths-advanced/2019-ascham-yearly/q10.pdf: Failed to set modification time: object not found
2026/07/03 11:23:29 NOTICE: maths-advanced/2023-hsc/q12b.pdf: Failed to read metadata: object not found
2026/07/03 11:23:29 ERROR : maths-advanced/2021-abbotsleigh-trial/q05.pdf: Failed to set modification time: object not found
2026/07/03 11:23:29 NOTICE: maths-advanced/2016-hsc/q11f.pdf: Failed to read metadata: object not found
2026/07/03 11:23:29 ERROR : maths-advanced/2022-baulkham-hills-yearly/q12.pdf: Failed to set modification time: object not found
2026/07/03 11:23:29 NOTICE: maths-advanced/2020-baulkham-hills-yearly/q12.pdf: Failed to read metadata: object not found
2026/07/03 11:23:29 NOTICE: maths-advanced/2022-hsc/q12a.pdf: Failed to read metadata: object not found
2026/07/03 11:23:29 NOTICE: maths-advanced/2020-blacktown-boys-yearly/q14.pdf: Failed to read metadata: object not found
2026/07/03 11:23:29 NOTICE: maths-advanced/2021-baulkham-hills-yearly/q13.pdf: Failed to read metadata: object not found
2026/07/03 11:23:29 NOTICE: maths-advanced/2021-hsc/q13.pdf: Failed to read metadata: object not found
2026/07/03 11:23:29 NOTICE: maths-advanced/2022-baulkham-hills-yearly/q13.pdf: Failed to read metadata: object not found
2026/07/03 11:23:29 ERROR : maths-advanced/2016-abbotsleigh-trial/q07.pdf: Failed to set modification time: object not found
2026/07/03 11:23:29 NOTICE: maths-advanced/2024-ascham-trial/paper.pdf: Failed to read metadata: object not found
2026/07/03 11:23:29 ERROR : maths-advanced/2020-hsc/q11b.pdf: Failed to set modification time: object not found
2026/07/03 11:23:29 NOTICE: maths-advanced/2016-abbotsleigh-trial/q08.pdf: Failed to read metadata: object not found
2026/07/03 11:23:29 ERROR : maths-advanced/2023-ascham-trial/q02.pdf: Failed to set modification time: object not found
2026/07/03 11:23:29 ERROR : maths-advanced/2024-abbotsleigh-yearly/q04.pdf: Failed to set modification time: object not found
2026/07/03 11:23:29 NOTICE: maths-advanced/2019-ascham-yearly/q11a-1.pdf: Failed to read metadata: object not found
2026/07/03 11:23:29 ERROR : maths-advanced/2019-hsc/q11c.pdf: Failed to set modification time: object not found
2026/07/03 11:23:29 NOTICE: maths-advanced/2021-abbotsleigh-trial/q06.pdf: Failed to read metadata: object not found
2026/07/03 11:23:29 ERROR : maths-advanced/2020-abbotsleigh-trial/q11-2.pdf: Failed to set modification time: object not found
2026/07/03 11:23:29 ERROR : maths-advanced/2018-hsc/q11d.pdf: Failed to set modification time: object not found
2026/07/03 11:23:29 ERROR : maths-advanced/2020-abbotsleigh-yearly/q11.pdf: Failed to set modification time: object not found
2026/07/03 11:23:29 NOTICE: maths-advanced/2024-abbotsleigh-yearly/q05.pdf: Failed to read metadata: object not found
2026/07/03 11:23:29 NOTICE: maths-advanced/2023-abbotsleigh-trial/q04.pdf: Failed to read metadata: object not found
2026/07/03 11:23:29 NOTICE: maths-advanced/2020-ascham-trial/q11.pdf: Failed to read metadata: object not found
2026/07/03 11:23:29 ERROR : maths-advanced/2023-hsc/q12b.pdf: Failed to set modification time: object not found
2026/07/03 11:23:29 ERROR : maths-advanced/2022-blacktown-boys-yearly/q08.pdf: Failed to set modification time: object not found
2026/07/03 11:23:29 ERROR : maths-advanced/2017-hsc/q11b.pdf: Failed to set modification time: object not found
2026/07/03 11:23:29 NOTICE: maths-advanced/2020-abbotsleigh-trial/q11-3.pdf: Failed to read metadata: object not found
2026/07/03 11:23:29 ERROR : maths-advanced/2023-baulkham-hills-yearly/q10.pdf: Failed to set modification time: object not found
2026/07/03 11:23:29 ERROR : maths-advanced/2024-abbotsleigh-trial/q10.pdf: Failed to set modification time: object not found
2026/07/03 11:23:29 ERROR : maths-advanced/2023-abbotsleigh-trial/q03.pdf: Failed to set modification time: object not found
2026/07/03 11:23:29 NOTICE: maths-advanced/2019-hsc/q11d.pdf: Failed to read metadata: object not found
2026/07/03 11:23:29 NOTICE: maths-advanced/2018-hsc/q11f.pdf: Failed to read metadata: object not found
2026/07/03 11:23:29 ERROR : maths-advanced/2020-baulkham-hills-yearly/q12.pdf: Failed to set modification time: object not found
2026/07/03 11:23:29 ERROR : maths-advanced/2022-ascham-trial/q07.pdf: Failed to set modification time: object not found
2026/07/03 11:23:29 NOTICE: maths-advanced/2022-blacktown-boys-yearly/q11.pdf: Failed to read metadata: object not found
2026/07/03 11:23:29 ERROR : maths-advanced/2022-hsc/q12a.pdf: Failed to set modification time: object not found
2026/07/03 11:23:29 ERROR : maths-advanced/2016-hsc/q11f.pdf: Failed to set modification time: object not found
2026/07/03 11:23:29 NOTICE: maths-advanced/2023-baulkham-hills-yearly/q11-1.pdf: Failed to read metadata: object not found
2026/07/03 11:23:29 NOTICE: maths-advanced/2023-ascham-trial/q03.pdf: Failed to read metadata: object not found
2026/07/03 11:23:29 ERROR : maths-advanced/2021-hsc/q13.pdf: Failed to set modification time: object not found
2026/07/03 11:23:29 NOTICE: maths-advanced/2023-hsc/q13.pdf: Failed to read metadata: object not found
2026/07/03 11:23:29 NOTICE: maths-advanced/2020-hsc/q12.pdf: Failed to read metadata: object not found
2026/07/03 11:23:29 NOTICE: maths-advanced/2024-abbotsleigh-trial/q11-1.pdf: Failed to read metadata: object not found
2026/07/03 11:23:29 ERROR : maths-advanced/2022-baulkham-hills-yearly/q13.pdf: Failed to set modification time: object not found
2026/07/03 11:23:29 NOTICE: maths-advanced/2021-baulkham-hills-yearly/q14.pdf: Failed to read metadata: object not found
2026/07/03 11:23:29 NOTICE: maths-advanced/2020-abbotsleigh-yearly/q11c.pdf: Failed to read metadata: object not found
2026/07/03 11:23:29 ERROR : maths-advanced/2019-ascham-yearly/q11a-1.pdf: Failed to set modification time: object not found
2026/07/03 11:23:29 NOTICE: maths-advanced/2017-hsc/q11c.pdf: Failed to read metadata: object not found
2026/07/03 11:23:29 ERROR : maths-advanced/2016-abbotsleigh-trial/q08.pdf: Failed to set modification time: object not found
2026/07/03 11:23:29 ERROR : maths-advanced/2020-blacktown-boys-yearly/q14.pdf: Failed to set modification time: object not found
2026/07/03 11:23:29 ERROR : maths-advanced/2021-baulkham-hills-yearly/q13.pdf: Failed to set modification time: object not found
2026/07/03 11:23:29 ERROR : maths-advanced/2024-ascham-trial/paper.pdf: Failed to set modification time: object not found
2026/07/03 11:23:29 NOTICE: maths-advanced/2022-ascham-trial/q08.pdf: Failed to read metadata: object not found
2026/07/03 11:23:29 NOTICE: maths-advanced/2020-blacktown-boys-yearly/q15-1.pdf: Failed to read metadata: object not found
2026/07/03 11:23:29 NOTICE: maths-advanced/2022-hsc/q12b.pdf: Failed to read metadata: object not found
2026/07/03 11:23:29 ERROR : maths-advanced/2020-ascham-trial/q11.pdf: Failed to set modification time: object not found
2026/07/03 11:23:29 NOTICE: maths-advanced/2021-hsc/q14.pdf: Failed to read metadata: object not found
2026/07/03 11:23:29 NOTICE: maths-advanced/2016-hsc/q11g.pdf: Failed to read metadata: object not found
2026/07/03 11:23:29 NOTICE: maths-advanced/2020-baulkham-hills-yearly/q13-1.pdf: Failed to read metadata: object not found
2026/07/03 11:23:29 ERROR : maths-advanced/2021-abbotsleigh-trial/q06.pdf: Failed to set modification time: object not found
2026/07/03 11:23:29 ERROR : maths-advanced/2023-abbotsleigh-trial/q04.pdf: Failed to set modification time: object not found
2026/07/03 11:23:29 NOTICE: maths-advanced/2024-ascham-trial/q01.pdf: Failed to read metadata: object not found
2026/07/03 11:23:29 NOTICE: maths-advanced/2019-ascham-yearly/q11a.pdf: Failed to read metadata: object not found
2026/07/03 11:23:29 NOTICE: maths-advanced/2020-ascham-trial/q12.pdf: Failed to read metadata: object not found
2026/07/03 11:23:29 NOTICE: maths-advanced/2021-abbotsleigh-trial/q07.pdf: Failed to read metadata: object not found
2026/07/03 11:23:29 NOTICE: maths-advanced/2022-baulkham-hills-yearly/q14.pdf: Failed to read metadata: object not found
2026/07/03 11:23:29 ERROR : maths-advanced/2024-abbotsleigh-yearly/q05.pdf: Failed to set modification time: object not found
2026/07/03 11:23:29 ERROR : maths-advanced/2019-hsc/q11d.pdf: Failed to set modification time: object not found
2026/07/03 11:23:29 ERROR : maths-advanced/2020-abbotsleigh-trial/q11-3.pdf: Failed to set modification time: object not found
2026/07/03 11:23:29 ERROR : maths-advanced/2018-hsc/q11f.pdf: Failed to set modification time: object not found
2026/07/03 11:23:29 ERROR : maths-advanced/2022-blacktown-boys-yearly/q11.pdf: Failed to set modification time: object not found
2026/07/03 11:23:29 NOTICE: maths-advanced/2022-blacktown-boys-yearly/q13.pdf: Failed to read metadata: object not found
2026/07/03 11:23:29 NOTICE: maths-advanced/2020-hsc/q13.pdf: Failed to read metadata: object not found
2026/07/03 11:23:29 ERROR : maths-advanced/2023-baulkham-hills-yearly/q11-1.pdf: Failed to set modification time: object not found
2026/07/03 11:23:29 ERROR : maths-advanced/2024-abbotsleigh-trial/q11-1.pdf: Failed to set modification time: object not found
2026/07/03 11:23:29 NOTICE: maths-advanced/2023-abbotsleigh-trial/q05.pdf: Failed to read metadata: object not found
2026/07/03 11:23:29 NOTICE: maths-advanced/2016-abbotsleigh-trial/q09.pdf: Failed to read metadata: object not found
2026/07/03 11:23:29 NOTICE: maths-advanced/2023-ascham-trial/q05.pdf: Failed to read metadata: object not found
2026/07/03 11:23:29 NOTICE: maths-advanced/2024-abbotsleigh-yearly/q06.pdf: Failed to read metadata: object not found
2026/07/03 11:23:29 ERROR : maths-advanced/2020-hsc/q12.pdf: Failed to set modification time: object not found
2026/07/03 11:23:29 ERROR : maths-advanced/2022-ascham-trial/q08.pdf: Failed to set modification time: object not found
2026/07/03 11:23:29 NOTICE: maths-advanced/2018-hsc/q11g.pdf: Failed to read metadata: object not found
2026/07/03 11:23:29 NOTICE: maths-advanced/2020-abbotsleigh-yearly/q11e.pdf: Failed to read metadata: object not found
2026/07/03 11:23:30 ERROR : maths-advanced/2017-hsc/q11c.pdf: Failed to set modification time: object not found
2026/07/03 11:23:30 NOTICE: maths-advanced/2023-baulkham-hills-yearly/q11.pdf: Failed to read metadata: object not found
2026/07/03 11:23:30 NOTICE: maths-advanced/2017-hsc/q11d.pdf: Failed to read metadata: object not found
2026/07/03 11:23:30 ERROR : maths-advanced/2022-hsc/q12b.pdf: Failed to set modification time: object not found
2026/07/03 11:23:30 NOTICE: maths-advanced/2024-abbotsleigh-trial/q11-2.pdf: Failed to read metadata: object not found
2026/07/03 11:23:30 ERROR : maths-advanced/2016-hsc/q11g.pdf: Failed to set modification time: object not found
2026/07/03 11:23:30 ERROR : maths-advanced/2024-ascham-trial/q01.pdf: Failed to set modification time: object not found
2026/07/03 11:23:30 ERROR : maths-advanced/2021-baulkham-hills-yearly/q14.pdf: Failed to set modification time: object not found
2026/07/03 11:23:30 ERROR : maths-advanced/2023-hsc/q13.pdf: Failed to set modification time: object not found
2026/07/03 11:23:30 NOTICE: maths-advanced/2021-baulkham-hills-yearly/q15.pdf: Failed to read metadata: object not found
2026/07/03 11:23:30 ERROR : maths-advanced/2020-hsc/q13.pdf: Failed to set modification time: object not found
2026/07/03 11:23:30 NOTICE: maths-advanced/2020-abbotsleigh-trial/q11-4.pdf: Failed to read metadata: object not found
2026/07/03 11:23:30 NOTICE: maths-advanced/2022-hsc/q13.pdf: Failed to read metadata: object not found
2026/07/03 11:23:30 NOTICE: maths-advanced/2020-baulkham-hills-yearly/q13.pdf: Failed to read metadata: object not found
2026/07/03 11:23:30 NOTICE: maths-advanced/2023-hsc/q14.pdf: Failed to read metadata: object not found
2026/07/03 11:23:30 NOTICE: maths-advanced/2022-ascham-trial/q09.pdf: Failed to read metadata: object not found
2026/07/03 11:23:30 ERROR : maths-advanced/2021-hsc/q14.pdf: Failed to set modification time: object not found
2026/07/03 11:23:30 NOTICE: maths-advanced/2016-hsc/q12.pdf: Failed to read metadata: object not found
2026/07/03 11:23:30 NOTICE: maths-advanced/2019-hsc/q11f.pdf: Failed to read metadata: object not found
2026/07/03 11:23:30 ERROR : maths-advanced/2020-ascham-trial/q12.pdf: Failed to set modification time: object not found
2026/07/03 11:23:30 ERROR : maths-advanced/2019-ascham-yearly/q11a.pdf: Failed to set modification time: object not found
2026/07/03 11:23:30 ERROR : maths-advanced/2020-blacktown-boys-yearly/q15-1.pdf: Failed to set modification time: object not found
2026/07/03 11:23:30 ERROR : maths-advanced/2023-ascham-trial/q03.pdf: Failed to set modification time: object not found
2026/07/03 11:23:30 ERROR : maths-advanced/2020-abbotsleigh-yearly/q11c.pdf: Failed to set modification time: object not found
2026/07/03 11:23:30 ERROR : maths-advanced/2024-abbotsleigh-yearly/q06.pdf: Failed to set modification time: object not found
2026/07/03 11:23:30 ERROR : maths-advanced/2020-baulkham-hills-yearly/q13-1.pdf: Failed to set modification time: object not found
2026/07/03 11:23:30 NOTICE: maths-advanced/2020-ascham-trial/q13.pdf: Failed to read metadata: object not found
2026/07/03 11:23:30 NOTICE: maths-advanced/2021-abbotsleigh-trial/q08.pdf: Failed to read metadata: object not found
2026/07/03 11:23:30 ERROR : maths-advanced/2016-abbotsleigh-trial/q09.pdf: Failed to set modification time: object not found
2026/07/03 11:23:30 ERROR : maths-advanced/2022-blacktown-boys-yearly/q13.pdf: Failed to set modification time: object not found
2026/07/03 11:23:30 ERROR : maths-advanced/2021-abbotsleigh-trial/q07.pdf: Failed to set modification time: object not found
2026/07/03 11:23:30 ERROR : maths-advanced/2022-baulkham-hills-yearly/q14.pdf: Failed to set modification time: object not found
2026/07/03 11:23:30 NOTICE: maths-advanced/2021-hsc/q15.pdf: Failed to read metadata: object not found
2026/07/03 11:23:30 NOTICE: maths-advanced/2020-blacktown-boys-yearly/q15.pdf: Failed to read metadata: object not found
2026/07/03 11:23:30 ERROR : maths-advanced/2023-ascham-trial/q05.pdf: Failed to set modification time: object not found
2026/07/03 11:23:30 NOTICE: maths-advanced/2022-baulkham-hills-yearly/q15.pdf: Failed to read metadata: object not found
2026/07/03 11:23:30 ERROR : maths-advanced/2023-abbotsleigh-trial/q05.pdf: Failed to set modification time: object not found
2026/07/03 11:23:30 NOTICE: maths-advanced/2019-ascham-yearly/q11b.pdf: Failed to read metadata: object not found
2026/07/03 11:23:30 ERROR : maths-advanced/2023-baulkham-hills-yearly/q11.pdf: Failed to set modification time: object not found
2026/07/03 11:23:30 ERROR : maths-advanced/2017-hsc/q11d.pdf: Failed to set modification time: object not found
2026/07/03 11:23:30 NOTICE: maths-advanced/2019-hsc/q11g.pdf: Failed to read metadata: object not found
2026/07/03 11:23:30 NOTICE: maths-advanced/2023-abbotsleigh-trial/q08.pdf: Failed to read metadata: object not found
2026/07/03 11:23:30 NOTICE: maths-advanced/2016-abbotsleigh-trial/q10.pdf: Failed to read metadata: object not found
2026/07/03 11:23:30 ERROR : maths-advanced/2020-abbotsleigh-yearly/q11e.pdf: Failed to set modification time: object not found
2026/07/03 11:23:30 NOTICE: maths-advanced/2020-hsc/q14b.pdf: Failed to read metadata: object not found
2026/07/03 11:23:30 NOTICE: maths-advanced/2022-blacktown-boys-yearly/q14b.pdf: Failed to read metadata: object not found
2026/07/03 11:23:30 NOTICE: maths-advanced/2018-hsc/q11i.pdf: Failed to read metadata: object not found
2026/07/03 11:23:30 ERROR : maths-advanced/2020-baulkham-hills-yearly/q13.pdf: Failed to set modification time: object not found
2026/07/03 11:23:30 ERROR : maths-advanced/2018-hsc/q11g.pdf: Failed to set modification time: object not found
2026/07/03 11:23:30 NOTICE: maths-advanced/2024-abbotsleigh-trial/q11-3.pdf: Failed to read metadata: object not found
2026/07/03 11:23:30 NOTICE: maths-advanced/2024-ascham-trial/q02.pdf: Failed to read metadata: object not found
2026/07/03 11:23:30 NOTICE: maths-advanced/2023-baulkham-hills-yearly/q12.pdf: Failed to read metadata: object not found
2026/07/03 11:23:30 NOTICE: maths-advanced/2024-barker-yearly/paper.pdf: Failed to read metadata: object not found
2026/07/03 11:23:30 NOTICE: maths-advanced/2021-hsc/q16.pdf: Failed to read metadata: object not found
2026/07/03 11:23:30 NOTICE: maths-advanced/2023-ascham-trial/q06.pdf: Failed to read metadata: object not found
2026/07/03 11:23:30 ERROR : maths-advanced/2020-abbotsleigh-trial/q11-4.pdf: Failed to set modification time: object not found
2026/07/03 11:23:30 NOTICE: maths-advanced/2020-abbotsleigh-trial/q11-5.pdf: Failed to read metadata: object not found
2026/07/03 11:23:30 ERROR : maths-advanced/2024-abbotsleigh-trial/q11-2.pdf: Failed to set modification time: object not found
2026/07/03 11:23:30 ERROR : maths-advanced/2021-abbotsleigh-trial/q08.pdf: Failed to set modification time: object not found
2026/07/03 11:23:30 NOTICE: maths-advanced/2020-blacktown-boys-yearly/q16-1.pdf: Failed to read metadata: object not found
2026/07/03 11:23:30 NOTICE: maths-advanced/2020-abbotsleigh-yearly/q11i-1.pdf: Failed to read metadata: object not found
2026/07/03 11:23:30 NOTICE: maths-advanced/2024-abbotsleigh-yearly/q08.pdf: Failed to read metadata: object not found
2026/07/03 11:23:30 ERROR : maths-advanced/2020-blacktown-boys-yearly/q15.pdf: Failed to set modification time: object not found
2026/07/03 11:23:30 NOTICE: maths-advanced/2022-ascham-trial/q10.pdf: Failed to read metadata: object not found
2026/07/03 11:23:30 ERROR : maths-advanced/2016-hsc/q12.pdf: Failed to set modification time: object not found
2026/07/03 11:23:30 ERROR : maths-advanced/2022-hsc/q13.pdf: Failed to set modification time: object not found
2026/07/03 11:23:30 ERROR : maths-advanced/2023-hsc/q14.pdf: Failed to set modification time: object not found
2026/07/03 11:23:30 ERROR : maths-advanced/2022-ascham-trial/q09.pdf: Failed to set modification time: object not found
2026/07/03 11:23:30 NOTICE: maths-advanced/2022-hsc/q14.pdf: Failed to read metadata: object not found
2026/07/03 11:23:30 ERROR : maths-advanced/2019-hsc/q11f.pdf: Failed to set modification time: object not found
2026/07/03 11:23:30 NOTICE: maths-advanced/2021-baulkham-hills-yearly/q16a.pdf: Failed to read metadata: object not found
2026/07/03 11:23:30 ERROR : maths-advanced/2021-baulkham-hills-yearly/q15.pdf: Failed to set modification time: object not found
2026/07/03 11:23:30 ERROR : maths-advanced/2021-hsc/q15.pdf: Failed to set modification time: object not found
2026/07/03 11:23:30 NOTICE: maths-advanced/2022-baulkham-hills-yearly/q16a.pdf: Failed to read metadata: object not found
2026/07/03 11:23:30 ERROR : maths-advanced/2022-baulkham-hills-yearly/q15.pdf: Failed to set modification time: object not found
2026/07/03 11:23:30 ERROR : maths-advanced/2020-ascham-trial/q13.pdf: Failed to set modification time: object not found
2026/07/03 11:23:30 NOTICE: maths-advanced/2016-hsc/q12a.pdf: Failed to read metadata: object not found
2026/07/03 11:23:30 NOTICE: maths-advanced/2023-hsc/q15a.pdf: Failed to read metadata: object not found
2026/07/03 11:23:30 ERROR : maths-advanced/2019-ascham-yearly/q11b.pdf: Failed to set modification time: object not found
2026/07/03 11:23:30 ERROR : maths-advanced/2016-abbotsleigh-trial/q10.pdf: Failed to set modification time: object not found
2026/07/03 11:23:30 NOTICE: maths-advanced/2017-hsc/q11e.pdf: Failed to read metadata: object not found
2026/07/03 11:23:30 ERROR : maths-advanced/2018-hsc/q11i.pdf: Failed to set modification time: object not found
2026/07/03 11:23:30 ERROR : maths-advanced/2019-hsc/q11g.pdf: Failed to set modification time: object not found
2026/07/03 11:23:30 ERROR : maths-advanced/2024-abbotsleigh-trial/q11-3.pdf: Failed to set modification time: object not found
2026/07/03 11:23:30 NOTICE: maths-advanced/2020-baulkham-hills-yearly/q14a.pdf: Failed to read metadata: object not found
2026/07/03 11:23:30 ERROR : maths-advanced/2023-abbotsleigh-trial/q08.pdf: Failed to set modification time: object not found
2026/07/03 11:23:30 ERROR : maths-advanced/2023-baulkham-hills-yearly/q12.pdf: Failed to set modification time: object not found
2026/07/03 11:23:30 NOTICE: maths-advanced/2020-ascham-trial/q14.pdf: Failed to read metadata: object not found
2026/07/03 11:23:30 ERROR : maths-advanced/2023-ascham-trial/q06.pdf: Failed to set modification time: object not found
2026/07/03 11:23:30 ERROR : maths-advanced/2022-ascham-trial/q10.pdf: Failed to set modification time: object not found
2026/07/03 11:23:30 ERROR : maths-advanced/2020-blacktown-boys-yearly/q16-1.pdf: Failed to set modification time: object not found
2026/07/03 11:23:30 ERROR : maths-advanced/2021-hsc/q16.pdf: Failed to set modification time: object not found
2026/07/03 11:23:30 NOTICE: maths-advanced/2020-abbotsleigh-trial/q11-6.pdf: Failed to read metadata: object not found
2026/07/03 11:23:30 NOTICE: maths-advanced/2016-abbotsleigh-trial/q11a.pdf: Failed to read metadata: object not found
2026/07/03 11:23:30 ERROR : maths-advanced/2024-abbotsleigh-yearly/q08.pdf: Failed to set modification time: object not found
2026/07/03 11:23:30 NOTICE: maths-advanced/2021-abbotsleigh-trial/q09.pdf: Failed to read metadata: object not found
2026/07/03 11:23:30 NOTICE: maths-advanced/2019-ascham-yearly/q11c.pdf: Failed to read metadata: object not found
2026/07/03 11:23:30 NOTICE: maths-advanced/2024-ascham-trial/q03.pdf: Failed to read metadata: object not found
2026/07/03 11:23:30 ERROR : maths-advanced/2020-hsc/q14b.pdf: Failed to set modification time: object not found
2026/07/03 11:23:30 NOTICE: maths-advanced/2020-hsc/q14c.pdf: Failed to read metadata: object not found
2026/07/03 11:23:30 NOTICE: maths-advanced/2023-ascham-trial/q07.pdf: Failed to read metadata: object not found
2026/07/03 11:23:30 ERROR : maths-advanced/2020-abbotsleigh-yearly/q11i-1.pdf: Failed to set modification time: object not found
2026/07/03 11:23:30 ERROR : maths-advanced/2022-blacktown-boys-yearly/q14b.pdf: Failed to set modification time: object not found
2026/07/03 11:23:30 ERROR : maths-advanced/2024-ascham-trial/q02.pdf: Failed to set modification time: object not found
2026/07/03 11:23:30 NOTICE: maths-advanced/2023-abbotsleigh-trial/q09.pdf: Failed to read metadata: object not found
2026/07/03 11:23:30 ERROR : maths-advanced/2020-abbotsleigh-trial/q11-5.pdf: Failed to set modification time: object not found
2026/07/03 11:23:30 ERROR : maths-advanced/2022-hsc/q14.pdf: Failed to set modification time: object not found
2026/07/03 11:23:30 ERROR : maths-advanced/2021-baulkham-hills-yearly/q16a.pdf: Failed to set modification time: object not found
2026/07/03 11:23:30 NOTICE: maths-advanced/2019-hsc/q12.pdf: Failed to read metadata: object not found
2026/07/03 11:23:30 NOTICE: maths-advanced/2024-barker-yearly/q11a.pdf: Failed to read metadata: object not found
2026/07/03 11:23:30 NOTICE: maths-advanced/2020-abbotsleigh-yearly/q11i.pdf: Failed to read metadata: object not found
2026/07/03 11:23:30 ERROR : maths-advanced/2024-barker-yearly/paper.pdf: Failed to set modification time: object not found
2026/07/03 11:23:30 NOTICE: maths-advanced/2022-blacktown-boys-yearly/q15.pdf: Failed to read metadata: object not found
2026/07/03 11:23:30 ERROR : maths-advanced/2023-hsc/q15a.pdf: Failed to set modification time: object not found
2026/07/03 11:23:30 ERROR : maths-advanced/2022-baulkham-hills-yearly/q16a.pdf: Failed to set modification time: object not found
2026/07/03 11:23:30 NOTICE: maths-advanced/2018-hsc/q12.pdf: Failed to read metadata: object not found
2026/07/03 11:23:30 ERROR : maths-advanced/2016-hsc/q12a.pdf: Failed to set modification time: object not found
2026/07/03 11:23:30 NOTICE: maths-advanced/2020-blacktown-boys-yearly/q16.pdf: Failed to read metadata: object not found
2026/07/03 11:23:30 NOTICE: maths-advanced/2024-abbotsleigh-yearly/q09.pdf: Failed to read metadata: object not found
2026/07/03 11:23:30 NOTICE: maths-advanced/2021-baulkham-hills-yearly/q16b.pdf: Failed to read metadata: object not found
2026/07/03 11:23:30 NOTICE: maths-advanced/2023-baulkham-hills-yearly/q13-1.pdf: Failed to read metadata: object not found
2026/07/03 11:23:30 ERROR : maths-advanced/2016-abbotsleigh-trial/q11a.pdf: Failed to set modification time: object not found
2026/07/03 11:23:30 ERROR : maths-advanced/2020-ascham-trial/q14.pdf: Failed to set modification time: object not found
2026/07/03 11:23:30 NOTICE: maths-advanced/2020-baulkham-hills-yearly/q14b-1.pdf: Failed to read metadata: object not found
2026/07/03 11:23:30 NOTICE: maths-advanced/2017-hsc/q11i.pdf: Failed to read metadata: object not found
2026/07/03 11:23:30 NOTICE: maths-advanced/2022-ascham-trial/q11-1.pdf: Failed to read metadata: object not found
2026/07/03 11:23:30 NOTICE: maths-advanced/2024-ascham-trial/q04.pdf: Failed to read metadata: object not found
2026/07/03 11:23:30 ERROR : maths-advanced/2017-hsc/q11e.pdf: Failed to set modification time: object not found
2026/07/03 11:23:30 NOTICE: maths-advanced/2022-baulkham-hills-yearly/q16b.pdf: Failed to read metadata: object not found
2026/07/03 11:23:30 ERROR : maths-advanced/2019-ascham-yearly/q11c.pdf: Failed to set modification time: object not found
2026/07/03 11:23:30 NOTICE: maths-advanced/2020-ascham-trial/q15.pdf: Failed to read metadata: object not found
2026/07/03 11:23:30 NOTICE: maths-advanced/2019-ascham-yearly/q11d.pdf: Failed to read metadata: object not found
2026/07/03 11:23:30 ERROR : maths-advanced/2024-ascham-trial/q03.pdf: Failed to set modification time: object not found
2026/07/03 11:23:30 NOTICE: maths-advanced/2022-hsc/q15a.pdf: Failed to read metadata: object not found
2026/07/03 11:23:30 NOTICE: maths-advanced/2021-hsc/q17.pdf: Failed to read metadata: object not found
2026/07/03 11:23:30 ERROR : maths-advanced/2021-abbotsleigh-trial/q09.pdf: Failed to set modification time: object not found
2026/07/03 11:23:30 NOTICE: maths-advanced/2024-abbotsleigh-trial/q11.pdf: Failed to read metadata: object not found
2026/07/03 11:23:30 ERROR : maths-advanced/2020-abbotsleigh-trial/q11-6.pdf: Failed to set modification time: object not found
2026/07/03 11:23:30 NOTICE: maths-advanced/2021-abbotsleigh-trial/q10.pdf: Failed to read metadata: object not found
2026/07/03 11:23:30 NOTICE: maths-advanced/2016-hsc/q12b.pdf: Failed to read metadata: object not found
2026/07/03 11:23:30 ERROR : maths-advanced/2023-ascham-trial/q07.pdf: Failed to set modification time: object not found
2026/07/03 11:23:30 ERROR : maths-advanced/2020-baulkham-hills-yearly/q14a.pdf: Failed to set modification time: object not found
2026/07/03 11:23:30 NOTICE: maths-advanced/2020-abbotsleigh-trial/q11-7.pdf: Failed to read metadata: object not found
2026/07/03 11:23:30 NOTICE: maths-advanced/2016-abbotsleigh-trial/q11b.pdf: Failed to read metadata: object not found
2026/07/03 11:23:30 NOTICE: maths-advanced/2023-hsc/q15b.pdf: Failed to read metadata: object not found
2026/07/03 11:23:30 ERROR : maths-advanced/2023-abbotsleigh-trial/q09.pdf: Failed to set modification time: object not found
2026/07/03 11:23:30 ERROR : maths-advanced/2020-abbotsleigh-yearly/q11i.pdf: Failed to set modification time: object not found
2026/07/03 11:23:30 ERROR : maths-advanced/2024-barker-yearly/q11a.pdf: Failed to set modification time: object not found
2026/07/03 11:23:30 ERROR : maths-advanced/2020-hsc/q14c.pdf: Failed to set modification time: object not found
2026/07/03 11:23:30 ERROR : maths-advanced/2019-hsc/q12.pdf: Failed to set modification time: object not found
2026/07/03 11:23:30 ERROR : maths-advanced/2022-blacktown-boys-yearly/q15.pdf: Failed to set modification time: object not found
2026/07/03 11:23:30 NOTICE: maths-advanced/2020-hsc/q15a.pdf: Failed to read metadata: object not found
2026/07/03 11:23:30 ERROR : maths-advanced/2018-hsc/q12.pdf: Failed to set modification time: object not found
2026/07/03 11:23:30 NOTICE: maths-advanced/2023-ascham-trial/q09.pdf: Failed to read metadata: object not found
2026/07/03 11:23:30 ERROR : maths-advanced/2020-blacktown-boys-yearly/q16.pdf: Failed to set modification time: object not found
2026/07/03 11:23:30 ERROR : maths-advanced/2021-baulkham-hills-yearly/q16b.pdf: Failed to set modification time: object not found
2026/07/03 11:23:30 ERROR : maths-advanced/2023-baulkham-hills-yearly/q13-1.pdf: Failed to set modification time: object not found
2026/07/03 11:23:30 NOTICE: maths-advanced/2020-abbotsleigh-yearly/q12-1.pdf: Failed to read metadata: object not found
2026/07/03 11:23:30 NOTICE: maths-advanced/2019-hsc/q12a.pdf: Failed to read metadata: object not found
2026/07/03 11:23:30 NOTICE: maths-advanced/2018-hsc/q12a.pdf: Failed to read metadata: object not found
2026/07/03 11:23:30 NOTICE: maths-advanced/2023-abbotsleigh-trial/q10.pdf: Failed to read metadata: object not found
2026/07/03 11:23:30 NOTICE: maths-advanced/2024-abbotsleigh-yearly/q10.pdf: Failed to read metadata: object not found
2026/07/03 11:23:30 ERROR : maths-advanced/2019-ascham-yearly/q11d.pdf: Failed to set modification time: object not found
2026/07/03 11:23:30 NOTICE: maths-advanced/2024-barker-yearly/q11b.pdf: Failed to read metadata: object not found
2026/07/03 11:23:30 ERROR : maths-advanced/2020-baulkham-hills-yearly/q14b-1.pdf: Failed to set modification time: object not found
2026/07/03 11:23:30 ERROR : maths-advanced/2024-abbotsleigh-yearly/q09.pdf: Failed to set modification time: object not found
2026/07/03 11:23:30 ERROR : maths-advanced/2022-baulkham-hills-yearly/q16b.pdf: Failed to set modification time: object not found
2026/07/03 11:23:30 ERROR : maths-advanced/2016-hsc/q12b.pdf: Failed to set modification time: object not found
2026/07/03 11:23:30 ERROR : maths-advanced/2024-ascham-trial/q04.pdf: Failed to set modification time: object not found
2026/07/03 11:23:30 ERROR : maths-advanced/2017-hsc/q11i.pdf: Failed to set modification time: object not found
2026/07/03 11:23:30 ERROR : maths-advanced/2022-hsc/q15a.pdf: Failed to set modification time: object not found
2026/07/03 11:23:30 ERROR : maths-advanced/2023-hsc/q15b.pdf: Failed to set modification time: object not found
2026/07/03 11:23:30 ERROR : maths-advanced/2024-abbotsleigh-trial/q11.pdf: Failed to set modification time: object not found
2026/07/03 11:23:30 ERROR : maths-advanced/2020-ascham-trial/q15.pdf: Failed to set modification time: object not found
2026/07/03 11:23:30 NOTICE: maths-advanced/2022-blacktown-boys-yearly/q16b.pdf: Failed to read metadata: object not found
2026/07/03 11:23:30 ERROR : maths-advanced/2016-abbotsleigh-trial/q11b.pdf: Failed to set modification time: object not found
2026/07/03 11:23:30 ERROR : maths-advanced/2021-abbotsleigh-trial/q10.pdf: Failed to set modification time: object not found
2026/07/03 11:23:30 NOTICE: maths-advanced/2023-baulkham-hills-yearly/q13.pdf: Failed to read metadata: object not found
2026/07/03 11:23:30 ERROR : maths-advanced/2022-ascham-trial/q11-1.pdf: Failed to set modification time: object not found
2026/07/03 11:23:30 ERROR : maths-advanced/2021-hsc/q17.pdf: Failed to set modification time: object not found
2026/07/03 11:23:30 NOTICE: maths-advanced/2022-ascham-trial/q11.pdf: Failed to read metadata: object not found
2026/07/03 11:23:30 NOTICE: maths-advanced/2024-abbotsleigh-trial/q11c.pdf: Failed to read metadata: object not found
2026/07/03 11:23:30 NOTICE: maths-advanced/2021-baulkham-hills-yearly/q16c.pdf: Failed to read metadata: object not found
2026/07/03 11:23:30 NOTICE: maths-advanced/2020-ascham-trial/q16a.pdf: Failed to read metadata: object not found
2026/07/03 11:23:30 NOTICE: maths-advanced/2022-hsc/q15b.pdf: Failed to read metadata: object not found
2026/07/03 11:23:30 NOTICE: maths-advanced/2020-baulkham-hills-yearly/q14b.pdf: Failed to read metadata: object not found
2026/07/03 11:23:30 NOTICE: maths-advanced/2017-hsc/q12.pdf: Failed to read metadata: object not found
2026/07/03 11:23:30 NOTICE: maths-advanced/2021-abbotsleigh-trial/q11.pdf: Failed to read metadata: object not found
2026/07/03 11:23:30 ERROR : maths-advanced/2020-hsc/q15a.pdf: Failed to set modification time: object not found
2026/07/03 11:23:30 NOTICE: maths-advanced/2021-hsc/q17a.pdf: Failed to read metadata: object not found
2026/07/03 11:23:30 NOTICE: maths-advanced/2020-blacktown-boys-yearly/q20.pdf: Failed to read metadata: object not found
2026/07/03 11:23:30 NOTICE: maths-advanced/2022-baulkham-hills-yearly/q17.pdf: Failed to read metadata: object not found
2026/07/03 11:23:30 NOTICE: maths-advanced/2016-hsc/q12c.pdf: Failed to read metadata: object not found
2026/07/03 11:23:30 NOTICE: maths-advanced/2020-abbotsleigh-trial/q11-8.pdf: Failed to read metadata: object not found
2026/07/03 11:23:30 ERROR : maths-advanced/2020-abbotsleigh-trial/q11-7.pdf: Failed to set modification time: object not found
2026/07/03 11:23:30 NOTICE: maths-advanced/2023-hsc/q16.pdf: Failed to read metadata: object not found
2026/07/03 11:23:30 ERROR : maths-advanced/2023-ascham-trial/q09.pdf: Failed to set modification time: object not found
2026/07/03 11:23:30 NOTICE: maths-advanced/2016-abbotsleigh-trial/q11c.pdf: Failed to read metadata: object not found
2026/07/03 11:23:30 NOTICE: maths-advanced/2024-ascham-trial/q05.pdf: Failed to read metadata: object not found
2026/07/03 11:23:30 ERROR : maths-advanced/2019-hsc/q12a.pdf: Failed to set modification time: object not found
2026/07/03 11:23:30 ERROR : maths-advanced/2023-abbotsleigh-trial/q10.pdf: Failed to set modification time: object not found
2026/07/03 11:23:30 NOTICE: maths-advanced/2022-blacktown-boys-yearly/q18.pdf: Failed to read metadata: object not found
2026/07/03 11:23:30 ERROR : maths-advanced/2024-abbotsleigh-yearly/q10.pdf: Failed to set modification time: object not found
2026/07/03 11:23:30 ERROR : maths-advanced/2020-abbotsleigh-yearly/q12-1.pdf: Failed to set modification time: object not found
2026/07/03 11:23:30 NOTICE: maths-advanced/2019-ascham-yearly/q12a-1.pdf: Failed to read metadata: object not found
2026/07/03 11:23:30 NOTICE: maths-advanced/2023-ascham-trial/q10.pdf: Failed to read metadata: object not found
2026/07/03 11:23:30 NOTICE: maths-advanced/2023-abbotsleigh-trial/q11-1.pdf: Failed to read metadata: object not found
2026/07/03 11:23:30 ERROR : maths-advanced/2018-hsc/q12a.pdf: Failed to set modification time: object not found
2026/07/03 11:23:30 NOTICE: maths-advanced/2020-abbotsleigh-yearly/q12-2.pdf: Failed to read metadata: object not found
2026/07/03 11:23:30 NOTICE: maths-advanced/2024-barker-yearly/q12b.pdf: Failed to read metadata: object not found
2026/07/03 11:23:30 NOTICE: maths-advanced/2020-hsc/q15b.pdf: Failed to read metadata: object not found
2026/07/03 11:23:30 ERROR : maths-advanced/2024-barker-yearly/q11b.pdf: Failed to set modification time: object not found
2026/07/03 11:23:30 NOTICE: maths-advanced/2024-abbotsleigh-yearly/q11.pdf: Failed to read metadata: object not found
2026/07/03 11:23:30 ERROR : maths-advanced/2022-blacktown-boys-yearly/q16b.pdf: Failed to set modification time: object not found
2026/07/03 11:23:30 NOTICE: maths-advanced/2020-baulkham-hills-yearly/q15-1.pdf: Failed to read metadata: object not found
2026/07/03 11:23:30 ERROR : maths-advanced/2020-abbotsleigh-trial/q11-8.pdf: Failed to set modification time: object not found
2026/07/03 11:23:30 NOTICE: maths-advanced/2024-abbotsleigh-trial/q11i-1.pdf: Failed to read metadata: object not found
2026/07/03 11:23:30 NOTICE: maths-advanced/2022-ascham-trial/q12-1.pdf: Failed to read metadata: object not found
2026/07/03 11:23:30 NOTICE: maths-advanced/2020-blacktown-boys-yearly/q21.pdf: Failed to read metadata: object not found
2026/07/03 11:23:30 NOTICE: maths-advanced/2020-ascham-trial/q16b.pdf: Failed to read metadata: object not found
2026/07/03 11:23:30 NOTICE: maths-advanced/2022-baulkham-hills-yearly/q18.pdf: Failed to read metadata: object not found
2026/07/03 11:23:30 ERROR : maths-advanced/2023-baulkham-hills-yearly/q13.pdf: Failed to set modification time: object not found
2026/07/03 11:23:30 ERROR : maths-advanced/2024-ascham-trial/q05.pdf: Failed to set modification time: object not found
2026/07/03 11:23:30 NOTICE: maths-advanced/2019-hsc/q12b.pdf: Failed to read metadata: object not found
2026/07/03 11:23:30 ERROR : maths-advanced/2023-hsc/q16.pdf: Failed to set modification time: object not found
2026/07/03 11:23:30 ERROR : maths-advanced/2022-ascham-trial/q11.pdf: Failed to set modification time: object not found
2026/07/03 11:23:30 ERROR : maths-advanced/2024-abbotsleigh-trial/q11c.pdf: Failed to set modification time: object not found
2026/07/03 11:23:30 NOTICE: maths-advanced/2021-hsc/q17b.pdf: Failed to read metadata: object not found
2026/07/03 11:23:30 NOTICE: maths-advanced/2022-hsc/q16.pdf: Failed to read metadata: object not found
2026/07/03 11:23:30 ERROR : maths-advanced/2020-blacktown-boys-yearly/q20.pdf: Failed to set modification time: object not found
2026/07/03 11:23:30 ERROR : maths-advanced/2021-hsc/q17a.pdf: Failed to set modification time: object not found
2026/07/03 11:23:30 NOTICE: maths-advanced/2021-baulkham-hills-yearly/q17.pdf: Failed to read metadata: object not found
2026/07/03 11:23:30 ERROR : maths-advanced/2021-baulkham-hills-yearly/q16c.pdf: Failed to set modification time: object not found
2026/07/03 11:23:30 ERROR : maths-advanced/2020-baulkham-hills-yearly/q14b.pdf: Failed to set modification time: object not found
2026/07/03 11:23:30 ERROR : maths-advanced/2022-hsc/q15b.pdf: Failed to set modification time: object not found
2026/07/03 11:23:30 ERROR : maths-advanced/2021-abbotsleigh-trial/q11.pdf: Failed to set modification time: object not found
2026/07/03 11:23:30 ERROR : maths-advanced/2020-ascham-trial/q16a.pdf: Failed to set modification time: object not found
2026/07/03 11:23:30 ERROR : maths-advanced/2016-hsc/q12c.pdf: Failed to set modification time: object not found
2026/07/03 11:23:30 ERROR : maths-advanced/2017-hsc/q12.pdf: Failed to set modification time: object not found
2026/07/03 11:23:30 NOTICE: maths-advanced/2017-hsc/q12a.pdf: Failed to read metadata: object not found
2026/07/03 11:23:30 ERROR : maths-advanced/2019-ascham-yearly/q12a-1.pdf: Failed to set modification time: object not found
2026/07/03 11:23:30 ERROR : maths-advanced/2023-ascham-trial/q10.pdf: Failed to set modification time: object not found
2026/07/03 11:23:30 ERROR : maths-advanced/2022-blacktown-boys-yearly/q18.pdf: Failed to set modification time: object not found
2026/07/03 11:23:30 ERROR : maths-advanced/2016-abbotsleigh-trial/q11c.pdf: Failed to set modification time: object not found
2026/07/03 11:23:30 ERROR : maths-advanced/2023-abbotsleigh-trial/q11-1.pdf: Failed to set modification time: object not found
2026/07/03 11:23:30 NOTICE: maths-advanced/2018-hsc/q12b.pdf: Failed to read metadata: object not found
2026/07/03 11:23:30 NOTICE: maths-advanced/2023-hsc/q17.pdf: Failed to read metadata: object not found
2026/07/03 11:23:30 NOTICE: maths-advanced/2023-baulkham-hills-yearly/q14.pdf: Failed to read metadata: object not found
2026/07/03 11:23:30 NOTICE: maths-advanced/2016-hsc/q12d.pdf: Failed to read metadata: object not found
2026/07/03 11:23:30 ERROR : maths-advanced/2022-baulkham-hills-yearly/q17.pdf: Failed to set modification time: object not found
2026/07/03 11:23:30 NOTICE: maths-advanced/2021-abbotsleigh-trial/q11a.pdf: Failed to read metadata: object not found
2026/07/03 11:23:30 ERROR : maths-advanced/2020-abbotsleigh-yearly/q12-2.pdf: Failed to set modification time: object not found
2026/07/03 11:23:30 NOTICE: maths-advanced/2019-ascham-yearly/q12a.pdf: Failed to read metadata: object not found
2026/07/03 11:23:30 NOTICE: maths-advanced/2020-abbotsleigh-trial/q11.pdf: Failed to read metadata: object not found
2026/07/03 11:23:30 NOTICE: maths-advanced/2020-hsc/q16.pdf: Failed to read metadata: object not found
2026/07/03 11:23:30 ERROR : maths-advanced/2020-hsc/q15b.pdf: Failed to set modification time: object not found
2026/07/03 11:23:30 NOTICE: maths-advanced/2024-barker-yearly/q14b.pdf: Failed to read metadata: object not found
2026/07/03 11:23:30 NOTICE: maths-advanced/2020-blacktown-boys-yearly/q22.pdf: Failed to read metadata: object not found
2026/07/03 11:23:30 NOTICE: maths-advanced/2024-ascham-trial/q06.pdf: Failed to read metadata: object not found
2026/07/03 11:23:30 ERROR : maths-advanced/2019-hsc/q12b.pdf: Failed to set modification time: object not found
2026/07/03 11:23:30 NOTICE: maths-advanced/2023-ascham-trial/q11-1.pdf: Failed to read metadata: object not found
2026/07/03 11:23:30 NOTICE: maths-advanced/2023-abbotsleigh-trial/q11-2.pdf: Failed to read metadata: object not found
2026/07/03 11:23:30 NOTICE: maths-advanced/2016-abbotsleigh-trial/q11g.pdf: Failed to read metadata: object not found
2026/07/03 11:23:30 ERROR : maths-advanced/2024-abbotsleigh-yearly/q11.pdf: Failed to set modification time: object not found
2026/07/03 11:23:30 NOTICE: maths-advanced/2020-abbotsleigh-yearly/q12-3.pdf: Failed to read metadata: object not found
2026/07/03 11:23:30 NOTICE: maths-advanced/2019-hsc/q12c.pdf: Failed to read metadata: object not found
2026/07/03 11:23:30 ERROR : maths-advanced/2020-blacktown-boys-yearly/q21.pdf: Failed to set modification time: object not found
2026/07/03 11:23:30 ERROR : maths-advanced/2022-ascham-trial/q12-1.pdf: Failed to set modification time: object not found
2026/07/03 11:23:30 ERROR : maths-advanced/2021-hsc/q17b.pdf: Failed to set modification time: object not found
2026/07/03 11:23:30 NOTICE: maths-advanced/2023-baulkham-hills-yearly/q15-1.pdf: Failed to read metadata: object not found
2026/07/03 11:23:30 ERROR : maths-advanced/2024-barker-yearly/q12b.pdf: Failed to set modification time: object not found
2026/07/03 11:23:30 ERROR : maths-advanced/2020-baulkham-hills-yearly/q15-1.pdf: Failed to set modification time: object not found
2026/07/03 11:23:30 NOTICE: maths-advanced/2022-ascham-trial/q12.pdf: Failed to read metadata: object not found
2026/07/03 11:23:30 ERROR : maths-advanced/2024-abbotsleigh-trial/q11i-1.pdf: Failed to set modification time: object not found
2026/07/03 11:23:30 ERROR : maths-advanced/2022-baulkham-hills-yearly/q18.pdf: Failed to set modification time: object not found
2026/07/03 11:23:30 NOTICE: maths-advanced/2022-blacktown-boys-yearly/q19a.pdf: Failed to read metadata: object not found
2026/07/03 11:23:30 ERROR : maths-advanced/2018-hsc/q12b.pdf: Failed to set modification time: object not found
2026/07/03 11:23:30 ERROR : maths-advanced/2020-ascham-trial/q16b.pdf: Failed to set modification time: object not found
2026/07/03 11:23:30 ERROR : maths-advanced/2023-baulkham-hills-yearly/q14.pdf: Failed to set modification time: object not found
2026/07/03 11:23:30 NOTICE: maths-advanced/2018-hsc/q12d.pdf: Failed to read metadata: object not found
2026/07/03 11:23:30 NOTICE: maths-advanced/2024-abbotsleigh-yearly/q14.pdf: Failed to read metadata: object not found
2026/07/03 11:23:30 ERROR : maths-advanced/2021-baulkham-hills-yearly/q17.pdf: Failed to set modification time: object not found
2026/07/03 11:23:30 NOTICE: maths-advanced/2024-abbotsleigh-trial/q11i.pdf: Failed to read metadata: object not found
2026/07/03 11:23:30 NOTICE: maths-advanced/2021-baulkham-hills-yearly/q18a.pdf: Failed to read metadata: object not found
2026/07/03 11:23:30 ERROR : maths-advanced/2023-hsc/q17.pdf: Failed to set modification time: object not found
2026/07/03 11:23:30 ERROR : maths-advanced/2017-hsc/q12a.pdf: Failed to set modification time: object not found
2026/07/03 11:23:30 ERROR : maths-advanced/2016-hsc/q12d.pdf: Failed to set modification time: object not found
2026/07/03 11:23:30 ERROR : maths-advanced/2021-abbotsleigh-trial/q11a.pdf: Failed to set modification time: object not found
2026/07/03 11:23:30 NOTICE: maths-advanced/2022-hsc/q17a.pdf: Failed to read metadata: object not found
2026/07/03 11:23:30 NOTICE: maths-advanced/2021-hsc/q18.pdf: Failed to read metadata: object not found
2026/07/03 11:23:30 ERROR : maths-advanced/2022-hsc/q16.pdf: Failed to set modification time: object not found
2026/07/03 11:23:30 NOTICE: maths-advanced/2020-baulkham-hills-yearly/q15.pdf: Failed to read metadata: object not found
2026/07/03 11:23:30 NOTICE: maths-advanced/2022-baulkham-hills-yearly/q19a.pdf: Failed to read metadata: object not found
2026/07/03 11:23:30 ERROR : maths-advanced/2020-hsc/q16.pdf: Failed to set modification time: object not found
2026/07/03 11:23:30 NOTICE: maths-advanced/2023-hsc/q18.pdf: Failed to read metadata: object not found
2026/07/03 11:23:30 NOTICE: maths-advanced/2016-hsc/q12i-1.pdf: Failed to read metadata: object not found
2026/07/03 11:23:30 ERROR : maths-advanced/2020-abbotsleigh-trial/q11.pdf: Failed to set modification time: object not found
2026/07/03 11:23:30 ERROR : maths-advanced/2016-abbotsleigh-trial/q11g.pdf: Failed to set modification time: object not found
2026/07/03 11:23:30 NOTICE: maths-advanced/2020-ascham-trial/q17a.pdf: Failed to read metadata: object not found
2026/07/03 11:23:30 ERROR : maths-advanced/2020-abbotsleigh-yearly/q12-3.pdf: Failed to set modification time: object not found
2026/07/03 11:23:30 ERROR : maths-advanced/2024-ascham-trial/q06.pdf: Failed to set modification time: object not found
2026/07/03 11:23:30 NOTICE: maths-advanced/2016-abbotsleigh-trial/q12a.pdf: Failed to read metadata: object not found
2026/07/03 11:23:30 ERROR : maths-advanced/2024-barker-yearly/q14b.pdf: Failed to set modification time: object not found
2026/07/03 11:23:30 ERROR : maths-advanced/2019-ascham-yearly/q12a.pdf: Failed to set modification time: object not found
2026/07/03 11:23:30 ERROR : maths-advanced/2020-blacktown-boys-yearly/q22.pdf: Failed to set modification time: object not found
2026/07/03 11:23:30 NOTICE: maths-advanced/2022-blacktown-boys-yearly/q19b.pdf: Failed to read metadata: object not found
2026/07/03 11:23:30 NOTICE: maths-advanced/2024-ascham-trial/q07.pdf: Failed to read metadata: object not found
2026/07/03 11:23:30 ERROR : maths-advanced/2022-ascham-trial/q12.pdf: Failed to set modification time: object not found
2026/07/03 11:23:30 NOTICE: maths-advanced/2019-ascham-yearly/q12b.pdf: Failed to read metadata: object not found
2026/07/03 11:23:30 ERROR : maths-advanced/2024-abbotsleigh-yearly/q14.pdf: Failed to set modification time: object not found
2026/07/03 11:23:30 ERROR : maths-advanced/2018-hsc/q12d.pdf: Failed to set modification time: object not found
2026/07/03 11:23:30 ERROR : maths-advanced/2023-ascham-trial/q11-1.pdf: Failed to set modification time: object not found
2026/07/03 11:23:30 NOTICE: maths-advanced/2020-abbotsleigh-yearly/q12.pdf: Failed to read metadata: object not found
2026/07/03 11:23:30 NOTICE: maths-advanced/2021-abbotsleigh-trial/q11b-1.pdf: Failed to read metadata: object not found
2026/07/03 11:23:30 NOTICE: maths-advanced/2017-hsc/q12b.pdf: Failed to read metadata: object not found
2026/07/03 11:23:30 NOTICE: maths-advanced/2020-abbotsleigh-trial/q11c.pdf: Failed to read metadata: object not found
2026/07/03 11:23:30 ERROR : maths-advanced/2022-blacktown-boys-yearly/q19a.pdf: Failed to set modification time: object not found
2026/07/03 11:23:30 ERROR : maths-advanced/2021-baulkham-hills-yearly/q18a.pdf: Failed to set modification time: object not found
2026/07/03 11:23:30 ERROR : maths-advanced/2023-abbotsleigh-trial/q11-2.pdf: Failed to set modification time: object not found
2026/07/03 11:23:30 NOTICE: maths-advanced/2019-hsc/q12d.pdf: Failed to read metadata: object not found
2026/07/03 11:23:30 ERROR : maths-advanced/2023-baulkham-hills-yearly/q15-1.pdf: Failed to set modification time: object not found
2026/07/03 11:23:30 NOTICE: maths-advanced/2020-hsc/q17.pdf: Failed to read metadata: object not found
2026/07/03 11:23:30 NOTICE: maths-advanced/2023-ascham-trial/q11.pdf: Failed to read metadata: object not found
2026/07/03 11:23:30 ERROR : maths-advanced/2024-abbotsleigh-trial/q11i.pdf: Failed to set modification time: object not found
2026/07/03 11:23:30 ERROR : maths-advanced/2019-hsc/q12c.pdf: Failed to set modification time: object not found
2026/07/03 11:23:30 NOTICE: maths-advanced/2024-barker-yearly/q15.pdf: Failed to read metadata: object not found
2026/07/03 11:23:30 ERROR : maths-advanced/2022-hsc/q17a.pdf: Failed to set modification time: object not found
2026/07/03 11:23:30 NOTICE: maths-advanced/2023-abbotsleigh-trial/q11-3.pdf: Failed to read metadata: object not found
2026/07/03 11:23:30 ERROR : maths-advanced/2022-baulkham-hills-yearly/q19a.pdf: Failed to set modification time: object not found
2026/07/03 11:23:30 NOTICE: maths-advanced/2024-abbotsleigh-yearly/q15.pdf: Failed to read metadata: object not found
2026/07/03 11:23:30 ERROR : maths-advanced/2021-hsc/q18.pdf: Failed to set modification time: object not found
2026/07/03 11:23:30 NOTICE: maths-advanced/2021-baulkham-hills-yearly/q18b.pdf: Failed to read metadata: object not found
2026/07/03 11:23:30 ERROR : maths-advanced/2023-hsc/q18.pdf: Failed to set modification time: object not found
2026/07/03 11:23:30 NOTICE: maths-advanced/2018-hsc/q12i-1.pdf: Failed to read metadata: object not found
2026/07/03 11:23:30 NOTICE: maths-advanced/2020-blacktown-boys-yearly/q23.pdf: Failed to read metadata: object not found
2026/07/03 11:23:30 ERROR : maths-advanced/2020-ascham-trial/q17a.pdf: Failed to set modification time: object not found
2026/07/03 11:23:30 ERROR : maths-advanced/2020-baulkham-hills-yearly/q15.pdf: Failed to set modification time: object not found
2026/07/03 11:23:30 NOTICE: maths-advanced/2024-abbotsleigh-trial/q12-1.pdf: Failed to read metadata: object not found
2026/07/03 11:23:30 NOTICE: maths-advanced/2020-baulkham-hills-yearly/q16a-1.pdf: Failed to read metadata: object not found
2026/07/03 11:23:30 NOTICE: maths-advanced/2016-hsc/q12i.pdf: Failed to read metadata: object not found
2026/07/03 11:23:30 ERROR : maths-advanced/2016-hsc/q12i-1.pdf: Failed to set modification time: object not found
2026/07/03 11:23:30 NOTICE: maths-advanced/2023-baulkham-hills-yearly/q15.pdf: Failed to read metadata: object not found
2026/07/03 11:23:30 ERROR : maths-advanced/2016-abbotsleigh-trial/q12a.pdf: Failed to set modification time: object not found
2026/07/03 11:23:30 ERROR : maths-advanced/2022-blacktown-boys-yearly/q19b.pdf: Failed to set modification time: object not found
2026/07/03 11:23:30 ERROR : maths-advanced/2024-ascham-trial/q07.pdf: Failed to set modification time: object not found
2026/07/03 11:23:30 NOTICE: maths-advanced/2022-ascham-trial/q13-1.pdf: Failed to read metadata: object not found
2026/07/03 11:23:30 ERROR : maths-advanced/2020-abbotsleigh-yearly/q12.pdf: Failed to set modification time: object not found
2026/07/03 11:23:30 NOTICE: maths-advanced/2021-hsc/q19.pdf: Failed to read metadata: object not found
2026/07/03 11:23:30 ERROR : maths-advanced/2020-abbotsleigh-trial/q11c.pdf: Failed to set modification time: object not found
2026/07/03 11:23:30 ERROR : maths-advanced/2021-abbotsleigh-trial/q11b-1.pdf: Failed to set modification time: object not found
2026/07/03 11:23:30 ERROR : maths-advanced/2019-ascham-yearly/q12b.pdf: Failed to set modification time: object not found
2026/07/03 11:23:30 ERROR : maths-advanced/2017-hsc/q12b.pdf: Failed to set modification time: object not found
2026/07/03 11:23:30 NOTICE: maths-advanced/2017-hsc/q12d.pdf: Failed to read metadata: object not found
2026/07/03 11:23:30 NOTICE: maths-advanced/2022-hsc/q17b.pdf: Failed to read metadata: object not found
2026/07/03 11:23:30 NOTICE: maths-advanced/2021-baulkham-hills-yearly/q18c.pdf: Failed to read metadata: object not found
2026/07/03 11:23:30 ERROR : maths-advanced/2020-hsc/q17.pdf: Failed to set modification time: object not found
2026/07/03 11:23:30 NOTICE: maths-advanced/2023-hsc/q18a.pdf: Failed to read metadata: object not found
2026/07/03 11:23:30 NOTICE: maths-advanced/2021-abbotsleigh-trial/q11b.pdf: Failed to read metadata: object not found
2026/07/03 11:23:30 ERROR : maths-advanced/2019-hsc/q12d.pdf: Failed to set modification time: object not found
2026/07/03 11:23:30 ERROR : maths-advanced/2024-barker-yearly/q15.pdf: Failed to set modification time: object not found
2026/07/03 11:23:30 ERROR : maths-advanced/2023-ascham-trial/q11.pdf: Failed to set modification time: object not found
2026/07/03 11:23:30 NOTICE: maths-advanced/2020-abbotsleigh-yearly/q12a.pdf: Failed to read metadata: object not found
2026/07/03 11:23:30 NOTICE: maths-advanced/2020-ascham-trial/q17b.pdf: Failed to read metadata: object not found
2026/07/03 11:23:30 NOTICE: maths-advanced/2022-baulkham-hills-yearly/q19b.pdf: Failed to read metadata: object not found
2026/07/03 11:23:30 NOTICE: maths-advanced/2019-ascham-yearly/q12c.pdf: Failed to read metadata: object not found
2026/07/03 11:23:30 ERROR : maths-advanced/2023-abbotsleigh-trial/q11-3.pdf: Failed to set modification time: object not found
2026/07/03 11:23:30 NOTICE: maths-advanced/2024-ascham-trial/q08.pdf: Failed to read metadata: object not found
2026/07/03 11:23:30 ERROR : maths-advanced/2018-hsc/q12i-1.pdf: Failed to set modification time: object not found
2026/07/03 11:23:30 ERROR : maths-advanced/2024-abbotsleigh-trial/q12-1.pdf: Failed to set modification time: object not found
2026/07/03 11:23:30 NOTICE: maths-advanced/2020-abbotsleigh-trial/q12-1.pdf: Failed to read metadata: object not found
2026/07/03 11:23:30 ERROR : maths-advanced/2024-abbotsleigh-yearly/q15.pdf: Failed to set modification time: object not found
2026/07/03 11:23:30 ERROR : maths-advanced/2016-hsc/q12i.pdf: Failed to set modification time: object not found
2026/07/03 11:23:30 ERROR : maths-advanced/2020-blacktown-boys-yearly/q23.pdf: Failed to set modification time: object not found
2026/07/03 11:23:30 ERROR : maths-advanced/2021-baulkham-hills-yearly/q18b.pdf: Failed to set modification time: object not found
2026/07/03 11:23:30 NOTICE: maths-advanced/2016-abbotsleigh-trial/q12b.pdf: Failed to read metadata: object not found
2026/07/03 11:23:30 NOTICE: maths-advanced/2020-blacktown-boys-yearly/q23a.pdf: Failed to read metadata: object not found
2026/07/03 11:23:30 NOTICE: maths-advanced/2022-blacktown-boys-yearly/q20b.pdf: Failed to read metadata: object not found
2026/07/03 11:23:30 ERROR : maths-advanced/2022-ascham-trial/q13-1.pdf: Failed to set modification time: object not found
2026/07/03 11:23:30 ERROR : maths-advanced/2023-baulkham-hills-yearly/q15.pdf: Failed to set modification time: object not found
2026/07/03 11:23:30 NOTICE: maths-advanced/2020-hsc/q18a.pdf: Failed to read metadata: object not found
2026/07/03 11:23:30 NOTICE: maths-advanced/2023-ascham-trial/q12a-1.pdf: Failed to read metadata: object not found
2026/07/03 11:23:30 ERROR : maths-advanced/2021-hsc/q19.pdf: Failed to set modification time: object not found
2026/07/03 11:23:30 NOTICE: maths-advanced/2023-abbotsleigh-trial/q11-4.pdf: Failed to read metadata: object not found
2026/07/03 11:23:30 ERROR : maths-advanced/2020-baulkham-hills-yearly/q16a-1.pdf: Failed to set modification time: object not found
2026/07/03 11:23:30 ERROR : maths-advanced/2017-hsc/q12d.pdf: Failed to set modification time: object not found
2026/07/03 11:23:30 NOTICE: maths-advanced/2024-barker-yearly/q17.pdf: Failed to read metadata: object not found
2026/07/03 11:23:30 NOTICE: maths-advanced/2022-ascham-trial/q13.pdf: Failed to read metadata: object not found
2026/07/03 11:23:30 NOTICE: maths-advanced/2024-abbotsleigh-trial/q12-2.pdf: Failed to read metadata: object not found
2026/07/03 11:23:30 ERROR : maths-advanced/2021-baulkham-hills-yearly/q18c.pdf: Failed to set modification time: object not found
2026/07/03 11:23:30 NOTICE: maths-advanced/2016-hsc/q13a.pdf: Failed to read metadata: object not found
2026/07/03 11:23:30 NOTICE: maths-advanced/2021-hsc/q20.pdf: Failed to read metadata: object not found
2026/07/03 11:23:30 NOTICE: maths-advanced/2018-hsc/q12i-2.pdf: Failed to read metadata: object not found
2026/07/03 11:23:30 NOTICE: maths-advanced/2022-hsc/q18a.pdf: Failed to read metadata: object not found
2026/07/03 11:23:30 ERROR : maths-advanced/2020-abbotsleigh-yearly/q12a.pdf: Failed to set modification time: object not found
2026/07/03 11:23:30 NOTICE: maths-advanced/2019-hsc/q12i-1.pdf: Failed to read metadata: object not found
2026/07/03 11:23:30 NOTICE: maths-advanced/2020-abbotsleigh-yearly/q12b.pdf: Failed to read metadata: object not found
2026/07/03 11:23:30 NOTICE: maths-advanced/2023-baulkham-hills-yearly/q16i.pdf: Failed to read metadata: object not found
2026/07/03 11:23:30 NOTICE: maths-advanced/2023-hsc/q18b.pdf: Failed to read metadata: object not found
2026/07/03 11:23:30 NOTICE: maths-advanced/2024-abbotsleigh-yearly/q16.pdf: Failed to read metadata: object not found
2026/07/03 11:23:30 ERROR : maths-advanced/2021-abbotsleigh-trial/q11b.pdf: Failed to set modification time: object not found
2026/07/03 11:23:30 NOTICE: maths-advanced/2020-baulkham-hills-yearly/q16a.pdf: Failed to read metadata: object not found
2026/07/03 11:23:30 ERROR : maths-advanced/2022-hsc/q17b.pdf: Failed to set modification time: object not found
2026/07/03 11:23:30 NOTICE: maths-advanced/2021-abbotsleigh-trial/q11c.pdf: Failed to read metadata: object not found
2026/07/03 11:23:30 ERROR : maths-advanced/2023-hsc/q18a.pdf: Failed to set modification time: object not found
2026/07/03 11:23:30 NOTICE: maths-advanced/2017-hsc/q12e.pdf: Failed to read metadata: object not found
2026/07/03 11:23:30 NOTICE: maths-advanced/2022-baulkham-hills-yearly/q20.pdf: Failed to read metadata: object not found
2026/07/03 11:23:30 ERROR : maths-advanced/2019-ascham-yearly/q12c.pdf: Failed to set modification time: object not found
2026/07/03 11:23:30 NOTICE: maths-advanced/2019-ascham-yearly/q12d.pdf: Failed to read metadata: object not found
2026/07/03 11:23:31 NOTICE: maths-advanced/2024-ascham-trial/q09.pdf: Failed to read metadata: object not found
2026/07/03 11:23:31 ERROR : maths-advanced/2020-abbotsleigh-trial/q12-1.pdf: Failed to set modification time: object not found
2026/07/03 11:23:31 NOTICE: maths-advanced/2020-ascham-trial/q18.pdf: Failed to read metadata: object not found
2026/07/03 11:23:31 ERROR : maths-advanced/2020-hsc/q18a.pdf: Failed to set modification time: object not found
2026/07/03 11:23:31 NOTICE: maths-advanced/2020-blacktown-boys-yearly/q23b.pdf: Failed to read metadata: object not found
2026/07/03 11:23:31 ERROR : maths-advanced/2020-blacktown-boys-yearly/q23a.pdf: Failed to set modification time: object not found
2026/07/03 11:23:31 ERROR : maths-advanced/2024-ascham-trial/q08.pdf: Failed to set modification time: object not found
2026/07/03 11:23:31 ERROR : maths-advanced/2023-abbotsleigh-trial/q11-4.pdf: Failed to set modification time: object not found
2026/07/03 11:23:31 NOTICE: maths-advanced/2024-abbotsleigh-trial/q12-3.pdf: Failed to read metadata: object not found
2026/07/03 11:23:31 ERROR : maths-advanced/2020-ascham-trial/q17b.pdf: Failed to set modification time: object not found
2026/07/03 11:23:31 NOTICE: maths-advanced/2016-abbotsleigh-trial/q12i-1.pdf: Failed to read metadata: object not found
2026/07/03 11:23:31 ERROR : maths-advanced/2022-blacktown-boys-yearly/q20b.pdf: Failed to set modification time: object not found
2026/07/03 11:23:31 ERROR : maths-advanced/2023-ascham-trial/q12a-1.pdf: Failed to set modification time: object not found
2026/07/03 11:23:31 NOTICE: maths-advanced/2020-abbotsleigh-trial/q12-2.pdf: Failed to read metadata: object not found
2026/07/03 11:23:31 ERROR : maths-advanced/2021-hsc/q20.pdf: Failed to set modification time: object not found
2026/07/03 11:23:31 NOTICE: maths-advanced/2020-hsc/q18b.pdf: Failed to read metadata: object not found
2026/07/03 11:23:31 NOTICE: maths-advanced/2022-ascham-trial/q14-1.pdf: Failed to read metadata: object not found
2026/07/03 11:23:31 ERROR : maths-advanced/2021-abbotsleigh-trial/q11c.pdf: Failed to set modification time: object not found
2026/07/03 11:23:31 ERROR : maths-advanced/2024-abbotsleigh-trial/q12-3.pdf: Failed to set modification time: object not found
2026/07/03 11:23:31 ERROR : maths-advanced/2024-ascham-trial/q09.pdf: Failed to set modification time: object not found
2026/07/03 11:23:31 NOTICE: maths-advanced/2023-baulkham-hills-yearly/q17.pdf: Failed to read metadata: object not found
2026/07/03 11:23:31 NOTICE: maths-advanced/2020-baulkham-hills-yearly/q16b.pdf: Failed to read metadata: object not found
2026/07/03 11:23:31 ERROR : maths-advanced/2020-baulkham-hills-yearly/q16a.pdf: Failed to set modification time: object not found
2026/07/03 11:23:31 NOTICE: maths-advanced/2016-hsc/q13b.pdf: Failed to read metadata: object not found
2026/07/03 11:23:31 NOTICE: maths-advanced/2022-hsc/q18b.pdf: Failed to read metadata: object not found
2026/07/03 11:23:31 ERROR : maths-advanced/2020-abbotsleigh-yearly/q12b.pdf: Failed to set modification time: object not found
2026/07/03 11:23:31 ERROR : maths-advanced/2019-ascham-yearly/q12d.pdf: Failed to set modification time: object not found
2026/07/03 11:23:31 NOTICE: maths-advanced/2023-abbotsleigh-trial/q11-5.pdf: Failed to read metadata: object not found
2026/07/03 11:23:31 NOTICE: maths-advanced/2024-abbotsleigh-yearly/q18a.pdf: Failed to read metadata: object not found
2026/07/03 11:23:31 NOTICE: maths-advanced/2022-baulkham-hills-yearly/q21.pdf: Failed to read metadata: object not found
2026/07/03 11:23:31 ERROR : maths-advanced/2023-hsc/q18b.pdf: Failed to set modification time: object not found
2026/07/03 11:23:31 ERROR : maths-advanced/2020-ascham-trial/q18.pdf: Failed to set modification time: object not found
2026/07/03 11:23:31 NOTICE: maths-advanced/2023-ascham-trial/q12a.pdf: Failed to read metadata: object not found
2026/07/03 11:23:31 ERROR : maths-advanced/2022-baulkham-hills-yearly/q19b.pdf: Failed to set modification time: object not found
2026/07/03 11:23:31 ERROR : maths-advanced/2017-hsc/q12e.pdf: Failed to set modification time: object not found
2026/07/03 11:23:31 ERROR : maths-advanced/2024-abbotsleigh-yearly/q16.pdf: Failed to set modification time: object not found
2026/07/03 11:23:31 ERROR : maths-advanced/2024-barker-yearly/q17.pdf: Failed to set modification time: object not found
2026/07/03 11:23:31 NOTICE: maths-advanced/2024-barker-yearly/q18.pdf: Failed to read metadata: object not found
2026/07/03 11:23:31 ERROR : maths-advanced/2018-hsc/q12i-2.pdf: Failed to set modification time: object not found
2026/07/03 11:23:31 ERROR : maths-advanced/2022-ascham-trial/q13.pdf: Failed to set modification time: object not found
2026/07/03 11:23:31 ERROR : maths-advanced/2022-hsc/q18a.pdf: Failed to set modification time: object not found
2026/07/03 11:23:31 ERROR : maths-advanced/2019-hsc/q12i-1.pdf: Failed to set modification time: object not found
2026/07/03 11:23:31 ERROR : maths-advanced/2016-abbotsleigh-trial/q12b.pdf: Failed to set modification time: object not found
2026/07/03 11:23:31 ERROR : maths-advanced/2024-abbotsleigh-trial/q12-2.pdf: Failed to set modification time: object not found
2026/07/03 11:23:31 NOTICE: maths-advanced/2022-blacktown-boys-yearly/q22.pdf: Failed to read metadata: object not found
2026/07/03 11:23:31 NOTICE: maths-advanced/2019-hsc/q12i.pdf: Failed to read metadata: object not found
2026/07/03 11:23:31 ERROR : maths-advanced/2022-baulkham-hills-yearly/q20.pdf: Failed to set modification time: object not found
2026/07/03 11:23:31 NOTICE: maths-advanced/2018-hsc/q12i.pdf: Failed to read metadata: object not found
2026/07/03 11:23:31 ERROR : maths-advanced/2016-hsc/q13a.pdf: Failed to set modification time: object not found
2026/07/03 11:23:31 ERROR : maths-advanced/2023-baulkham-hills-yearly/q16i.pdf: Failed to set modification time: object not found
2026/07/03 11:23:31 NOTICE: maths-advanced/2023-hsc/q19a.pdf: Failed to read metadata: object not found
2026/07/03 11:23:31 ERROR : maths-advanced/2020-blacktown-boys-yearly/q23b.pdf: Failed to set modification time: object not found
2026/07/03 11:23:31 NOTICE: maths-advanced/2021-hsc/q21.pdf: Failed to read metadata: object not found
2026/07/03 11:23:31 NOTICE: maths-advanced/2017-hsc/q12i-1.pdf: Failed to read metadata: object not found
2026/07/03 11:23:31 ERROR : maths-advanced/2016-abbotsleigh-trial/q12i-1.pdf: Failed to set modification time: object not found
2026/07/03 11:23:31 NOTICE: maths-advanced/2020-abbotsleigh-yearly/q12c.pdf: Failed to read metadata: object not found
2026/07/03 11:23:31 NOTICE: maths-advanced/2019-ascham-yearly/q12e-1.pdf: Failed to read metadata: object not found
2026/07/03 11:23:31 NOTICE: maths-advanced/2020-hsc/q19.pdf: Failed to read metadata: object not found
2026/07/03 11:23:31 NOTICE: maths-advanced/2022-blacktown-boys-yearly/q23.pdf: Failed to read metadata: object not found
2026/07/03 11:23:31 NOTICE: maths-advanced/2023-ascham-trial/q13-1.pdf: Failed to read metadata: object not found
2026/07/03 11:23:31 ERROR : maths-advanced/2020-hsc/q18b.pdf: Failed to set modification time: object not found
2026/07/03 11:23:31 ERROR : maths-advanced/2018-hsc/q12i.pdf: Failed to set modification time: object not found
2026/07/03 11:23:31 ERROR : maths-advanced/2022-hsc/q18b.pdf: Failed to set modification time: object not found
2026/07/03 11:23:31 ERROR : maths-advanced/2020-abbotsleigh-trial/q12-2.pdf: Failed to set modification time: object not found
2026/07/03 11:23:31 ERROR : maths-advanced/2023-hsc/q19a.pdf: Failed to set modification time: object not found
2026/07/03 11:23:31 ERROR : maths-advanced/2020-baulkham-hills-yearly/q16b.pdf: Failed to set modification time: object not found
2026/07/03 11:23:31 ERROR : maths-advanced/2022-ascham-trial/q14-1.pdf: Failed to set modification time: object not found
2026/07/03 11:23:31 NOTICE: maths-advanced/2021-abbotsleigh-trial/q11d.pdf: Failed to read metadata: object not found
2026/07/03 11:23:31 ERROR : maths-advanced/2024-abbotsleigh-yearly/q18a.pdf: Failed to set modification time: object not found
2026/07/03 11:23:31 NOTICE: maths-advanced/2024-abbotsleigh-trial/q12-4.pdf: Failed to read metadata: object not found
2026/07/03 11:23:31 ERROR : maths-advanced/2016-hsc/q13b.pdf: Failed to set modification time: object not found
2026/07/03 11:23:31 NOTICE: maths-advanced/2023-abbotsleigh-trial/q11-6.pdf: Failed to read metadata: object not found
2026/07/03 11:23:31 NOTICE: maths-advanced/2019-hsc/q13.pdf: Failed to read metadata: object not found
2026/07/03 11:23:31 NOTICE: maths-advanced/2020-ascham-trial/q18a.pdf: Failed to read metadata: object not found
2026/07/03 11:23:31 NOTICE: maths-advanced/2024-ascham-trial/q10.pdf: Failed to read metadata: object not found
2026/07/03 11:23:31 NOTICE: maths-advanced/2018-hsc/q13a.pdf: Failed to read metadata: object not found
2026/07/03 11:23:31 ERROR : maths-advanced/2024-barker-yearly/q18.pdf: Failed to set modification time: object not found
2026/07/03 11:23:31 NOTICE: maths-advanced/2020-blacktown-boys-yearly/q24.pdf: Failed to read metadata: object not found
2026/07/03 11:23:31 NOTICE: maths-advanced/2024-abbotsleigh-yearly/q18b.pdf: Failed to read metadata: object not found
2026/07/03 11:23:31 ERROR : maths-advanced/2023-ascham-trial/q12a.pdf: Failed to set modification time: object not found
2026/07/03 11:23:31 ERROR : maths-advanced/2022-baulkham-hills-yearly/q21.pdf: Failed to set modification time: object not found
2026/07/03 11:23:31 ERROR : maths-advanced/2022-blacktown-boys-yearly/q22.pdf: Failed to set modification time: object not found
2026/07/03 11:23:31 ERROR : maths-advanced/2019-hsc/q12i.pdf: Failed to set modification time: object not found
2026/07/03 11:23:31 ERROR : maths-advanced/2023-baulkham-hills-yearly/q17.pdf: Failed to set modification time: object not found
2026/07/03 11:23:31 ERROR : maths-advanced/2023-abbotsleigh-trial/q11-5.pdf: Failed to set modification time: object not found
2026/07/03 11:23:31 NOTICE: maths-advanced/2020-abbotsleigh-trial/q12-3.pdf: Failed to read metadata: object not found
2026/07/03 11:23:31 ERROR : maths-advanced/2017-hsc/q12i-1.pdf: Failed to set modification time: object not found
2026/07/03 11:23:31 ERROR : maths-advanced/2021-hsc/q21.pdf: Failed to set modification time: object not found
2026/07/03 11:23:31 NOTICE: maths-advanced/2024-baulkham-hills-yearly/paper.pdf: Failed to read metadata: object not found
2026/07/03 11:23:31 NOTICE: maths-advanced/2024-barker-yearly/q19.pdf: Failed to read metadata: object not found
2026/07/03 11:23:31 NOTICE: maths-advanced/2022-ascham-trial/q14.pdf: Failed to read metadata: object not found
2026/07/03 11:23:31 NOTICE: maths-advanced/2023-baulkham-hills-yearly/q17i.pdf: Failed to read metadata: object not found
2026/07/03 11:23:31 NOTICE: maths-advanced/2022-hsc/q19.pdf: Failed to read metadata: object not found
2026/07/03 11:23:31 ERROR : maths-advanced/2020-abbotsleigh-yearly/q12c.pdf: Failed to set modification time: object not found
2026/07/03 11:23:31 ERROR : maths-advanced/2020-hsc/q19.pdf: Failed to set modification time: object not found
2026/07/03 11:23:31 ERROR : maths-advanced/2019-ascham-yearly/q12e-1.pdf: Failed to set modification time: object not found
2026/07/03 11:23:31 NOTICE: maths-advanced/2017-hsc/q12i.pdf: Failed to read metadata: object not found
2026/07/03 11:23:31 ERROR : maths-advanced/2022-blacktown-boys-yearly/q23.pdf: Failed to set modification time: object not found
2026/07/03 11:23:31 ERROR : maths-advanced/2023-abbotsleigh-trial/q11-6.pdf: Failed to set modification time: object not found
2026/07/03 11:23:31 NOTICE: maths-advanced/2016-hsc/q13c.pdf: Failed to read metadata: object not found
2026/07/03 11:23:31 NOTICE: maths-advanced/2022-baulkham-hills-yearly/q22.pdf: Failed to read metadata: object not found
2026/07/03 11:23:31 ERROR : maths-advanced/2024-abbotsleigh-trial/q12-4.pdf: Failed to set modification time: object not found
2026/07/03 11:23:31 ERROR : maths-advanced/2023-ascham-trial/q13-1.pdf: Failed to set modification time: object not found
2026/07/03 11:23:31 ERROR : maths-advanced/2024-ascham-trial/q10.pdf: Failed to set modification time: object not found
2026/07/03 11:23:31 ERROR : maths-advanced/2018-hsc/q13a.pdf: Failed to set modification time: object not found
2026/07/03 11:23:31 ERROR : maths-advanced/2021-abbotsleigh-trial/q11d.pdf: Failed to set modification time: object not found
2026/07/03 11:23:31 NOTICE: maths-advanced/2020-abbotsleigh-trial/q12-4.pdf: Failed to read metadata: object not found
2026/07/03 11:23:31 NOTICE: maths-advanced/2021-hsc/q22a.pdf: Failed to read metadata: object not found
2026/07/03 11:23:31 ERROR : maths-advanced/2020-ascham-trial/q18a.pdf: Failed to set modification time: object not found
2026/07/03 11:23:31 NOTICE: maths-advanced/2023-hsc/q19b.pdf: Failed to read metadata: object not found
2026/07/03 11:23:31 NOTICE: maths-advanced/2016-abbotsleigh-trial/q12i.pdf: Failed to read metadata: object not found
2026/07/03 11:23:31 ERROR : maths-advanced/2019-hsc/q13.pdf: Failed to set modification time: object not found
2026/07/03 11:23:31 NOTICE: maths-advanced/2024-ascham-trial/q11-1.pdf: Failed to read metadata: object not found
2026/07/03 11:23:31 NOTICE: maths-advanced/2020-ascham-trial/q20.pdf: Failed to read metadata: object not found
2026/07/03 11:23:31 NOTICE: maths-advanced/2021-abbotsleigh-trial/q12.pdf: Failed to read metadata: object not found
2026/07/03 11:23:31 NOTICE: maths-advanced/2024-abbotsleigh-trial/q12-5.pdf: Failed to read metadata: object not found
2026/07/03 11:23:31 NOTICE: maths-advanced/2019-ascham-yearly/q12e.pdf: Failed to read metadata: object not found
2026/07/03 11:23:31 NOTICE: maths-advanced/2020-blacktown-boys-yearly/q25.pdf: Failed to read metadata: object not found
2026/07/03 11:23:31 NOTICE: maths-advanced/2020-baulkham-hills-yearly/q17a-1.pdf: Failed to read metadata: object not found
2026/07/03 11:23:31 NOTICE: maths-advanced/2020-abbotsleigh-yearly/q12i-1.pdf: Failed to read metadata: object not found
2026/07/03 11:23:31 ERROR : maths-advanced/2020-abbotsleigh-trial/q12-3.pdf: Failed to set modification time: object not found
2026/07/03 11:23:31 ERROR : maths-advanced/2024-baulkham-hills-yearly/paper.pdf: Failed to set modification time: object not found
2026/07/03 11:23:31 ERROR : maths-advanced/2024-barker-yearly/q19.pdf: Failed to set modification time: object not found
2026/07/03 11:23:31 NOTICE: maths-advanced/2016-abbotsleigh-trial/q13.pdf: Failed to read metadata: object not found
2026/07/03 11:23:31 ERROR : maths-advanced/2022-hsc/q19.pdf: Failed to set modification time: object not found
2026/07/03 11:23:31 ERROR : maths-advanced/2020-blacktown-boys-yearly/q24.pdf: Failed to set modification time: object not found
2026/07/03 11:23:31 ERROR : maths-advanced/2024-abbotsleigh-yearly/q18b.pdf: Failed to set modification time: object not found
2026/07/03 11:23:31 ERROR : maths-advanced/2023-baulkham-hills-yearly/q17i.pdf: Failed to set modification time: object not found
2026/07/03 11:23:31 ERROR : maths-advanced/2022-ascham-trial/q14.pdf: Failed to set modification time: object not found
2026/07/03 11:23:31 NOTICE: maths-advanced/2023-ascham-trial/q13.pdf: Failed to read metadata: object not found
2026/07/03 11:23:31 NOTICE: maths-advanced/2024-abbotsleigh-yearly/q19.pdf: Failed to read metadata: object not found
2026/07/03 11:23:31 NOTICE: maths-advanced/2023-abbotsleigh-trial/q11-7.pdf: Failed to read metadata: object not found
2026/07/03 11:23:31 NOTICE: maths-advanced/2019-hsc/q13a.pdf: Failed to read metadata: object not found
2026/07/03 11:23:31 NOTICE: maths-advanced/2023-baulkham-hills-yearly/q18.pdf: Failed to read metadata: object not found
2026/07/03 11:23:31 NOTICE: maths-advanced/2022-blacktown-boys-yearly/q24.pdf: Failed to read metadata: object not found
2026/07/03 11:23:31 NOTICE: maths-advanced/2018-hsc/q13b.pdf: Failed to read metadata: object not found
2026/07/03 11:23:31 ERROR : maths-advanced/2022-baulkham-hills-yearly/q22.pdf: Failed to set modification time: object not found
2026/07/03 11:23:31 ERROR : maths-advanced/2017-hsc/q12i.pdf: Failed to set modification time: object not found
2026/07/03 11:23:31 NOTICE: maths-advanced/2024-barker-yearly/q20a.pdf: Failed to read metadata: object not found
2026/07/03 11:23:31 NOTICE: maths-advanced/2020-hsc/q20.pdf: Failed to read metadata: object not found
2026/07/03 11:23:31 NOTICE: maths-advanced/2024-baulkham-hills-yearly/q04.pdf: Failed to read metadata: object not found
2026/07/03 11:23:31 ERROR : maths-advanced/2020-abbotsleigh-trial/q12-4.pdf: Failed to set modification time: object not found
2026/07/03 11:23:31 NOTICE: maths-advanced/2020-baulkham-hills-yearly/q17a.pdf: Failed to read metadata: object not found
2026/07/03 11:23:31 ERROR : maths-advanced/2016-abbotsleigh-trial/q12i.pdf: Failed to set modification time: object not found
2026/07/03 11:23:31 ERROR : maths-advanced/2016-hsc/q13c.pdf: Failed to set modification time: object not found
2026/07/03 11:23:31 NOTICE: maths-advanced/2022-ascham-trial/q15-1.pdf: Failed to read metadata: object not found
2026/07/03 11:23:31 NOTICE: maths-advanced/2022-hsc/q20a.pdf: Failed to read metadata: object not found
2026/07/03 11:23:31 NOTICE: maths-advanced/2022-baulkham-hills-yearly/q23.pdf: Failed to read metadata: object not found
2026/07/03 11:23:31 ERROR : maths-advanced/2023-hsc/q19b.pdf: Failed to set modification time: object not found
2026/07/03 11:23:31 NOTICE: maths-advanced/2017-hsc/q13a.pdf: Failed to read metadata: object not found
2026/07/03 11:23:31 ERROR : maths-advanced/2020-abbotsleigh-yearly/q12i-1.pdf: Failed to set modification time: object not found
2026/07/03 11:23:31 ERROR : maths-advanced/2021-abbotsleigh-trial/q12.pdf: Failed to set modification time: object not found
2026/07/03 11:23:31 ERROR : maths-advanced/2021-hsc/q22a.pdf: Failed to set modification time: object not found
2026/07/03 11:23:31 NOTICE: maths-advanced/2021-hsc/q22b.pdf: Failed to read metadata: object not found
2026/07/03 11:23:31 ERROR : maths-advanced/2024-ascham-trial/q11-1.pdf: Failed to set modification time: object not found
2026/07/03 11:23:31 NOTICE: maths-advanced/2016-hsc/q13i-1.pdf: Failed to read metadata: object not found
2026/07/03 11:23:31 ERROR : maths-advanced/2016-abbotsleigh-trial/q13.pdf: Failed to set modification time: object not found
2026/07/03 11:23:31 NOTICE: maths-advanced/2023-hsc/q20.pdf: Failed to read metadata: object not found
2026/07/03 11:23:31 NOTICE: maths-advanced/2020-abbotsleigh-yearly/q12i.pdf: Failed to read metadata: object not found
2026/07/03 11:23:31 ERROR : maths-advanced/2020-ascham-trial/q20.pdf: Failed to set modification time: object not found
2026/07/03 11:23:31 ERROR : maths-advanced/2019-ascham-yearly/q12e.pdf: Failed to set modification time: object not found
2026/07/03 11:23:31 NOTICE: maths-advanced/2019-ascham-yearly/q12f.pdf: Failed to read metadata: object not found
2026/07/03 11:23:31 NOTICE: maths-advanced/2024-abbotsleigh-trial/q12-6.pdf: Failed to read metadata: object not found
2026/07/03 11:23:31 NOTICE: maths-advanced/2024-ascham-trial/q11.pdf: Failed to read metadata: object not found
2026/07/03 11:23:31 ERROR : maths-advanced/2020-baulkham-hills-yearly/q17a-1.pdf: Failed to set modification time: object not found
2026/07/03 11:23:31 NOTICE: maths-advanced/2020-ascham-trial/q21.pdf: Failed to read metadata: object not found
2026/07/03 11:23:31 ERROR : maths-advanced/2024-abbotsleigh-trial/q12-5.pdf: Failed to set modification time: object not found
2026/07/03 11:23:31 ERROR : maths-advanced/2023-ascham-trial/q13.pdf: Failed to set modification time: object not found
2026/07/03 11:23:31 NOTICE: maths-advanced/2021-abbotsleigh-trial/q12a.pdf: Failed to read metadata: object not found
2026/07/03 11:23:31 ERROR : maths-advanced/2024-abbotsleigh-yearly/q19.pdf: Failed to set modification time: object not found
2026/07/03 11:23:31 ERROR : maths-advanced/2020-blacktown-boys-yearly/q25.pdf: Failed to set modification time: object not found
2026/07/03 11:23:31 NOTICE: maths-advanced/2016-abbotsleigh-trial/q13a.pdf: Failed to read metadata: object not found
2026/07/03 11:23:31 ERROR : maths-advanced/2019-hsc/q13a.pdf: Failed to set modification time: object not found
2026/07/03 11:23:31 NOTICE: maths-advanced/2020-abbotsleigh-trial/q12-5.pdf: Failed to read metadata: object not found
2026/07/03 11:23:31 NOTICE: maths-advanced/2020-blacktown-boys-yearly/q26.pdf: Failed to read metadata: object not found
2026/07/03 11:23:31 ERROR : maths-advanced/2023-baulkham-hills-yearly/q18.pdf: Failed to set modification time: object not found
2026/07/03 11:23:31 ERROR : maths-advanced/2020-hsc/q20.pdf: Failed to set modification time: object not found
2026/07/03 11:23:31 ERROR : maths-advanced/2023-abbotsleigh-trial/q11-7.pdf: Failed to set modification time: object not found
2026/07/03 11:23:31 ERROR : maths-advanced/2022-blacktown-boys-yearly/q24.pdf: Failed to set modification time: object not found
2026/07/03 11:23:31 ERROR : maths-advanced/2017-hsc/q13a.pdf: Failed to set modification time: object not found
2026/07/03 11:23:31 ERROR : maths-advanced/2024-baulkham-hills-yearly/q04.pdf: Failed to set modification time: object not found
2026/07/03 11:23:31 ERROR : maths-advanced/2020-baulkham-hills-yearly/q17a.pdf: Failed to set modification time: object not found
2026/07/03 11:23:31 ERROR : maths-advanced/2022-baulkham-hills-yearly/q23.pdf: Failed to set modification time: object not found
2026/07/03 11:23:31 NOTICE: maths-advanced/2020-hsc/q21a.pdf: Failed to read metadata: object not found
2026/07/03 11:23:31 NOTICE: maths-advanced/2023-ascham-trial/q14a-1.pdf: Failed to read metadata: object not found
2026/07/03 11:23:31 NOTICE: maths-advanced/2022-blacktown-boys-yearly/q25b.pdf: Failed to read metadata: object not found
2026/07/03 11:23:31 ERROR : maths-advanced/2022-ascham-trial/q15-1.pdf: Failed to set modification time: object not found
2026/07/03 11:23:31 ERROR : maths-advanced/2022-hsc/q20a.pdf: Failed to set modification time: object not found
2026/07/03 11:23:31 ERROR : maths-advanced/2021-hsc/q22b.pdf: Failed to set modification time: object not found
2026/07/03 11:23:31 ERROR : maths-advanced/2024-barker-yearly/q20a.pdf: Failed to set modification time: object not found
2026/07/03 11:23:31 NOTICE: maths-advanced/2019-hsc/q13b.pdf: Failed to read metadata: object not found
2026/07/03 11:23:31 ERROR : maths-advanced/2023-hsc/q20.pdf: Failed to set modification time: object not found
2026/07/03 11:23:31 NOTICE: maths-advanced/2023-baulkham-hills-yearly/q19-1.pdf: Failed to read metadata: object not found
2026/07/03 11:23:31 NOTICE: maths-advanced/2024-baulkham-hills-yearly/q05.pdf: Failed to read metadata: object not found
2026/07/03 11:23:31 NOTICE: maths-advanced/2024-barker-yearly/q20b.pdf: Failed to read metadata: object not found
2026/07/03 11:23:31 NOTICE: maths-advanced/2023-abbotsleigh-trial/q11-8.pdf: Failed to read metadata: object not found
2026/07/03 11:23:31 ERROR : maths-advanced/2018-hsc/q13b.pdf: Failed to set modification time: object not found
2026/07/03 11:23:31 ERROR : maths-advanced/2024-abbotsleigh-trial/q12-6.pdf: Failed to set modification time: object not found
2026/07/03 11:23:31 ERROR : maths-advanced/2020-ascham-trial/q21.pdf: Failed to set modification time: object not found
2026/07/03 11:23:31 NOTICE: maths-advanced/2018-hsc/q13c.pdf: Failed to read metadata: object not found
2026/07/03 11:23:31 ERROR : maths-advanced/2020-abbotsleigh-yearly/q12i.pdf: Failed to set modification time: object not found
2026/07/03 11:23:31 ERROR : maths-advanced/2016-hsc/q13i-1.pdf: Failed to set modification time: object not found
2026/07/03 11:23:31 NOTICE: maths-advanced/2024-abbotsleigh-yearly/q20.pdf: Failed to read metadata: object not found
2026/07/03 11:23:31 NOTICE: maths-advanced/2022-hsc/q20b.pdf: Failed to read metadata: object not found
2026/07/03 11:23:31 NOTICE: maths-advanced/2021-hsc/q23.pdf: Failed to read metadata: object not found
2026/07/03 11:23:31 NOTICE: maths-advanced/2022-ascham-trial/q15.pdf: Failed to read metadata: object not found
2026/07/03 11:23:31 ERROR : maths-advanced/2019-ascham-yearly/q12f.pdf: Failed to set modification time: object not found
2026/07/03 11:23:31 ERROR : maths-advanced/2024-ascham-trial/q11.pdf: Failed to set modification time: object not found
2026/07/03 11:23:31 NOTICE: maths-advanced/2022-baulkham-hills-yearly/q24.pdf: Failed to read metadata: object not found
2026/07/03 11:23:31 ERROR : maths-advanced/2021-abbotsleigh-trial/q12a.pdf: Failed to set modification time: object not found
2026/07/03 11:23:31 NOTICE: maths-advanced/2017-hsc/q13b.pdf: Failed to read metadata: object not found
2026/07/03 11:23:31 NOTICE: maths-advanced/2020-baulkham-hills-yearly/q17b.pdf: Failed to read metadata: object not found
2026/07/03 11:23:31 NOTICE: maths-advanced/2020-abbotsleigh-yearly/q13-1.pdf: Failed to read metadata: object not found
2026/07/03 11:23:31 NOTICE: maths-advanced/2023-hsc/q21.pdf: Failed to read metadata: object not found
2026/07/03 11:23:31 NOTICE: maths-advanced/2021-abbotsleigh-trial/q12b-1.pdf: Failed to read metadata: object not found
2026/07/03 11:23:31 ERROR : maths-advanced/2016-abbotsleigh-trial/q13a.pdf: Failed to set modification time: object not found
2026/07/03 11:23:31 NOTICE: maths-advanced/2016-hsc/q13i-2.pdf: Failed to read metadata: object not found
2026/07/03 11:23:31 ERROR : maths-advanced/2020-blacktown-boys-yearly/q26.pdf: Failed to set modification time: object not found
2026/07/03 11:23:31 NOTICE: maths-advanced/2016-abbotsleigh-trial/q13b.pdf: Failed to read metadata: object not found
2026/07/03 11:23:31 ERROR : maths-advanced/2022-blacktown-boys-yearly/q25b.pdf: Failed to set modification time: object not found
2026/07/03 11:23:31 ERROR : maths-advanced/2020-abbotsleigh-trial/q12-5.pdf: Failed to set modification time: object not found
2026/07/03 11:23:31 NOTICE: maths-advanced/2024-abbotsleigh-trial/q12-7.pdf: Failed to read metadata: object not found
2026/07/03 11:23:31 NOTICE: maths-advanced/2020-ascham-trial/q22a.pdf: Failed to read metadata: object not found
2026/07/03 11:23:31 ERROR : maths-advanced/2020-hsc/q21a.pdf: Failed to set modification time: object not found
2026/07/03 11:23:31 NOTICE: maths-advanced/2019-ascham-yearly/q14a-1.pdf: Failed to read metadata: object not found
2026/07/03 11:23:31 ERROR : maths-advanced/2019-hsc/q13b.pdf: Failed to set modification time: object not found
2026/07/03 11:23:31 ERROR : maths-advanced/2024-abbotsleigh-yearly/q20.pdf: Failed to set modification time: object not found
2026/07/03 11:23:31 ERROR : maths-advanced/2016-abbotsleigh-trial/q13b.pdf: Failed to set modification time: object not found
2026/07/03 11:23:31 NOTICE: maths-advanced/2022-hsc/q20c.pdf: Failed to read metadata: object not found
2026/07/03 11:23:31 ERROR : maths-advanced/2022-ascham-trial/q15.pdf: Failed to set modification time: object not found
2026/07/03 11:23:31 ERROR : maths-advanced/2021-abbotsleigh-trial/q12b-1.pdf: Failed to set modification time: object not found
2026/07/03 11:23:31 NOTICE: maths-advanced/2023-ascham-trial/q14a.pdf: Failed to read metadata: object not found
2026/07/03 11:23:31 ERROR : maths-advanced/2023-hsc/q21.pdf: Failed to set modification time: object not found
2026/07/03 11:23:31 ERROR : maths-advanced/2022-baulkham-hills-yearly/q24.pdf: Failed to set modification time: object not found
2026/07/03 11:23:31 ERROR : maths-advanced/2022-hsc/q20b.pdf: Failed to set modification time: object not found
2026/07/03 11:23:31 ERROR : maths-advanced/2024-barker-yearly/q20b.pdf: Failed to set modification time: object not found
2026/07/03 11:23:31 ERROR : maths-advanced/2020-abbotsleigh-yearly/q13-1.pdf: Failed to set modification time: object not found
2026/07/03 11:23:31 NOTICE: maths-advanced/2021-hsc/q24.pdf: Failed to read metadata: object not found
2026/07/03 11:23:31 ERROR : maths-advanced/2023-ascham-trial/q14a-1.pdf: Failed to set modification time: object not found
2026/07/03 11:23:31 ERROR : maths-advanced/2024-baulkham-hills-yearly/q05.pdf: Failed to set modification time: object not found
2026/07/03 11:23:31 NOTICE: maths-advanced/2020-hsc/q21b.pdf: Failed to read metadata: object not found
2026/07/03 11:23:31 NOTICE: maths-advanced/2023-baulkham-hills-yearly/q19.pdf: Failed to read metadata: object not found
2026/07/03 11:23:31 NOTICE: maths-advanced/2020-abbotsleigh-trial/q12-6.pdf: Failed to read metadata: object not found
2026/07/03 11:23:31 NOTICE: maths-advanced/2018-hsc/q13i-1.pdf: Failed to read metadata: object not found
2026/07/03 11:23:31 NOTICE: maths-advanced/2024-baulkham-hills-yearly/q06.pdf: Failed to read metadata: object not found
2026/07/03 11:23:31 NOTICE: maths-advanced/2024-abbotsleigh-yearly/q21a.pdf: Failed to read metadata: object not found
2026/07/03 11:23:31 ERROR : maths-advanced/2024-abbotsleigh-trial/q12-7.pdf: Failed to set modification time: object not found
2026/07/03 11:23:31 NOTICE: maths-advanced/2024-ascham-trial/q12-1.pdf: Failed to read metadata: object not found
2026/07/03 11:23:31 NOTICE: maths-advanced/2022-ascham-trial/q16-1.pdf: Failed to read metadata: object not found
2026/07/03 11:23:31 ERROR : maths-advanced/2020-baulkham-hills-yearly/q17b.pdf: Failed to set modification time: object not found
2026/07/03 11:23:31 NOTICE: maths-advanced/2024-barker-yearly/q20i-1.pdf: Failed to read metadata: object not found
2026/07/03 11:23:31 ERROR : maths-advanced/2017-hsc/q13b.pdf: Failed to set modification time: object not found
2026/07/03 11:23:31 ERROR : maths-advanced/2023-baulkham-hills-yearly/q19-1.pdf: Failed to set modification time: object not found
2026/07/03 11:23:31 NOTICE: maths-advanced/2024-hsc/paper.pdf: Failed to read metadata: object not found
2026/07/03 11:23:31 NOTICE: maths-advanced/2023-abbotsleigh-trial/q11-9.pdf: Failed to read metadata: object not found
2026/07/03 11:23:31 NOTICE: maths-advanced/2020-blacktown-boys-yearly/q28.pdf: Failed to read metadata: object not found
2026/07/03 11:23:31 NOTICE: maths-advanced/2020-baulkham-hills-yearly/q17c.pdf: Failed to read metadata: object not found
2026/07/03 11:23:31 ERROR : maths-advanced/2023-abbotsleigh-trial/q11-8.pdf: Failed to set modification time: object not found
2026/07/03 11:23:31 NOTICE: maths-advanced/2016-hsc/q13i-3.pdf: Failed to read metadata: object not found
2026/07/03 11:23:31 NOTICE: maths-advanced/2022-baulkham-hills-yearly/q25.pdf: Failed to read metadata: object not found
2026/07/03 11:23:31 ERROR : maths-advanced/2016-hsc/q13i-2.pdf: Failed to set modification time: object not found
2026/07/03 11:23:31 NOTICE: maths-advanced/2019-hsc/q13d.pdf: Failed to read metadata: object not found
2026/07/03 11:23:31 ERROR : maths-advanced/2018-hsc/q13c.pdf: Failed to set modification time: object not found
2026/07/03 11:23:31 ERROR : maths-advanced/2021-hsc/q23.pdf: Failed to set modification time: object not found
2026/07/03 11:23:31 NOTICE: maths-advanced/2017-hsc/q13c.pdf: Failed to read metadata: object not found
2026/07/03 11:23:31 NOTICE: maths-advanced/2020-abbotsleigh-yearly/q13-2.pdf: Failed to read metadata: object not found
2026/07/03 11:23:31 NOTICE: maths-advanced/2019-ascham-yearly/q14a.pdf: Failed to read metadata: object not found
2026/07/03 11:23:31 NOTICE: maths-advanced/2020-ascham-trial/q22b.pdf: Failed to read metadata: object not found
2026/07/03 11:23:31 ERROR : maths-advanced/2020-hsc/q21b.pdf: Failed to set modification time: object not found
2026/07/03 11:23:31 NOTICE: maths-advanced/2020-abbotsleigh-trial/q12-7.pdf: Failed to read metadata: object not found
2026/07/03 11:23:31 NOTICE: maths-advanced/2021-abbotsleigh-trial/q12b.pdf: Failed to read metadata: object not found
2026/07/03 11:23:31 NOTICE: maths-advanced/2020-hsc/q21c.pdf: Failed to read metadata: object not found
2026/07/03 11:23:31 NOTICE: maths-advanced/2016-abbotsleigh-trial/q13c.pdf: Failed to read metadata: object not found
2026/07/03 11:23:31 NOTICE: maths-advanced/2019-hsc/q14a.pdf: Failed to read metadata: object not found
2026/07/03 11:23:31 ERROR : maths-advanced/2018-hsc/q13i-1.pdf: Failed to set modification time: object not found
2026/07/03 11:23:31 ERROR : maths-advanced/2020-abbotsleigh-trial/q12-6.pdf: Failed to set modification time: object not found
2026/07/03 11:23:31 ERROR : maths-advanced/2019-ascham-yearly/q14a-1.pdf: Failed to set modification time: object not found
2026/07/03 11:23:31 ERROR : maths-advanced/2020-blacktown-boys-yearly/q28.pdf: Failed to set modification time: object not found
2026/07/03 11:23:31 ERROR : maths-advanced/2021-hsc/q24.pdf: Failed to set modification time: object not found
2026/07/03 11:23:31 NOTICE: maths-advanced/2024-ascham-trial/q12.pdf: Failed to read metadata: object not found
2026/07/03 11:23:31 ERROR : maths-advanced/2024-barker-yearly/q20i-1.pdf: Failed to set modification time: object not found
2026/07/03 11:23:31 ERROR : maths-advanced/2023-ascham-trial/q14a.pdf: Failed to set modification time: object not found
2026/07/03 11:23:31 NOTICE: maths-advanced/2023-hsc/q22.pdf: Failed to read metadata: object not found
2026/07/03 11:23:31 ERROR : maths-advanced/2022-baulkham-hills-yearly/q25.pdf: Failed to set modification time: object not found
2026/07/03 11:23:31 NOTICE: maths-advanced/2024-abbotsleigh-trial/q12.pdf: Failed to read metadata: object not found
2026/07/03 11:23:31 ERROR : maths-advanced/2022-ascham-trial/q16-1.pdf: Failed to set modification time: object not found
2026/07/03 11:23:31 ERROR : maths-advanced/2023-baulkham-hills-yearly/q19.pdf: Failed to set modification time: object not found
2026/07/03 11:23:31 ERROR : maths-advanced/2022-hsc/q20c.pdf: Failed to set modification time: object not found
2026/07/03 11:23:31 NOTICE: maths-advanced/2023-abbotsleigh-trial/q11.pdf: Failed to read metadata: object not found
2026/07/03 11:23:31 ERROR : maths-advanced/2024-baulkham-hills-yearly/q06.pdf: Failed to set modification time: object not found
2026/07/03 11:23:31 ERROR : maths-advanced/2024-abbotsleigh-yearly/q21a.pdf: Failed to set modification time: object not found
2026/07/03 11:23:31 ERROR : maths-advanced/2024-ascham-trial/q12-1.pdf: Failed to set modification time: object not found
2026/07/03 11:23:31 ERROR : maths-advanced/2020-ascham-trial/q22a.pdf: Failed to set modification time: object not found
2026/07/03 11:23:31 ERROR : maths-advanced/2020-baulkham-hills-yearly/q17c.pdf: Failed to set modification time: object not found
2026/07/03 11:23:31 NOTICE: maths-advanced/2024-barker-yearly/q20i.pdf: Failed to read metadata: object not found
2026/07/03 11:23:31 ERROR : maths-advanced/2016-hsc/q13i-3.pdf: Failed to set modification time: object not found
2026/07/03 11:23:31 ERROR : maths-advanced/2024-hsc/paper.pdf: Failed to set modification time: object not found
2026/07/03 11:23:31 NOTICE: maths-advanced/2023-ascham-trial/q14b-1.pdf: Failed to read metadata: object not found
2026/07/03 11:23:31 ERROR : maths-advanced/2019-hsc/q13d.pdf: Failed to set modification time: object not found
2026/07/03 11:23:31 ERROR : maths-advanced/2023-abbotsleigh-trial/q11-9.pdf: Failed to set modification time: object not found
2026/07/03 11:23:31 NOTICE: maths-advanced/2023-baulkham-hills-yearly/q20i.pdf: Failed to read metadata: object not found
2026/07/03 11:23:31 NOTICE: maths-advanced/2018-hsc/q13i-2.pdf: Failed to read metadata: object not found
2026/07/03 11:23:31 NOTICE: maths-advanced/2024-hsc/q11.pdf: Failed to read metadata: object not found
2026/07/03 11:23:31 NOTICE: maths-advanced/2024-abbotsleigh-yearly/q21b.pdf: Failed to read metadata: object not found
2026/07/03 11:23:31 NOTICE: maths-advanced/2022-ascham-trial/q16.pdf: Failed to read metadata: object not found
2026/07/03 11:23:31 ERROR : maths-advanced/2019-ascham-yearly/q14a.pdf: Failed to set modification time: object not found
2026/07/03 11:23:31 ERROR : maths-advanced/2017-hsc/q13c.pdf: Failed to set modification time: object not found
2026/07/03 11:23:31 NOTICE: maths-advanced/2021-hsc/q25.pdf: Failed to read metadata: object not found
2026/07/03 11:23:31 ERROR : maths-advanced/2020-abbotsleigh-yearly/q13-2.pdf: Failed to set modification time: object not found
2026/07/03 11:23:31 ERROR : maths-advanced/2021-abbotsleigh-trial/q12b.pdf: Failed to set modification time: object not found
2026/07/03 11:23:31 ERROR : maths-advanced/2020-ascham-trial/q22b.pdf: Failed to set modification time: object not found
2026/07/03 11:23:31 NOTICE: maths-advanced/2020-baulkham-hills-yearly/q18-1.pdf: Failed to read metadata: object not found
2026/07/03 11:23:31 NOTICE: maths-advanced/2024-baulkham-hills-yearly/q07.pdf: Failed to read metadata: object not found
2026/07/03 11:23:31 ERROR : maths-advanced/2016-abbotsleigh-trial/q13c.pdf: Failed to set modification time: object not found
2026/07/03 11:23:31 NOTICE: maths-advanced/2022-hsc/q21a.pdf: Failed to read metadata: object not found
2026/07/03 11:23:31 ERROR : maths-advanced/2020-abbotsleigh-trial/q12-7.pdf: Failed to set modification time: object not found
2026/07/03 11:23:31 ERROR : maths-advanced/2019-hsc/q14a.pdf: Failed to set modification time: object not found
2026/07/03 11:23:31 ERROR : maths-advanced/2020-hsc/q21c.pdf: Failed to set modification time: object not found
2026/07/03 11:23:31 NOTICE: maths-advanced/2020-abbotsleigh-yearly/q13-3.pdf: Failed to read metadata: object not found
2026/07/03 11:23:31 NOTICE: maths-advanced/2019-ascham-yearly/q14b.pdf: Failed to read metadata: object not found
2026/07/03 11:23:31 NOTICE: maths-advanced/2016-hsc/q13i.pdf: Failed to read metadata: object not found
2026/07/03 11:23:31 NOTICE: maths-advanced/2023-hsc/q23.pdf: Failed to read metadata: object not found
2026/07/03 11:23:31 ERROR : maths-advanced/2023-abbotsleigh-trial/q11.pdf: Failed to set modification time: object not found
2026/07/03 11:23:31 ERROR : maths-advanced/2023-hsc/q22.pdf: Failed to set modification time: object not found
2026/07/03 11:23:31 NOTICE: maths-advanced/2023-ascham-trial/q14b.pdf: Failed to read metadata: object not found
2026/07/03 11:23:31 ERROR : maths-advanced/2024-abbotsleigh-trial/q12.pdf: Failed to set modification time: object not found
2026/07/03 11:23:31 ERROR : maths-advanced/2018-hsc/q13i-2.pdf: Failed to set modification time: object not found
2026/07/03 11:23:31 ERROR : maths-advanced/2024-barker-yearly/q20i.pdf: Failed to set modification time: object not found
2026/07/03 11:23:31 NOTICE: maths-advanced/2024-ascham-trial/q13a-1.pdf: Failed to read metadata: object not found
2026/07/03 11:23:31 ERROR : maths-advanced/2024-hsc/q11.pdf: Failed to set modification time: object not found
2026/07/03 11:23:31 NOTICE: maths-advanced/2024-abbotsleigh-trial/q12a-1.pdf: Failed to read metadata: object not found
2026/07/03 11:23:31 NOTICE: maths-advanced/2017-hsc/q13d.pdf: Failed to read metadata: object not found
2026/07/03 11:23:31 ERROR : maths-advanced/2022-ascham-trial/q16.pdf: Failed to set modification time: object not found
2026/07/03 11:23:31 NOTICE: maths-advanced/2020-ascham-trial/q23.pdf: Failed to read metadata: object not found
2026/07/03 11:23:31 NOTICE: maths-advanced/2020-abbotsleigh-trial/q12.pdf: Failed to read metadata: object not found
2026/07/03 11:23:31 NOTICE: maths-advanced/2021-abbotsleigh-trial/q12c.pdf: Failed to read metadata: object not found
2026/07/03 11:23:31 NOTICE: maths-advanced/2020-hsc/q22.pdf: Failed to read metadata: object not found
2026/07/03 11:23:31 ERROR : maths-advanced/2024-ascham-trial/q12.pdf: Failed to set modification time: object not found
2026/07/03 11:23:31 NOTICE: maths-advanced/2016-abbotsleigh-trial/q13d.pdf: Failed to read metadata: object not found
2026/07/03 11:23:31 ERROR : maths-advanced/2023-baulkham-hills-yearly/q20i.pdf: Failed to set modification time: object not found
2026/07/03 11:23:31 NOTICE: maths-advanced/2022-baulkham-hills-yearly/q26.pdf: Failed to read metadata: object not found
2026/07/03 11:23:31 ERROR : maths-advanced/2023-ascham-trial/q14b-1.pdf: Failed to set modification time: object not found
2026/07/03 11:23:31 ERROR : maths-advanced/2024-abbotsleigh-yearly/q21b.pdf: Failed to set modification time: object not found
2026/07/03 11:23:31 NOTICE: maths-advanced/2023-abbotsleigh-trial/q11a-1.pdf: Failed to read metadata: object not found
2026/07/03 11:23:31 NOTICE: maths-advanced/2019-hsc/q14b.pdf: Failed to read metadata: object not found
2026/07/03 11:23:31 ERROR : maths-advanced/2022-hsc/q21a.pdf: Failed to set modification time: object not found
2026/07/03 11:23:31 ERROR : maths-advanced/2020-baulkham-hills-yearly/q18-1.pdf: Failed to set modification time: object not found
2026/07/03 11:23:31 ERROR : maths-advanced/2021-hsc/q25.pdf: Failed to set modification time: object not found
2026/07/03 11:23:31 NOTICE: maths-advanced/2024-hsc/q12.pdf: Failed to read metadata: object not found
2026/07/03 11:23:31 NOTICE: maths-advanced/2024-baulkham-hills-yearly/q08.pdf: Failed to read metadata: object not found
2026/07/03 11:23:31 NOTICE: maths-advanced/2022-hsc/q21b.pdf: Failed to read metadata: object not found
2026/07/03 11:23:31 NOTICE: maths-advanced/2018-hsc/q13i.pdf: Failed to read metadata: object not found
2026/07/03 11:23:31 NOTICE: maths-advanced/2023-baulkham-hills-yearly/q21i.pdf: Failed to read metadata: object not found
2026/07/03 11:23:31 ERROR : maths-advanced/2019-ascham-yearly/q14b.pdf: Failed to set modification time: object not found
2026/07/03 11:23:31 NOTICE: maths-advanced/2022-ascham-trial/q17a-1.pdf: Failed to read metadata: object not found
2026/07/03 11:23:31 NOTICE: maths-advanced/2024-abbotsleigh-yearly/q22.pdf: Failed to read metadata: object not found
2026/07/03 11:23:31 NOTICE: maths-advanced/2021-hsc/q26a.pdf: Failed to read metadata: object not found
2026/07/03 11:23:31 ERROR : maths-advanced/2016-hsc/q13i.pdf: Failed to set modification time: object not found
2026/07/03 11:23:31 ERROR : maths-advanced/2024-baulkham-hills-yearly/q07.pdf: Failed to set modification time: object not found
2026/07/03 11:23:31 ERROR : maths-advanced/2020-abbotsleigh-yearly/q13-3.pdf: Failed to set modification time: object not found
2026/07/03 11:23:31 NOTICE: maths-advanced/2020-baulkham-hills-yearly/q18.pdf: Failed to read metadata: object not found
2026/07/03 11:23:31 ERROR : maths-advanced/2023-hsc/q23.pdf: Failed to set modification time: object not found
2026/07/03 11:23:31 NOTICE: maths-advanced/2022-baulkham-hills-yearly/q27a.pdf: Failed to read metadata: object not found
2026/07/03 11:23:31 NOTICE: maths-advanced/2016-hsc/q14.pdf: Failed to read metadata: object not found
2026/07/03 11:23:31 NOTICE: maths-advanced/2023-hsc/q24.pdf: Failed to read metadata: object not found
2026/07/03 11:23:31 ERROR : maths-advanced/2024-ascham-trial/q13a-1.pdf: Failed to set modification time: object not found
2026/07/03 11:23:31 NOTICE: maths-advanced/2021-abbotsleigh-trial/q12g.pdf: Failed to read metadata: object not found
2026/07/03 11:23:31 ERROR : maths-advanced/2023-ascham-trial/q14b.pdf: Failed to set modification time: object not found
2026/07/03 11:23:31 ERROR : maths-advanced/2017-hsc/q13d.pdf: Failed to set modification time: object not found
2026/07/03 11:23:31 NOTICE: maths-advanced/2024-abbotsleigh-trial/q12a.pdf: Failed to read metadata: object not found
2026/07/03 11:23:31 NOTICE: maths-advanced/2019-ascham-yearly/q14c-1.pdf: Failed to read metadata: object not found
2026/07/03 11:23:31 ERROR : maths-advanced/2016-abbotsleigh-trial/q13d.pdf: Failed to set modification time: object not found
2026/07/03 11:23:31 NOTICE: maths-advanced/2017-hsc/q13i.pdf: Failed to read metadata: object not found
2026/07/03 11:23:31 NOTICE: maths-advanced/2025-abbotsleigh-trial/paper.pdf: Failed to read metadata: object not found
2026/07/03 11:23:31 ERROR : maths-advanced/2024-abbotsleigh-trial/q12a-1.pdf: Failed to set modification time: object not found
2026/07/03 11:23:31 ERROR : maths-advanced/2020-abbotsleigh-trial/q12.pdf: Failed to set modification time: object not found
2026/07/03 11:23:31 ERROR : maths-advanced/2023-abbotsleigh-trial/q11a-1.pdf: Failed to set modification time: object not found
2026/07/03 11:23:31 NOTICE: maths-advanced/2020-ascham-trial/q24-1.pdf: Failed to read metadata: object not found
2026/07/03 11:23:31 ERROR : maths-advanced/2022-baulkham-hills-yearly/q26.pdf: Failed to set modification time: object not found
2026/07/03 11:23:31 ERROR : maths-advanced/2020-hsc/q22.pdf: Failed to set modification time: object not found
2026/07/03 11:23:31 NOTICE: maths-advanced/2024-ascham-trial/q13a.pdf: Failed to read metadata: object not found
2026/07/03 11:23:31 ERROR : maths-advanced/2021-abbotsleigh-trial/q12c.pdf: Failed to set modification time: object not found
2026/07/03 11:23:31 ERROR : maths-advanced/2020-ascham-trial/q23.pdf: Failed to set modification time: object not found
2026/07/03 11:23:31 ERROR : maths-advanced/2018-hsc/q13i.pdf: Failed to set modification time: object not found
2026/07/03 11:23:31 ERROR : maths-advanced/2019-hsc/q14b.pdf: Failed to set modification time: object not found
2026/07/03 11:23:31 NOTICE: maths-advanced/2020-hsc/q23a.pdf: Failed to read metadata: object not found
2026/07/03 11:23:31 NOTICE: maths-advanced/2016-abbotsleigh-trial/q13i-1.pdf: Failed to read metadata: object not found
2026/07/03 11:23:32 ERROR : maths-advanced/2022-ascham-trial/q17a-1.pdf: Failed to set modification time: object not found
2026/07/03 11:23:32 ERROR : maths-advanced/2024-abbotsleigh-yearly/q22.pdf: Failed to set modification time: object not found
2026/07/03 11:23:32 NOTICE: maths-advanced/2023-ascham-trial/q15-1.pdf: Failed to read metadata: object not found
2026/07/03 11:23:32 ERROR : maths-advanced/2021-hsc/q26a.pdf: Failed to set modification time: object not found
2026/07/03 11:23:32 ERROR : maths-advanced/2023-baulkham-hills-yearly/q21i.pdf: Failed to set modification time: object not found
2026/07/03 11:23:32 NOTICE: maths-advanced/2020-abbotsleigh-yearly/q13.pdf: Failed to read metadata: object not found
2026/07/03 11:23:32 ERROR : maths-advanced/2024-baulkham-hills-yearly/q08.pdf: Failed to set modification time: object not found
2026/07/03 11:23:32 ERROR : maths-advanced/2020-baulkham-hills-yearly/q18.pdf: Failed to set modification time: object not found
2026/07/03 11:23:32 ERROR : maths-advanced/2024-hsc/q12.pdf: Failed to set modification time: object not found
2026/07/03 11:23:32 NOTICE: maths-advanced/2023-abbotsleigh-trial/q11a.pdf: Failed to read metadata: object not found
2026/07/03 11:23:32 NOTICE: maths-advanced/2020-abbotsleigh-trial/q12a-1.pdf: Failed to read metadata: object not found
2026/07/03 11:23:32 NOTICE: maths-advanced/2023-baulkham-hills-yearly/q22.pdf: Failed to read metadata: object not found
2026/07/03 11:23:32 ERROR : maths-advanced/2022-baulkham-hills-yearly/q27a.pdf: Failed to set modification time: object not found
2026/07/03 11:23:32 ERROR : maths-advanced/2023-hsc/q24.pdf: Failed to set modification time: object not found
2026/07/03 11:23:32 ERROR : maths-advanced/2016-hsc/q14.pdf: Failed to set modification time: object not found
2026/07/03 11:23:32 ERROR : maths-advanced/2024-abbotsleigh-trial/q12a.pdf: Failed to set modification time: object not found
2026/07/03 11:23:32 ERROR : maths-advanced/2022-hsc/q21b.pdf: Failed to set modification time: object not found
2026/07/03 11:23:32 NOTICE: maths-advanced/2018-hsc/q14.pdf: Failed to read metadata: object not found
2026/07/03 11:23:32 NOTICE: maths-advanced/2019-hsc/q14c.pdf: Failed to read metadata: object not found
2026/07/03 11:23:32 NOTICE: maths-advanced/2024-baulkham-hills-yearly/q09.pdf: Failed to read metadata: object not found
2026/07/03 11:23:32 ERROR : maths-advanced/2019-ascham-yearly/q14c-1.pdf: Failed to set modification time: object not found
2026/07/03 11:23:32 ERROR : maths-advanced/2021-abbotsleigh-trial/q12g.pdf: Failed to set modification time: object not found
2026/07/03 11:23:32 ERROR : maths-advanced/2020-ascham-trial/q24-1.pdf: Failed to set modification time: object not found
2026/07/03 11:23:32 ERROR : maths-advanced/2025-abbotsleigh-trial/paper.pdf: Failed to set modification time: object not found
2026/07/03 11:23:32 NOTICE: maths-advanced/2020-baulkham-hills-yearly/q19-1.pdf: Failed to read metadata: object not found
2026/07/03 11:23:32 NOTICE: maths-advanced/2021-hsc/q26b.pdf: Failed to read metadata: object not found
2026/07/03 11:23:32 NOTICE: maths-advanced/2024-hsc/q13.pdf: Failed to read metadata: object not found
2026/07/03 11:23:32 NOTICE: maths-advanced/2024-abbotsleigh-yearly/q23.pdf: Failed to read metadata: object not found
2026/07/03 11:23:32 ERROR : maths-advanced/2017-hsc/q13i.pdf: Failed to set modification time: object not found
2026/07/03 11:23:32 NOTICE: maths-advanced/2017-hsc/q14.pdf: Failed to read metadata: object not found
2026/07/03 11:23:32 NOTICE: maths-advanced/2021-abbotsleigh-trial/q12i.pdf: Failed to read metadata: object not found
2026/07/03 11:23:32 NOTICE: maths-advanced/2022-ascham-trial/q17a.pdf: Failed to read metadata: object not found
2026/07/03 11:23:32 ERROR : maths-advanced/2020-hsc/q23a.pdf: Failed to set modification time: object not found
2026/07/03 11:23:32 NOTICE: maths-advanced/2022-hsc/q22.pdf: Failed to read metadata: object not found
2026/07/03 11:23:32 NOTICE: maths-advanced/2025-abbotsleigh-trial/q02.pdf: Failed to read metadata: object not found
2026/07/03 11:23:32 NOTICE: maths-advanced/2016-hsc/q14a.pdf: Failed to read metadata: object not found
2026/07/03 11:23:32 NOTICE: maths-advanced/2024-ascham-trial/q13b-1.pdf: Failed to read metadata: object not found
2026/07/03 11:23:32 NOTICE: maths-advanced/2023-hsc/q24a.pdf: Failed to read metadata: object not found
2026/07/03 11:23:32 ERROR : maths-advanced/2016-abbotsleigh-trial/q13i-1.pdf: Failed to set modification time: object not found
2026/07/03 11:23:32 ERROR : maths-advanced/2023-ascham-trial/q15-1.pdf: Failed to set modification time: object not found
2026/07/03 11:23:32 ERROR : maths-advanced/2020-abbotsleigh-yearly/q13.pdf: Failed to set modification time: object not found
2026/07/03 11:23:32 NOTICE: maths-advanced/2022-baulkham-hills-yearly/q27b.pdf: Failed to read metadata: object not found
2026/07/03 11:23:32 NOTICE: maths-advanced/2020-ascham-trial/q24.pdf: Failed to read metadata: object not found
2026/07/03 11:23:32 NOTICE: maths-advanced/2019-ascham-yearly/q14c.pdf: Failed to read metadata: object not found
2026/07/03 11:23:32 ERROR : maths-advanced/2017-hsc/q14.pdf: Failed to set modification time: object not found
2026/07/03 11:23:32 ERROR : maths-advanced/2021-hsc/q26b.pdf: Failed to set modification time: object not found
2026/07/03 11:23:32 NOTICE: maths-advanced/2018-hsc/q14a.pdf: Failed to read metadata: object not found
2026/07/03 11:23:32 NOTICE: maths-advanced/2023-baulkham-hills-yearly/q23i.pdf: Failed to read metadata: object not found
2026/07/03 11:23:32 NOTICE: maths-advanced/2020-abbotsleigh-trial/q12a.pdf: Failed to read metadata: object not found
2026/07/03 11:23:32 NOTICE: maths-advanced/2019-hsc/q14d.pdf: Failed to read metadata: object not found
2026/07/03 11:23:32 NOTICE: maths-advanced/2020-hsc/q23b.pdf: Failed to read metadata: object not found
2026/07/03 11:23:32 ERROR : maths-advanced/2021-abbotsleigh-trial/q12i.pdf: Failed to set modification time: object not found
2026/07/03 11:23:32 NOTICE: maths-advanced/2023-abbotsleigh-trial/q11b.pdf: Failed to read metadata: object not found
2026/07/03 11:23:32 ERROR : maths-advanced/2018-hsc/q14.pdf: Failed to set modification time: object not found
2026/07/03 11:23:32 NOTICE: maths-advanced/2024-hsc/q14a.pdf: Failed to read metadata: object not found
2026/07/03 11:23:32 NOTICE: maths-advanced/2024-baulkham-hills-yearly/q10.pdf: Failed to read metadata: object not found
2026/07/03 11:23:32 ERROR : maths-advanced/2024-abbotsleigh-yearly/q23.pdf: Failed to set modification time: object not found
2026/07/03 11:23:32 ERROR : maths-advanced/2024-baulkham-hills-yearly/q09.pdf: Failed to set modification time: object not found
2026/07/03 11:23:32 NOTICE: maths-advanced/2020-abbotsleigh-yearly/q13a.pdf: Failed to read metadata: object not found
2026/07/03 11:23:32 ERROR : maths-advanced/2023-baulkham-hills-yearly/q22.pdf: Failed to set modification time: object not found
2026/07/03 11:23:32 ERROR : maths-advanced/2024-ascham-trial/q13a.pdf: Failed to set modification time: object not found
2026/07/03 11:23:32 NOTICE: maths-advanced/2016-abbotsleigh-trial/q13i-2.pdf: Failed to read metadata: object not found
2026/07/03 11:23:32 ERROR : maths-advanced/2023-abbotsleigh-trial/q11a.pdf: Failed to set modification time: object not found
2026/07/03 11:23:32 ERROR : maths-advanced/2020-abbotsleigh-trial/q12a-1.pdf: Failed to set modification time: object not found
2026/07/03 11:23:32 ERROR : maths-advanced/2019-hsc/q14c.pdf: Failed to set modification time: object not found
2026/07/03 11:23:32 NOTICE: maths-advanced/2023-ascham-trial/q15.pdf: Failed to read metadata: object not found
2026/07/03 11:23:32 NOTICE: maths-advanced/2024-abbotsleigh-yearly/q24.pdf: Failed to read metadata: object not found
2026/07/03 11:23:32 ERROR : maths-advanced/2020-baulkham-hills-yearly/q19-1.pdf: Failed to set modification time: object not found
2026/07/03 11:23:32 ERROR : maths-advanced/2024-hsc/q13.pdf: Failed to set modification time: object not found
2026/07/03 11:23:32 NOTICE: maths-advanced/2024-abbotsleigh-trial/q12b-1.pdf: Failed to read metadata: object not found
2026/07/03 11:23:32 NOTICE: maths-advanced/2022-ascham-trial/q17b-1.pdf: Failed to read metadata: object not found
2026/07/03 11:23:32 ERROR : maths-advanced/2022-ascham-trial/q17a.pdf: Failed to set modification time: object not found
2026/07/03 11:23:32 ERROR : maths-advanced/2025-abbotsleigh-trial/q02.pdf: Failed to set modification time: object not found
2026/07/03 11:23:32 NOTICE: maths-advanced/2020-baulkham-hills-yearly/q19.pdf: Failed to read metadata: object not found
2026/07/03 11:23:32 NOTICE: maths-advanced/2016-hsc/q14b.pdf: Failed to read metadata: object not found
2026/07/03 11:23:32 NOTICE: maths-advanced/2022-hsc/q23a.pdf: Failed to read metadata: object not found
2026/07/03 11:23:32 ERROR : maths-advanced/2016-hsc/q14a.pdf: Failed to set modification time: object not found
2026/07/03 11:23:32 ERROR : maths-advanced/2023-hsc/q24a.pdf: Failed to set modification time: object not found
2026/07/03 11:23:32 NOTICE: maths-advanced/2016-abbotsleigh-trial/q13i-3.pdf: Failed to read metadata: object not found
2026/07/03 11:23:32 NOTICE: maths-advanced/2022-baulkham-hills-yearly/q27c.pdf: Failed to read metadata: object not found
2026/07/03 11:23:32 NOTICE: maths-advanced/2021-abbotsleigh-trial/q13.pdf: Failed to read metadata: object not found
2026/07/03 11:23:32 ERROR : maths-advanced/2018-hsc/q14a.pdf: Failed to set modification time: object not found
2026/07/03 11:23:32 NOTICE: maths-advanced/2020-abbotsleigh-yearly/q13b.pdf: Failed to read metadata: object not found
2026/07/03 11:23:32 ERROR : maths-advanced/2019-hsc/q14d.pdf: Failed to set modification time: object not found
2026/07/03 11:23:32 ERROR : maths-advanced/2020-abbotsleigh-trial/q12a.pdf: Failed to set modification time: object not found
2026/07/03 11:23:32 NOTICE: maths-advanced/2021-hsc/q27-1.pdf: Failed to read metadata: object not found
2026/07/03 11:23:32 ERROR : maths-advanced/2023-abbotsleigh-trial/q11b.pdf: Failed to set modification time: object not found
2026/07/03 11:23:32 ERROR : maths-advanced/2020-hsc/q23b.pdf: Failed to set modification time: object not found
2026/07/03 11:23:32 NOTICE: maths-advanced/2023-hsc/q25.pdf: Failed to read metadata: object not found
2026/07/03 11:23:32 ERROR : maths-advanced/2020-ascham-trial/q24.pdf: Failed to set modification time: object not found
2026/07/03 11:23:32 ERROR : maths-advanced/2022-ascham-trial/q17b-1.pdf: Failed to set modification time: object not found
2026/07/03 11:23:32 NOTICE: maths-advanced/2023-ascham-trial/q16a-1.pdf: Failed to read metadata: object not found
2026/07/03 11:23:32 ERROR : maths-advanced/2024-baulkham-hills-yearly/q10.pdf: Failed to set modification time: object not found
2026/07/03 11:23:32 ERROR : maths-advanced/2022-hsc/q22.pdf: Failed to set modification time: object not found
2026/07/03 11:23:32 NOTICE: maths-advanced/2020-abbotsleigh-trial/q12b-1.pdf: Failed to read metadata: object not found
2026/07/03 11:23:32 NOTICE: maths-advanced/2017-hsc/q14a.pdf: Failed to read metadata: object not found
2026/07/03 11:23:32 NOTICE: maths-advanced/2020-ascham-trial/q24a.pdf: Failed to read metadata: object not found
2026/07/03 11:23:32 ERROR : maths-advanced/2022-baulkham-hills-yearly/q27b.pdf: Failed to set modification time: object not found
2026/07/03 11:23:32 ERROR : maths-advanced/2024-ascham-trial/q13b-1.pdf: Failed to set modification time: object not found
2026/07/03 11:23:32 NOTICE: maths-advanced/2019-ascham-yearly/q14d.pdf: Failed to read metadata: object not found
2026/07/03 11:23:32 ERROR : maths-advanced/2020-abbotsleigh-yearly/q13a.pdf: Failed to set modification time: object not found
2026/07/03 11:23:32 NOTICE: maths-advanced/2024-ascham-trial/q13b.pdf: Failed to read metadata: object not found
2026/07/03 11:23:32 ERROR : maths-advanced/2024-hsc/q14a.pdf: Failed to set modification time: object not found
2026/07/03 11:23:32 ERROR : maths-advanced/2023-ascham-trial/q15.pdf: Failed to set modification time: object not found
2026/07/03 11:23:32 NOTICE: maths-advanced/2024-abbotsleigh-trial/q12b-2.pdf: Failed to read metadata: object not found
2026/07/03 11:23:32 ERROR : maths-advanced/2019-ascham-yearly/q14c.pdf: Failed to set modification time: object not found
2026/07/03 11:23:32 ERROR : maths-advanced/2024-abbotsleigh-trial/q12b-1.pdf: Failed to set modification time: object not found
2026/07/03 11:23:32 ERROR : maths-advanced/2024-abbotsleigh-yearly/q24.pdf: Failed to set modification time: object not found
2026/07/03 11:23:32 ERROR : maths-advanced/2016-abbotsleigh-trial/q13i-2.pdf: Failed to set modification time: object not found
2026/07/03 11:23:32 NOTICE: maths-advanced/2025-abbotsleigh-trial/q03.pdf: Failed to read metadata: object not found
2026/07/03 11:23:32 ERROR : maths-advanced/2023-baulkham-hills-yearly/q23i.pdf: Failed to set modification time: object not found
2026/07/03 11:23:32 NOTICE: maths-advanced/2020-hsc/q24.pdf: Failed to read metadata: object not found
2026/07/03 11:23:32 ERROR : maths-advanced/2020-baulkham-hills-yearly/q19.pdf: Failed to set modification time: object not found
2026/07/03 11:23:32 ERROR : maths-advanced/2016-hsc/q14b.pdf: Failed to set modification time: object not found
2026/07/03 11:23:32 NOTICE: maths-advanced/2024-baulkham-hills-yearly/q11-1.pdf: Failed to read metadata: object not found
2026/07/03 11:23:32 NOTICE: maths-advanced/2019-hsc/q14i.pdf: Failed to read metadata: object not found
2026/07/03 11:23:32 ERROR : maths-advanced/2022-baulkham-hills-yearly/q27c.pdf: Failed to set modification time: object not found
2026/07/03 11:23:32 NOTICE: maths-advanced/2023-abbotsleigh-trial/q11c.pdf: Failed to read metadata: object not found
2026/07/03 11:23:32 NOTICE: maths-advanced/2023-baulkham-hills-yearly/q24.pdf: Failed to read metadata: object not found
2026/07/03 11:23:32 ERROR : maths-advanced/2022-hsc/q23a.pdf: Failed to set modification time: object not found
2026/07/03 11:23:32 ERROR : maths-advanced/2021-abbotsleigh-trial/q13.pdf: Failed to set modification time: object not found
2026/07/03 11:23:32 NOTICE: maths-advanced/2024-hsc/q14b.pdf: Failed to read metadata: object not found
2026/07/03 11:23:32 NOTICE: maths-advanced/2020-baulkham-hills-yearly/q20-1.pdf: Failed to read metadata: object not found
2026/07/03 11:23:32 NOTICE: maths-advanced/2017-hsc/q14c.pdf: Failed to read metadata: object not found
2026/07/03 11:23:32 NOTICE: maths-advanced/2016-hsc/q14c.pdf: Failed to read metadata: object not found
2026/07/03 11:23:32 ERROR : maths-advanced/2023-hsc/q25.pdf: Failed to set modification time: object not found
2026/07/03 11:23:32 ERROR : maths-advanced/2017-hsc/q14a.pdf: Failed to set modification time: object not found
2026/07/03 11:23:32 NOTICE: maths-advanced/2024-abbotsleigh-yearly/q25.pdf: Failed to read metadata: object not found
2026/07/03 11:23:32 NOTICE: maths-advanced/2024-ascham-trial/q14-1.pdf: Failed to read metadata: object not found
2026/07/03 11:23:32 ERROR : maths-advanced/2021-hsc/q27-1.pdf: Failed to set modification time: object not found
2026/07/03 11:23:32 ERROR : maths-advanced/2016-abbotsleigh-trial/q13i-3.pdf: Failed to set modification time: object not found
2026/07/03 11:23:32 ERROR : maths-advanced/2020-abbotsleigh-yearly/q13b.pdf: Failed to set modification time: object not found
2026/07/03 11:23:32 NOTICE: maths-advanced/2023-ascham-trial/q16a.pdf: Failed to read metadata: object not found
2026/07/03 11:23:32 NOTICE: maths-advanced/2022-ascham-trial/q17b.pdf: Failed to read metadata: object not found
2026/07/03 11:23:32 NOTICE: maths-advanced/2021-hsc/q27.pdf: Failed to read metadata: object not found
2026/07/03 11:23:32 ERROR : maths-advanced/2024-abbotsleigh-trial/q12b-2.pdf: Failed to set modification time: object not found
2026/07/03 11:23:32 NOTICE: maths-advanced/2018-hsc/q14b.pdf: Failed to read metadata: object not found
2026/07/03 11:23:32 ERROR : maths-advanced/2020-ascham-trial/q24a.pdf: Failed to set modification time: object not found
2026/07/03 11:23:32 NOTICE: maths-advanced/2022-hsc/q23b.pdf: Failed to read metadata: object not found
2026/07/03 11:23:32 ERROR : maths-advanced/2019-ascham-yearly/q14d.pdf: Failed to set modification time: object not found
2026/07/03 11:23:32 ERROR : maths-advanced/2025-abbotsleigh-trial/q03.pdf: Failed to set modification time: object not found
2026/07/03 11:23:32 NOTICE: maths-advanced/2023-hsc/q25a.pdf: Failed to read metadata: object not found
2026/07/03 11:23:32 NOTICE: maths-advanced/2019-hsc/q15.pdf: Failed to read metadata: object not found
2026/07/03 11:23:32 ERROR : maths-advanced/2020-hsc/q24.pdf: Failed to set modification time: object not found
2026/07/03 11:23:32 NOTICE: maths-advanced/2021-abbotsleigh-trial/q13a.pdf: Failed to read metadata: object not found
2026/07/03 11:23:32 ERROR : maths-advanced/2020-abbotsleigh-trial/q12b-1.pdf: Failed to set modification time: object not found
2026/07/03 11:23:32 NOTICE: maths-advanced/2022-baulkham-hills-yearly/q28.pdf: Failed to read metadata: object not found
2026/07/03 11:23:32 ERROR : maths-advanced/2024-ascham-trial/q13b.pdf: Failed to set modification time: object not found
2026/07/03 11:23:32 NOTICE: maths-advanced/2020-abbotsleigh-yearly/q13c.pdf: Failed to read metadata: object not found
2026/07/03 11:23:32 ERROR : maths-advanced/2023-ascham-trial/q16a-1.pdf: Failed to set modification time: object not found
2026/07/03 11:23:32 NOTICE: maths-advanced/2019-ascham-yearly/q14e.pdf: Failed to read metadata: object not found
2026/07/03 11:23:32 NOTICE: maths-advanced/2016-abbotsleigh-trial/q13i.pdf: Failed to read metadata: object not found
2026/07/03 11:23:32 ERROR : maths-advanced/2023-abbotsleigh-trial/q11c.pdf: Failed to set modification time: object not found
2026/07/03 11:23:32 NOTICE: maths-advanced/2024-abbotsleigh-trial/q12b-3.pdf: Failed to read metadata: object not found
2026/07/03 11:23:32 NOTICE: maths-advanced/2020-ascham-trial/q24b.pdf: Failed to read metadata: object not found
2026/07/03 11:23:32 ERROR : maths-advanced/2024-baulkham-hills-yearly/q11-1.pdf: Failed to set modification time: object not found
2026/07/03 11:23:32 ERROR : maths-advanced/2019-hsc/q14i.pdf: Failed to set modification time: object not found
2026/07/03 11:23:32 NOTICE: maths-advanced/2025-abbotsleigh-trial/q04.pdf: Failed to read metadata: object not found
2026/07/03 11:23:32 NOTICE: maths-advanced/2020-abbotsleigh-trial/q12b.pdf: Failed to read metadata: object not found
2026/07/03 11:23:32 ERROR : maths-advanced/2024-hsc/q14b.pdf: Failed to set modification time: object not found
2026/07/03 11:23:32 NOTICE: maths-advanced/2020-hsc/q25.pdf: Failed to read metadata: object not found
2026/07/03 11:23:32 ERROR : maths-advanced/2023-baulkham-hills-yearly/q24.pdf: Failed to set modification time: object not found
2026/07/03 11:23:32 ERROR : maths-advanced/2024-abbotsleigh-yearly/q25.pdf: Failed to set modification time: object not found
2026/07/03 11:23:32 ERROR : maths-advanced/2017-hsc/q14c.pdf: Failed to set modification time: object not found
2026/07/03 11:23:32 ERROR : maths-advanced/2020-baulkham-hills-yearly/q20-1.pdf: Failed to set modification time: object not found
2026/07/03 11:23:32 ERROR : maths-advanced/2023-ascham-trial/q16a.pdf: Failed to set modification time: object not found
2026/07/03 11:23:32 NOTICE: maths-advanced/2024-baulkham-hills-yearly/q11-2.pdf: Failed to read metadata: object not found
2026/07/03 11:23:32 ERROR : maths-advanced/2018-hsc/q14b.pdf: Failed to set modification time: object not found
2026/07/03 11:23:32 ERROR : maths-advanced/2016-hsc/q14c.pdf: Failed to set modification time: object not found
2026/07/03 11:23:32 NOTICE: maths-advanced/2024-ascham-trial/q14.pdf: Failed to read metadata: object not found
2026/07/03 11:23:32 ERROR : maths-advanced/2024-ascham-trial/q14-1.pdf: Failed to set modification time: object not found
2026/07/03 11:23:32 NOTICE: maths-advanced/2021-hsc/q27a.pdf: Failed to read metadata: object not found
2026/07/03 11:23:32 NOTICE: maths-advanced/2020-baulkham-hills-yearly/q20.pdf: Failed to read metadata: object not found
2026/07/03 11:23:32 ERROR : maths-advanced/2022-hsc/q23b.pdf: Failed to set modification time: object not found
2026/07/03 11:23:32 NOTICE: maths-advanced/2023-baulkham-hills-yearly/q25.pdf: Failed to read metadata: object not found
2026/07/03 11:23:32 ERROR : maths-advanced/2021-hsc/q27.pdf: Failed to set modification time: object not found
2026/07/03 11:23:32 ERROR : maths-advanced/2022-ascham-trial/q17b.pdf: Failed to set modification time: object not found
2026/07/03 11:23:32 NOTICE: maths-advanced/2018-hsc/q14c.pdf: Failed to read metadata: object not found
2026/07/03 11:23:32 NOTICE: maths-advanced/2024-hsc/q15.pdf: Failed to read metadata: object not found
2026/07/03 11:23:32 NOTICE: maths-advanced/2016-hsc/q14d.pdf: Failed to read metadata: object not found
2026/07/03 11:23:32 ERROR : maths-advanced/2021-abbotsleigh-trial/q13a.pdf: Failed to set modification time: object not found
2026/07/03 11:23:32 ERROR : maths-advanced/2022-baulkham-hills-yearly/q28.pdf: Failed to set modification time: object not found
2026/07/03 11:23:32 NOTICE: maths-advanced/2024-abbotsleigh-yearly/q26a.pdf: Failed to read metadata: object not found
2026/07/03 11:23:32 ERROR : maths-advanced/2023-hsc/q25a.pdf: Failed to set modification time: object not found
2026/07/03 11:23:32 ERROR : maths-advanced/2019-hsc/q15.pdf: Failed to set modification time: object not found
2026/07/03 11:23:32 ERROR : maths-advanced/2020-abbotsleigh-yearly/q13c.pdf: Failed to set modification time: object not found
2026/07/03 11:23:32 NOTICE: maths-advanced/2023-ascham-trial/q16b-1.pdf: Failed to read metadata: object not found
2026/07/03 11:23:32 NOTICE: maths-advanced/2022-baulkham-hills-yearly/q29.pdf: Failed to read metadata: object not found
2026/07/03 11:23:32 NOTICE: maths-advanced/2017-hsc/q14i-1.pdf: Failed to read metadata: object not found
2026/07/03 11:23:32 NOTICE: maths-advanced/2023-abbotsleigh-trial/q11d-1.pdf: Failed to read metadata: object not found
2026/07/03 11:23:32 ERROR : maths-advanced/2024-abbotsleigh-trial/q12b-3.pdf: Failed to set modification time: object not found
2026/07/03 11:23:32 ERROR : maths-advanced/2016-abbotsleigh-trial/q13i.pdf: Failed to set modification time: object not found
2026/07/03 11:23:32 ERROR : maths-advanced/2019-ascham-yearly/q14e.pdf: Failed to set modification time: object not found
2026/07/03 11:23:32 NOTICE: maths-advanced/2022-hsc/q24.pdf: Failed to read metadata: object not found
2026/07/03 11:23:32 NOTICE: maths-advanced/2021-abbotsleigh-trial/q13b.pdf: Failed to read metadata: object not found
2026/07/03 11:23:32 NOTICE: maths-advanced/2022-ascham-trial/q18-1.pdf: Failed to read metadata: object not found
2026/07/03 11:23:32 ERROR : maths-advanced/2020-ascham-trial/q24b.pdf: Failed to set modification time: object not found
2026/07/03 11:23:32 ERROR : maths-advanced/2025-abbotsleigh-trial/q04.pdf: Failed to set modification time: object not found
2026/07/03 11:23:32 NOTICE: maths-advanced/2023-hsc/q25b.pdf: Failed to read metadata: object not found
2026/07/03 11:23:32 NOTICE: maths-advanced/2025-abbotsleigh-trial/q05.pdf: Failed to read metadata: object not found
2026/07/03 11:23:32 NOTICE: maths-advanced/2019-hsc/q15a.pdf: Failed to read metadata: object not found
2026/07/03 11:23:32 ERROR : maths-advanced/2020-hsc/q25.pdf: Failed to set modification time: object not found
2026/07/03 11:23:32 NOTICE: maths-advanced/2020-abbotsleigh-yearly/q13e.pdf: Failed to read metadata: object not found
2026/07/03 11:23:32 NOTICE: maths-advanced/2020-ascham-trial/q24c.pdf: Failed to read metadata: object not found
2026/07/03 11:23:32 NOTICE: maths-advanced/2024-abbotsleigh-trial/q12b.pdf: Failed to read metadata: object not found
2026/07/03 11:23:32 ERROR : maths-advanced/2020-abbotsleigh-trial/q12b.pdf: Failed to set modification time: object not found
2026/07/03 11:23:32 NOTICE: maths-advanced/2016-abbotsleigh-trial/q14.pdf: Failed to read metadata: object not found
2026/07/03 11:23:32 ERROR : maths-advanced/2021-hsc/q27a.pdf: Failed to set modification time: object not found
2026/07/03 11:23:32 NOTICE: maths-advanced/2020-abbotsleigh-trial/q12c.pdf: Failed to read metadata: object not found
2026/07/03 11:23:32 NOTICE: maths-advanced/2019-ascham-yearly/q15a-1.pdf: Failed to read metadata: object not found
2026/07/03 11:23:32 ERROR : maths-advanced/2024-ascham-trial/q14.pdf: Failed to set modification time: object not found
2026/07/03 11:23:32 ERROR : maths-advanced/2024-abbotsleigh-yearly/q26a.pdf: Failed to set modification time: object not found
2026/07/03 11:23:32 NOTICE: maths-advanced/2023-abbotsleigh-trial/q11d.pdf: Failed to read metadata: object not found
2026/07/03 11:23:32 ERROR : maths-advanced/2016-hsc/q14d.pdf: Failed to set modification time: object not found
2026/07/03 11:23:32 ERROR : maths-advanced/2023-baulkham-hills-yearly/q25.pdf: Failed to set modification time: object not found
2026/07/03 11:23:32 ERROR : maths-advanced/2018-hsc/q14c.pdf: Failed to set modification time: object not found
2026/07/03 11:23:32 ERROR : maths-advanced/2024-hsc/q15.pdf: Failed to set modification time: object not found
2026/07/03 11:23:32 ERROR : maths-advanced/2020-baulkham-hills-yearly/q20.pdf: Failed to set modification time: object not found
2026/07/03 11:23:32 NOTICE: maths-advanced/2024-hsc/q16.pdf: Failed to read metadata: object not found
2026/07/03 11:23:32 NOTICE: maths-advanced/2020-hsc/q25a.pdf: Failed to read metadata: object not found
2026/07/03 11:23:32 NOTICE: maths-advanced/2024-baulkham-hills-yearly/q11-3.pdf: Failed to read metadata: object not found
2026/07/03 11:23:32 NOTICE: maths-advanced/2023-baulkham-hills-yearly/q26.pdf: Failed to read metadata: object not found
2026/07/03 11:23:32 NOTICE: maths-advanced/2024-abbotsleigh-yearly/q26b.pdf: Failed to read metadata: object not found
2026/07/03 11:23:32 ERROR : maths-advanced/2023-ascham-trial/q16b-1.pdf: Failed to set modification time: object not found
2026/07/03 11:23:32 ERROR : maths-advanced/2023-abbotsleigh-trial/q11d-1.pdf: Failed to set modification time: object not found
2026/07/03 11:23:32 NOTICE: maths-advanced/2018-hsc/q14e.pdf: Failed to read metadata: object not found
2026/07/03 11:23:32 ERROR : maths-advanced/2024-baulkham-hills-yearly/q11-2.pdf: Failed to set modification time: object not found
2026/07/03 11:23:32 ERROR : maths-advanced/2022-baulkham-hills-yearly/q29.pdf: Failed to set modification time: object not found
2026/07/03 11:23:32 NOTICE: maths-advanced/2021-hsc/q27b.pdf: Failed to read metadata: object not found
2026/07/03 11:23:32 ERROR : maths-advanced/2021-abbotsleigh-trial/q13b.pdf: Failed to set modification time: object not found
2026/07/03 11:23:32 NOTICE: maths-advanced/2016-hsc/q14i-1.pdf: Failed to read metadata: object not found
2026/07/03 11:23:32 ERROR : maths-advanced/2022-hsc/q24.pdf: Failed to set modification time: object not found
2026/07/03 11:23:32 ERROR : maths-advanced/2019-hsc/q15a.pdf: Failed to set modification time: object not found
2026/07/03 11:23:32 ERROR : maths-advanced/2017-hsc/q14i-1.pdf: Failed to set modification time: object not found
2026/07/03 11:23:32 ERROR : maths-advanced/2020-ascham-trial/q24c.pdf: Failed to set modification time: object not found
2026/07/03 11:23:32 NOTICE: maths-advanced/2024-ascham-trial/q15-1.pdf: Failed to read metadata: object not found
2026/07/03 11:23:32 NOTICE: maths-advanced/2022-baulkham-hills-yearly/q30.pdf: Failed to read metadata: object not found
2026/07/03 11:23:32 NOTICE: maths-advanced/2022-hsc/q25.pdf: Failed to read metadata: object not found
2026/07/03 11:23:32 NOTICE: maths-advanced/2023-ascham-trial/q16b.pdf: Failed to read metadata: object not found
2026/07/03 11:23:32 NOTICE: maths-advanced/2019-ascham-yearly/q15a.pdf: Failed to read metadata: object not found
2026/07/03 11:23:32 NOTICE: maths-advanced/2019-hsc/q15b.pdf: Failed to read metadata: object not found
2026/07/03 11:23:32 NOTICE: maths-advanced/2021-abbotsleigh-trial/q13i.pdf: Failed to read metadata: object not found
2026/07/03 11:23:32 ERROR : maths-advanced/2024-abbotsleigh-trial/q12b.pdf: Failed to set modification time: object not found
2026/07/03 11:23:32 NOTICE: maths-advanced/2024-abbotsleigh-trial/q12c.pdf: Failed to read metadata: object not found
2026/07/03 11:23:32 NOTICE: maths-advanced/2020-baulkham-hills-yearly/q21-1.pdf: Failed to read metadata: object not found
2026/07/03 11:23:32 NOTICE: maths-advanced/2022-ascham-trial/q18.pdf: Failed to read metadata: object not found
2026/07/03 11:23:32 NOTICE: maths-advanced/2020-abbotsleigh-yearly/q13i.pdf: Failed to read metadata: object not found
2026/07/03 11:23:32 ERROR : maths-advanced/2016-abbotsleigh-trial/q14.pdf: Failed to set modification time: object not found
2026/07/03 11:23:32 ERROR : maths-advanced/2022-ascham-trial/q18-1.pdf: Failed to set modification time: object not found
2026/07/03 11:23:32 ERROR : maths-advanced/2018-hsc/q14e.pdf: Failed to set modification time: object not found
2026/07/03 11:23:32 NOTICE: maths-advanced/2023-hsc/q25c.pdf: Failed to read metadata: object not found
2026/07/03 11:23:32 NOTICE: maths-advanced/2017-hsc/q14i.pdf: Failed to read metadata: object not found
2026/07/03 11:23:32 ERROR : maths-advanced/2023-abbotsleigh-trial/q11d.pdf: Failed to set modification time: object not found
2026/07/03 11:23:32 ERROR : maths-advanced/2020-abbotsleigh-trial/q12c.pdf: Failed to set modification time: object not found
2026/07/03 11:23:32 NOTICE: maths-advanced/2024-abbotsleigh-yearly/q27.pdf: Failed to read metadata: object not found
2026/07/03 11:23:32 ERROR : maths-advanced/2024-ascham-trial/q15-1.pdf: Failed to set modification time: object not found
2026/07/03 11:23:32 NOTICE: maths-advanced/2023-abbotsleigh-trial/q11f.pdf: Failed to read metadata: object not found
2026/07/03 11:23:32 ERROR : maths-advanced/2021-hsc/q27b.pdf: Failed to set modification time: object not found
2026/07/03 11:23:32 ERROR : maths-advanced/2025-abbotsleigh-trial/q05.pdf: Failed to set modification time: object not found
2026/07/03 11:23:32 ERROR : maths-advanced/2024-abbotsleigh-yearly/q26b.pdf: Failed to set modification time: object not found
2026/07/03 11:23:32 NOTICE: maths-advanced/2020-hsc/q25b.pdf: Failed to read metadata: object not found
2026/07/03 11:23:32 ERROR : maths-advanced/2024-hsc/q16.pdf: Failed to set modification time: object not found
2026/07/03 11:23:32 ERROR : maths-advanced/2020-hsc/q25a.pdf: Failed to set modification time: object not found
2026/07/03 11:23:32 NOTICE: maths-advanced/2016-abbotsleigh-trial/q14a.pdf: Failed to read metadata: object not found
2026/07/03 11:23:32 NOTICE: maths-advanced/2020-ascham-trial/q25.pdf: Failed to read metadata: object not found
2026/07/03 11:23:32 ERROR : maths-advanced/2020-abbotsleigh-yearly/q13e.pdf: Failed to set modification time: object not found
2026/07/03 11:23:32 NOTICE: maths-advanced/2023-baulkham-hills-yearly/q27.pdf: Failed to read metadata: object not found
2026/07/03 11:23:32 ERROR : maths-advanced/2023-hsc/q25b.pdf: Failed to set modification time: object not found
2026/07/03 11:23:32 NOTICE: maths-advanced/2020-abbotsleigh-trial/q12i-1.pdf: Failed to read metadata: object not found
2026/07/03 11:23:32 ERROR : maths-advanced/2023-baulkham-hills-yearly/q26.pdf: Failed to set modification time: object not found
2026/07/03 11:23:32 ERROR : maths-advanced/2024-baulkham-hills-yearly/q11-3.pdf: Failed to set modification time: object not found
2026/07/03 11:23:32 ERROR : maths-advanced/2019-ascham-yearly/q15a-1.pdf: Failed to set modification time: object not found
2026/07/03 11:23:32 NOTICE: maths-advanced/2025-abbotsleigh-trial/q06.pdf: Failed to read metadata: object not found
2026/07/03 11:23:32 NOTICE: maths-advanced/2025-hsc/paper.pdf: Failed to read metadata: object not found
2026/07/03 11:23:32 ERROR : maths-advanced/2016-hsc/q14i-1.pdf: Failed to set modification time: object not found
2026/07/03 11:23:32 ERROR : maths-advanced/2022-baulkham-hills-yearly/q30.pdf: Failed to set modification time: object not found
2026/07/03 11:23:32 NOTICE: maths-advanced/2018-hsc/q14i-1.pdf: Failed to read metadata: object not found
2026/07/03 11:23:32 NOTICE: maths-advanced/2024-hsc/q17a.pdf: Failed to read metadata: object not found
2026/07/03 11:23:32 NOTICE: maths-advanced/2021-hsc/q28.pdf: Failed to read metadata: object not found
2026/07/03 11:23:32 ERROR : maths-advanced/2020-abbotsleigh-yearly/q13i.pdf: Failed to set modification time: object not found
2026/07/03 11:23:32 ERROR : maths-advanced/2017-hsc/q14i.pdf: Failed to set modification time: object not found
2026/07/03 11:23:32 ERROR : maths-advanced/2019-hsc/q15b.pdf: Failed to set modification time: object not found
2026/07/03 11:23:32 ERROR : maths-advanced/2024-abbotsleigh-yearly/q27.pdf: Failed to set modification time: object not found
2026/07/03 11:23:32 NOTICE: maths-advanced/2022-hsc/q26.pdf: Failed to read metadata: object not found
2026/07/03 11:23:32 NOTICE: maths-advanced/2021-abbotsleigh-trial/q14a.pdf: Failed to read metadata: object not found
2026/07/03 11:23:32 NOTICE: maths-advanced/2024-baulkham-hills-yearly/q11-4.pdf: Failed to read metadata: object not found
2026/07/03 11:23:32 NOTICE: maths-advanced/2019-ascham-yearly/q15b.pdf: Failed to read metadata: object not found
2026/07/03 11:23:32 NOTICE: maths-advanced/2019-hsc/q15c.pdf: Failed to read metadata: object not found
2026/07/03 11:23:32 ERROR : maths-advanced/2020-baulkham-hills-yearly/q21-1.pdf: Failed to set modification time: object not found
2026/07/03 11:23:32 ERROR : maths-advanced/2023-ascham-trial/q16b.pdf: Failed to set modification time: object not found
2026/07/03 11:23:32 NOTICE: maths-advanced/2017-hsc/q15.pdf: Failed to read metadata: object not found
2026/07/03 11:23:32 NOTICE: maths-advanced/2023-ascham-trial/q17a-1.pdf: Failed to read metadata: object not found
2026/07/03 11:23:32 NOTICE: maths-advanced/2020-abbotsleigh-yearly/q14-1.pdf: Failed to read metadata: object not found
2026/07/03 11:23:32 ERROR : maths-advanced/2022-ascham-trial/q18.pdf: Failed to set modification time: object not found
2026/07/03 11:23:32 ERROR : maths-advanced/2019-ascham-yearly/q15a.pdf: Failed to set modification time: object not found
2026/07/03 11:23:32 ERROR : maths-advanced/2023-abbotsleigh-trial/q11f.pdf: Failed to set modification time: object not found
2026/07/03 11:23:32 NOTICE: maths-advanced/2024-ascham-trial/q15.pdf: Failed to read metadata: object not found
2026/07/03 11:23:32 ERROR : maths-advanced/2023-baulkham-hills-yearly/q27.pdf: Failed to set modification time: object not found
2026/07/03 11:23:32 ERROR : maths-advanced/2024-abbotsleigh-trial/q12c.pdf: Failed to set modification time: object not found
2026/07/03 11:23:32 ERROR : maths-advanced/2022-hsc/q25.pdf: Failed to set modification time: object not found
2026/07/03 11:23:32 ERROR : maths-advanced/2025-abbotsleigh-trial/q06.pdf: Failed to set modification time: object not found
2026/07/03 11:23:32 NOTICE: maths-advanced/2022-ascham-trial/q19-1.pdf: Failed to read metadata: object not found
2026/07/03 11:23:32 ERROR : maths-advanced/2016-abbotsleigh-trial/q14a.pdf: Failed to set modification time: object not found
2026/07/03 11:23:32 ERROR : maths-advanced/2020-ascham-trial/q25.pdf: Failed to set modification time: object not found
2026/07/03 11:23:32 NOTICE: maths-advanced/2025-hsc/q11a.pdf: Failed to read metadata: object not found
2026/07/03 11:23:32 ERROR : maths-advanced/2025-hsc/paper.pdf: Failed to set modification time: object not found
2026/07/03 11:23:32 NOTICE: maths-advanced/2025-abbotsleigh-trial/q08.pdf: Failed to read metadata: object not found
2026/07/03 11:23:32 NOTICE: maths-advanced/2020-baulkham-hills-yearly/q21.pdf: Failed to read metadata: object not found
2026/07/03 11:23:32 ERROR : maths-advanced/2020-hsc/q25b.pdf: Failed to set modification time: object not found
2026/07/03 11:23:32 NOTICE: maths-advanced/2022-baulkham-hills-yearly/q30a.pdf: Failed to read metadata: object not found
2026/07/03 11:23:32 NOTICE: maths-advanced/2020-ascham-trial/q26.pdf: Failed to read metadata: object not found
2026/07/03 11:23:32 NOTICE: maths-advanced/2024-abbotsleigh-trial/q12i-1.pdf: Failed to read metadata: object not found
2026/07/03 11:23:32 NOTICE: maths-advanced/2023-hsc/q26a.pdf: Failed to read metadata: object not found
2026/07/03 11:23:32 ERROR : maths-advanced/2021-abbotsleigh-trial/q13i.pdf: Failed to set modification time: object not found
2026/07/03 11:23:32 ERROR : maths-advanced/2023-hsc/q25c.pdf: Failed to set modification time: object not found
2026/07/03 11:23:32 ERROR : maths-advanced/2020-abbotsleigh-trial/q12i-1.pdf: Failed to set modification time: object not found
2026/07/03 11:23:32 NOTICE: maths-advanced/2016-hsc/q14i.pdf: Failed to read metadata: object not found
2026/07/03 11:23:32 ERROR : maths-advanced/2018-hsc/q14i-1.pdf: Failed to set modification time: object not found
2026/07/03 11:23:32 ERROR : maths-advanced/2021-hsc/q28.pdf: Failed to set modification time: object not found
2026/07/03 11:23:32 NOTICE: maths-advanced/2016-abbotsleigh-trial/q14b.pdf: Failed to read metadata: object not found
2026/07/03 11:23:32 ERROR : maths-advanced/2022-hsc/q26.pdf: Failed to set modification time: object not found
2026/07/03 11:23:32 NOTICE: maths-advanced/2023-abbotsleigh-trial/q11i-1.pdf: Failed to read metadata: object not found
2026/07/03 11:23:32 NOTICE: maths-advanced/2020-hsc/q26.pdf: Failed to read metadata: object not found
2026/07/03 11:23:32 ERROR : maths-advanced/2024-hsc/q17a.pdf: Failed to set modification time: object not found
2026/07/03 11:23:32 ERROR : maths-advanced/2024-baulkham-hills-yearly/q11-4.pdf: Failed to set modification time: object not found
2026/07/03 11:23:32 NOTICE: maths-advanced/2020-baulkham-hills-yearly/q22-1.pdf: Failed to read metadata: object not found
2026/07/03 11:23:32 NOTICE: maths-advanced/2024-abbotsleigh-yearly/q28a.pdf: Failed to read metadata: object not found
2026/07/03 11:23:32 NOTICE: maths-advanced/2021-hsc/q28a.pdf: Failed to read metadata: object not found
2026/07/03 11:23:32 NOTICE: maths-advanced/2024-baulkham-hills-yearly/q11.pdf: Failed to read metadata: object not found
2026/07/03 11:23:32 ERROR : maths-advanced/2019-hsc/q15c.pdf: Failed to set modification time: object not found
2026/07/03 11:23:32 ERROR : maths-advanced/2020-abbotsleigh-yearly/q14-1.pdf: Failed to set modification time: object not found
2026/07/03 11:23:32 ERROR : maths-advanced/2019-ascham-yearly/q15b.pdf: Failed to set modification time: object not found
2026/07/03 11:23:32 ERROR : maths-advanced/2017-hsc/q15.pdf: Failed to set modification time: object not found
2026/07/03 11:23:32 NOTICE: maths-advanced/2020-abbotsleigh-trial/q12i-2.pdf: Failed to read metadata: object not found
2026/07/03 11:23:32 ERROR : maths-advanced/2020-baulkham-hills-yearly/q21.pdf: Failed to set modification time: object not found
2026/07/03 11:23:32 NOTICE: maths-advanced/2016-hsc/q15.pdf: Failed to read metadata: object not found
2026/07/03 11:23:32 ERROR : maths-advanced/2023-ascham-trial/q17a-1.pdf: Failed to set modification time: object not found
2026/07/03 11:23:32 NOTICE: maths-advanced/2024-ascham-trial/q16-1.pdf: Failed to read metadata: object not found
2026/07/03 11:23:32 NOTICE: maths-advanced/2024-hsc/q17b.pdf: Failed to read metadata: object not found
2026/07/03 11:23:32 ERROR : maths-advanced/2022-baulkham-hills-yearly/q30a.pdf: Failed to set modification time: object not found
2026/07/03 11:23:32 ERROR : maths-advanced/2021-abbotsleigh-trial/q14a.pdf: Failed to set modification time: object not found
2026/07/03 11:23:32 NOTICE: maths-advanced/2017-hsc/q15a.pdf: Failed to read metadata: object not found
2026/07/03 11:23:32 NOTICE: maths-advanced/2019-hsc/q15i-1.pdf: Failed to read metadata: object not found
2026/07/03 11:23:32 ERROR : maths-advanced/2025-abbotsleigh-trial/q08.pdf: Failed to set modification time: object not found
2026/07/03 11:23:32 NOTICE: maths-advanced/2022-hsc/q27-1.pdf: Failed to read metadata: object not found
2026/07/03 11:23:32 ERROR : maths-advanced/2025-hsc/q11a.pdf: Failed to set modification time: object not found
2026/07/03 11:23:32 NOTICE: maths-advanced/2018-hsc/q14i-2.pdf: Failed to read metadata: object not found
2026/07/03 11:23:32 ERROR : maths-advanced/2024-ascham-trial/q15.pdf: Failed to set modification time: object not found
2026/07/03 11:23:32 ERROR : maths-advanced/2023-hsc/q26a.pdf: Failed to set modification time: object not found
2026/07/03 11:23:32 NOTICE: maths-advanced/2022-baulkham-hills-yearly/q30c.pdf: Failed to read metadata: object not found
2026/07/03 11:23:32 NOTICE: maths-advanced/2023-baulkham-hills-yearly/q28.pdf: Failed to read metadata: object not found
2026/07/03 11:23:32 ERROR : maths-advanced/2024-abbotsleigh-trial/q12i-1.pdf: Failed to set modification time: object not found
2026/07/03 11:23:32 ERROR : maths-advanced/2022-ascham-trial/q19-1.pdf: Failed to set modification time: object not found
2026/07/03 11:23:32 NOTICE: maths-advanced/2022-ascham-trial/q19-2.pdf: Failed to read metadata: object not found
2026/07/03 11:23:32 ERROR : maths-advanced/2020-ascham-trial/q26.pdf: Failed to set modification time: object not found
2026/07/03 11:23:32 NOTICE: maths-advanced/2023-ascham-trial/q17a.pdf: Failed to read metadata: object not found
2026/07/03 11:23:33 NOTICE: maths-advanced/2023-hsc/q26b.pdf: Failed to read metadata: object not found
2026/07/03 11:23:33 NOTICE: maths-advanced/2020-abbotsleigh-yearly/q14-2.pdf: Failed to read metadata: object not found
2026/07/03 11:23:33 ERROR : maths-advanced/2016-hsc/q14i.pdf: Failed to set modification time: object not found
2026/07/03 11:23:33 NOTICE: maths-advanced/2021-abbotsleigh-trial/q14b-1.pdf: Failed to read metadata: object not found
2026/07/03 11:23:33 ERROR : maths-advanced/2016-abbotsleigh-trial/q14b.pdf: Failed to set modification time: object not found
2026/07/03 11:23:33 ERROR : maths-advanced/2020-hsc/q26.pdf: Failed to set modification time: object not found
2026/07/03 11:23:33 ERROR : maths-advanced/2023-abbotsleigh-trial/q11i-1.pdf: Failed to set modification time: object not found
2026/07/03 11:23:33 NOTICE: maths-advanced/2025-hsc/q11b.pdf: Failed to read metadata: object not found
2026/07/03 11:23:33 NOTICE: maths-advanced/2024-abbotsleigh-trial/q12i-2.pdf: Failed to read metadata: object not found
2026/07/03 11:23:33 NOTICE: maths-advanced/2025-abbotsleigh-trial/q11-1.pdf: Failed to read metadata: object not found
2026/07/03 11:23:33 NOTICE: maths-advanced/2019-ascham-yearly/q15d.pdf: Failed to read metadata: object not found
2026/07/03 11:23:33 NOTICE: maths-advanced/2020-ascham-trial/q27.pdf: Failed to read metadata: object not found
2026/07/03 11:23:33 NOTICE: maths-advanced/2016-abbotsleigh-trial/q14d.pdf: Failed to read metadata: object not found
2026/07/03 11:23:33 ERROR : maths-advanced/2020-baulkham-hills-yearly/q22-1.pdf: Failed to set modification time: object not found
2026/07/03 11:23:33 ERROR : maths-advanced/2021-hsc/q28a.pdf: Failed to set modification time: object not found
2026/07/03 11:23:33 ERROR : maths-advanced/2024-baulkham-hills-yearly/q11.pdf: Failed to set modification time: object not found
2026/07/03 11:23:33 ERROR : maths-advanced/2024-abbotsleigh-yearly/q28a.pdf: Failed to set modification time: object not found
2026/07/03 11:23:33 ERROR : maths-advanced/2016-hsc/q15.pdf: Failed to set modification time: object not found
2026/07/03 11:23:33 ERROR : maths-advanced/2024-ascham-trial/q16-1.pdf: Failed to set modification time: object not found
2026/07/03 11:23:33 ERROR : maths-advanced/2024-hsc/q17b.pdf: Failed to set modification time: object not found
2026/07/03 11:23:33 NOTICE: maths-advanced/2020-hsc/q26a.pdf: Failed to read metadata: object not found
2026/07/03 11:23:33 NOTICE: maths-advanced/2024-abbotsleigh-yearly/q28b.pdf: Failed to read metadata: object not found
2026/07/03 11:23:33 ERROR : maths-advanced/2019-hsc/q15i-1.pdf: Failed to set modification time: object not found
2026/07/03 11:23:33 ERROR : maths-advanced/2022-baulkham-hills-yearly/q30c.pdf: Failed to set modification time: object not found
2026/07/03 11:23:33 NOTICE: maths-advanced/2023-baulkham-hills-yearly/q28i.pdf: Failed to read metadata: object not found
2026/07/03 11:23:33 ERROR : maths-advanced/2022-hsc/q27-1.pdf: Failed to set modification time: object not found
2026/07/03 11:23:33 NOTICE: maths-advanced/2024-ascham-trial/q16.pdf: Failed to read metadata: object not found
2026/07/03 11:23:33 NOTICE: maths-advanced/2024-baulkham-hills-yearly/q12-1.pdf: Failed to read metadata: object not found
2026/07/03 11:23:33 NOTICE: maths-advanced/2020-abbotsleigh-trial/q12i.pdf: Failed to read metadata: object not found
2026/07/03 11:23:33 NOTICE: maths-advanced/2024-hsc/q17c.pdf: Failed to read metadata: object not found
2026/07/03 11:23:33 ERROR : maths-advanced/2022-ascham-trial/q19-2.pdf: Failed to set modification time: object not found
2026/07/03 11:23:33 ERROR : maths-advanced/2018-hsc/q14i-2.pdf: Failed to set modification time: object not found
2026/07/03 11:23:33 ERROR : maths-advanced/2023-ascham-trial/q17a.pdf: Failed to set modification time: object not found
2026/07/03 11:23:33 ERROR : maths-advanced/2020-abbotsleigh-trial/q12i-2.pdf: Failed to set modification time: object not found
2026/07/03 11:23:33 ERROR : maths-advanced/2017-hsc/q15a.pdf: Failed to set modification time: object not found
2026/07/03 11:23:33 NOTICE: maths-advanced/2020-baulkham-hills-yearly/q22.pdf: Failed to read metadata: object not found
2026/07/03 11:23:33 ERROR : maths-advanced/2024-abbotsleigh-yearly/q28b.pdf: Failed to set modification time: object not found
2026/07/03 11:23:33 NOTICE: maths-advanced/2021-hsc/q28b.pdf: Failed to read metadata: object not found
2026/07/03 11:23:33 ERROR : maths-advanced/2024-hsc/q17c.pdf: Failed to set modification time: object not found
2026/07/03 11:23:33 ERROR : maths-advanced/2023-baulkham-hills-yearly/q28i.pdf: Failed to set modification time: object not found
2026/07/03 11:23:33 NOTICE: maths-advanced/2019-ascham-yearly/q16a-1.pdf: Failed to read metadata: object not found
2026/07/03 11:23:33 ERROR : maths-advanced/2024-ascham-trial/q16.pdf: Failed to set modification time: object not found
2026/07/03 11:23:33 ERROR : maths-advanced/2020-hsc/q26a.pdf: Failed to set modification time: object not found
2026/07/03 11:23:33 NOTICE: maths-advanced/2021-abbotsleigh-trial/q14b.pdf: Failed to read metadata: object not found
2026/07/03 11:23:33 NOTICE: maths-advanced/2023-abbotsleigh-trial/q11i.pdf: Failed to read metadata: object not found
2026/07/03 11:23:33 ERROR : maths-advanced/2023-baulkham-hills-yearly/q28.pdf: Failed to set modification time: object not found
2026/07/03 11:23:33 NOTICE: maths-advanced/2017-hsc/q15b.pdf: Failed to read metadata: object not found
2026/07/03 11:23:33 ERROR : maths-advanced/2025-abbotsleigh-trial/q11-1.pdf: Failed to set modification time: object not found
2026/07/03 11:23:33 ERROR : maths-advanced/2016-abbotsleigh-trial/q14d.pdf: Failed to set modification time: object not found
2026/07/03 11:23:33 NOTICE: maths-advanced/2016-hsc/q15a.pdf: Failed to read metadata: object not found
2026/07/03 11:23:33 ERROR : maths-advanced/2020-ascham-trial/q27.pdf: Failed to set modification time: object not found
2026/07/03 11:23:33 NOTICE: maths-advanced/2018-hsc/q14i.pdf: Failed to read metadata: object not found
2026/07/03 11:23:33 ERROR : maths-advanced/2025-hsc/q11b.pdf: Failed to set modification time: object not found
2026/07/03 11:23:33 ERROR : maths-advanced/2021-abbotsleigh-trial/q14b-1.pdf: Failed to set modification time: object not found
2026/07/03 11:23:33 NOTICE: maths-advanced/2022-hsc/q27.pdf: Failed to read metadata: object not found
2026/07/03 11:23:33 ERROR : maths-advanced/2023-hsc/q26b.pdf: Failed to set modification time: object not found
2026/07/03 11:23:33 NOTICE: maths-advanced/2023-ascham-trial/q17b-1.pdf: Failed to read metadata: object not found
2026/07/03 11:23:33 ERROR : maths-advanced/2020-abbotsleigh-yearly/q14-2.pdf: Failed to set modification time: object not found
2026/07/03 11:23:33 ERROR : maths-advanced/2019-ascham-yearly/q15d.pdf: Failed to set modification time: object not found
2026/07/03 11:23:33 NOTICE: maths-advanced/2019-hsc/q15i.pdf: Failed to read metadata: object not found
2026/07/03 11:23:33 NOTICE: maths-advanced/2016-abbotsleigh-trial/q14i-1.pdf: Failed to read metadata: object not found
2026/07/03 11:23:33 NOTICE: maths-advanced/2023-hsc/q27a.pdf: Failed to read metadata: object not found
2026/07/03 11:23:33 ERROR : maths-advanced/2024-abbotsleigh-trial/q12i-2.pdf: Failed to set modification time: object not found
2026/07/03 11:23:33 NOTICE: maths-advanced/2022-ascham-trial/q19-3.pdf: Failed to read metadata: object not found
2026/07/03 11:23:33 NOTICE: maths-advanced/2020-hsc/q26b.pdf: Failed to read metadata: object not found
2026/07/03 11:23:33 NOTICE: maths-advanced/2022-hsc/q27a.pdf: Failed to read metadata: object not found
2026/07/03 11:23:33 NOTICE: maths-advanced/2016-hsc/q15b.pdf: Failed to read metadata: object not found
2026/07/03 11:23:33 ERROR : maths-advanced/2023-abbotsleigh-trial/q11i.pdf: Failed to set modification time: object not found
2026/07/03 11:23:33 ERROR : maths-advanced/2022-ascham-trial/q19-3.pdf: Failed to set modification time: object not found
2026/07/03 11:23:33 NOTICE: maths-advanced/2021-hsc/q29.pdf: Failed to read metadata: object not found
2026/07/03 11:23:33 ERROR : maths-advanced/2022-hsc/q27.pdf: Failed to set modification time: object not found
2026/07/03 11:23:33 NOTICE: maths-advanced/2024-abbotsleigh-yearly/q29a.pdf: Failed to read metadata: object not found
2026/07/03 11:23:33 ERROR : maths-advanced/2019-hsc/q15i.pdf: Failed to set modification time: object not found
2026/07/03 11:23:33 NOTICE: maths-advanced/2019-hsc/q16.pdf: Failed to read metadata: object not found
2026/07/03 11:23:33 NOTICE: maths-advanced/2020-ascham-trial/q28a.pdf: Failed to read metadata: object not found
2026/07/03 11:23:33 ERROR : maths-advanced/2020-abbotsleigh-trial/q12i.pdf: Failed to set modification time: object not found
2026/07/03 11:23:33 ERROR : maths-advanced/2022-hsc/q27a.pdf: Failed to set modification time: object not found
2026/07/03 11:23:33 NOTICE: maths-advanced/2023-ascham-trial/q17b.pdf: Failed to read metadata: object not found
2026/07/03 11:23:33 NOTICE: maths-advanced/2020-abbotsleigh-yearly/q14-4.pdf: Failed to read metadata: object not found
2026/07/03 11:23:33 ERROR : maths-advanced/2019-hsc/q16.pdf: Failed to set modification time: object not found
2026/07/03 11:23:33 NOTICE: maths-advanced/2024-abbotsleigh-trial/q12i-4.pdf: Failed to read metadata: object not found
2026/07/03 11:23:33 NOTICE: maths-advanced/2023-hsc/q27b.pdf: Failed to read metadata: object not found
2026/07/03 11:23:33 ERROR : maths-advanced/2020-ascham-trial/q28a.pdf: Failed to set modification time: object not found
2026/07/03 11:23:33 ERROR : maths-advanced/2020-hsc/q26b.pdf: Failed to set modification time: object not found
2026/07/03 11:23:33 ERROR : maths-advanced/2021-abbotsleigh-trial/q14b.pdf: Failed to set modification time: object not found
2026/07/03 11:23:33 ERROR : maths-advanced/2023-hsc/q27a.pdf: Failed to set modification time: object not found
2026/07/03 11:23:33 NOTICE: maths-advanced/2025-abbotsleigh-trial/q11-3.pdf: Failed to read metadata: object not found
2026/07/03 11:23:33 NOTICE: maths-advanced/2024-hsc/q18a.pdf: Failed to read metadata: object not found
2026/07/03 11:23:33 NOTICE: maths-advanced/2023-baulkham-hills-yearly/q29i.pdf: Failed to read metadata: object not found
2026/07/03 11:23:33 NOTICE: maths-advanced/2024-ascham-trial/q17a-1.pdf: Failed to read metadata: object not found
2026/07/03 11:23:33 ERROR : maths-advanced/2016-hsc/q15a.pdf: Failed to set modification time: object not found
2026/07/03 11:23:33 ERROR : maths-advanced/2023-ascham-trial/q17b-1.pdf: Failed to set modification time: object not found
2026/07/03 11:23:33 NOTICE: maths-advanced/2023-abbotsleigh-trial/q12-1.pdf: Failed to read metadata: object not found
2026/07/03 11:23:33 ERROR : maths-advanced/2017-hsc/q15b.pdf: Failed to set modification time: object not found
2026/07/03 11:23:33 NOTICE: maths-advanced/2024-baulkham-hills-yearly/q12.pdf: Failed to read metadata: object not found
2026/07/03 11:23:33 NOTICE: maths-advanced/2020-baulkham-hills-yearly/q23-1.pdf: Failed to read metadata: object not found
2026/07/03 11:23:33 NOTICE: maths-advanced/2017-hsc/q15c.pdf: Failed to read metadata: object not found
2026/07/03 11:23:33 ERROR : maths-advanced/2016-abbotsleigh-trial/q14i-1.pdf: Failed to set modification time: object not found
2026/07/03 11:23:33 ERROR : maths-advanced/2018-hsc/q14i.pdf: Failed to set modification time: object not found
2026/07/03 11:23:33 ERROR : maths-advanced/2019-ascham-yearly/q16a-1.pdf: Failed to set modification time: object not found
2026/07/03 11:23:33 NOTICE: maths-advanced/2025-hsc/q13.pdf: Failed to read metadata: object not found
2026/07/03 11:23:33 ERROR : maths-advanced/2020-baulkham-hills-yearly/q22.pdf: Failed to set modification time: object not found
2026/07/03 11:23:33 NOTICE: maths-advanced/2018-hsc/q15.pdf: Failed to read metadata: object not found
2026/07/03 11:23:33 ERROR : maths-advanced/2021-hsc/q28b.pdf: Failed to set modification time: object not found
2026/07/03 11:23:33 NOTICE: maths-advanced/2020-abbotsleigh-trial/q13-1.pdf: Failed to read metadata: object not found
2026/07/03 11:23:33 ERROR : maths-advanced/2020-abbotsleigh-yearly/q14-4.pdf: Failed to set modification time: object not found
2026/07/03 11:23:33 ERROR : maths-advanced/2023-ascham-trial/q17b.pdf: Failed to set modification time: object not found
2026/07/03 11:23:33 NOTICE: maths-advanced/2016-abbotsleigh-trial/q14i-2.pdf: Failed to read metadata: object not found
2026/07/03 11:23:33 NOTICE: maths-advanced/2020-hsc/q26c.pdf: Failed to read metadata: object not found
2026/07/03 11:23:33 ERROR : maths-advanced/2025-abbotsleigh-trial/q11-3.pdf: Failed to set modification time: object not found
2026/07/03 11:23:33 ERROR : maths-advanced/2024-hsc/q18a.pdf: Failed to set modification time: object not found
2026/07/03 11:23:33 NOTICE: maths-advanced/2020-abbotsleigh-trial/q13-2.pdf: Failed to read metadata: object not found
2026/07/03 11:23:33 ERROR : maths-advanced/2023-abbotsleigh-trial/q12-1.pdf: Failed to set modification time: object not found
2026/07/03 11:23:33 ERROR : maths-advanced/2024-abbotsleigh-trial/q12i-4.pdf: Failed to set modification time: object not found
2026/07/03 11:23:33 ERROR : maths-advanced/2024-baulkham-hills-yearly/q12.pdf: Failed to set modification time: object not found
2026/07/03 11:23:33 NOTICE: maths-advanced/2023-abbotsleigh-trial/q12-2.pdf: Failed to read metadata: object not found
2026/07/03 11:23:33 ERROR : maths-advanced/2024-ascham-trial/q17a-1.pdf: Failed to set modification time: object not found
2026/07/03 11:23:33 ERROR : maths-advanced/2017-hsc/q15c.pdf: Failed to set modification time: object not found
2026/07/03 11:23:33 ERROR : maths-advanced/2023-hsc/q27b.pdf: Failed to set modification time: object not found
2026/07/03 11:23:33 ERROR : maths-advanced/2023-baulkham-hills-yearly/q29i.pdf: Failed to set modification time: object not found
2026/07/03 11:23:33 NOTICE: maths-advanced/2024-baulkham-hills-yearly/q13.pdf: Failed to read metadata: object not found
2026/07/03 11:23:33 ERROR : maths-advanced/2018-hsc/q15.pdf: Failed to set modification time: object not found
2026/07/03 11:23:33 NOTICE: maths-advanced/2024-ascham-trial/q17a.pdf: Failed to read metadata: object not found
2026/07/03 11:23:33 NOTICE: maths-advanced/2016-hsc/q15c.pdf: Failed to read metadata: object not found
2026/07/03 11:23:33 NOTICE: maths-advanced/2024-hsc/q18b.pdf: Failed to read metadata: object not found
2026/07/03 11:23:33 ERROR : maths-advanced/2020-abbotsleigh-trial/q13-1.pdf: Failed to set modification time: object not found
2026/07/03 11:23:33 NOTICE: maths-advanced/2018-hsc/q15a.pdf: Failed to read metadata: object not found
2026/07/03 11:23:33 ERROR : maths-advanced/2020-baulkham-hills-yearly/q23-1.pdf: Failed to set modification time: object not found
2026/07/03 11:23:33 ERROR : maths-advanced/2025-hsc/q13.pdf: Failed to set modification time: object not found
2026/07/03 11:23:33 NOTICE: maths-advanced/2023-baulkham-hills-yearly/q30.pdf: Failed to read metadata: object not found
2026/07/03 11:23:33 NOTICE: maths-advanced/2024-abbotsleigh-yearly/q29b.pdf: Failed to read metadata: object not found
2026/07/03 11:23:33 NOTICE: maths-advanced/2017-hsc/q15i-1.pdf: Failed to read metadata: object not found
2026/07/03 11:23:33 NOTICE: maths-advanced/2021-hsc/q29a.pdf: Failed to read metadata: object not found
2026/07/03 11:23:33 NOTICE: maths-advanced/2020-baulkham-hills-yearly/q23.pdf: Failed to read metadata: object not found
2026/07/03 11:23:33 NOTICE: maths-advanced/2022-ascham-trial/q19-4.pdf: Failed to read metadata: object not found
2026/07/03 11:23:33 NOTICE: maths-advanced/2021-abbotsleigh-trial/q14i-1.pdf: Failed to read metadata: object not found
2026/07/03 11:23:33 ERROR : maths-advanced/2024-abbotsleigh-yearly/q29a.pdf: Failed to set modification time: object not found
2026/07/03 11:23:33 ERROR : maths-advanced/2021-hsc/q29a.pdf: Failed to set modification time: object not found
2026/07/03 11:23:33 ERROR : maths-advanced/2018-hsc/q15a.pdf: Failed to set modification time: object not found
2026/07/03 11:23:33 NOTICE: maths-advanced/2020-ascham-trial/q29.pdf: Failed to read metadata: object not found
2026/07/03 11:23:33 NOTICE: maths-advanced/2024-abbotsleigh-trial/q12i-5.pdf: Failed to read metadata: object not found
2026/07/03 11:23:33 NOTICE: maths-advanced/2025-hsc/q12.pdf: Failed to read metadata: object not found
2026/07/03 11:23:33 ERROR : maths-advanced/2024-hsc/q18b.pdf: Failed to set modification time: object not found
2026/07/03 11:23:33 NOTICE: maths-advanced/2025-abbotsleigh-trial/q11-2.pdf: Failed to read metadata: object not found
2026/07/03 11:23:33 ERROR : maths-advanced/2017-hsc/q15i-1.pdf: Failed to set modification time: object not found
2026/07/03 11:23:33 ERROR : maths-advanced/2016-hsc/q15c.pdf: Failed to set modification time: object not found
2026/07/03 11:23:33 NOTICE: maths-advanced/2019-ascham-yearly/q16b-1.pdf: Failed to read metadata: object not found
2026/07/03 11:23:33 ERROR : maths-advanced/2023-baulkham-hills-yearly/q30.pdf: Failed to set modification time: object not found
2026/07/03 11:23:33 ERROR : maths-advanced/2024-ascham-trial/q17a.pdf: Failed to set modification time: object not found
2026/07/03 11:23:33 ERROR : maths-advanced/2016-hsc/q15b.pdf: Failed to set modification time: object not found
2026/07/03 11:23:33 NOTICE: maths-advanced/2020-abbotsleigh-yearly/q14.pdf: Failed to read metadata: object not found
2026/07/03 11:23:33 NOTICE: maths-advanced/2023-hsc/q28.pdf: Failed to read metadata: object not found
2026/07/03 11:23:33 ERROR : maths-advanced/2020-abbotsleigh-trial/q13-2.pdf: Failed to set modification time: object not found
2026/07/03 11:23:33 NOTICE: maths-advanced/2025-hsc/q14.pdf: Failed to read metadata: object not found
2026/07/03 11:23:33 NOTICE: maths-advanced/2025-abbotsleigh-trial/q11-4.pdf: Failed to read metadata: object not found
2026/07/03 11:23:33 ERROR : maths-advanced/2020-hsc/q26c.pdf: Failed to set modification time: object not found
2026/07/03 11:23:33 NOTICE: maths-advanced/2022-ascham-trial/q19-5.pdf: Failed to read metadata: object not found
2026/07/03 11:23:33 NOTICE: maths-advanced/2019-hsc/q16a.pdf: Failed to read metadata: object not found
2026/07/03 11:23:33 ERROR : maths-advanced/2024-baulkham-hills-yearly/q13.pdf: Failed to set modification time: object not found
2026/07/03 11:23:33 NOTICE: maths-advanced/2020-abbotsleigh-yearly/q14-3.pdf: Failed to read metadata: object not found
2026/07/03 11:23:33 ERROR : maths-advanced/2023-abbotsleigh-trial/q12-2.pdf: Failed to set modification time: object not found
2026/07/03 11:23:33 NOTICE: maths-advanced/2020-ascham-trial/q28c.pdf: Failed to read metadata: object not found
2026/07/03 11:23:33 NOTICE: maths-advanced/2022-hsc/q27b.pdf: Failed to read metadata: object not found
2026/07/03 11:23:33 NOTICE: maths-advanced/2023-ascham-trial/q17c-1.pdf: Failed to read metadata: object not found
2026/07/03 11:23:33 ERROR : maths-advanced/2021-hsc/q29.pdf: Failed to set modification time: object not found
2026/07/03 11:23:33 NOTICE: maths-advanced/2019-ascham-yearly/q16a.pdf: Failed to read metadata: object not found
2026/07/03 11:23:33 ERROR : maths-advanced/2016-abbotsleigh-trial/q14i-2.pdf: Failed to set modification time: object not found
2026/07/03 11:23:33 NOTICE: maths-advanced/2021-abbotsleigh-trial/q14i-2.pdf: Failed to read metadata: object not found
2026/07/03 11:23:33 ERROR : maths-advanced/2024-abbotsleigh-yearly/q29b.pdf: Failed to set modification time: object not found
2026/07/03 11:23:33 ERROR : maths-advanced/2020-baulkham-hills-yearly/q23.pdf: Failed to set modification time: object not found
2026/07/03 11:23:33 NOTICE: maths-advanced/2024-abbotsleigh-trial/q12i-3.pdf: Failed to read metadata: object not found
2026/07/03 11:23:33 ERROR : maths-advanced/2022-ascham-trial/q19-4.pdf: Failed to set modification time: object not found
2026/07/03 11:23:33 NOTICE: maths-advanced/2016-abbotsleigh-trial/q14i.pdf: Failed to read metadata: object not found
2026/07/03 11:23:33 NOTICE: maths-advanced/2020-hsc/q27-1.pdf: Failed to read metadata: object not found
2026/07/03 11:23:33 ERROR : maths-advanced/2021-abbotsleigh-trial/q14i-1.pdf: Failed to set modification time: object not found
2026/07/03 11:23:33 NOTICE: maths-advanced/2023-abbotsleigh-trial/q12-3.pdf: Failed to read metadata: object not found
2026/07/03 11:23:33 ERROR : maths-advanced/2024-baulkham-hills-yearly/q12-1.pdf: Failed to set modification time: object not found
2026/07/03 11:23:33 ERROR : maths-advanced/2020-ascham-trial/q29.pdf: Failed to set modification time: object not found
2026/07/03 11:23:33 NOTICE: maths-advanced/2021-hsc/q29b.pdf: Failed to read metadata: object not found
2026/07/03 11:23:33 NOTICE: maths-advanced/2024-abbotsleigh-yearly/q30.pdf: Failed to read metadata: object not found
2026/07/03 11:23:33 ERROR : maths-advanced/2025-hsc/q12.pdf: Failed to set modification time: object not found
2026/07/03 11:23:33 NOTICE: maths-advanced/2024-hsc/q19.pdf: Failed to read metadata: object not found
2026/07/03 11:23:33 ERROR : maths-advanced/2019-hsc/q16a.pdf: Failed to set modification time: object not found
2026/07/03 11:23:33 ERROR : maths-advanced/2019-ascham-yearly/q16b-1.pdf: Failed to set modification time: object not found
2026/07/03 11:23:33 NOTICE: maths-advanced/2023-baulkham-hills-yearly/q30i.pdf: Failed to read metadata: object not found
2026/07/03 11:23:33 NOTICE: maths-advanced/2017-hsc/q15i.pdf: Failed to read metadata: object not found
2026/07/03 11:23:33 NOTICE: maths-advanced/2020-abbotsleigh-trial/q13-3.pdf: Failed to read metadata: object not found
2026/07/03 11:23:33 NOTICE: maths-advanced/2020-baulkham-hills-yearly/q24-1.pdf: Failed to read metadata: object not found
2026/07/03 11:23:33 NOTICE: maths-advanced/2018-hsc/q15b.pdf: Failed to read metadata: object not found
2026/07/03 11:23:33 ERROR : maths-advanced/2025-abbotsleigh-trial/q11-4.pdf: Failed to set modification time: object not found
2026/07/03 11:23:33 ERROR : maths-advanced/2022-hsc/q27b.pdf: Failed to set modification time: object not found
2026/07/03 11:23:33 ERROR : maths-advanced/2024-abbotsleigh-trial/q12i-5.pdf: Failed to set modification time: object not found
2026/07/03 11:23:33 NOTICE: maths-advanced/2024-baulkham-hills-yearly/q14.pdf: Failed to read metadata: object not found
2026/07/03 11:23:33 ERROR : maths-advanced/2023-hsc/q28.pdf: Failed to set modification time: object not found
2026/07/03 11:23:33 NOTICE: maths-advanced/2022-hsc/q28.pdf: Failed to read metadata: object not found
2026/07/03 11:23:33 ERROR : maths-advanced/2025-hsc/q14.pdf: Failed to set modification time: object not found
2026/07/03 11:23:33 NOTICE: maths-advanced/2016-hsc/q15i-1.pdf: Failed to read metadata: object not found
2026/07/03 11:23:33 ERROR : maths-advanced/2020-ascham-trial/q28c.pdf: Failed to set modification time: object not found
2026/07/03 11:23:33 ERROR : maths-advanced/2022-ascham-trial/q19-5.pdf: Failed to set modification time: object not found
2026/07/03 11:23:33 NOTICE: maths-advanced/2024-ascham-trial/q17b-1.pdf: Failed to read metadata: object not found
2026/07/03 11:23:33 ERROR : maths-advanced/2020-abbotsleigh-yearly/q14-3.pdf: Failed to set modification time: object not found
2026/07/03 11:23:33 NOTICE: maths-advanced/2019-hsc/q16b.pdf: Failed to read metadata: object not found
2026/07/03 11:23:33 NOTICE: maths-advanced/2020-abbotsleigh-yearly/q14a.pdf: Failed to read metadata: object not found
2026/07/03 11:23:33 NOTICE: maths-advanced/2023-hsc/q29a.pdf: Failed to read metadata: object not found
2026/07/03 11:23:33 ERROR : maths-advanced/2025-abbotsleigh-trial/q11-2.pdf: Failed to set modification time: object not found
2026/07/03 11:23:33 ERROR : maths-advanced/2024-abbotsleigh-trial/q12i-3.pdf: Failed to set modification time: object not found
2026/07/03 11:23:33 ERROR : maths-advanced/2020-hsc/q27-1.pdf: Failed to set modification time: object not found
2026/07/03 11:23:33 ERROR : maths-advanced/2023-ascham-trial/q17c-1.pdf: Failed to set modification time: object not found
2026/07/03 11:23:33 ERROR : maths-advanced/2021-abbotsleigh-trial/q14i-2.pdf: Failed to set modification time: object not found
2026/07/03 11:23:33 ERROR : maths-advanced/2016-abbotsleigh-trial/q14i.pdf: Failed to set modification time: object not found
2026/07/03 11:23:33 ERROR : maths-advanced/2020-abbotsleigh-yearly/q14.pdf: Failed to set modification time: object not found
2026/07/03 11:23:33 ERROR : maths-advanced/2019-ascham-yearly/q16a.pdf: Failed to set modification time: object not found
2026/07/03 11:23:33 NOTICE: maths-advanced/2021-abbotsleigh-trial/q14i.pdf: Failed to read metadata: object not found
2026/07/03 11:23:33 NOTICE: maths-advanced/2022-ascham-trial/q19.pdf: Failed to read metadata: object not found
2026/07/03 11:23:33 NOTICE: maths-advanced/2025-abbotsleigh-trial/q11.pdf: Failed to read metadata: object not found
2026/07/03 11:23:33 ERROR : maths-advanced/2024-abbotsleigh-yearly/q30.pdf: Failed to set modification time: object not found
2026/07/03 11:23:33 NOTICE: maths-advanced/2025-hsc/q14a.pdf: Failed to read metadata: object not found
2026/07/03 11:23:33 ERROR : maths-advanced/2023-abbotsleigh-trial/q12-3.pdf: Failed to set modification time: object not found
2026/07/03 11:23:33 NOTICE: maths-advanced/2019-ascham-yearly/q16b.pdf: Failed to read metadata: object not found
2026/07/03 11:23:33 ERROR : maths-advanced/2021-hsc/q29b.pdf: Failed to set modification time: object not found
2026/07/03 11:23:33 NOTICE: maths-advanced/2024-abbotsleigh-trial/q12i.pdf: Failed to read metadata: object not found
2026/07/03 11:23:33 NOTICE: maths-advanced/2023-ascham-trial/q17c.pdf: Failed to read metadata: object not found
2026/07/03 11:23:33 ERROR : maths-advanced/2017-hsc/q15i.pdf: Failed to set modification time: object not found
2026/07/03 11:23:33 ERROR : maths-advanced/2023-baulkham-hills-yearly/q30i.pdf: Failed to set modification time: object not found
2026/07/03 11:23:33 NOTICE: maths-advanced/2020-ascham-trial/q30.pdf: Failed to read metadata: object not found
2026/07/03 11:23:33 NOTICE: maths-advanced/2016-abbotsleigh-trial/q15a.pdf: Failed to read metadata: object not found
2026/07/03 11:23:33 NOTICE: maths-advanced/2023-abbotsleigh-trial/q12-4.pdf: Failed to read metadata: object not found
2026/07/03 11:23:33 ERROR : maths-advanced/2020-abbotsleigh-trial/q13-3.pdf: Failed to set modification time: object not found
2026/07/03 11:23:33 ERROR : maths-advanced/2022-hsc/q28.pdf: Failed to set modification time: object not found
2026/07/03 11:23:33 ERROR : maths-advanced/2024-hsc/q19.pdf: Failed to set modification time: object not found
2026/07/03 11:23:33 ERROR : maths-advanced/2016-hsc/q15i-1.pdf: Failed to set modification time: object not found
2026/07/03 11:23:33 ERROR : maths-advanced/2024-ascham-trial/q17b-1.pdf: Failed to set modification time: object not found
2026/07/03 11:23:33 ERROR : maths-advanced/2020-baulkham-hills-yearly/q24-1.pdf: Failed to set modification time: object not found
2026/07/03 11:23:33 NOTICE: maths-advanced/2018-hsc/q15c.pdf: Failed to read metadata: object not found
2026/07/03 11:23:33 ERROR : maths-advanced/2019-hsc/q16b.pdf: Failed to set modification time: object not found
2026/07/03 11:23:33 NOTICE: maths-advanced/2020-abbotsleigh-trial/q13-4.pdf: Failed to read metadata: object not found
2026/07/03 11:23:33 ERROR : maths-advanced/2024-baulkham-hills-yearly/q14.pdf: Failed to set modification time: object not found
2026/07/03 11:23:33 NOTICE: maths-advanced/2020-hsc/q27.pdf: Failed to read metadata: object not found
2026/07/03 11:23:33 ERROR : maths-advanced/2018-hsc/q15b.pdf: Failed to set modification time: object not found
2026/07/03 11:23:33 ERROR : maths-advanced/2023-hsc/q29a.pdf: Failed to set modification time: object not found
2026/07/03 11:23:33 NOTICE: maths-advanced/2024-abbotsleigh-yearly/q31a.pdf: Failed to read metadata: object not found
2026/07/03 11:23:33 NOTICE: maths-advanced/2023-baulkham-hills-yearly/q31i.pdf: Failed to read metadata: object not found
2026/07/03 11:23:33 ERROR : maths-advanced/2020-abbotsleigh-yearly/q14a.pdf: Failed to set modification time: object not found
2026/07/03 11:23:34 NOTICE: maths-advanced/2024-ascham-trial/q17b.pdf: Failed to read metadata: object not found
2026/07/03 11:23:34 ERROR : maths-advanced/2021-abbotsleigh-trial/q14i.pdf: Failed to set modification time: object not found
2026/07/03 11:23:34 NOTICE: maths-advanced/2024-hsc/q20a.pdf: Failed to read metadata: object not found
2026/07/03 11:23:34 NOTICE: maths-advanced/2020-baulkham-hills-yearly/q24.pdf: Failed to read metadata: object not found
2026/07/03 11:23:34 NOTICE: maths-advanced/2024-baulkham-hills-yearly/q15.pdf: Failed to read metadata: object not found
2026/07/03 11:23:34 NOTICE: maths-advanced/2016-hsc/q15i.pdf: Failed to read metadata: object not found
2026/07/03 11:23:34 ERROR : maths-advanced/2025-hsc/q14a.pdf: Failed to set modification time: object not found
2026/07/03 11:23:34 ERROR : maths-advanced/2022-ascham-trial/q19.pdf: Failed to set modification time: object not found
2026/07/03 11:23:34 NOTICE: maths-advanced/2022-hsc/q28a.pdf: Failed to read metadata: object not found
2026/07/03 11:23:34 NOTICE: maths-advanced/2021-hsc/q30.pdf: Failed to read metadata: object not found
2026/07/03 11:23:34 ERROR : maths-advanced/2025-abbotsleigh-trial/q11.pdf: Failed to set modification time: object not found
2026/07/03 11:23:34 NOTICE: maths-advanced/2017-hsc/q16.pdf: Failed to read metadata: object not found
2026/07/03 11:23:34 NOTICE: maths-advanced/2023-hsc/q29b.pdf: Failed to read metadata: object not found
2026/07/03 11:23:34 NOTICE: maths-advanced/2020-abbotsleigh-yearly/q14b.pdf: Failed to read metadata: object not found
2026/07/03 11:23:34 ERROR : maths-advanced/2020-ascham-trial/q30.pdf: Failed to set modification time: object not found
2026/07/03 11:23:34 NOTICE: maths-advanced/2023-ascham-trial/q18-1.pdf: Failed to read metadata: object not found
2026/07/03 11:23:34 NOTICE: maths-advanced/2020-ascham-trial/q30a.pdf: Failed to read metadata: object not found
2026/07/03 11:23:34 NOTICE: maths-advanced/2022-ascham-trial/q20-1.pdf: Failed to read metadata: object not found
2026/07/03 11:23:34 ERROR : maths-advanced/2019-ascham-yearly/q16b.pdf: Failed to set modification time: object not found
2026/07/03 11:23:34 NOTICE: maths-advanced/2021-abbotsleigh-trial/q15.pdf: Failed to read metadata: object not found
2026/07/03 11:23:34 NOTICE: maths-advanced/2024-abbotsleigh-trial/q13-1.pdf: Failed to read metadata: object not found
2026/07/03 11:23:34 NOTICE: maths-advanced/2019-hsc/q16c.pdf: Failed to read metadata: object not found
2026/07/03 11:23:34 ERROR : maths-advanced/2023-abbotsleigh-trial/q12-4.pdf: Failed to set modification time: object not found
2026/07/03 11:23:34 ERROR : maths-advanced/2018-hsc/q15c.pdf: Failed to set modification time: object not found
2026/07/03 11:23:34 NOTICE: maths-advanced/2025-abbotsleigh-trial/q11a.pdf: Failed to read metadata: object not found
2026/07/03 11:23:34 ERROR : maths-advanced/2024-abbotsleigh-trial/q12i.pdf: Failed to set modification time: object not found
2026/07/03 11:23:34 ERROR : maths-advanced/2020-hsc/q27.pdf: Failed to set modification time: object not found
2026/07/03 11:23:34 NOTICE: maths-advanced/2025-hsc/q14b.pdf: Failed to read metadata: object not found
2026/07/03 11:23:34 ERROR : maths-advanced/2024-abbotsleigh-yearly/q31a.pdf: Failed to set modification time: object not found
2026/07/03 11:23:34 ERROR : maths-advanced/2016-abbotsleigh-trial/q15a.pdf: Failed to set modification time: object not found
2026/07/03 11:23:34 ERROR : maths-advanced/2020-abbotsleigh-trial/q13-4.pdf: Failed to set modification time: object not found
2026/07/03 11:23:34 ERROR : maths-advanced/2023-baulkham-hills-yearly/q31i.pdf: Failed to set modification time: object not found
2026/07/03 11:23:34 ERROR : maths-advanced/2024-ascham-trial/q17b.pdf: Failed to set modification time: object not found
2026/07/03 11:23:34 ERROR : maths-advanced/2024-hsc/q20a.pdf: Failed to set modification time: object not found
2026/07/03 11:23:34 ERROR : maths-advanced/2023-ascham-trial/q17c.pdf: Failed to set modification time: object not found
2026/07/03 11:23:34 NOTICE: maths-advanced/2023-abbotsleigh-trial/q12-5.pdf: Failed to read metadata: object not found
2026/07/03 11:23:34 NOTICE: maths-standard-2/2024-hsc/q28.pdf: Failed to read metadata: object not found
2026/07/03 11:23:34 NOTICE: maths-advanced/2020-hsc/q28a.pdf: Failed to read metadata: object not found
2026/07/03 11:23:34 ERROR : maths-advanced/2020-baulkham-hills-yearly/q24.pdf: Failed to set modification time: object not found
2026/07/03 11:23:34 NOTICE: maths-advanced/2024-hsc/q20b.pdf: Failed to read metadata: object not found
2026/07/03 11:23:34 NOTICE: maths-advanced/2024-baulkham-hills-yearly/q16.pdf: Failed to read metadata: object not found
2026/07/03 11:23:34 ERROR : maths-advanced/2022-hsc/q28a.pdf: Failed to set modification time: object not found
2026/07/03 11:23:34 ERROR : maths-advanced/2024-baulkham-hills-yearly/q15.pdf: Failed to set modification time: object not found
2026/07/03 11:23:34 ERROR : maths-advanced/2016-hsc/q15i.pdf: Failed to set modification time: object not found
2026/07/03 11:23:34 ERROR : maths-advanced/2020-abbotsleigh-yearly/q14b.pdf: Failed to set modification time: object not found
2026/07/03 11:23:34 NOTICE: maths-advanced/2020-abbotsleigh-trial/q13-5.pdf: Failed to read metadata: object not found
2026/07/03 11:23:34 ERROR : maths-advanced/2021-hsc/q30.pdf: Failed to set modification time: object not found
2026/07/03 11:23:34 ERROR : maths-advanced/2017-hsc/q16.pdf: Failed to set modification time: object not found
2026/07/03 11:23:34 ERROR : maths-advanced/2023-ascham-trial/q18-1.pdf: Failed to set modification time: object not found
2026/07/03 11:23:34 ERROR : maths-advanced/2022-ascham-trial/q20-1.pdf: Failed to set modification time: object not found
2026/07/03 11:23:34 ERROR : maths-advanced/2020-ascham-trial/q30a.pdf: Failed to set modification time: object not found
2026/07/03 11:23:34 NOTICE: maths-advanced/2016-abbotsleigh-trial/q15b.pdf: Failed to read metadata: object not found
2026/07/03 11:23:34 NOTICE: maths-advanced/2017-hsc/q16a.pdf: Failed to read metadata: object not found
2026/07/03 11:23:34 NOTICE: maths-advanced/2018-hsc/q15i-1.pdf: Failed to read metadata: object not found
2026/07/03 11:23:34 NOTICE: maths-advanced/2021-hsc/q31.pdf: Failed to read metadata: object not found
2026/07/03 11:23:34 NOTICE: maths-advanced/2024-abbotsleigh-yearly/q31b.pdf: Failed to read metadata: object not found
2026/07/03 11:23:34 ERROR : maths-advanced/2023-hsc/q29b.pdf: Failed to set modification time: object not found
2026/07/03 11:23:34 NOTICE: maths-advanced/2024-ascham-trial/q17c-1.pdf: Failed to read metadata: object not found
2026/07/03 11:23:34 NOTICE: maths-standard-2/2024-hsc/q29.pdf: Failed to read metadata: object not found
2026/07/03 11:23:34 ERROR : maths-advanced/2024-abbotsleigh-trial/q13-1.pdf: Failed to set modification time: object not found
2026/07/03 11:23:34 ERROR : maths-advanced/2021-abbotsleigh-trial/q15.pdf: Failed to set modification time: object not found
2026/07/03 11:23:34 NOTICE: maths-advanced/2023-hsc/q30.pdf: Failed to read metadata: object not found
2026/07/03 11:23:34 NOTICE: maths-advanced/2021-abbotsleigh-trial/q15a.pdf: Failed to read metadata: object not found
2026/07/03 11:23:34 ERROR : maths-advanced/2025-abbotsleigh-trial/q11a.pdf: Failed to set modification time: object not found
2026/07/03 11:23:34 NOTICE: maths-advanced/2024-abbotsleigh-trial/q13-2.pdf: Failed to read metadata: object not found
2026/07/03 11:23:34 ERROR : maths-advanced/2019-hsc/q16c.pdf: Failed to set modification time: object not found
2026/07/03 11:23:34 NOTICE: maths-advanced/2020-abbotsleigh-yearly/q14i.pdf: Failed to read metadata: object not found
2026/07/03 11:23:34 NOTICE: maths-advanced/2020-baulkham-hills-yearly/q25.pdf: Failed to read metadata: object not found
2026/07/03 11:23:34 NOTICE: maths-advanced/2016-abbotsleigh-trial/q15c.pdf: Failed to read metadata: object not found
2026/07/03 11:23:34 ERROR : maths-standard-2/2024-hsc/q28.pdf: Failed to set modification time: object not found
2026/07/03 11:23:34 NOTICE: maths-advanced/2022-hsc/q28b.pdf: Failed to read metadata: object not found
2026/07/03 11:23:34 ERROR : maths-advanced/2024-baulkham-hills-yearly/q16.pdf: Failed to set modification time: object not found
2026/07/03 11:23:34 ERROR : maths-advanced/2025-hsc/q14b.pdf: Failed to set modification time: object not found
2026/07/03 11:23:34 NOTICE: maths-advanced/2020-ascham-trial/q30c.pdf: Failed to read metadata: object not found
2026/07/03 11:23:34 NOTICE: maths-advanced/2019-hsc/q16i-1.pdf: Failed to read metadata: object not found
2026/07/03 11:23:34 NOTICE: maths-advanced/2023-ascham-trial/q18.pdf: Failed to read metadata: object not found
2026/07/03 11:23:34 NOTICE: maths-advanced/2018-hsc/q15i.pdf: Failed to read metadata: object not found
2026/07/03 11:23:34 ERROR : maths-advanced/2024-hsc/q20b.pdf: Failed to set modification time: object not found
2026/07/03 11:23:34 ERROR : maths-advanced/2024-abbotsleigh-yearly/q31b.pdf: Failed to set modification time: object not found
2026/07/03 11:23:34 NOTICE: maths-advanced/2024-hsc/q21.pdf: Failed to read metadata: object not found
2026/07/03 11:23:34 ERROR : maths-advanced/2023-hsc/q30.pdf: Failed to set modification time: object not found
2026/07/03 11:23:34 ERROR : maths-advanced/2016-abbotsleigh-trial/q15b.pdf: Failed to set modification time: object not found
2026/07/03 11:23:34 NOTICE: maths-standard-2/2024-hsc/q29a.pdf: Failed to read metadata: object not found
2026/07/03 11:23:34 NOTICE: maths-advanced/2021-hsc/q32.pdf: Failed to read metadata: object not found
2026/07/03 11:23:34 ERROR : maths-advanced/2018-hsc/q15i-1.pdf: Failed to set modification time: object not found
2026/07/03 11:23:34 ERROR : maths-standard-2/2024-hsc/q29.pdf: Failed to set modification time: object not found
2026/07/03 11:23:34 NOTICE: maths-advanced/2016-hsc/q16a.pdf: Failed to read metadata: object not found
2026/07/03 11:23:34 ERROR : maths-advanced/2021-hsc/q31.pdf: Failed to set modification time: object not found
2026/07/03 11:23:34 NOTICE: maths-advanced/2022-ascham-trial/q20.pdf: Failed to read metadata: object not found
2026/07/03 11:23:34 NOTICE: maths-advanced/2024-baulkham-hills-yearly/q17.pdf: Failed to read metadata: object not found
2026/07/03 11:23:34 NOTICE: maths-advanced/2020-abbotsleigh-trial/q13.pdf: Failed to read metadata: object not found
2026/07/03 11:23:34 NOTICE: maths-advanced/2023-abbotsleigh-trial/q12-6.pdf: Failed to read metadata: object not found
2026/07/03 11:23:34 NOTICE: maths-advanced/2024-ascham-trial/q17c.pdf: Failed to read metadata: object not found
2026/07/03 11:23:34 NOTICE: maths-advanced/2024-abbotsleigh-yearly/q31c.pdf: Failed to read metadata: object not found
2026/07/03 11:23:34 ERROR : maths-advanced/2024-abbotsleigh-trial/q13-2.pdf: Failed to set modification time: object not found
2026/07/03 11:23:34 ERROR : maths-advanced/2020-hsc/q28a.pdf: Failed to set modification time: object not found
2026/07/03 11:23:34 ERROR : maths-advanced/2020-abbotsleigh-yearly/q14i.pdf: Failed to set modification time: object not found
2026/07/03 11:23:34 NOTICE: maths-advanced/2023-hsc/q30a.pdf: Failed to read metadata: object not found
2026/07/03 11:23:34 NOTICE: maths-advanced/2025-abbotsleigh-trial/q11b.pdf: Failed to read metadata: object not found
2026/07/03 11:23:34 NOTICE: maths-advanced/2020-hsc/q28b.pdf: Failed to read metadata: object not found
2026/07/03 11:23:34 NOTICE: maths-advanced/2025-hsc/q14c.pdf: Failed to read metadata: object not found
2026/07/03 11:23:34 ERROR : maths-advanced/2023-abbotsleigh-trial/q12-5.pdf: Failed to set modification time: object not found
2026/07/03 11:23:34 ERROR : maths-advanced/2017-hsc/q16a.pdf: Failed to set modification time: object not found
2026/07/03 11:23:34 ERROR : maths-advanced/2020-abbotsleigh-trial/q13-5.pdf: Failed to set modification time: object not found
2026/07/03 11:23:34 NOTICE: maths-advanced/2017-hsc/q16b.pdf: Failed to read metadata: object not found
2026/07/03 11:23:34 ERROR : maths-advanced/2024-ascham-trial/q17c-1.pdf: Failed to set modification time: object not found
2026/07/03 11:23:34 ERROR : maths-advanced/2021-abbotsleigh-trial/q15a.pdf: Failed to set modification time: object not found
2026/07/03 11:23:34 ERROR : maths-advanced/2016-abbotsleigh-trial/q15c.pdf: Failed to set modification time: object not found
2026/07/03 11:23:34 ERROR : maths-advanced/2020-baulkham-hills-yearly/q25.pdf: Failed to set modification time: object not found
2026/07/03 11:23:34 NOTICE: maths-advanced/2020-baulkham-hills-yearly/q26b.pdf: Failed to read metadata: object not found
2026/07/03 11:23:34 NOTICE: maths-advanced/2021-abbotsleigh-trial/q15b.pdf: Failed to read metadata: object not found
2026/07/03 11:23:34 NOTICE: maths-advanced/2020-abbotsleigh-yearly/q15-1.pdf: Failed to read metadata: object not found
2026/07/03 11:23:34 ERROR : maths-advanced/2022-hsc/q28b.pdf: Failed to set modification time: object not found
2026/07/03 11:23:34 NOTICE: maths-advanced/2020-ascham-trial/q30d.pdf: Failed to read metadata: object not found
2026/07/03 11:23:34 NOTICE: maths-advanced/2024-abbotsleigh-trial/q13-3.pdf: Failed to read metadata: object not found
2026/07/03 11:23:34 ERROR : maths-advanced/2019-hsc/q16i-1.pdf: Failed to set modification time: object not found
2026/07/03 11:23:34 NOTICE: maths-advanced/2022-hsc/q29.pdf: Failed to read metadata: object not found
2026/07/03 11:23:34 NOTICE: maths-advanced/2016-abbotsleigh-trial/q16.pdf: Failed to read metadata: object not found
2026/07/03 11:23:34 NOTICE: maths-advanced/2019-hsc/q16i.pdf: Failed to read metadata: object not found
2026/07/03 11:23:34 NOTICE: maths-advanced/2025-abbotsleigh-trial/q11c.pdf: Failed to read metadata: object not found
2026/07/03 11:23:34 ERROR : maths-advanced/2020-ascham-trial/q30c.pdf: Failed to set modification time: object not found
2026/07/03 11:23:34 NOTICE: maths-advanced/2022-ascham-trial/q21-1.pdf: Failed to read metadata: object not found
2026/07/03 11:23:34 NOTICE: maths-advanced/2025-hsc/q15.pdf: Failed to read metadata: object not found
2026/07/03 11:23:34 NOTICE: maths-advanced/2018-hsc/q16.pdf: Failed to read metadata: object not found
2026/07/03 11:23:34 ERROR : maths-advanced/2018-hsc/q15i.pdf: Failed to set modification time: object not found
2026/07/03 11:23:34 ERROR : maths-advanced/2020-hsc/q28b.pdf: Failed to set modification time: object not found
2026/07/03 11:23:34 ERROR : maths-advanced/2023-ascham-trial/q18.pdf: Failed to set modification time: object not found
2026/07/03 11:23:34 NOTICE: maths-advanced/2020-hsc/q29a.pdf: Failed to read metadata: object not found
2026/07/03 11:23:34 ERROR : maths-advanced/2024-abbotsleigh-yearly/q31c.pdf: Failed to set modification time: object not found
2026/07/03 11:23:34 ERROR : maths-advanced/2016-hsc/q16a.pdf: Failed to set modification time: object not found
2026/07/03 11:23:34 ERROR : maths-advanced/2021-hsc/q32.pdf: Failed to set modification time: object not found
2026/07/03 11:23:34 NOTICE: maths-advanced/2016-hsc/q16b.pdf: Failed to read metadata: object not found
2026/07/03 11:23:34 ERROR : maths-advanced/2022-ascham-trial/q20.pdf: Failed to set modification time: object not found
2026/07/03 11:23:34 NOTICE: maths-advanced/2023-ascham-trial/q19-1.pdf: Failed to read metadata: object not found
2026/07/03 11:23:34 ERROR : maths-advanced/2025-hsc/q14c.pdf: Failed to set modification time: object not found
2026/07/03 11:23:34 ERROR : maths-standard-2/2024-hsc/q29a.pdf: Failed to set modification time: object not found
2026/07/03 11:23:34 ERROR : maths-advanced/2023-hsc/q30a.pdf: Failed to set modification time: object not found
2026/07/03 11:23:34 ERROR : maths-advanced/2024-ascham-trial/q17c.pdf: Failed to set modification time: object not found
2026/07/03 11:23:34 ERROR : maths-advanced/2020-abbotsleigh-trial/q13.pdf: Failed to set modification time: object not found
2026/07/03 11:23:34 NOTICE: maths-advanced/2023-abbotsleigh-trial/q12-7.pdf: Failed to read metadata: object not found
2026/07/03 11:23:34 NOTICE: maths-advanced/2020-abbotsleigh-trial/q13a-1.pdf: Failed to read metadata: object not found
2026/07/03 11:23:34 ERROR : maths-advanced/2025-abbotsleigh-trial/q11b.pdf: Failed to set modification time: object not found
2026/07/03 11:23:34 ERROR : maths-advanced/2023-abbotsleigh-trial/q12-6.pdf: Failed to set modification time: object not found
2026/07/03 11:23:34 ERROR : maths-advanced/2024-baulkham-hills-yearly/q17.pdf: Failed to set modification time: object not found
2026/07/03 11:23:34 ERROR : maths-advanced/2024-hsc/q21.pdf: Failed to set modification time: object not found
2026/07/03 11:23:34 ERROR : maths-advanced/2017-hsc/q16b.pdf: Failed to set modification time: object not found
2026/07/03 11:23:34 ERROR : maths-advanced/2021-abbotsleigh-trial/q15b.pdf: Failed to set modification time: object not found
2026/07/03 11:23:34 NOTICE: maths-advanced/2024-baulkham-hills-yearly/q18.pdf: Failed to read metadata: object not found
2026/07/03 11:23:34 NOTICE: maths-advanced/2024-hsc/q22.pdf: Failed to read metadata: object not found
2026/07/03 11:23:34 ERROR : maths-advanced/2020-abbotsleigh-yearly/q15-1.pdf: Failed to set modification time: object not found
2026/07/03 11:23:34 ERROR : maths-advanced/2020-baulkham-hills-yearly/q26b.pdf: Failed to set modification time: object not found
2026/07/03 11:23:34 NOTICE: maths-advanced/2024-abbotsleigh-yearly/q32a.pdf: Failed to read metadata: object not found
2026/07/03 11:23:34 ERROR : maths-advanced/2024-abbotsleigh-trial/q13-3.pdf: Failed to set modification time: object not found
2026/07/03 11:23:34 ERROR : maths-advanced/2020-ascham-trial/q30d.pdf: Failed to set modification time: object not found
2026/07/03 11:23:34 NOTICE: maths-advanced/2021-hsc/q33-1.pdf: Failed to read metadata: object not found
2026/07/03 11:23:34 ERROR : maths-advanced/2022-hsc/q29.pdf: Failed to set modification time: object not found
2026/07/03 11:23:34 NOTICE: maths-advanced/2024-ascham-trial/q18-1.pdf: Failed to read metadata: object not found
2026/07/03 11:23:34 ERROR : maths-advanced/2019-hsc/q16i.pdf: Failed to set modification time: object not found
2026/07/03 11:23:34 ERROR : maths-advanced/2022-ascham-trial/q21-1.pdf: Failed to set modification time: object not found
2026/07/03 11:23:34 ERROR : maths-advanced/2025-abbotsleigh-trial/q11c.pdf: Failed to set modification time: object not found
2026/07/03 11:23:34 NOTICE: maths-advanced/2020-baulkham-hills-yearly/q27.pdf: Failed to read metadata: object not found
2026/07/03 11:23:34 NOTICE: maths-advanced/2021-abbotsleigh-trial/q15c-1.pdf: Failed to read metadata: object not found
2026/07/03 11:23:34 NOTICE: maths-advanced/2023-hsc/q30b.pdf: Failed to read metadata: object not found
2026/07/03 11:23:34 ERROR : maths-advanced/2018-hsc/q16.pdf: Failed to set modification time: object not found
2026/07/03 11:23:34 NOTICE: maths-advanced/2024-abbotsleigh-trial/q13-4.pdf: Failed to read metadata: object not found
2026/07/03 11:23:34 ERROR : maths-advanced/2016-abbotsleigh-trial/q16.pdf: Failed to set modification time: object not found
2026/07/03 11:23:34 NOTICE: maths-advanced/2020-abbotsleigh-yearly/q15-2.pdf: Failed to read metadata: object not found
2026/07/03 11:23:34 ERROR : maths-advanced/2016-hsc/q16b.pdf: Failed to set modification time: object not found
2026/07/03 11:23:34 NOTICE: maths-advanced/2025-abbotsleigh-trial/q11d.pdf: Failed to read metadata: object not found
2026/07/03 11:23:34 ERROR : maths-advanced/2023-ascham-trial/q19-1.pdf: Failed to set modification time: object not found
2026/07/03 11:23:34 NOTICE: maths-advanced/2022-hsc/q29a.pdf: Failed to read metadata: object not found
2026/07/03 11:23:34 ERROR : maths-advanced/2025-hsc/q15.pdf: Failed to set modification time: object not found
2026/07/03 11:23:34 ERROR : maths-advanced/2020-hsc/q29a.pdf: Failed to set modification time: object not found
2026/07/03 11:23:34 NOTICE: maths-advanced/2017-hsc/q16c.pdf: Failed to read metadata: object not found
2026/07/03 11:23:34 NOTICE: maths-standard-2/2024-hsc/q29b.pdf: Failed to read metadata: object not found
2026/07/03 11:23:34 NOTICE: maths-advanced/2020-ascham-trial/q31.pdf: Failed to read metadata: object not found
2026/07/03 11:23:34 NOTICE: maths-advanced/2023-ascham-trial/q19.pdf: Failed to read metadata: object not found
2026/07/03 11:23:34 ERROR : maths-advanced/2024-hsc/q22.pdf: Failed to set modification time: object not found
2026/07/03 11:23:34 NOTICE: maths-advanced/2022-ascham-trial/q21.pdf: Failed to read metadata: object not found
2026/07/03 11:23:34 NOTICE: maths-advanced/2025-hsc/q15a.pdf: Failed to read metadata: object not found
2026/07/03 11:23:34 NOTICE: maths-advanced/2016-abbotsleigh-trial/q16a.pdf: Failed to read metadata: object not found
2026/07/03 11:23:34 ERROR : maths-advanced/2020-abbotsleigh-trial/q13a-1.pdf: Failed to set modification time: object not found
2026/07/03 11:23:34 ERROR : maths-advanced/2024-baulkham-hills-yearly/q18.pdf: Failed to set modification time: object not found
2026/07/03 11:23:34 ERROR : maths-advanced/2023-abbotsleigh-trial/q12-7.pdf: Failed to set modification time: object not found
2026/07/03 11:23:34 NOTICE: maths-advanced/2016-hsc/q16i-1.pdf: Failed to read metadata: object not found
2026/07/03 11:23:34 ERROR : maths-advanced/2021-hsc/q33-1.pdf: Failed to set modification time: object not found
2026/07/03 11:23:34 NOTICE: maths-advanced/2020-hsc/q29b.pdf: Failed to read metadata: object not found
2026/07/03 11:23:34 ERROR : maths-advanced/2024-ascham-trial/q18-1.pdf: Failed to set modification time: object not found
2026/07/03 11:23:34 NOTICE: maths-advanced/2018-hsc/q16b.pdf: Failed to read metadata: object not found
2026/07/03 11:23:34 NOTICE: maths-advanced/2023-abbotsleigh-trial/q12-8.pdf: Failed to read metadata: object not found
2026/07/03 11:23:34 NOTICE: maths-advanced/2020-abbotsleigh-trial/q13a.pdf: Failed to read metadata: object not found
2026/07/03 11:23:34 ERROR : maths-advanced/2024-abbotsleigh-yearly/q32a.pdf: Failed to set modification time: object not found
2026/07/03 11:23:34 NOTICE: maths-advanced/2024-hsc/q22a.pdf: Failed to read metadata: object not found
2026/07/03 11:23:34 NOTICE: maths-advanced/2021-hsc/q33-2.pdf: Failed to read metadata: object not found
2026/07/03 11:23:34 NOTICE: maths-advanced/2024-ascham-trial/q18.pdf: Failed to read metadata: object not found
2026/07/03 11:23:34 NOTICE: maths-advanced/2024-baulkham-hills-yearly/q19.pdf: Failed to read metadata: object not found
2026/07/03 11:23:34 ERROR : maths-advanced/2024-abbotsleigh-trial/q13-4.pdf: Failed to set modification time: object not found
2026/07/03 11:23:34 NOTICE: maths-advanced/2017-hsc/q16i-1.pdf: Failed to read metadata: object not found
2026/07/03 11:23:34 ERROR : maths-advanced/2020-baulkham-hills-yearly/q27.pdf: Failed to set modification time: object not found
2026/07/03 11:23:34 NOTICE: maths-advanced/2020-baulkham-hills-yearly/q28.pdf: Failed to read metadata: object not found
2026/07/03 11:23:34 ERROR : maths-advanced/2025-abbotsleigh-trial/q11d.pdf: Failed to set modification time: object not found
2026/07/03 11:23:34 NOTICE: maths-advanced/2020-abbotsleigh-yearly/q15-3.pdf: Failed to read metadata: object not found
2026/07/03 11:23:34 NOTICE: maths-advanced/2024-abbotsleigh-yearly/q32b.pdf: Failed to read metadata: object not found
2026/07/03 11:23:34 ERROR : maths-standard-2/2024-hsc/q29b.pdf: Failed to set modification time: object not found
2026/07/03 11:23:34 ERROR : maths-advanced/2021-abbotsleigh-trial/q15c-1.pdf: Failed to set modification time: object not found
2026/07/03 11:23:34 ERROR : maths-advanced/2017-hsc/q16c.pdf: Failed to set modification time: object not found
2026/07/03 11:23:34 ERROR : maths-advanced/2022-hsc/q29a.pdf: Failed to set modification time: object not found
2026/07/03 11:23:34 ERROR : maths-advanced/2020-abbotsleigh-yearly/q15-2.pdf: Failed to set modification time: object not found
2026/07/03 11:23:34 ERROR : maths-advanced/2022-ascham-trial/q21.pdf: Failed to set modification time: object not found
2026/07/03 11:23:34 ERROR : maths-advanced/2023-hsc/q30b.pdf: Failed to set modification time: object not found
2026/07/03 11:23:34 ERROR : maths-advanced/2023-ascham-trial/q19.pdf: Failed to set modification time: object not found
2026/07/03 11:23:34 NOTICE: maths-advanced/2021-abbotsleigh-trial/q15c.pdf: Failed to read metadata: object not found
2026/07/03 11:23:34 ERROR : maths-advanced/2025-hsc/q15a.pdf: Failed to set modification time: object not found
2026/07/03 11:23:34 NOTICE: maths-advanced/2023-hsc/q31.pdf: Failed to read metadata: object not found
2026/07/03 11:23:34 NOTICE: maths-standard-2/2024-hsc/q30.pdf: Failed to read metadata: object not found
2026/07/03 11:23:34 NOTICE: maths-advanced/2022-hsc/q29b.pdf: Failed to read metadata: object not found
2026/07/03 11:23:34 NOTICE: maths-advanced/2020-ascham-trial/q31a.pdf: Failed to read metadata: object not found
2026/07/03 11:23:34 NOTICE: maths-advanced/2024-abbotsleigh-trial/q13-5.pdf: Failed to read metadata: object not found
2026/07/03 11:23:34 NOTICE: maths-advanced/2016-abbotsleigh-trial/q16b.pdf: Failed to read metadata: object not found
2026/07/03 11:23:34 ERROR : maths-advanced/2020-ascham-trial/q31.pdf: Failed to set modification time: object not found
2026/07/03 11:23:34 ERROR : maths-advanced/2016-hsc/q16i-1.pdf: Failed to set modification time: object not found
2026/07/03 11:23:34 ERROR : maths-advanced/2023-abbotsleigh-trial/q12-8.pdf: Failed to set modification time: object not found
2026/07/03 11:23:34 ERROR : maths-advanced/2024-hsc/q22a.pdf: Failed to set modification time: object not found
2026/07/03 11:23:34 ERROR : maths-advanced/2020-abbotsleigh-trial/q13a.pdf: Failed to set modification time: object not found
2026/07/03 11:23:34 NOTICE: maths-advanced/2025-abbotsleigh-trial/q11e.pdf: Failed to read metadata: object not found
2026/07/03 11:23:34 ERROR : maths-advanced/2016-abbotsleigh-trial/q16a.pdf: Failed to set modification time: object not found
2026/07/03 11:23:34 NOTICE: maths-advanced/2025-hsc/q15b.pdf: Failed to read metadata: object not found
2026/07/03 11:23:34 ERROR : maths-advanced/2020-hsc/q29b.pdf: Failed to set modification time: object not found
2026/07/03 11:23:34 NOTICE: maths-advanced/2023-ascham-trial/q20a-1.pdf: Failed to read metadata: object not found
2026/07/03 11:23:34 ERROR : maths-advanced/2021-hsc/q33-2.pdf: Failed to set modification time: object not found
2026/07/03 11:23:34 ERROR : maths-advanced/2018-hsc/q16b.pdf: Failed to set modification time: object not found
2026/07/03 11:23:34 NOTICE: maths-advanced/2022-ascham-trial/q22-1.pdf: Failed to read metadata: object not found
2026/07/03 11:23:34 ERROR : maths-advanced/2024-ascham-trial/q18.pdf: Failed to set modification time: object not found
2026/07/03 11:23:34 NOTICE: maths-advanced/2016-hsc/q16i.pdf: Failed to read metadata: object not found
2026/07/03 11:23:34 ERROR : maths-advanced/2020-abbotsleigh-yearly/q15-3.pdf: Failed to set modification time: object not found
2026/07/03 11:23:34 NOTICE: maths-advanced/2020-hsc/q30.pdf: Failed to read metadata: object not found
2026/07/03 11:23:34 NOTICE: maths-advanced/2024-baulkham-hills-yearly/q20.pdf: Failed to read metadata: object not found
2026/07/03 11:23:34 ERROR : maths-advanced/2017-hsc/q16i-1.pdf: Failed to set modification time: object not found
2026/07/03 11:23:34 NOTICE: maths-advanced/2018-hsc/q16c.pdf: Failed to read metadata: object not found
2026/07/03 11:23:34 ERROR : maths-advanced/2020-baulkham-hills-yearly/q28.pdf: Failed to set modification time: object not found
2026/07/03 11:23:34 NOTICE: maths-advanced/2017-hsc/q16i.pdf: Failed to read metadata: object not found
2026/07/03 11:23:34 ERROR : maths-advanced/2016-abbotsleigh-trial/q16b.pdf: Failed to set modification time: object not found
2026/07/03 11:23:34 NOTICE: maths-advanced/2023-abbotsleigh-trial/q12-9.pdf: Failed to read metadata: object not found
2026/07/03 11:23:34 ERROR : maths-advanced/2022-hsc/q29b.pdf: Failed to set modification time: object not found
2026/07/03 11:23:34 NOTICE: maths-advanced/2020-abbotsleigh-trial/q13b-1.pdf: Failed to read metadata: object not found
2026/07/03 11:23:34 ERROR : maths-advanced/2024-baulkham-hills-yearly/q19.pdf: Failed to set modification time: object not found
2026/07/03 11:23:34 ERROR : maths-advanced/2025-abbotsleigh-trial/q11e.pdf: Failed to set modification time: object not found
2026/07/03 11:23:34 ERROR : maths-advanced/2024-abbotsleigh-yearly/q32b.pdf: Failed to set modification time: object not found
2026/07/03 11:23:34 NOTICE: maths-advanced/2021-hsc/q33.pdf: Failed to read metadata: object not found
2026/07/03 11:23:34 NOTICE: maths-standard-2/2024-hsc/q31.pdf: Failed to read metadata: object not found
2026/07/03 11:23:34 NOTICE: maths-advanced/2024-hsc/q22b.pdf: Failed to read metadata: object not found
2026/07/03 11:23:34 ERROR : maths-advanced/2025-hsc/q15b.pdf: Failed to set modification time: object not found
2026/07/03 11:23:34 NOTICE: maths-advanced/2023-hsc/q31a.pdf: Failed to read metadata: object not found
2026/07/03 11:23:34 ERROR : maths-advanced/2020-ascham-trial/q31a.pdf: Failed to set modification time: object not found
2026/07/03 11:23:34 ERROR : maths-advanced/2023-hsc/q31.pdf: Failed to set modification time: object not found
2026/07/03 11:23:34 ERROR : maths-advanced/2024-abbotsleigh-trial/q13-5.pdf: Failed to set modification time: object not found
2026/07/03 11:23:34 NOTICE: maths-advanced/2024-ascham-trial/q19a-1.pdf: Failed to read metadata: object not found
2026/07/03 11:23:34 NOTICE: maths-advanced/2016-abbotsleigh-trial/q16i-1.pdf: Failed to read metadata: object not found
2026/07/03 11:23:34 ERROR : maths-standard-2/2024-hsc/q30.pdf: Failed to set modification time: object not found
2026/07/03 11:23:34 NOTICE: maths-advanced/2024-abbotsleigh-yearly/q33.pdf: Failed to read metadata: object not found
2026/07/03 11:23:34 NOTICE: maths-advanced/2021-abbotsleigh-trial/q15i-1.pdf: Failed to read metadata: object not found
2026/07/03 11:23:34 NOTICE: maths-advanced/2020-baulkham-hills-yearly/q29a-1.pdf: Failed to read metadata: object not found
2026/07/03 11:23:34 NOTICE: maths-advanced/2020-abbotsleigh-yearly/q15-4.pdf: Failed to read metadata: object not found
2026/07/03 11:23:34 ERROR : maths-advanced/2021-abbotsleigh-trial/q15c.pdf: Failed to set modification time: object not found
2026/07/03 11:23:34 ERROR : maths-advanced/2023-ascham-trial/q20a-1.pdf: Failed to set modification time: object not found
2026/07/03 11:23:34 NOTICE: maths-advanced/2024-abbotsleigh-trial/q13-6.pdf: Failed to read metadata: object not found
2026/07/03 11:23:34 ERROR : maths-advanced/2022-ascham-trial/q22-1.pdf: Failed to set modification time: object not found
2026/07/03 11:23:34 NOTICE: maths-standard-2/2025-ascham-trial/q35.pdf: Failed to read metadata: object not found
2026/07/03 11:23:34 NOTICE: maths-advanced/2024-baulkham-hills-yearly/q21.pdf: Failed to read metadata: object not found
2026/07/03 11:23:34 NOTICE: maths-advanced/2020-abbotsleigh-trial/q13b.pdf: Failed to read metadata: object not found
2026/07/03 11:23:34 NOTICE: maths-standard-2/2025-hsc/q28b.pdf: Failed to read metadata: object not found
2026/07/03 11:23:34 NOTICE: maths-advanced/2021-hsc/q33a.pdf: Failed to read metadata: object not found
2026/07/03 11:23:34 NOTICE: maths-advanced/2022-ascham-trial/q22.pdf: Failed to read metadata: object not found
2026/07/03 11:23:34 NOTICE: maths-advanced/2025-hsc/q16.pdf: Failed to read metadata: object not found
2026/07/03 11:23:34 NOTICE: maths-advanced/2025-abbotsleigh-trial/q11i-1.pdf: Failed to read metadata: object not found
2026/07/03 11:23:34 NOTICE: maths-advanced/2024-ascham-trial/q19a.pdf: Failed to read metadata: object not found
2026/07/03 11:23:34 ERROR : maths-advanced/2024-ascham-trial/q19a-1.pdf: Failed to set modification time: object not found
2026/07/03 11:23:34 ERROR : maths-advanced/2024-baulkham-hills-yearly/q20.pdf: Failed to set modification time: object not found
2026/07/03 11:23:34 ERROR : maths-advanced/2020-abbotsleigh-yearly/q15-4.pdf: Failed to set modification time: object not found
2026/07/03 11:23:34 NOTICE: maths-advanced/2022-hsc/q29c.pdf: Failed to read metadata: object not found
2026/07/03 11:23:34 NOTICE: maths-standard-2/2025-caringbah-trial/q28-1.pdf: Failed to read metadata: object not found
2026/07/03 11:23:34 NOTICE: maths-advanced/2020-ascham-trial/q31b.pdf: Failed to read metadata: object not found
2026/07/03 11:23:34 ERROR : maths-advanced/2018-hsc/q16c.pdf: Failed to set modification time: object not found
2026/07/03 11:23:34 ERROR : maths-standard-2/2024-hsc/q31.pdf: Failed to set modification time: object not found
2026/07/03 11:23:34 ERROR : maths-advanced/2023-abbotsleigh-trial/q12-9.pdf: Failed to set modification time: object not found
2026/07/03 11:23:34 ERROR : maths-advanced/2016-hsc/q16i.pdf: Failed to set modification time: object not found
2026/07/03 11:23:34 NOTICE: maths-advanced/2020-hsc/q30a.pdf: Failed to read metadata: object not found
2026/07/03 11:23:34 ERROR : maths-advanced/2020-hsc/q30.pdf: Failed to set modification time: object not found
2026/07/03 11:23:34 ERROR : maths-advanced/2017-hsc/q16i.pdf: Failed to set modification time: object not found
2026/07/03 11:23:34 ERROR : maths-advanced/2020-baulkham-hills-yearly/q29a-1.pdf: Failed to set modification time: object not found
2026/07/03 11:23:34 NOTICE: maths-advanced/2023-ascham-trial/q20a.pdf: Failed to read metadata: object not found
2026/07/03 11:23:34 NOTICE: maths-advanced/2023-abbotsleigh-trial/q12.pdf: Failed to read metadata: object not found
2026/07/03 11:23:34 NOTICE: maths-advanced/2024-hsc/q23a.pdf: Failed to read metadata: object not found
2026/07/03 11:23:34 ERROR : maths-advanced/2020-abbotsleigh-trial/q13b-1.pdf: Failed to set modification time: object not found
2026/07/03 11:23:34 ERROR : maths-advanced/2024-hsc/q22b.pdf: Failed to set modification time: object not found
2026/07/03 11:23:34 ERROR : maths-advanced/2016-abbotsleigh-trial/q16i-1.pdf: Failed to set modification time: object not found
2026/07/03 11:23:34 ERROR : maths-advanced/2023-hsc/q31a.pdf: Failed to set modification time: object not found
2026/07/03 11:23:34 ERROR : maths-advanced/2024-abbotsleigh-yearly/q33.pdf: Failed to set modification time: object not found
2026/07/03 11:23:34 NOTICE: maths-advanced/2018-hsc/q16i-1.pdf: Failed to read metadata: object not found
2026/07/03 11:23:34 NOTICE: maths-standard-2/2024-hsc/q31a.pdf: Failed to read metadata: object not found
2026/07/03 11:23:34 ERROR : maths-advanced/2021-abbotsleigh-trial/q15i-1.pdf: Failed to set modification time: object not found
2026/07/03 11:23:34 ERROR : maths-advanced/2024-abbotsleigh-trial/q13-6.pdf: Failed to set modification time: object not found
2026/07/03 11:23:34 NOTICE: maths-advanced/2020-baulkham-hills-yearly/q29a.pdf: Failed to read metadata: object not found
2026/07/03 11:23:34 NOTICE: maths-advanced/2020-abbotsleigh-yearly/q15-5.pdf: Failed to read metadata: object not found
2026/07/03 11:23:34 ERROR : maths-advanced/2021-hsc/q33.pdf: Failed to set modification time: object not found
2026/07/03 11:23:34 NOTICE: maths-advanced/2023-hsc/q31b.pdf: Failed to read metadata: object not found
2026/07/03 11:23:34 ERROR : maths-advanced/2024-baulkham-hills-yearly/q21.pdf: Failed to set modification time: object not found
2026/07/03 11:23:34 NOTICE: maths-advanced/2021-abbotsleigh-trial/q15i-2.pdf: Failed to read metadata: object not found
2026/07/03 11:23:34 NOTICE: maths-advanced/2016-abbotsleigh-trial/q16i.pdf: Failed to read metadata: object not found
2026/07/03 11:23:34 NOTICE: maths-advanced/2024-abbotsleigh-trial/q13-7.pdf: Failed to read metadata: object not found
2026/07/03 11:23:34 ERROR : maths-advanced/2024-ascham-trial/q19a.pdf: Failed to set modification time: object not found
2026/07/03 11:23:34 ERROR : maths-advanced/2025-abbotsleigh-trial/q11i-1.pdf: Failed to set modification time: object not found
2026/07/03 11:23:34 ERROR : maths-standard-2/2025-ascham-trial/q35.pdf: Failed to set modification time: object not found
2026/07/03 11:23:34 ERROR : maths-advanced/2020-abbotsleigh-trial/q13b.pdf: Failed to set modification time: object not found
2026/07/03 11:23:34 ERROR : maths-advanced/2022-ascham-trial/q22.pdf: Failed to set modification time: object not found
2026/07/03 11:23:34 ERROR : maths-advanced/2022-hsc/q29c.pdf: Failed to set modification time: object not found
2026/07/03 11:23:34 ERROR : maths-advanced/2025-hsc/q16.pdf: Failed to set modification time: object not found
2026/07/03 11:23:34 NOTICE: maths-advanced/2022-ascham-trial/q23-1.pdf: Failed to read metadata: object not found
2026/07/03 11:23:34 NOTICE: maths-advanced/2023-ascham-trial/q20b-1.pdf: Failed to read metadata: object not found
2026/07/03 11:23:34 NOTICE: maths-advanced/2023-abbotsleigh-trial/q12a-1.pdf: Failed to read metadata: object not found
2026/07/03 11:23:34 NOTICE: maths-standard-2/2025-hsc/q29.pdf: Failed to read metadata: object not found
2026/07/03 11:23:34 ERROR : maths-standard-2/2025-hsc/q28b.pdf: Failed to set modification time: object not found
2026/07/03 11:23:34 ERROR : maths-advanced/2024-hsc/q23a.pdf: Failed to set modification time: object not found
2026/07/03 11:23:34 NOTICE: maths-advanced/2020-ascham-trial/q31c.pdf: Failed to read metadata: object not found
2026/07/03 11:23:34 NOTICE: maths-advanced/2020-abbotsleigh-trial/q13c-1.pdf: Failed to read metadata: object not found
2026/07/03 11:23:34 ERROR : maths-advanced/2023-abbotsleigh-trial/q12.pdf: Failed to set modification time: object not found
2026/07/03 11:23:34 NOTICE: maths-advanced/2025-hsc/q16a.pdf: Failed to read metadata: object not found
2026/07/03 11:23:34 NOTICE: maths-advanced/2025-abbotsleigh-trial/q11i.pdf: Failed to read metadata: object not found
2026/07/03 11:23:34 ERROR : maths-advanced/2023-ascham-trial/q20a.pdf: Failed to set modification time: object not found
2026/07/03 11:23:34 ERROR : maths-advanced/2020-hsc/q30a.pdf: Failed to set modification time: object not found
2026/07/03 11:23:34 ERROR : maths-advanced/2021-hsc/q33a.pdf: Failed to set modification time: object not found
2026/07/03 11:23:34 NOTICE: maths-advanced/2022-hsc/q30a.pdf: Failed to read metadata: object not found
2026/07/03 11:23:34 ERROR : maths-advanced/2018-hsc/q16i-1.pdf: Failed to set modification time: object not found
2026/07/03 11:23:34 ERROR : maths-advanced/2020-ascham-trial/q31b.pdf: Failed to set modification time: object not found
2026/07/03 11:23:35 NOTICE: maths-advanced/2022-hsc/q30b.pdf: Failed to read metadata: object not found
2026/07/03 11:23:35 ERROR : maths-standard-2/2025-caringbah-trial/q28-1.pdf: Failed to set modification time: object not found
2026/07/03 11:23:35 NOTICE: maths-standard-2/2025-caringbah-trial/q28.pdf: Failed to read metadata: object not found
2026/07/03 11:23:35 NOTICE: maths-advanced/2021-hsc/q33b.pdf: Failed to read metadata: object not found
2026/07/03 11:23:35 ERROR : maths-standard-2/2024-hsc/q31a.pdf: Failed to set modification time: object not found
2026/07/03 11:23:35 NOTICE: maths-standard-2/2025-ascham-trial/q36-1.pdf: Failed to read metadata: object not found
2026/07/03 11:23:35 ERROR : maths-advanced/2021-abbotsleigh-trial/q15i-2.pdf: Failed to set modification time: object not found
2026/07/03 11:23:35 ERROR : maths-advanced/2024-abbotsleigh-trial/q13-7.pdf: Failed to set modification time: object not found
2026/07/03 11:23:35 ERROR : maths-advanced/2020-baulkham-hills-yearly/q29a.pdf: Failed to set modification time: object not found
2026/07/03 11:23:35 ERROR : maths-advanced/2020-abbotsleigh-yearly/q15-5.pdf: Failed to set modification time: object not found
2026/07/03 11:23:35 ERROR : maths-advanced/2023-hsc/q31b.pdf: Failed to set modification time: object not found
2026/07/03 11:23:35 NOTICE: maths-advanced/2020-baulkham-hills-yearly/q29b.pdf: Failed to read metadata: object not found
2026/07/03 11:23:35 NOTICE: maths-advanced/2024-ascham-trial/q19b-1.pdf: Failed to read metadata: object not found
2026/07/03 11:23:35 NOTICE: maths-standard-2/2024-hsc/q31b.pdf: Failed to read metadata: object not found
2026/07/03 11:23:35 NOTICE: maths-advanced/2020-hsc/q30b.pdf: Failed to read metadata: object not found
2026/07/03 11:23:35 ERROR : maths-advanced/2016-abbotsleigh-trial/q16i.pdf: Failed to set modification time: object not found
2026/07/03 11:23:35 NOTICE: maths-advanced/2023-hsc/q31c.pdf: Failed to read metadata: object not found
2026/07/03 11:23:35 NOTICE: maths-advanced/2021-abbotsleigh-trial/q15i.pdf: Failed to read metadata: object not found
2026/07/03 11:23:35 ERROR : maths-advanced/2020-abbotsleigh-trial/q13c-1.pdf: Failed to set modification time: object not found
2026/07/03 11:23:35 ERROR : maths-standard-2/2025-hsc/q29.pdf: Failed to set modification time: object not found
2026/07/03 11:23:35 ERROR : maths-advanced/2022-hsc/q30a.pdf: Failed to set modification time: object not found
2026/07/03 11:23:35 NOTICE: maths-advanced/2018-hsc/q16i-2.pdf: Failed to read metadata: object not found
2026/07/03 11:23:35 NOTICE: maths-advanced/2024-hsc/q23b.pdf: Failed to read metadata: object not found
2026/07/03 11:23:35 NOTICE: maths-advanced/2020-abbotsleigh-yearly/q15.pdf: Failed to read metadata: object not found
2026/07/03 11:23:35 ERROR : maths-advanced/2025-hsc/q16a.pdf: Failed to set modification time: object not found
2026/07/03 11:23:35 ERROR : maths-advanced/2023-abbotsleigh-trial/q12a-1.pdf: Failed to set modification time: object not found
2026/07/03 11:23:35 NOTICE: maths-advanced/2020-ascham-trial/q32.pdf: Failed to read metadata: object not found
2026/07/03 11:23:35 NOTICE: maths-advanced/2024-abbotsleigh-trial/q13-8.pdf: Failed to read metadata: object not found
2026/07/03 11:23:35 NOTICE: maths-advanced/2024-baulkham-hills-yearly/q22.pdf: Failed to read metadata: object not found
2026/07/03 11:23:35 ERROR : maths-advanced/2025-abbotsleigh-trial/q11i.pdf: Failed to set modification time: object not found
2026/07/03 11:23:35 ERROR : maths-advanced/2023-ascham-trial/q20b-1.pdf: Failed to set modification time: object not found
2026/07/03 11:23:35 NOTICE: maths-advanced/2025-abbotsleigh-trial/q12-1.pdf: Failed to read metadata: object not found
2026/07/03 11:23:35 ERROR : maths-advanced/2020-ascham-trial/q31c.pdf: Failed to set modification time: object not found
2026/07/03 11:23:35 NOTICE: maths-standard-2/2025-hsc/q30.pdf: Failed to read metadata: object not found
2026/07/03 11:23:35 ERROR : maths-advanced/2022-ascham-trial/q23-1.pdf: Failed to set modification time: object not found
2026/07/03 11:23:35 NOTICE: maths-advanced/2022-ascham-trial/q23.pdf: Failed to read metadata: object not found
2026/07/03 11:23:35 ERROR : maths-advanced/2022-hsc/q30b.pdf: Failed to set modification time: object not found
2026/07/03 11:23:35 ERROR : maths-standard-2/2025-caringbah-trial/q28.pdf: Failed to set modification time: object not found
2026/07/03 11:23:35 ERROR : maths-standard-2/2025-ascham-trial/q36-1.pdf: Failed to set modification time: object not found
2026/07/03 11:23:35 NOTICE: maths-advanced/2020-abbotsleigh-trial/q13c-2.pdf: Failed to read metadata: object not found
2026/07/03 11:23:35 NOTICE: maths-advanced/2018-hsc/q16i.pdf: Failed to read metadata: object not found
2026/07/03 11:23:35 ERROR : maths-advanced/2021-hsc/q33b.pdf: Failed to set modification time: object not found
2026/07/03 11:23:35 NOTICE: maths-advanced/2023-abbotsleigh-trial/q12a.pdf: Failed to read metadata: object not found
2026/07/03 11:23:35 NOTICE: maths-standard-2/2025-ascham-trial/q36.pdf: Failed to read metadata: object not found
2026/07/03 11:23:35 ERROR : maths-advanced/2023-hsc/q31c.pdf: Failed to set modification time: object not found
2026/07/03 11:23:35 NOTICE: maths-advanced/2022-hsc/q31.pdf: Failed to read metadata: object not found
2026/07/03 11:23:35 ERROR : maths-advanced/2024-ascham-trial/q19b-1.pdf: Failed to set modification time: object not found
2026/07/03 11:23:35 NOTICE: maths-standard-2/2025-caringbah-trial/q29a-1.pdf: Failed to read metadata: object not found
2026/07/03 11:23:35 ERROR : maths-standard-2/2024-hsc/q31b.pdf: Failed to set modification time: object not found
2026/07/03 11:23:35 ERROR : maths-advanced/2020-baulkham-hills-yearly/q29b.pdf: Failed to set modification time: object not found
2026/07/03 11:23:35 ERROR : maths-advanced/2018-hsc/q16i-2.pdf: Failed to set modification time: object not found
2026/07/03 11:23:35 ERROR : maths-advanced/2021-abbotsleigh-trial/q15i.pdf: Failed to set modification time: object not found
2026/07/03 11:23:35 NOTICE: maths-advanced/2025-hsc/q17.pdf: Failed to read metadata: object not found
2026/07/03 11:23:35 NOTICE: maths-advanced/2024-ascham-trial/q19b.pdf: Failed to read metadata: object not found
2026/07/03 11:23:35 ERROR : maths-advanced/2024-hsc/q23b.pdf: Failed to set modification time: object not found
2026/07/03 11:23:35 NOTICE: maths-advanced/2021-hsc/q34.pdf: Failed to read metadata: object not found
2026/07/03 11:23:35 NOTICE: maths-advanced/2023-ascham-trial/q20b.pdf: Failed to read metadata: object not found
2026/07/03 11:23:35 NOTICE: maths-advanced/2024-hsc/q23c.pdf: Failed to read metadata: object not found
2026/07/03 11:23:35 NOTICE: maths-advanced/2020-hsc/q31.pdf: Failed to read metadata: object not found
2026/07/03 11:23:35 NOTICE: maths-standard-2/2024-hsc/q32.pdf: Failed to read metadata: object not found
2026/07/03 11:23:35 ERROR : maths-advanced/2024-baulkham-hills-yearly/q22.pdf: Failed to set modification time: object not found
2026/07/03 11:23:35 ERROR : maths-advanced/2020-hsc/q30b.pdf: Failed to set modification time: object not found
2026/07/03 11:23:35 ERROR : maths-advanced/2020-abbotsleigh-yearly/q15.pdf: Failed to set modification time: object not found
2026/07/03 11:23:35 NOTICE: maths-advanced/2023-hsc/q32.pdf: Failed to read metadata: object not found
2026/07/03 11:23:35 NOTICE: maths-advanced/2020-baulkham-hills-yearly/q30a-1.pdf: Failed to read metadata: object not found
2026/07/03 11:23:35 ERROR : maths-advanced/2025-abbotsleigh-trial/q12-1.pdf: Failed to set modification time: object not found
2026/07/03 11:23:35 ERROR : maths-advanced/2024-abbotsleigh-trial/q13-8.pdf: Failed to set modification time: object not found
2026/07/03 11:23:35 NOTICE: maths-advanced/2024-baulkham-hills-yearly/q23.pdf: Failed to read metadata: object not found
2026/07/03 11:23:35 NOTICE: maths-advanced/2021-abbotsleigh-trial/q16b.pdf: Failed to read metadata: object not found
2026/07/03 11:23:35 ERROR : maths-standard-2/2025-hsc/q30.pdf: Failed to set modification time: object not found
2026/07/03 11:23:35 ERROR : maths-advanced/2022-ascham-trial/q23.pdf: Failed to set modification time: object not found
2026/07/03 11:23:35 ERROR : maths-advanced/2020-ascham-trial/q32.pdf: Failed to set modification time: object not found
2026/07/03 11:23:35 ERROR : maths-advanced/2020-abbotsleigh-trial/q13c-2.pdf: Failed to set modification time: object not found
2026/07/03 11:23:35 NOTICE: maths-advanced/2020-abbotsleigh-yearly/q15a.pdf: Failed to read metadata: object not found
2026/07/03 11:23:35 ERROR : maths-advanced/2023-abbotsleigh-trial/q12a.pdf: Failed to set modification time: object not found
2026/07/03 11:23:35 NOTICE: maths-advanced/2024-abbotsleigh-trial/q13-9.pdf: Failed to read metadata: object not found
2026/07/03 11:23:35 NOTICE: maths-advanced/2020-ascham-trial/q32a.pdf: Failed to read metadata: object not found
2026/07/03 11:23:35 ERROR : maths-standard-2/2025-ascham-trial/q36.pdf: Failed to set modification time: object not found
2026/07/03 11:23:35 NOTICE: maths-advanced/2022-ascham-trial/q24-1.pdf: Failed to read metadata: object not found
2026/07/03 11:23:35 ERROR : maths-standard-2/2025-caringbah-trial/q29a-1.pdf: Failed to set modification time: object not found
2026/07/03 11:23:35 ERROR : maths-advanced/2022-hsc/q31.pdf: Failed to set modification time: object not found
2026/07/03 11:23:35 NOTICE: maths-standard-2/2025-hsc/q31.pdf: Failed to read metadata: object not found
2026/07/03 11:23:35 NOTICE: maths-advanced/2020-abbotsleigh-trial/q13c.pdf: Failed to read metadata: object not found
2026/07/03 11:23:35 NOTICE: maths-advanced/2023-abbotsleigh-trial/q12b-1.pdf: Failed to read metadata: object not found
2026/07/03 11:23:35 ERROR : maths-advanced/2023-ascham-trial/q20b.pdf: Failed to set modification time: object not found
2026/07/03 11:23:35 NOTICE: maths-advanced/2023-ascham-trial/q21-1.pdf: Failed to read metadata: object not found
2026/07/03 11:23:35 NOTICE: maths-advanced/2025-abbotsleigh-trial/q12-2.pdf: Failed to read metadata: object not found
2026/07/03 11:23:35 ERROR : maths-advanced/2018-hsc/q16i.pdf: Failed to set modification time: object not found
2026/07/03 11:23:35 ERROR : maths-advanced/2020-hsc/q31.pdf: Failed to set modification time: object not found
2026/07/03 11:23:35 ERROR : maths-advanced/2021-hsc/q34.pdf: Failed to set modification time: object not found
2026/07/03 11:23:35 ERROR : maths-advanced/2025-hsc/q17.pdf: Failed to set modification time: object not found
2026/07/03 11:23:35 NOTICE: maths-advanced/2022-hsc/q31a.pdf: Failed to read metadata: object not found
2026/07/03 11:23:35 ERROR : maths-advanced/2024-ascham-trial/q19b.pdf: Failed to set modification time: object not found
2026/07/03 11:23:35 NOTICE: maths-advanced/2025-hsc/q17a.pdf: Failed to read metadata: object not found
2026/07/03 11:23:35 ERROR : maths-advanced/2024-hsc/q23c.pdf: Failed to set modification time: object not found
2026/07/03 11:23:35 NOTICE: maths-standard-2/2025-caringbah-trial/q29a.pdf: Failed to read metadata: object not found
2026/07/03 11:23:35 ERROR : maths-advanced/2020-abbotsleigh-yearly/q15a.pdf: Failed to set modification time: object not found
2026/07/03 11:23:35 NOTICE: maths-advanced/2024-ascham-trial/q20-1.pdf: Failed to read metadata: object not found
2026/07/03 11:23:35 ERROR : maths-advanced/2020-baulkham-hills-yearly/q30a-1.pdf: Failed to set modification time: object not found
2026/07/03 11:23:35 ERROR : maths-advanced/2023-hsc/q32.pdf: Failed to set modification time: object not found
2026/07/03 11:23:35 NOTICE: maths-advanced/2020-abbotsleigh-yearly/q15b.pdf: Failed to read metadata: object not found
2026/07/03 11:23:35 ERROR : maths-standard-2/2024-hsc/q32.pdf: Failed to set modification time: object not found
2026/07/03 11:23:35 ERROR : maths-advanced/2024-baulkham-hills-yearly/q23.pdf: Failed to set modification time: object not found
2026/07/03 11:23:35 NOTICE: maths-standard-2/2025-ascham-trial/q37-1.pdf: Failed to read metadata: object not found
2026/07/03 11:23:35 NOTICE: maths-advanced/2024-baulkham-hills-yearly/q24.pdf: Failed to read metadata: object not found
2026/07/03 11:23:35 NOTICE: maths-advanced/2024-hsc/q24a.pdf: Failed to read metadata: object not found
2026/07/03 11:23:35 ERROR : maths-advanced/2021-abbotsleigh-trial/q16b.pdf: Failed to set modification time: object not found
2026/07/03 11:23:35 NOTICE: maths-advanced/2020-hsc/q31a.pdf: Failed to read metadata: object not found
2026/07/03 11:23:35 NOTICE: maths-advanced/2023-hsc/q32a.pdf: Failed to read metadata: object not found
2026/07/03 11:23:35 NOTICE: maths-advanced/2021-abbotsleigh-trial/q16c.pdf: Failed to read metadata: object not found
2026/07/03 11:23:35 ERROR : maths-standard-2/2025-hsc/q31.pdf: Failed to set modification time: object not found
2026/07/03 11:23:35 ERROR : maths-advanced/2022-ascham-trial/q24-1.pdf: Failed to set modification time: object not found
2026/07/03 11:23:35 ERROR : maths-advanced/2024-abbotsleigh-trial/q13-9.pdf: Failed to set modification time: object not found
2026/07/03 11:23:35 ERROR : maths-advanced/2023-abbotsleigh-trial/q12b-1.pdf: Failed to set modification time: object not found
2026/07/03 11:23:35 NOTICE: maths-advanced/2020-baulkham-hills-yearly/q30a.pdf: Failed to read metadata: object not found
2026/07/03 11:23:35 NOTICE: maths-advanced/2020-ascham-trial/q33a.pdf: Failed to read metadata: object not found
2026/07/03 11:23:35 ERROR : maths-advanced/2020-abbotsleigh-trial/q13c.pdf: Failed to set modification time: object not found
2026/07/03 11:23:35 NOTICE: maths-advanced/2024-abbotsleigh-trial/q13.pdf: Failed to read metadata: object not found
2026/07/03 11:23:35 NOTICE: maths-standard-2/2024-hsc/q32a.pdf: Failed to read metadata: object not found
2026/07/03 11:23:35 ERROR : maths-advanced/2020-ascham-trial/q32a.pdf: Failed to set modification time: object not found
2026/07/03 11:23:35 ERROR : maths-advanced/2023-ascham-trial/q21-1.pdf: Failed to set modification time: object not found
2026/07/03 11:23:35 NOTICE: maths-standard-2/2025-hsc/q32.pdf: Failed to read metadata: object not found
2026/07/03 11:23:35 ERROR : maths-advanced/2025-abbotsleigh-trial/q12-2.pdf: Failed to set modification time: object not found
2026/07/03 11:23:35 NOTICE: maths-advanced/2025-hsc/q17b.pdf: Failed to read metadata: object not found
2026/07/03 11:23:35 ERROR : maths-advanced/2024-hsc/q24a.pdf: Failed to set modification time: object not found
2026/07/03 11:23:35 NOTICE: maths-advanced/2025-abbotsleigh-trial/q12-3.pdf: Failed to read metadata: object not found
2026/07/03 11:23:35 ERROR : maths-advanced/2025-hsc/q17a.pdf: Failed to set modification time: object not found
2026/07/03 11:23:35 NOTICE: maths-advanced/2023-abbotsleigh-trial/q12b.pdf: Failed to read metadata: object not found
2026/07/03 11:23:35 ERROR : maths-advanced/2020-abbotsleigh-yearly/q15b.pdf: Failed to set modification time: object not found
2026/07/03 11:23:35 NOTICE: maths-advanced/2024-ascham-trial/q20.pdf: Failed to read metadata: object not found
2026/07/03 11:23:35 ERROR : maths-standard-2/2025-caringbah-trial/q29a.pdf: Failed to set modification time: object not found
2026/07/03 11:23:35 ERROR : maths-advanced/2020-ascham-trial/q33a.pdf: Failed to set modification time: object not found
2026/07/03 11:23:35 NOTICE: maths-advanced/2022-ascham-trial/q24.pdf: Failed to read metadata: object not found
2026/07/03 11:23:35 NOTICE: maths-advanced/2022-hsc/q31b.pdf: Failed to read metadata: object not found
2026/07/03 11:23:35 NOTICE: maths-advanced/2024-hsc/q24b.pdf: Failed to read metadata: object not found
2026/07/03 11:23:35 NOTICE: maths-advanced/2020-abbotsleigh-yearly/q15c.pdf: Failed to read metadata: object not found
2026/07/03 11:23:35 NOTICE: maths-standard-2/2024-hsc/q32b.pdf: Failed to read metadata: object not found
2026/07/03 11:23:35 ERROR : maths-advanced/2022-hsc/q31a.pdf: Failed to set modification time: object not found
2026/07/03 11:23:35 ERROR : maths-advanced/2020-hsc/q31a.pdf: Failed to set modification time: object not found
2026/07/03 11:23:35 NOTICE: maths-advanced/2023-ascham-trial/q21.pdf: Failed to read metadata: object not found
2026/07/03 11:23:35 ERROR : maths-standard-2/2025-ascham-trial/q37-1.pdf: Failed to set modification time: object not found
2026/07/03 11:23:35 NOTICE: maths-standard-2/2025-ascham-trial/q37.pdf: Failed to read metadata: object not found
2026/07/03 11:23:35 ERROR : maths-advanced/2024-ascham-trial/q20-1.pdf: Failed to set modification time: object not found
2026/07/03 11:23:35 ERROR : maths-advanced/2023-hsc/q32a.pdf: Failed to set modification time: object not found
2026/07/03 11:23:35 ERROR : maths-advanced/2021-abbotsleigh-trial/q16c.pdf: Failed to set modification time: object not found
2026/07/03 11:23:35 NOTICE: maths-advanced/2020-abbotsleigh-trial/q13i-1.pdf: Failed to read metadata: object not found
2026/07/03 11:23:35 NOTICE: maths-advanced/2024-baulkham-hills-yearly/q25.pdf: Failed to read metadata: object not found
2026/07/03 11:23:35 ERROR : maths-advanced/2024-baulkham-hills-yearly/q24.pdf: Failed to set modification time: object not found
2026/07/03 11:23:35 ERROR : maths-standard-2/2024-hsc/q32a.pdf: Failed to set modification time: object not found
2026/07/03 11:23:35 NOTICE: maths-standard-2/2025-caringbah-trial/q29b-1.pdf: Failed to read metadata: object not found
2026/07/03 11:23:35 NOTICE: maths-advanced/2020-hsc/q31b.pdf: Failed to read metadata: object not found
2026/07/03 11:23:35 NOTICE: maths-advanced/2020-baulkham-hills-yearly/q30b.pdf: Failed to read metadata: object not found
2026/07/03 11:23:35 ERROR : maths-advanced/2025-hsc/q17b.pdf: Failed to set modification time: object not found
2026/07/03 11:23:35 NOTICE: maths-advanced/2021-abbotsleigh-trial/q16i-1.pdf: Failed to read metadata: object not found
2026/07/03 11:23:35 ERROR : maths-standard-2/2025-hsc/q32.pdf: Failed to set modification time: object not found
2026/07/03 11:23:35 NOTICE: maths-advanced/2024-abbotsleigh-trial/q13a-1.pdf: Failed to read metadata: object not found
2026/07/03 11:23:35 NOTICE: maths-advanced/2022-ascham-trial/q25-1.pdf: Failed to read metadata: object not found
2026/07/03 11:23:35 ERROR : maths-advanced/2024-ascham-trial/q20.pdf: Failed to set modification time: object not found
2026/07/03 11:23:35 ERROR : maths-advanced/2023-abbotsleigh-trial/q12b.pdf: Failed to set modification time: object not found
2026/07/03 11:23:35 NOTICE: maths-standard-2/2025-hsc/q33.pdf: Failed to read metadata: object not found
2026/07/03 11:23:35 ERROR : maths-advanced/2020-baulkham-hills-yearly/q30a.pdf: Failed to set modification time: object not found
2026/07/03 11:23:35 ERROR : maths-advanced/2025-abbotsleigh-trial/q12-3.pdf: Failed to set modification time: object not found
2026/07/03 11:23:35 NOTICE: maths-advanced/2023-hsc/q32b.pdf: Failed to read metadata: object not found
2026/07/03 11:23:35 ERROR : maths-advanced/2024-abbotsleigh-trial/q13.pdf: Failed to set modification time: object not found
2026/07/03 11:23:35 NOTICE: maths-advanced/2025-abbotsleigh-trial/q12-4.pdf: Failed to read metadata: object not found
2026/07/03 11:23:35 ERROR : maths-advanced/2024-hsc/q24b.pdf: Failed to set modification time: object not found
2026/07/03 11:23:35 ERROR : maths-advanced/2022-ascham-trial/q24.pdf: Failed to set modification time: object not found
2026/07/03 11:23:35 NOTICE: maths-advanced/2022-hsc/q32.pdf: Failed to read metadata: object not found
2026/07/03 11:23:35 ERROR : maths-advanced/2023-ascham-trial/q21.pdf: Failed to set modification time: object not found
2026/07/03 11:23:35 NOTICE: maths-advanced/2025-hsc/q18.pdf: Failed to read metadata: object not found
2026/07/03 11:23:35 NOTICE: maths-advanced/2020-abbotsleigh-trial/q13i-2.pdf: Failed to read metadata: object not found
2026/07/03 11:23:35 NOTICE: maths-advanced/2023-ascham-trial/q22-1.pdf: Failed to read metadata: object not found
2026/07/03 11:23:35 ERROR : maths-advanced/2022-hsc/q31b.pdf: Failed to set modification time: object not found
2026/07/03 11:23:35 ERROR : maths-advanced/2020-abbotsleigh-yearly/q15c.pdf: Failed to set modification time: object not found
2026/07/03 11:23:35 ERROR : maths-advanced/2024-baulkham-hills-yearly/q25.pdf: Failed to set modification time: object not found
2026/07/03 11:23:35 NOTICE: maths-standard-2/2025-ascham-trial/q38-1.pdf: Failed to read metadata: object not found
2026/07/03 11:23:35 NOTICE: maths-advanced/2020-ascham-trial/q33b.pdf: Failed to read metadata: object not found
2026/07/03 11:23:35 ERROR : maths-standard-2/2024-hsc/q32b.pdf: Failed to set modification time: object not found
2026/07/03 11:23:35 NOTICE: maths-standard-2/2025-caringbah-trial/q29b.pdf: Failed to read metadata: object not found
2026/07/03 11:23:35 NOTICE: maths-advanced/2023-abbotsleigh-trial/q12e.pdf: Failed to read metadata: object not found
2026/07/03 11:23:35 ERROR : maths-standard-2/2025-ascham-trial/q37.pdf: Failed to set modification time: object not found
2026/07/03 11:23:35 ERROR : maths-advanced/2020-abbotsleigh-trial/q13i-1.pdf: Failed to set modification time: object not found
2026/07/03 11:23:35 NOTICE: maths-advanced/2024-ascham-trial/q21-1.pdf: Failed to read metadata: object not found
2026/07/03 11:23:35 ERROR : maths-advanced/2020-baulkham-hills-yearly/q30b.pdf: Failed to set modification time: object not found
2026/07/03 11:23:35 ERROR : maths-standard-2/2025-caringbah-trial/q29b-1.pdf: Failed to set modification time: object not found
2026/07/03 11:23:35 NOTICE: maths-advanced/2024-hsc/q25.pdf: Failed to read metadata: object not found
2026/07/03 11:23:35 NOTICE: maths-advanced/2024-baulkham-hills-yearly/q26.pdf: Failed to read metadata: object not found
2026/07/03 11:23:35 ERROR : maths-advanced/2020-hsc/q31b.pdf: Failed to set modification time: object not found
2026/07/03 11:23:35 ERROR : maths-advanced/2022-ascham-trial/q25-1.pdf: Failed to set modification time: object not found
2026/07/03 11:23:35 NOTICE: maths-standard-2/2024-hsc/q33.pdf: Failed to read metadata: object not found
2026/07/03 11:23:35 NOTICE: maths-advanced/2020-baulkham-hills-yearly/q31.pdf: Failed to read metadata: object not found
2026/07/03 11:23:35 NOTICE: maths-advanced/2020-abbotsleigh-yearly/q16-1.pdf: Failed to read metadata: object not found
2026/07/03 11:23:35 ERROR : maths-advanced/2021-abbotsleigh-trial/q16i-1.pdf: Failed to set modification time: object not found
2026/07/03 11:23:35 ERROR : maths-advanced/2025-abbotsleigh-trial/q12-4.pdf: Failed to set modification time: object not found
2026/07/03 11:23:35 NOTICE: maths-advanced/2024-abbotsleigh-trial/q13a-2.pdf: Failed to read metadata: object not found
2026/07/03 11:23:35 NOTICE: maths-standard-2/2025-hsc/q34.pdf: Failed to read metadata: object not found
2026/07/03 11:23:35 NOTICE: maths-advanced/2020-ascham-trial/q33c.pdf: Failed to read metadata: object not found
2026/07/03 11:23:35 ERROR : maths-advanced/2023-hsc/q32b.pdf: Failed to set modification time: object not found
2026/07/03 11:23:35 ERROR : maths-advanced/2022-hsc/q32.pdf: Failed to set modification time: object not found
2026/07/03 11:23:35 NOTICE: maths-advanced/2025-hsc/q19.pdf: Failed to read metadata: object not found
2026/07/03 11:23:35 ERROR : maths-standard-2/2025-hsc/q33.pdf: Failed to set modification time: object not found
2026/07/03 11:23:35 NOTICE: maths-advanced/2023-abbotsleigh-trial/q12i-1.pdf: Failed to read metadata: object not found
2026/07/03 11:23:35 NOTICE: maths-advanced/2025-abbotsleigh-trial/q12-5.pdf: Failed to read metadata: object not found
2026/07/03 11:23:35 ERROR : maths-advanced/2025-hsc/q18.pdf: Failed to set modification time: object not found
2026/07/03 11:23:35 ERROR : maths-advanced/2024-abbotsleigh-trial/q13a-1.pdf: Failed to set modification time: object not found
2026/07/03 11:23:35 ERROR : maths-standard-2/2025-ascham-trial/q38-1.pdf: Failed to set modification time: object not found
2026/07/03 11:23:35 ERROR : maths-advanced/2020-ascham-trial/q33b.pdf: Failed to set modification time: object not found
2026/07/03 11:23:35 ERROR : maths-advanced/2020-abbotsleigh-trial/q13i-2.pdf: Failed to set modification time: object not found
2026/07/03 11:23:35 NOTICE: maths-advanced/2022-ascham-trial/q25.pdf: Failed to read metadata: object not found
2026/07/03 11:23:35 ERROR : maths-advanced/2023-abbotsleigh-trial/q12e.pdf: Failed to set modification time: object not found
2026/07/03 11:23:35 ERROR : maths-advanced/2023-ascham-trial/q22-1.pdf: Failed to set modification time: object not found
2026/07/03 11:23:35 NOTICE: maths-advanced/2020-abbotsleigh-trial/q13i-3.pdf: Failed to read metadata: object not found
2026/07/03 11:23:35 NOTICE: maths-advanced/2021-abbotsleigh-trial/q16i-2.pdf: Failed to read metadata: object not found
2026/07/03 11:23:35 ERROR : maths-standard-2/2025-caringbah-trial/q29b.pdf: Failed to set modification time: object not found
2026/07/03 11:23:35 NOTICE: maths-advanced/2023-ascham-trial/q22.pdf: Failed to read metadata: object not found
2026/07/03 11:23:35 NOTICE: maths-advanced/2022-hsc/q32a.pdf: Failed to read metadata: object not found
2026/07/03 11:23:35 ERROR : maths-advanced/2024-hsc/q25.pdf: Failed to set modification time: object not found
2026/07/03 11:23:35 ERROR : maths-advanced/2024-ascham-trial/q21-1.pdf: Failed to set modification time: object not found
2026/07/03 11:23:35 ERROR : maths-advanced/2024-baulkham-hills-yearly/q26.pdf: Failed to set modification time: object not found
2026/07/03 11:23:35 NOTICE: maths-standard-2/2025-caringbah-trial/q30a-1.pdf: Failed to read metadata: object not found
2026/07/03 11:23:35 ERROR : maths-advanced/2020-baulkham-hills-yearly/q31.pdf: Failed to set modification time: object not found
2026/07/03 11:23:35 NOTICE: maths-advanced/2024-ascham-trial/q21.pdf: Failed to read metadata: object not found
2026/07/03 11:23:35 NOTICE: maths-advanced/2024-hsc/q25a.pdf: Failed to read metadata: object not found
2026/07/03 11:23:35 ERROR : maths-standard-2/2024-hsc/q33.pdf: Failed to set modification time: object not found
2026/07/03 11:23:35 NOTICE: maths-standard-2/2025-ascham-trial/q38-2.pdf: Failed to read metadata: object not found
2026/07/03 11:23:35 ERROR : maths-advanced/2020-ascham-trial/q33c.pdf: Failed to set modification time: object not found
2026/07/03 11:23:35 ERROR : maths-advanced/2020-abbotsleigh-yearly/q16-1.pdf: Failed to set modification time: object not found
2026/07/03 11:23:35 NOTICE: maths-advanced/2024-baulkham-hills-yearly/q27.pdf: Failed to read metadata: object not found
2026/07/03 11:23:35 NOTICE: maths-advanced/2020-baulkham-hills-yearly/q31b-1.pdf: Failed to read metadata: object not found
2026/07/03 11:23:35 ERROR : maths-advanced/2024-abbotsleigh-trial/q13a-2.pdf: Failed to set modification time: object not found
2026/07/03 11:23:35 ERROR : maths-standard-2/2025-hsc/q34.pdf: Failed to set modification time: object not found
2026/07/03 11:23:35 NOTICE: maths-standard-2/2024-hsc/q34.pdf: Failed to read metadata: object not found
2026/07/03 11:23:35 NOTICE: maths-advanced/2021-abbotsleigh-trial/q16i-3.pdf: Failed to read metadata: object not found
2026/07/03 11:23:35 ERROR : maths-advanced/2025-hsc/q19.pdf: Failed to set modification time: object not found
2026/07/03 11:23:35 ERROR : maths-advanced/2025-abbotsleigh-trial/q12-5.pdf: Failed to set modification time: object not found
2026/07/03 11:23:35 ERROR : maths-advanced/2022-ascham-trial/q25.pdf: Failed to set modification time: object not found
2026/07/03 11:23:35 ERROR : maths-advanced/2023-abbotsleigh-trial/q12i-1.pdf: Failed to set modification time: object not found
2026/07/03 11:23:35 NOTICE: maths-advanced/2020-abbotsleigh-yearly/q16-2.pdf: Failed to read metadata: object not found
2026/07/03 11:23:35 NOTICE: maths-advanced/2024-abbotsleigh-trial/q13a-3.pdf: Failed to read metadata: object not found
2026/07/03 11:23:35 NOTICE: maths-advanced/2020-ascham-trial/q34.pdf: Failed to read metadata: object not found
2026/07/03 11:23:35 ERROR : maths-advanced/2021-abbotsleigh-trial/q16i-2.pdf: Failed to set modification time: object not found
2026/07/03 11:23:35 NOTICE: maths-advanced/2025-abbotsleigh-trial/q12-6.pdf: Failed to read metadata: object not found
2026/07/03 11:23:35 NOTICE: maths-advanced/2024-hsc/q25b.pdf: Failed to read metadata: object not found
2026/07/03 11:23:35 ERROR : maths-advanced/2020-abbotsleigh-trial/q13i-3.pdf: Failed to set modification time: object not found
2026/07/03 11:23:35 NOTICE: maths-standard-2/2025-hsc/q35.pdf: Failed to read metadata: object not found
2026/07/03 11:23:35 NOTICE: maths-advanced/2023-abbotsleigh-trial/q12i-2.pdf: Failed to read metadata: object not found
2026/07/03 11:23:35 NOTICE: maths-advanced/2020-abbotsleigh-trial/q13i-4.pdf: Failed to read metadata: object not found
2026/07/03 11:23:35 NOTICE: maths-advanced/2025-hsc/q20.pdf: Failed to read metadata: object not found
2026/07/03 11:23:35 ERROR : maths-advanced/2023-ascham-trial/q22.pdf: Failed to set modification time: object not found
2026/07/03 11:23:35 NOTICE: maths-standard-2/2025-ascham-trial/q38-3.pdf: Failed to read metadata: object not found
2026/07/03 11:23:35 ERROR : maths-advanced/2022-hsc/q32a.pdf: Failed to set modification time: object not found
2026/07/03 11:23:35 NOTICE: maths-advanced/2025-abbotsleigh-trial/q12-7.pdf: Failed to read metadata: object not found
2026/07/03 11:23:35 ERROR : maths-advanced/2024-ascham-trial/q21.pdf: Failed to set modification time: object not found
2026/07/03 11:23:35 NOTICE: maths-advanced/2023-ascham-trial/q23a-1.pdf: Failed to read metadata: object not found
2026/07/03 11:23:35 ERROR : maths-advanced/2020-baulkham-hills-yearly/q31b-1.pdf: Failed to set modification time: object not found
2026/07/03 11:23:35 NOTICE: maths-standard-2/2025-caringbah-trial/q30a.pdf: Failed to read metadata: object not found
2026/07/03 11:23:35 ERROR : maths-standard-2/2025-ascham-trial/q38-2.pdf: Failed to set modification time: object not found
2026/07/03 11:23:35 ERROR : maths-advanced/2020-abbotsleigh-yearly/q16-2.pdf: Failed to set modification time: object not found
2026/07/03 11:23:35 ERROR : maths-advanced/2024-baulkham-hills-yearly/q27.pdf: Failed to set modification time: object not found
2026/07/03 11:23:35 NOTICE: maths-advanced/2020-baulkham-hills-yearly/q31b.pdf: Failed to read metadata: object not found
2026/07/03 11:23:35 ERROR : maths-standard-2/2025-caringbah-trial/q30a-1.pdf: Failed to set modification time: object not found
2026/07/03 11:23:35 NOTICE: maths-advanced/2020-abbotsleigh-yearly/q16-3.pdf: Failed to read metadata: object not found
2026/07/03 11:23:35 ERROR : maths-advanced/2021-abbotsleigh-trial/q16i-3.pdf: Failed to set modification time: object not found
2026/07/03 11:23:35 NOTICE: maths-advanced/2022-hsc/q32b.pdf: Failed to read metadata: object not found
2026/07/03 11:23:35 ERROR : maths-advanced/2024-abbotsleigh-trial/q13a-3.pdf: Failed to set modification time: object not found
2026/07/03 11:23:35 ERROR : maths-standard-2/2024-hsc/q34.pdf: Failed to set modification time: object not found
2026/07/03 11:23:35 ERROR : maths-advanced/2024-hsc/q25a.pdf: Failed to set modification time: object not found
2026/07/03 11:23:35 ERROR : maths-advanced/2024-hsc/q25b.pdf: Failed to set modification time: object not found
2026/07/03 11:23:35 NOTICE: maths-standard-2/2024-hsc/q35a.pdf: Failed to read metadata: object not found
2026/07/03 11:23:35 NOTICE: maths-advanced/2021-abbotsleigh-trial/q16i-4.pdf: Failed to read metadata: object not found
2026/07/03 11:23:35 ERROR : maths-standard-2/2025-hsc/q35.pdf: Failed to set modification time: object not found
2026/07/03 11:23:35 ERROR : maths-advanced/2023-abbotsleigh-trial/q12i-2.pdf: Failed to set modification time: object not found
2026/07/03 11:23:35 NOTICE: maths-advanced/2024-abbotsleigh-trial/q13a.pdf: Failed to read metadata: object not found
2026/07/03 11:23:35 NOTICE: maths-advanced/2024-baulkham-hills-yearly/q28.pdf: Failed to read metadata: object not found
2026/07/03 11:23:35 NOTICE: maths-advanced/2024-ascham-trial/q22-1.pdf: Failed to read metadata: object not found
2026/07/03 11:23:35 ERROR : maths-advanced/2025-abbotsleigh-trial/q12-6.pdf: Failed to set modification time: object not found
2026/07/03 11:23:35 ERROR : maths-advanced/2020-ascham-trial/q34.pdf: Failed to set modification time: object not found
2026/07/03 11:23:35 NOTICE: maths-advanced/2022-ascham-trial/q26-1.pdf: Failed to read metadata: object not found
2026/07/03 11:23:35 ERROR : maths-advanced/2020-abbotsleigh-trial/q13i-4.pdf: Failed to set modification time: object not found
2026/07/03 11:23:35 NOTICE: maths-advanced/2020-ascham-trial/q34a.pdf: Failed to read metadata: object not found
2026/07/03 11:23:35 NOTICE: maths-standard-2/2025-ascham-trial/q38-4.pdf: Failed to read metadata: object not found
2026/07/03 11:23:35 NOTICE: maths-advanced/2023-ascham-trial/q23a.pdf: Failed to read metadata: object not found
2026/07/03 11:23:35 NOTICE: maths-standard-2/2025-hsc/q36.pdf: Failed to read metadata: object not found
2026/07/03 11:23:35 ERROR : maths-standard-2/2025-ascham-trial/q38-3.pdf: Failed to set modification time: object not found
2026/07/03 11:23:35 ERROR : maths-advanced/2025-abbotsleigh-trial/q12-7.pdf: Failed to set modification time: object not found
2026/07/03 11:23:35 NOTICE: maths-advanced/2024-ascham-trial/q22.pdf: Failed to read metadata: object not found
2026/07/03 11:23:35 NOTICE: maths-advanced/2020-abbotsleigh-trial/q13i.pdf: Failed to read metadata: object not found
2026/07/03 11:23:35 NOTICE: maths-standard-2/2025-caringbah-trial/q30b.pdf: Failed to read metadata: object not found
2026/07/03 11:23:35 ERROR : maths-advanced/2022-hsc/q32b.pdf: Failed to set modification time: object not found
2026/07/03 11:23:35 NOTICE: maths-advanced/2025-abbotsleigh-trial/q12-8.pdf: Failed to read metadata: object not found
2026/07/03 11:23:35 NOTICE: maths-advanced/2024-hsc/q26n.pdf: Failed to read metadata: object not found
2026/07/03 11:23:35 NOTICE: maths-advanced/2020-abbotsleigh-yearly/q16-4.pdf: Failed to read metadata: object not found
2026/07/03 11:23:35 NOTICE: maths-advanced/2025-hsc/q22.pdf: Failed to read metadata: object not found
2026/07/03 11:23:35 ERROR : maths-advanced/2025-hsc/q20.pdf: Failed to set modification time: object not found
2026/07/03 11:23:35 NOTICE: maths-advanced/2022-ascham-trial/q26.pdf: Failed to read metadata: object not found
2026/07/03 11:23:35 ERROR : maths-advanced/2024-abbotsleigh-trial/q13a.pdf: Failed to set modification time: object not found
2026/07/03 11:23:35 NOTICE: maths-advanced/2023-abbotsleigh-trial/q12i-3.pdf: Failed to read metadata: object not found
2026/07/03 11:23:35 ERROR : maths-advanced/2023-ascham-trial/q23a-1.pdf: Failed to set modification time: object not found
2026/07/03 11:23:35 ERROR : maths-advanced/2024-baulkham-hills-yearly/q28.pdf: Failed to set modification time: object not found
2026/07/03 11:23:35 ERROR : maths-standard-2/2025-caringbah-trial/q30a.pdf: Failed to set modification time: object not found
2026/07/03 11:23:35 ERROR : maths-advanced/2020-baulkham-hills-yearly/q31b.pdf: Failed to set modification time: object not found
2026/07/03 11:23:35 ERROR : maths-advanced/2022-ascham-trial/q26-1.pdf: Failed to set modification time: object not found
2026/07/03 11:23:35 NOTICE: maths-standard-2/2024-hsc/q35b.pdf: Failed to read metadata: object not found
2026/07/03 11:23:35 NOTICE: maths-advanced/2020-baulkham-hills-yearly/q31c.pdf: Failed to read metadata: object not found
2026/07/03 11:23:35 ERROR : maths-advanced/2021-abbotsleigh-trial/q16i-4.pdf: Failed to set modification time: object not found
2026/07/03 11:23:35 ERROR : maths-advanced/2020-abbotsleigh-yearly/q16-3.pdf: Failed to set modification time: object not found
2026/07/03 11:23:35 ERROR : maths-advanced/2024-ascham-trial/q22-1.pdf: Failed to set modification time: object not found
2026/07/03 11:23:35 ERROR : maths-standard-2/2024-hsc/q35a.pdf: Failed to set modification time: object not found
2026/07/03 11:23:35 NOTICE: maths-advanced/2024-baulkham-hills-yearly/q29.pdf: Failed to read metadata: object not found
2026/07/03 11:23:35 ERROR : maths-advanced/2020-ascham-trial/q34a.pdf: Failed to set modification time: object not found
2026/07/03 11:23:35 ERROR : maths-advanced/2023-ascham-trial/q23a.pdf: Failed to set modification time: object not found
2026/07/03 11:23:35 NOTICE: maths-advanced/2021-abbotsleigh-trial/q16i.pdf: Failed to read metadata: object not found
2026/07/03 11:23:35 NOTICE: maths-standard-2/2025-hsc/q37.pdf: Failed to read metadata: object not found
2026/07/03 11:23:35 NOTICE: maths-advanced/2024-hsc/q27a.pdf: Failed to read metadata: object not found
2026/07/03 11:23:36 ERROR : maths-standard-2/2025-ascham-trial/q38-4.pdf: Failed to set modification time: object not found
2026/07/03 11:23:36 NOTICE: maths-advanced/2020-abbotsleigh-trial/q14-1.pdf: Failed to read metadata: object not found
2026/07/03 11:23:36 NOTICE: maths-advanced/2025-hsc/q23a.pdf: Failed to read metadata: object not found
2026/07/03 11:23:36 NOTICE: maths-advanced/2025-abbotsleigh-trial/q12.pdf: Failed to read metadata: object not found
2026/07/03 11:23:36 NOTICE: maths-advanced/2024-abbotsleigh-trial/q13b-1.pdf: Failed to read metadata: object not found
2026/07/03 11:23:36 ERROR : maths-standard-2/2025-caringbah-trial/q30b.pdf: Failed to set modification time: object not found
2026/07/03 11:23:36 NOTICE: maths-advanced/2022-ascham-trial/q27a-1.pdf: Failed to read metadata: object not found
2026/07/03 11:23:36 ERROR : maths-advanced/2020-baulkham-hills-yearly/q31c.pdf: Failed to set modification time: object not found
2026/07/03 11:23:36 ERROR : maths-advanced/2023-abbotsleigh-trial/q12i-3.pdf: Failed to set modification time: object not found
2026/07/03 11:23:36 ERROR : maths-standard-2/2025-hsc/q36.pdf: Failed to set modification time: object not found
2026/07/03 11:23:36 ERROR : maths-advanced/2025-abbotsleigh-trial/q12-8.pdf: Failed to set modification time: object not found
2026/07/03 11:23:36 ERROR : maths-advanced/2020-abbotsleigh-yearly/q16-4.pdf: Failed to set modification time: object not found
2026/07/03 11:23:36 NOTICE: maths-advanced/2023-abbotsleigh-trial/q12i-4.pdf: Failed to read metadata: object not found
2026/07/03 11:23:36 ERROR : maths-advanced/2025-hsc/q22.pdf: Failed to set modification time: object not found
2026/07/03 11:23:36 ERROR : maths-advanced/2020-abbotsleigh-trial/q13i.pdf: Failed to set modification time: object not found
2026/07/03 11:23:36 ERROR : maths-advanced/2024-ascham-trial/q22.pdf: Failed to set modification time: object not found
2026/07/03 11:23:36 ERROR : maths-advanced/2024-hsc/q26n.pdf: Failed to set modification time: object not found
2026/07/03 11:23:36 NOTICE: maths-standard-2/2024-hsc/q35c.pdf: Failed to read metadata: object not found
2026/07/03 11:23:36 NOTICE: maths-standard-2/2025-caringbah-trial/q31-1.pdf: Failed to read metadata: object not found
2026/07/03 11:23:36 NOTICE: maths-advanced/2023-ascham-trial/q23b.pdf: Failed to read metadata: object not found
2026/07/03 11:23:36 ERROR : maths-advanced/2022-ascham-trial/q26.pdf: Failed to set modification time: object not found
2026/07/03 11:23:36 NOTICE: maths-standard-2/2025-ascham-trial/q38-5.pdf: Failed to read metadata: object not found
2026/07/03 11:23:36 ERROR : maths-standard-2/2024-hsc/q35b.pdf: Failed to set modification time: object not found
2026/07/03 11:23:36 NOTICE: maths-advanced/2024-ascham-trial/q23a-1.pdf: Failed to read metadata: object not found
2026/07/03 11:23:36 ERROR : maths-advanced/2024-baulkham-hills-yearly/q29.pdf: Failed to set modification time: object not found
2026/07/03 11:23:36 ERROR : maths-advanced/2021-abbotsleigh-trial/q16i.pdf: Failed to set modification time: object not found
2026/07/03 11:23:36 NOTICE: maths-advanced/2020-abbotsleigh-yearly/q16.pdf: Failed to read metadata: object not found
2026/07/03 11:23:36 ERROR : maths-standard-2/2025-hsc/q37.pdf: Failed to set modification time: object not found
2026/07/03 11:23:36 ERROR : maths-advanced/2024-hsc/q27a.pdf: Failed to set modification time: object not found
2026/07/03 11:23:36 NOTICE: maths-advanced/2024-abbotsleigh-trial/q13b-2.pdf: Failed to read metadata: object not found
2026/07/03 11:23:36 NOTICE: maths-advanced/2025-hsc/q23b.pdf: Failed to read metadata: object not found
2026/07/03 11:23:36 ERROR : maths-advanced/2020-abbotsleigh-trial/q14-1.pdf: Failed to set modification time: object not found
2026/07/03 11:23:36 NOTICE: maths-advanced/2020-abbotsleigh-trial/q14-2.pdf: Failed to read metadata: object not found
2026/07/03 11:23:36 NOTICE: maths-standard-2/2025-hsc/q38.pdf: Failed to read metadata: object not found
2026/07/03 11:23:36 NOTICE: maths-advanced/2024-hsc/q27b.pdf: Failed to read metadata: object not found
2026/07/03 11:23:36 ERROR : maths-advanced/2024-abbotsleigh-trial/q13b-1.pdf: Failed to set modification time: object not found
2026/07/03 11:23:36 ERROR : maths-advanced/2025-abbotsleigh-trial/q12.pdf: Failed to set modification time: object not found
2026/07/03 11:23:36 ERROR : maths-advanced/2023-ascham-trial/q23b.pdf: Failed to set modification time: object not found
2026/07/03 11:23:36 ERROR : maths-advanced/2025-hsc/q23a.pdf: Failed to set modification time: object not found
2026/07/03 11:23:36 NOTICE: maths-advanced/2023-abbotsleigh-trial/q12i-5.pdf: Failed to read metadata: object not found
2026/07/03 11:23:36 NOTICE: maths-standard-2/2025-ascham-trial/q38.pdf: Failed to read metadata: object not found
2026/07/03 11:23:36 NOTICE: maths-advanced/2023-ascham-trial/q23c-1.pdf: Failed to read metadata: object not found
2026/07/03 11:23:36 NOTICE: maths-advanced/2025-abbotsleigh-trial/q12a.pdf: Failed to read metadata: object not found
2026/07/03 11:23:36 NOTICE: maths-advanced/2022-ascham-trial/q27a.pdf: Failed to read metadata: object not found
2026/07/03 11:23:36 ERROR : maths-standard-2/2024-hsc/q35c.pdf: Failed to set modification time: object not found
2026/07/03 11:23:36 NOTICE: maths-advanced/2024-ascham-trial/q23a.pdf: Failed to read metadata: object not found
2026/07/03 11:23:36 NOTICE: maths-advanced/2020-abbotsleigh-yearly/q16a.pdf: Failed to read metadata: object not found
2026/07/03 11:23:36 ERROR : maths-advanced/2022-ascham-trial/q27a-1.pdf: Failed to set modification time: object not found
2026/07/03 11:23:36 ERROR : maths-standard-2/2025-ascham-trial/q38-5.pdf: Failed to set modification time: object not found
2026/07/03 11:23:36 ERROR : maths-advanced/2024-ascham-trial/q23a-1.pdf: Failed to set modification time: object not found
2026/07/03 11:23:36 NOTICE: maths-standard-2/2025-caringbah-trial/q31.pdf: Failed to read metadata: object not found
2026/07/03 11:23:36 NOTICE: maths-standard-2/2024-hsc/q36a.pdf: Failed to read metadata: object not found
2026/07/03 11:23:36 ERROR : maths-standard-2/2025-caringbah-trial/q31-1.pdf: Failed to set modification time: object not found
2026/07/03 11:23:36 ERROR : maths-advanced/2023-abbotsleigh-trial/q12i-4.pdf: Failed to set modification time: object not found
2026/07/03 11:23:36 NOTICE: maths-advanced/2024-abbotsleigh-trial/q13b-3.pdf: Failed to read metadata: object not found
2026/07/03 11:23:36 ERROR : maths-advanced/2024-abbotsleigh-trial/q13b-2.pdf: Failed to set modification time: object not found
2026/07/03 11:23:36 NOTICE: maths-standard-2/2025-hsc/q39.pdf: Failed to read metadata: object not found
2026/07/03 11:23:36 NOTICE: maths-advanced/2024-hsc/q28-1.pdf: Failed to read metadata: object not found
2026/07/03 11:23:36 NOTICE: maths-advanced/2023-ascham-trial/q23c.pdf: Failed to read metadata: object not found
2026/07/03 11:23:36 NOTICE: maths-advanced/2020-abbotsleigh-trial/q14-3.pdf: Failed to read metadata: object not found
2026/07/03 11:23:36 ERROR : maths-advanced/2020-abbotsleigh-trial/q14-2.pdf: Failed to set modification time: object not found
2026/07/03 11:23:36 ERROR : maths-advanced/2024-hsc/q27b.pdf: Failed to set modification time: object not found
2026/07/03 11:23:36 ERROR : maths-advanced/2025-hsc/q23b.pdf: Failed to set modification time: object not found
2026/07/03 11:23:36 NOTICE: maths-standard-2/2025-caringbah-trial/q32-1.pdf: Failed to read metadata: object not found
2026/07/03 11:23:36 NOTICE: maths-advanced/2025-hsc/q24.pdf: Failed to read metadata: object not found
2026/07/03 11:23:36 ERROR : maths-advanced/2025-abbotsleigh-trial/q12a.pdf: Failed to set modification time: object not found
2026/07/03 11:23:36 ERROR : maths-standard-2/2025-ascham-trial/q38.pdf: Failed to set modification time: object not found
2026/07/03 11:23:36 ERROR : maths-advanced/2020-abbotsleigh-yearly/q16.pdf: Failed to set modification time: object not found
2026/07/03 11:23:36 ERROR : maths-advanced/2022-ascham-trial/q27a.pdf: Failed to set modification time: object not found
2026/07/03 11:23:36 ERROR : maths-standard-2/2025-hsc/q38.pdf: Failed to set modification time: object not found
2026/07/03 11:23:36 NOTICE: maths-advanced/2023-abbotsleigh-trial/q12i-6.pdf: Failed to read metadata: object not found
2026/07/03 11:23:36 NOTICE: maths-advanced/2025-abbotsleigh-trial/q12b.pdf: Failed to read metadata: object not found
2026/07/03 11:23:36 ERROR : maths-advanced/2023-abbotsleigh-trial/q12i-5.pdf: Failed to set modification time: object not found
2026/07/03 11:23:36 NOTICE: maths-advanced/2022-ascham-trial/q27b-1.pdf: Failed to read metadata: object not found
2026/07/03 11:23:36 NOTICE: maths-standard-2/2025-ascham-trial/q39-1.pdf: Failed to read metadata: object not found
2026/07/03 11:23:36 ERROR : maths-standard-2/2024-hsc/q36a.pdf: Failed to set modification time: object not found
2026/07/03 11:23:36 ERROR : maths-advanced/2023-ascham-trial/q23c-1.pdf: Failed to set modification time: object not found
2026/07/03 11:23:36 NOTICE: maths-advanced/2020-abbotsleigh-yearly/q16b.pdf: Failed to read metadata: object not found
2026/07/03 11:23:36 ERROR : maths-advanced/2024-ascham-trial/q23a.pdf: Failed to set modification time: object not found
2026/07/03 11:23:36 NOTICE: maths-advanced/2024-ascham-trial/q23b-1.pdf: Failed to read metadata: object not found
2026/07/03 11:23:36 NOTICE: maths-standard-2/2024-hsc/q36b.pdf: Failed to read metadata: object not found
2026/07/03 11:23:36 ERROR : maths-advanced/2020-abbotsleigh-yearly/q16a.pdf: Failed to set modification time: object not found
2026/07/03 11:23:36 ERROR : maths-standard-2/2025-caringbah-trial/q31.pdf: Failed to set modification time: object not found
2026/07/03 11:23:36 NOTICE: maths-advanced/2024-abbotsleigh-trial/q13b.pdf: Failed to read metadata: object not found
2026/07/03 11:23:36 ERROR : maths-standard-2/2025-hsc/q39.pdf: Failed to set modification time: object not found
2026/07/03 11:23:36 ERROR : maths-advanced/2024-abbotsleigh-trial/q13b-3.pdf: Failed to set modification time: object not found
2026/07/03 11:23:36 NOTICE: maths-advanced/2020-abbotsleigh-trial/q14-4.pdf: Failed to read metadata: object not found
2026/07/03 11:23:36 NOTICE: maths-standard-2/2025-hsc/q40a.pdf: Failed to read metadata: object not found
2026/07/03 11:23:36 NOTICE: maths-advanced/2023-ascham-trial/q24a-1.pdf: Failed to read metadata: object not found
2026/07/03 11:23:36 ERROR : maths-standard-2/2025-caringbah-trial/q32-1.pdf: Failed to set modification time: object not found
2026/07/03 11:23:36 NOTICE: maths-advanced/2025-hsc/q25.pdf: Failed to read metadata: object not found
2026/07/03 11:23:36 ERROR : maths-advanced/2023-ascham-trial/q23c.pdf: Failed to set modification time: object not found
2026/07/03 11:23:36 NOTICE: maths-standard-2/2025-ascham-trial/q39.pdf: Failed to read metadata: object not found
2026/07/03 11:23:36 NOTICE: maths-advanced/2025-abbotsleigh-trial/q12i-1.pdf: Failed to read metadata: object not found
2026/07/03 11:23:36 NOTICE: maths-advanced/2022-ascham-trial/q27b.pdf: Failed to read metadata: object not found
2026/07/03 11:23:36 ERROR : maths-advanced/2020-abbotsleigh-trial/q14-3.pdf: Failed to set modification time: object not found
2026/07/03 11:23:36 ERROR : maths-advanced/2025-hsc/q24.pdf: Failed to set modification time: object not found
2026/07/03 11:23:36 ERROR : maths-standard-2/2025-hsc/q40a.pdf: Failed to set modification time: object not found
2026/07/03 11:23:36 ERROR : maths-advanced/2023-ascham-trial/q24a-1.pdf: Failed to set modification time: object not found
2026/07/03 11:23:36 NOTICE: maths-advanced/2023-ascham-trial/q24a.pdf: Failed to read metadata: object not found
2026/07/03 11:23:36 NOTICE: maths-advanced/2020-abbotsleigh-trial/q14-5.pdf: Failed to read metadata: object not found
2026/07/03 11:23:36 ERROR : maths-advanced/2023-abbotsleigh-trial/q12i-6.pdf: Failed to set modification time: object not found
2026/07/03 11:23:36 ERROR : maths-advanced/2024-abbotsleigh-trial/q13b.pdf: Failed to set modification time: object not found
2026/07/03 11:23:36 ERROR : maths-advanced/2020-abbotsleigh-trial/q14-4.pdf: Failed to set modification time: object not found
2026/07/03 11:23:36 NOTICE: maths-advanced/2024-ascham-trial/q23b.pdf: Failed to read metadata: object not found
2026/07/03 11:23:36 NOTICE: maths-standard-2/2025-hsc/q40b.pdf: Failed to read metadata: object not found
2026/07/03 11:23:36 ERROR : maths-advanced/2025-abbotsleigh-trial/q12b.pdf: Failed to set modification time: object not found
2026/07/03 11:23:36 NOTICE: maths-standard-2/2025-caringbah-trial/q33-1.pdf: Failed to read metadata: object not found
2026/07/03 11:23:36 ERROR : maths-advanced/2025-hsc/q25.pdf: Failed to set modification time: object not found
2026/07/03 11:23:36 ERROR : maths-standard-2/2024-hsc/q36b.pdf: Failed to set modification time: object not found
2026/07/03 11:23:36 NOTICE: maths-advanced/2023-abbotsleigh-trial/q13-1.pdf: Failed to read metadata: object not found
2026/07/03 11:23:36 ERROR : maths-advanced/2020-abbotsleigh-yearly/q16b.pdf: Failed to set modification time: object not found
2026/07/03 11:23:36 ERROR : maths-standard-2/2025-ascham-trial/q39.pdf: Failed to set modification time: object not found
2026/07/03 11:23:36 ERROR : maths-standard-2/2025-ascham-trial/q39-1.pdf: Failed to set modification time: object not found
2026/07/03 11:23:36 NOTICE: maths-advanced/2023-abbotsleigh-trial/q12i.pdf: Failed to read metadata: object not found
2026/07/03 11:23:36 NOTICE: maths-advanced/2020-abbotsleigh-yearly/q16i-1.pdf: Failed to read metadata: object not found
2026/07/03 11:23:36 ERROR : maths-advanced/2024-hsc/q28-1.pdf: Failed to set modification time: object not found
2026/07/03 11:23:36 NOTICE: maths-advanced/2024-hsc/q28.pdf: Failed to read metadata: object not found
2026/07/03 11:23:36 ERROR : maths-advanced/2024-ascham-trial/q23b-1.pdf: Failed to set modification time: object not found
2026/07/03 11:23:36 ERROR : maths-advanced/2022-ascham-trial/q27b-1.pdf: Failed to set modification time: object not found
2026/07/03 11:23:36 NOTICE: maths-advanced/2025-hsc/q25a.pdf: Failed to read metadata: object not found
2026/07/03 11:23:36 NOTICE: maths-standard-2/2024-hsc/q37.pdf: Failed to read metadata: object not found
2026/07/03 11:23:36 NOTICE: maths-standard-2/2025-caringbah-trial/q32.pdf: Failed to read metadata: object not found
2026/07/03 11:23:36 NOTICE: maths-advanced/2024-abbotsleigh-trial/q13c-1.pdf: Failed to read metadata: object not found
2026/07/03 11:23:36 NOTICE: maths-advanced/2024-hsc/q28a.pdf: Failed to read metadata: object not found
2026/07/03 11:23:36 NOTICE: maths-advanced/2025-abbotsleigh-trial/q12i-2.pdf: Failed to read metadata: object not found
2026/07/03 11:23:36 ERROR : maths-advanced/2025-abbotsleigh-trial/q12i-1.pdf: Failed to set modification time: object not found
2026/07/03 11:23:36 NOTICE: maths-standard-2/2024-hsc/q38.pdf: Failed to read metadata: object not found
2026/07/03 11:23:36 NOTICE: maths-standard-2/2025-ascham-trial/q40-1.pdf: Failed to read metadata: object not found
2026/07/03 11:23:36 NOTICE: maths-advanced/2020-abbotsleigh-yearly/q16i.pdf: Failed to read metadata: object not found
2026/07/03 11:23:36 ERROR : maths-advanced/2025-hsc/q25a.pdf: Failed to set modification time: object not found
2026/07/03 11:23:36 ERROR : maths-advanced/2022-ascham-trial/q27b.pdf: Failed to set modification time: object not found
2026/07/03 11:23:36 NOTICE: maths-standard-2/2025-caringbah-trial/q33.pdf: Failed to read metadata: object not found
2026/07/03 11:23:36 NOTICE: maths-advanced/2020-abbotsleigh-trial/q14.pdf: Failed to read metadata: object not found
2026/07/03 11:23:36 NOTICE: maths-advanced/2025-abbotsleigh-trial/q12i.pdf: Failed to read metadata: object not found
2026/07/03 11:23:36 ERROR : maths-advanced/2024-hsc/q28a.pdf: Failed to set modification time: object not found
2026/07/03 11:23:36 ERROR : maths-advanced/2020-abbotsleigh-yearly/q16i-1.pdf: Failed to set modification time: object not found
2026/07/03 11:23:36 ERROR : maths-standard-2/2025-caringbah-trial/q32.pdf: Failed to set modification time: object not found
2026/07/03 11:23:36 ERROR : maths-standard-2/2025-hsc/q40b.pdf: Failed to set modification time: object not found
2026/07/03 11:23:36 NOTICE: maths-advanced/2023-abbotsleigh-trial/q13-10.pdf: Failed to read metadata: object not found
2026/07/03 11:23:36 NOTICE: maths-advanced/2022-ascham-trial/q28-1.pdf: Failed to read metadata: object not found
2026/07/03 11:23:36 ERROR : maths-advanced/2024-ascham-trial/q23b.pdf: Failed to set modification time: object not found
2026/07/03 11:23:36 ERROR : maths-advanced/2023-ascham-trial/q24a.pdf: Failed to set modification time: object not found
2026/07/03 11:23:36 NOTICE: maths-advanced/2024-abbotsleigh-trial/q13c.pdf: Failed to read metadata: object not found
2026/07/03 11:23:36 NOTICE: maths-advanced/2024-ascham-trial/q24-1.pdf: Failed to read metadata: object not found
2026/07/03 11:23:36 ERROR : maths-standard-2/2024-hsc/q37.pdf: Failed to set modification time: object not found
2026/07/03 11:23:36 ERROR : maths-advanced/2024-abbotsleigh-trial/q13c-1.pdf: Failed to set modification time: object not found
2026/07/03 11:23:36 ERROR : maths-advanced/2023-abbotsleigh-trial/q13-1.pdf: Failed to set modification time: object not found
2026/07/03 11:23:36 ERROR : maths-advanced/2025-abbotsleigh-trial/q12i-2.pdf: Failed to set modification time: object not found
2026/07/03 11:23:36 ERROR : maths-advanced/2024-hsc/q28.pdf: Failed to set modification time: object not found
2026/07/03 11:23:36 NOTICE: maths-advanced/2023-ascham-trial/q24b.pdf: Failed to read metadata: object not found
2026/07/03 11:23:36 ERROR : maths-standard-2/2025-caringbah-trial/q33-1.pdf: Failed to set modification time: object not found
2026/07/03 11:23:36 ERROR : maths-advanced/2020-abbotsleigh-trial/q14-5.pdf: Failed to set modification time: object not found
2026/07/03 11:23:36 NOTICE: maths-advanced/2024-hsc/q28b.pdf: Failed to read metadata: object not found
2026/07/03 11:23:36 ERROR : maths-advanced/2023-abbotsleigh-trial/q12i.pdf: Failed to set modification time: object not found
2026/07/03 11:23:36 NOTICE: maths-advanced/2025-hsc/q25b.pdf: Failed to read metadata: object not found
2026/07/03 11:23:36 ERROR : maths-standard-2/2024-hsc/q38.pdf: Failed to set modification time: object not found
2026/07/03 11:23:36 NOTICE: maths-standard-2/2024-hsc/q39a.pdf: Failed to read metadata: object not found
2026/07/03 11:23:36 NOTICE: maths-advanced/2024-ascham-trial/q24.pdf: Failed to read metadata: object not found
2026/07/03 11:23:36 NOTICE: maths-advanced/2022-ascham-trial/q28.pdf: Failed to read metadata: object not found
2026/07/03 11:23:36 ERROR : maths-advanced/2025-abbotsleigh-trial/q12i.pdf: Failed to set modification time: object not found
2026/07/03 11:23:36 ERROR : maths-standard-2/2025-ascham-trial/q40-1.pdf: Failed to set modification time: object not found
2026/07/03 11:23:36 ERROR : maths-advanced/2020-abbotsleigh-yearly/q16i.pdf: Failed to set modification time: object not found
2026/07/03 11:23:36 NOTICE: maths-standard-2/2025-caringbah-trial/q34-1.pdf: Failed to read metadata: object not found
2026/07/03 11:23:36 NOTICE: maths-advanced/2025-hsc/q25c.pdf: Failed to read metadata: object not found
2026/07/03 11:23:36 ERROR : maths-advanced/2024-abbotsleigh-trial/q13c.pdf: Failed to set modification time: object not found
2026/07/03 11:23:36 NOTICE: maths-advanced/2023-abbotsleigh-trial/q13-11.pdf: Failed to read metadata: object not found
2026/07/03 11:23:36 ERROR : maths-advanced/2023-abbotsleigh-trial/q13-10.pdf: Failed to set modification time: object not found
2026/07/03 11:23:36 NOTICE: maths-advanced/2020-abbotsleigh-trial/q14a-1.pdf: Failed to read metadata: object not found
2026/07/03 11:23:36 ERROR : maths-advanced/2022-ascham-trial/q28-1.pdf: Failed to set modification time: object not found
2026/07/03 11:23:36 ERROR : maths-standard-2/2025-caringbah-trial/q33.pdf: Failed to set modification time: object not found
2026/07/03 11:23:36 ERROR : maths-advanced/2020-abbotsleigh-trial/q14.pdf: Failed to set modification time: object not found
2026/07/03 11:23:36 NOTICE: maths-advanced/2023-ascham-trial/q24c-1.pdf: Failed to read metadata: object not found
2026/07/03 11:23:36 ERROR : maths-advanced/2024-ascham-trial/q24-1.pdf: Failed to set modification time: object not found
2026/07/03 11:23:36 NOTICE: maths-standard-2/2025-ascham-trial/q41-1.pdf: Failed to read metadata: object not found
2026/07/03 11:23:36 ERROR : maths-advanced/2023-ascham-trial/q24b.pdf: Failed to set modification time: object not found
2026/07/03 11:23:36 NOTICE: maths-advanced/2024-hsc/q29.pdf: Failed to read metadata: object not found
2026/07/03 11:23:36 NOTICE: maths-advanced/2022-ascham-trial/q29-1.pdf: Failed to read metadata: object not found
2026/07/03 11:23:36 ERROR : maths-advanced/2025-hsc/q25b.pdf: Failed to set modification time: object not found
2026/07/03 11:23:36 NOTICE: maths-advanced/2025-abbotsleigh-trial/q13-1.pdf: Failed to read metadata: object not found
2026/07/03 11:23:36 NOTICE: maths-standard-2/2024-hsc/q39b.pdf: Failed to read metadata: object not found
2026/07/03 11:23:36 NOTICE: maths-advanced/2024-abbotsleigh-trial/q13i-1.pdf: Failed to read metadata: object not found
2026/07/03 11:23:36 ERROR : maths-standard-2/2024-hsc/q39a.pdf: Failed to set modification time: object not found
2026/07/03 11:23:36 NOTICE: maths-advanced/2025-hsc/q26.pdf: Failed to read metadata: object not found
2026/07/03 11:23:36 NOTICE: maths-advanced/2024-ascham-trial/q25-1.pdf: Failed to read metadata: object not found
2026/07/03 11:23:36 ERROR : maths-advanced/2024-ascham-trial/q24.pdf: Failed to set modification time: object not found
2026/07/03 11:23:36 NOTICE: maths-advanced/2020-abbotsleigh-trial/q14a.pdf: Failed to read metadata: object not found
2026/07/03 11:23:36 ERROR : maths-advanced/2025-hsc/q25c.pdf: Failed to set modification time: object not found
2026/07/03 11:23:36 NOTICE: maths-advanced/2023-ascham-trial/q24c.pdf: Failed to read metadata: object not found
2026/07/03 11:23:36 NOTICE: maths-advanced/2023-abbotsleigh-trial/q13-2.pdf: Failed to read metadata: object not found
2026/07/03 11:23:36 ERROR : maths-advanced/2020-abbotsleigh-trial/q14a-1.pdf: Failed to set modification time: object not found
2026/07/03 11:23:36 ERROR : maths-advanced/2022-ascham-trial/q28.pdf: Failed to set modification time: object not found
2026/07/03 11:23:36 NOTICE: maths-standard-2/2025-caringbah-trial/q34.pdf: Failed to read metadata: object not found
2026/07/03 11:23:36 NOTICE: maths-standard-2/2025-ascham-trial/q41-2.pdf: Failed to read metadata: object not found
2026/07/03 11:23:36 ERROR : maths-standard-2/2025-caringbah-trial/q34-1.pdf: Failed to set modification time: object not found
2026/07/03 11:23:36 ERROR : maths-advanced/2023-ascham-trial/q24c-1.pdf: Failed to set modification time: object not found
2026/07/03 11:23:36 ERROR : maths-advanced/2022-ascham-trial/q29-1.pdf: Failed to set modification time: object not found
2026/07/03 11:23:36 NOTICE: maths-advanced/2022-ascham-trial/q29.pdf: Failed to read metadata: object not found
2026/07/03 11:23:36 NOTICE: maths-advanced/2024-hsc/q30.pdf: Failed to read metadata: object not found
2026/07/03 11:23:36 NOTICE: maths-standard-2/2024-hsc/q40.pdf: Failed to read metadata: object not found
2026/07/03 11:23:36 ERROR : maths-standard-2/2025-ascham-trial/q41-1.pdf: Failed to set modification time: object not found
2026/07/03 11:23:36 ERROR : maths-advanced/2024-hsc/q29.pdf: Failed to set modification time: object not found
2026/07/03 11:23:36 NOTICE: maths-advanced/2024-ascham-trial/q25.pdf: Failed to read metadata: object not found
2026/07/03 11:23:36 ERROR : maths-advanced/2025-abbotsleigh-trial/q13-1.pdf: Failed to set modification time: object not found
2026/07/03 11:23:36 ERROR : maths-standard-2/2024-hsc/q39b.pdf: Failed to set modification time: object not found
2026/07/03 11:23:36 NOTICE: maths-advanced/2020-abbotsleigh-trial/q14b.pdf: Failed to read metadata: object not found
2026/07/03 11:23:36 ERROR : maths-advanced/2023-ascham-trial/q24c.pdf: Failed to set modification time: object not found
2026/07/03 11:23:36 ERROR : maths-advanced/2023-abbotsleigh-trial/q13-2.pdf: Failed to set modification time: object not found
2026/07/03 11:23:36 ERROR : maths-advanced/2020-abbotsleigh-trial/q14a.pdf: Failed to set modification time: object not found
2026/07/03 11:23:36 ERROR : maths-advanced/2025-hsc/q26.pdf: Failed to set modification time: object not found
2026/07/03 11:23:36 NOTICE: maths-advanced/2024-hsc/q31.pdf: Failed to read metadata: object not found
2026/07/03 11:23:36 NOTICE: maths-advanced/2025-hsc/q26a.pdf: Failed to read metadata: object not found
2026/07/03 11:23:36 ERROR : maths-advanced/2024-abbotsleigh-trial/q13i-1.pdf: Failed to set modification time: object not found
2026/07/03 11:23:36 ERROR : maths-advanced/2024-hsc/q28b.pdf: Failed to set modification time: object not found
2026/07/03 11:23:36 ERROR : maths-standard-2/2025-ascham-trial/q41-2.pdf: Failed to set modification time: object not found
2026/07/03 11:23:36 ERROR : maths-advanced/2024-ascham-trial/q25-1.pdf: Failed to set modification time: object not found
2026/07/03 11:23:36 ERROR : maths-standard-2/2025-caringbah-trial/q34.pdf: Failed to set modification time: object not found
2026/07/03 11:23:36 NOTICE: maths-advanced/2025-abbotsleigh-trial/q13-2.pdf: Failed to read metadata: object not found
2026/07/03 11:23:36 NOTICE: maths-standard-2/2025-ascham-trial/q40.pdf: Failed to read metadata: object not found
2026/07/03 11:23:36 NOTICE: maths-advanced/2024-abbotsleigh-trial/q13i-3.pdf: Failed to read metadata: object not found
2026/07/03 11:23:36 NOTICE: maths-advanced/2023-ascham-trial/q24d-1.pdf: Failed to read metadata: object not found
2026/07/03 11:23:36 NOTICE: maths-advanced/2025-abbotsleigh-trial/q13-3.pdf: Failed to read metadata: object not found
2026/07/03 11:23:36 ERROR : maths-standard-2/2024-hsc/q40.pdf: Failed to set modification time: object not found
2026/07/03 11:23:36 ERROR : maths-advanced/2022-ascham-trial/q29.pdf: Failed to set modification time: object not found
2026/07/03 11:23:36 NOTICE: maths-advanced/2023-abbotsleigh-trial/q13-3.pdf: Failed to read metadata: object not found
2026/07/03 11:23:36 NOTICE: maths-standard-2/2025-caringbah-trial/q35-1.pdf: Failed to read metadata: object not found
2026/07/03 11:23:36 ERROR : maths-advanced/2023-abbotsleigh-trial/q13-11.pdf: Failed to set modification time: object not found
2026/07/03 11:23:36 NOTICE: maths-advanced/2024-abbotsleigh-trial/q13i-2.pdf: Failed to read metadata: object not found
2026/07/03 11:23:36 NOTICE: maths-advanced/2022-ascham-trial/q30-1.pdf: Failed to read metadata: object not found
2026/07/03 11:23:36 ERROR : maths-advanced/2024-ascham-trial/q25.pdf: Failed to set modification time: object not found
2026/07/03 11:23:36 NOTICE: maths-standard-2/2025-ascham-trial/q41-3.pdf: Failed to read metadata: object not found
2026/07/03 11:23:36 NOTICE: maths-advanced/2024-ascham-trial/q26-1.pdf: Failed to read metadata: object not found
2026/07/03 11:23:36 NOTICE: maths-advanced/2025-hsc/q26b.pdf: Failed to read metadata: object not found
2026/07/03 11:23:36 ERROR : maths-advanced/2024-hsc/q30.pdf: Failed to set modification time: object not found
2026/07/03 11:23:36 NOTICE: maths-standard-2/2024-hsc/q41n.pdf: Failed to read metadata: object not found
2026/07/03 11:23:36 ERROR : maths-advanced/2020-abbotsleigh-trial/q14b.pdf: Failed to set modification time: object not found
2026/07/03 11:23:36 NOTICE: maths-advanced/2023-ascham-trial/q24d.pdf: Failed to read metadata: object not found
2026/07/03 11:23:36 NOTICE: maths-advanced/2024-abbotsleigh-trial/q13i.pdf: Failed to read metadata: object not found
2026/07/03 11:23:36 NOTICE: maths-advanced/2020-abbotsleigh-trial/q14c-1.pdf: Failed to read metadata: object not found
2026/07/03 11:23:36 ERROR : maths-advanced/2025-hsc/q26a.pdf: Failed to set modification time: object not found
2026/07/03 11:23:36 NOTICE: maths-standard-2/2025-ascham-trial/q41.pdf: Failed to read metadata: object not found
2026/07/03 11:23:36 NOTICE: maths-advanced/2023-abbotsleigh-trial/q13-4.pdf: Failed to read metadata: object not found
2026/07/03 11:23:36 NOTICE: maths-advanced/2024-hsc/q31a.pdf: Failed to read metadata: object not found
2026/07/03 11:23:36 NOTICE: maths-advanced/2025-abbotsleigh-trial/q13-4.pdf: Failed to read metadata: object not found
2026/07/03 11:23:36 ERROR : maths-advanced/2024-hsc/q31.pdf: Failed to set modification time: object not found
2026/07/03 11:23:36 ERROR : maths-advanced/2025-hsc/q26b.pdf: Failed to set modification time: object not found
2026/07/03 11:23:36 ERROR : maths-standard-2/2024-hsc/q41n.pdf: Failed to set modification time: object not found
2026/07/03 11:23:36 ERROR : maths-advanced/2024-abbotsleigh-trial/q13i-2.pdf: Failed to set modification time: object not found
2026/07/03 11:23:36 NOTICE: maths-advanced/2024-abbotsleigh-trial/q14-1.pdf: Failed to read metadata: object not found
2026/07/03 11:23:36 NOTICE: maths-advanced/2020-abbotsleigh-trial/q14c.pdf: Failed to read metadata: object not found
2026/07/03 11:23:36 NOTICE: maths-advanced/2023-ascham-trial/q25-1.pdf: Failed to read metadata: object not found
2026/07/03 11:23:36 ERROR : maths-standard-2/2025-caringbah-trial/q35-1.pdf: Failed to set modification time: object not found
2026/07/03 11:23:36 NOTICE: maths-advanced/2022-ascham-trial/q30.pdf: Failed to read metadata: object not found
2026/07/03 11:23:36 ERROR : maths-advanced/2024-ascham-trial/q26-1.pdf: Failed to set modification time: object not found
2026/07/03 11:23:36 ERROR : maths-advanced/2024-abbotsleigh-trial/q13i.pdf: Failed to set modification time: object not found
2026/07/03 11:23:36 ERROR : maths-advanced/2023-abbotsleigh-trial/q13-3.pdf: Failed to set modification time: object not found
2026/07/03 11:23:36 NOTICE: maths-standard-2/2025-caringbah-trial/q35.pdf: Failed to read metadata: object not found
2026/07/03 11:23:36 ERROR : maths-standard-2/2025-ascham-trial/q40.pdf: Failed to set modification time: object not found
2026/07/03 11:23:36 NOTICE: maths-advanced/2024-hsc/q31b.pdf: Failed to read metadata: object not found
2026/07/03 11:23:36 NOTICE: maths-standard-2/2025-caringbah-trial/q36a-1.pdf: Failed to read metadata: object not found
2026/07/03 11:23:36 NOTICE: maths-advanced/2025-abbotsleigh-trial/q13-5.pdf: Failed to read metadata: object not found
2026/07/03 11:23:36 ERROR : maths-advanced/2020-abbotsleigh-trial/q14c-1.pdf: Failed to set modification time: object not found
2026/07/03 11:23:36 NOTICE: maths-advanced/2023-abbotsleigh-trial/q13-5.pdf: Failed to read metadata: object not found
2026/07/03 11:23:36 NOTICE: maths-advanced/2025-hsc/q27.pdf: Failed to read metadata: object not found
2026/07/03 11:23:36 ERROR : maths-standard-2/2025-ascham-trial/q41-3.pdf: Failed to set modification time: object not found
2026/07/03 11:23:36 ERROR : maths-advanced/2025-abbotsleigh-trial/q13-2.pdf: Failed to set modification time: object not found
2026/07/03 11:23:36 NOTICE: maths-advanced/2024-ascham-trial/q26.pdf: Failed to read metadata: object not found
2026/07/03 11:23:36 ERROR : maths-advanced/2022-ascham-trial/q30-1.pdf: Failed to set modification time: object not found
2026/07/03 11:23:36 ERROR : maths-advanced/2023-ascham-trial/q24d-1.pdf: Failed to set modification time: object not found
2026/07/03 11:23:36 ERROR : maths-advanced/2025-abbotsleigh-trial/q13-3.pdf: Failed to set modification time: object not found
2026/07/03 11:23:36 ERROR : maths-advanced/2023-ascham-trial/q24d.pdf: Failed to set modification time: object not found
2026/07/03 11:23:36 ERROR : maths-advanced/2024-abbotsleigh-trial/q13i-3.pdf: Failed to set modification time: object not found
2026/07/03 11:23:36 ERROR : maths-advanced/2023-abbotsleigh-trial/q13-4.pdf: Failed to set modification time: object not found
2026/07/03 11:23:36 ERROR : maths-advanced/2024-hsc/q31a.pdf: Failed to set modification time: object not found
2026/07/03 11:23:36 ERROR : maths-advanced/2025-abbotsleigh-trial/q13-4.pdf: Failed to set modification time: object not found
2026/07/03 11:23:36 ERROR : maths-standard-2/2025-ascham-trial/q41.pdf: Failed to set modification time: object not found
2026/07/03 11:23:36 NOTICE: maths-standard-2/2025-ascham-trial/q42-1.pdf: Failed to read metadata: object not found
2026/07/03 11:23:36 NOTICE: maths-advanced/2022-ascham-trial/q31-1.pdf: Failed to read metadata: object not found
2026/07/03 11:23:36 NOTICE: maths-advanced/2024-abbotsleigh-trial/q14-2.pdf: Failed to read metadata: object not found
2026/07/03 11:23:36 NOTICE: maths-advanced/2022-ascham-trial/q31.pdf: Failed to read metadata: object not found
2026/07/03 11:23:36 ERROR : maths-advanced/2024-hsc/q31b.pdf: Failed to set modification time: object not found
2026/07/03 11:23:36 NOTICE: maths-advanced/2023-abbotsleigh-trial/q13-6.pdf: Failed to read metadata: object not found
2026/07/03 11:23:36 NOTICE: maths-advanced/2025-hsc/q27a.pdf: Failed to read metadata: object not found
2026/07/03 11:23:36 ERROR : maths-advanced/2020-abbotsleigh-trial/q14c.pdf: Failed to set modification time: object not found
2026/07/03 11:23:36 ERROR : maths-advanced/2025-hsc/q27.pdf: Failed to set modification time: object not found
2026/07/03 11:23:36 NOTICE: maths-advanced/2023-ascham-trial/q25.pdf: Failed to read metadata: object not found
2026/07/03 11:23:36 ERROR : maths-advanced/2023-ascham-trial/q25-1.pdf: Failed to set modification time: object not found
2026/07/03 11:23:36 ERROR : maths-advanced/2024-ascham-trial/q26.pdf: Failed to set modification time: object not found
2026/07/03 11:23:36 ERROR : maths-advanced/2023-abbotsleigh-trial/q13-5.pdf: Failed to set modification time: object not found
2026/07/03 11:23:36 ERROR : maths-standard-2/2025-caringbah-trial/q35.pdf: Failed to set modification time: object not found
2026/07/03 11:23:37 ERROR : maths-advanced/2025-abbotsleigh-trial/q13-5.pdf: Failed to set modification time: object not found
2026/07/03 11:23:37 NOTICE: maths-advanced/2024-ascham-trial/q27.pdf: Failed to read metadata: object not found
2026/07/03 11:23:37 ERROR : maths-advanced/2024-abbotsleigh-trial/q14-1.pdf: Failed to set modification time: object not found
2026/07/03 11:23:37 ERROR : maths-standard-2/2025-caringbah-trial/q36a-1.pdf: Failed to set modification time: object not found
2026/07/03 11:23:37 NOTICE: maths-advanced/2024-ascham-trial/q27-1.pdf: Failed to read metadata: object not found
2026/07/03 11:23:37 NOTICE: maths-standard-2/2025-ascham-trial/q42.pdf: Failed to read metadata: object not found
2026/07/03 11:23:37 NOTICE: maths-advanced/2020-abbotsleigh-trial/q14d.pdf: Failed to read metadata: object not found
2026/07/03 11:23:37 NOTICE: maths-advanced/2025-abbotsleigh-trial/q13-6.pdf: Failed to read metadata: object not found
2026/07/03 11:23:37 ERROR : maths-advanced/2022-ascham-trial/q30.pdf: Failed to set modification time: object not found
2026/07/03 11:23:37 ERROR : maths-advanced/2024-abbotsleigh-trial/q14-2.pdf: Failed to set modification time: object not found
2026/07/03 11:23:37 NOTICE: maths-standard-2/2025-caringbah-trial/q36a.pdf: Failed to read metadata: object not found
2026/07/03 11:23:37 NOTICE: maths-advanced/2020-abbotsleigh-trial/q14i-1.pdf: Failed to read metadata: object not found
2026/07/03 11:23:37 NOTICE: maths-advanced/2025-hsc/q27b.pdf: Failed to read metadata: object not found
2026/07/03 11:23:37 NOTICE: maths-advanced/2023-ascham-trial/q26a-1.pdf: Failed to read metadata: object not found
2026/07/03 11:23:37 ERROR : maths-advanced/2022-ascham-trial/q31.pdf: Failed to set modification time: object not found
2026/07/03 11:23:37 NOTICE: maths-advanced/2023-abbotsleigh-trial/q13-7.pdf: Failed to read metadata: object not found
2026/07/03 11:23:37 NOTICE: maths-standard-2/2025-caringbah-trial/q36b.pdf: Failed to read metadata: object not found
2026/07/03 11:23:37 ERROR : maths-advanced/2022-ascham-trial/q31-1.pdf: Failed to set modification time: object not found
2026/07/03 11:23:37 NOTICE: maths-advanced/2022-ascham-trial/q32-1.pdf: Failed to read metadata: object not found
2026/07/03 11:23:37 NOTICE: maths-advanced/2024-abbotsleigh-trial/q14-3.pdf: Failed to read metadata: object not found
2026/07/03 11:23:37 ERROR : maths-standard-2/2025-ascham-trial/q42-1.pdf: Failed to set modification time: object not found
2026/07/03 11:23:37 ERROR : maths-advanced/2024-ascham-trial/q27.pdf: Failed to set modification time: object not found
2026/07/03 11:23:37 NOTICE: maths-advanced/2024-abbotsleigh-trial/q14-4.pdf: Failed to read metadata: object not found
2026/07/03 11:23:37 NOTICE: maths-advanced/2024-ascham-trial/q28a-1.pdf: Failed to read metadata: object not found
2026/07/03 11:23:37 NOTICE: maths-advanced/2025-abbotsleigh-trial/q13-7.pdf: Failed to read metadata: object not found
2026/07/03 11:23:37 ERROR : maths-advanced/2025-hsc/q27a.pdf: Failed to set modification time: object not found
2026/07/03 11:23:37 ERROR : maths-advanced/2023-ascham-trial/q25.pdf: Failed to set modification time: object not found
2026/07/03 11:23:37 ERROR : maths-advanced/2023-abbotsleigh-trial/q13-6.pdf: Failed to set modification time: object not found
2026/07/03 11:23:37 NOTICE: maths-advanced/2023-ascham-trial/q26a.pdf: Failed to read metadata: object not found
2026/07/03 11:23:37 NOTICE: maths-advanced/2020-abbotsleigh-trial/q14i.pdf: Failed to read metadata: object not found
2026/07/03 11:23:37 NOTICE: maths-advanced/2025-hsc/q28.pdf: Failed to read metadata: object not found
2026/07/03 11:23:37 ERROR : maths-advanced/2024-ascham-trial/q27-1.pdf: Failed to set modification time: object not found
2026/07/03 11:23:37 ERROR : maths-advanced/2020-abbotsleigh-trial/q14d.pdf: Failed to set modification time: object not found
2026/07/03 11:23:37 ERROR : maths-standard-2/2025-caringbah-trial/q36a.pdf: Failed to set modification time: object not found
2026/07/03 11:23:37 NOTICE: maths-standard-2/2025-caringbah-trial/q37a-1.pdf: Failed to read metadata: object not found
2026/07/03 11:23:37 ERROR : maths-standard-2/2025-caringbah-trial/q36b.pdf: Failed to set modification time: object not found
2026/07/03 11:23:37 NOTICE: maths-advanced/2022-ascham-trial/q32.pdf: Failed to read metadata: object not found
2026/07/03 11:23:37 NOTICE: maths-advanced/2025-abbotsleigh-trial/q13.pdf: Failed to read metadata: object not found
2026/07/03 11:23:37 NOTICE: maths-advanced/2023-abbotsleigh-trial/q13-8.pdf: Failed to read metadata: object not found
2026/07/03 11:23:37 ERROR : maths-standard-2/2025-ascham-trial/q42.pdf: Failed to set modification time: object not found
2026/07/03 11:23:37 ERROR : maths-advanced/2025-abbotsleigh-trial/q13-6.pdf: Failed to set modification time: object not found
2026/07/03 11:23:37 ERROR : maths-advanced/2025-hsc/q27b.pdf: Failed to set modification time: object not found
2026/07/03 11:23:37 ERROR : maths-advanced/2023-ascham-trial/q26a-1.pdf: Failed to set modification time: object not found
2026/07/03 11:23:37 NOTICE: maths-advanced/2024-abbotsleigh-trial/q14-5.pdf: Failed to read metadata: object not found
2026/07/03 11:23:37 NOTICE: maths-advanced/2024-ascham-trial/q28a.pdf: Failed to read metadata: object not found
2026/07/03 11:23:37 ERROR : maths-advanced/2020-abbotsleigh-trial/q14i-1.pdf: Failed to set modification time: object not found
2026/07/03 11:23:37 NOTICE: maths-advanced/2023-ascham-trial/q26b-1.pdf: Failed to read metadata: object not found
2026/07/03 11:23:37 ERROR : maths-advanced/2022-ascham-trial/q32-1.pdf: Failed to set modification time: object not found
2026/07/03 11:23:37 ERROR : maths-advanced/2023-abbotsleigh-trial/q13-7.pdf: Failed to set modification time: object not found
2026/07/03 11:23:37 NOTICE: maths-advanced/2025-hsc/q28a.pdf: Failed to read metadata: object not found
2026/07/03 11:23:37 NOTICE: maths-standard-2/2025-caringbah-trial/q37a.pdf: Failed to read metadata: object not found
2026/07/03 11:23:37 ERROR : maths-advanced/2024-abbotsleigh-trial/q14-3.pdf: Failed to set modification time: object not found
2026/07/03 11:23:37 NOTICE: maths-advanced/2025-abbotsleigh-trial/q13b.pdf: Failed to read metadata: object not found
2026/07/03 11:23:37 NOTICE: maths-advanced/2023-abbotsleigh-trial/q13-9.pdf: Failed to read metadata: object not found
2026/07/03 11:23:37 ERROR : maths-advanced/2025-abbotsleigh-trial/q13-7.pdf: Failed to set modification time: object not found
2026/07/03 11:23:37 NOTICE: maths-advanced/2020-abbotsleigh-trial/q15-1.pdf: Failed to read metadata: object not found
2026/07/03 11:23:37 ERROR : maths-advanced/2024-abbotsleigh-trial/q14-4.pdf: Failed to set modification time: object not found
2026/07/03 11:23:37 ERROR : maths-advanced/2025-hsc/q28.pdf: Failed to set modification time: object not found
2026/07/03 11:23:37 ERROR : maths-advanced/2023-ascham-trial/q26a.pdf: Failed to set modification time: object not found
2026/07/03 11:23:37 ERROR : maths-advanced/2020-abbotsleigh-trial/q14i.pdf: Failed to set modification time: object not found
2026/07/03 11:23:37 ERROR : maths-advanced/2024-ascham-trial/q28a-1.pdf: Failed to set modification time: object not found
2026/07/03 11:23:37 NOTICE: maths-advanced/2024-ascham-trial/q28b-1.pdf: Failed to read metadata: object not found
2026/07/03 11:23:37 ERROR : maths-advanced/2025-abbotsleigh-trial/q13.pdf: Failed to set modification time: object not found
2026/07/03 11:23:37 NOTICE: maths-advanced/2025-hsc/q28b.pdf: Failed to read metadata: object not found
2026/07/03 11:23:37 NOTICE: maths-advanced/2022-ascham-trial/q33-1.pdf: Failed to read metadata: object not found
2026/07/03 11:23:37 NOTICE: maths-advanced/2023-ascham-trial/q26b.pdf: Failed to read metadata: object not found
2026/07/03 11:23:37 ERROR : maths-advanced/2024-ascham-trial/q28a.pdf: Failed to set modification time: object not found
2026/07/03 11:23:37 ERROR : maths-standard-2/2025-caringbah-trial/q37a-1.pdf: Failed to set modification time: object not found
2026/07/03 11:23:37 ERROR : maths-advanced/2022-ascham-trial/q32.pdf: Failed to set modification time: object not found
2026/07/03 11:23:37 ERROR : maths-advanced/2023-abbotsleigh-trial/q13-8.pdf: Failed to set modification time: object not found
2026/07/03 11:23:37 ERROR : maths-advanced/2024-abbotsleigh-trial/q14-5.pdf: Failed to set modification time: object not found
2026/07/03 11:23:37 NOTICE: maths-advanced/2024-abbotsleigh-trial/q14-6.pdf: Failed to read metadata: object not found
2026/07/03 11:23:37 ERROR : maths-advanced/2023-ascham-trial/q26b-1.pdf: Failed to set modification time: object not found
2026/07/03 11:23:37 NOTICE: maths-advanced/2022-ascham-trial/q33.pdf: Failed to read metadata: object not found
2026/07/03 11:23:37 ERROR : maths-advanced/2025-hsc/q28a.pdf: Failed to set modification time: object not found
2026/07/03 11:23:37 NOTICE: maths-standard-2/2025-caringbah-trial/q37b-1.pdf: Failed to read metadata: object not found
2026/07/03 11:23:37 NOTICE: maths-advanced/2020-abbotsleigh-trial/q15-10.pdf: Failed to read metadata: object not found
2026/07/03 11:23:37 NOTICE: maths-advanced/2024-ascham-trial/q28b.pdf: Failed to read metadata: object not found
2026/07/03 11:23:37 ERROR : maths-advanced/2025-abbotsleigh-trial/q13b.pdf: Failed to set modification time: object not found
2026/07/03 11:23:37 ERROR : maths-advanced/2020-abbotsleigh-trial/q15-1.pdf: Failed to set modification time: object not found
2026/07/03 11:23:37 NOTICE: maths-advanced/2025-abbotsleigh-trial/q13c.pdf: Failed to read metadata: object not found
2026/07/03 11:23:37 NOTICE: maths-advanced/2023-abbotsleigh-trial/q13.pdf: Failed to read metadata: object not found
2026/07/03 11:23:37 ERROR : maths-advanced/2023-abbotsleigh-trial/q13-9.pdf: Failed to set modification time: object not found
2026/07/03 11:23:37 ERROR : maths-standard-2/2025-caringbah-trial/q37a.pdf: Failed to set modification time: object not found
2026/07/03 11:23:37 ERROR : maths-advanced/2024-ascham-trial/q28b-1.pdf: Failed to set modification time: object not found
2026/07/03 11:23:37 NOTICE: maths-advanced/2023-abbotsleigh-trial/q13a-1.pdf: Failed to read metadata: object not found
2026/07/03 11:23:37 NOTICE: maths-advanced/2020-abbotsleigh-trial/q15-2.pdf: Failed to read metadata: object not found
2026/07/03 11:23:37 NOTICE: maths-advanced/2024-abbotsleigh-trial/q14-7.pdf: Failed to read metadata: object not found
2026/07/03 11:23:37 NOTICE: maths-advanced/2025-hsc/q29.pdf: Failed to read metadata: object not found
2026/07/03 11:23:37 NOTICE: maths-advanced/2023-ascham-trial/q27-1.pdf: Failed to read metadata: object not found
2026/07/03 11:23:37 NOTICE: maths-standard-2/2025-caringbah-trial/q37b.pdf: Failed to read metadata: object not found
2026/07/03 11:23:37 ERROR : maths-advanced/2025-hsc/q28b.pdf: Failed to set modification time: object not found
2026/07/03 11:23:37 NOTICE: maths-advanced/2025-abbotsleigh-trial/q13d.pdf: Failed to read metadata: object not found
2026/07/03 11:23:37 ERROR : maths-advanced/2023-ascham-trial/q26b.pdf: Failed to set modification time: object not found
2026/07/03 11:23:37 ERROR : maths-advanced/2022-ascham-trial/q33-1.pdf: Failed to set modification time: object not found
2026/07/03 11:23:37 NOTICE: maths-advanced/2022-ascham-trial/q34-1.pdf: Failed to read metadata: object not found
2026/07/03 11:23:37 ERROR : maths-advanced/2020-abbotsleigh-trial/q15-10.pdf: Failed to set modification time: object not found
2026/07/03 11:23:37 ERROR : maths-advanced/2024-ascham-trial/q28b.pdf: Failed to set modification time: object not found
2026/07/03 11:23:37 NOTICE: maths-advanced/2025-hsc/q29a.pdf: Failed to read metadata: object not found
2026/07/03 11:23:37 NOTICE: maths-advanced/2023-abbotsleigh-trial/q13a.pdf: Failed to read metadata: object not found
2026/07/03 11:23:37 NOTICE: maths-advanced/2024-ascham-trial/q29a-1.pdf: Failed to read metadata: object not found
2026/07/03 11:23:37 ERROR : maths-advanced/2024-abbotsleigh-trial/q14-6.pdf: Failed to set modification time: object not found
2026/07/03 11:23:37 NOTICE: maths-advanced/2024-abbotsleigh-trial/q14-8.pdf: Failed to read metadata: object not found
2026/07/03 11:23:37 ERROR : maths-advanced/2022-ascham-trial/q33.pdf: Failed to set modification time: object not found
2026/07/03 11:23:37 NOTICE: maths-advanced/2023-ascham-trial/q27.pdf: Failed to read metadata: object not found
2026/07/03 11:23:37 NOTICE: maths-advanced/2022-ascham-trial/q34-2.pdf: Failed to read metadata: object not found
2026/07/03 11:23:37 NOTICE: maths-advanced/2025-abbotsleigh-trial/q13i-1.pdf: Failed to read metadata: object not found
2026/07/03 11:23:37 ERROR : maths-advanced/2023-abbotsleigh-trial/q13a-1.pdf: Failed to set modification time: object not found
2026/07/03 11:23:37 NOTICE: maths-advanced/2020-abbotsleigh-trial/q15-3.pdf: Failed to read metadata: object not found
2026/07/03 11:23:37 ERROR : maths-advanced/2020-abbotsleigh-trial/q15-2.pdf: Failed to set modification time: object not found
2026/07/03 11:23:37 ERROR : maths-advanced/2025-abbotsleigh-trial/q13c.pdf: Failed to set modification time: object not found
2026/07/03 11:23:37 NOTICE: maths-standard-2/2025-caringbah-trial/q38a-1.pdf: Failed to read metadata: object not found
2026/07/03 11:23:37 ERROR : maths-advanced/2023-abbotsleigh-trial/q13.pdf: Failed to set modification time: object not found
2026/07/03 11:23:37 NOTICE: maths-advanced/2024-ascham-trial/q29a.pdf: Failed to read metadata: object not found
2026/07/03 11:23:37 ERROR : maths-standard-2/2025-caringbah-trial/q37b-1.pdf: Failed to set modification time: object not found
2026/07/03 11:23:37 NOTICE: maths-advanced/2023-ascham-trial/q28a-1.pdf: Failed to read metadata: object not found
2026/07/03 11:23:37 ERROR : maths-advanced/2023-ascham-trial/q27-1.pdf: Failed to set modification time: object not found
2026/07/03 11:23:37 ERROR : maths-advanced/2025-hsc/q29.pdf: Failed to set modification time: object not found
2026/07/03 11:23:37 NOTICE: maths-standard-2/2025-caringbah-trial/q38a.pdf: Failed to read metadata: object not found
2026/07/03 11:23:37 ERROR : maths-advanced/2022-ascham-trial/q34-1.pdf: Failed to set modification time: object not found
2026/07/03 11:23:37 ERROR : maths-advanced/2024-abbotsleigh-trial/q14-7.pdf: Failed to set modification time: object not found
2026/07/03 11:23:37 NOTICE: maths-advanced/2023-abbotsleigh-trial/q13b-1.pdf: Failed to read metadata: object not found
2026/07/03 11:23:37 NOTICE: maths-advanced/2025-hsc/q29b.pdf: Failed to read metadata: object not found
2026/07/03 11:23:37 NOTICE: maths-advanced/2024-abbotsleigh-trial/q14-9.pdf: Failed to read metadata: object not found
2026/07/03 11:23:37 NOTICE: maths-advanced/2025-abbotsleigh-trial/q13i.pdf: Failed to read metadata: object not found
2026/07/03 11:23:37 ERROR : maths-advanced/2025-abbotsleigh-trial/q13d.pdf: Failed to set modification time: object not found
2026/07/03 11:23:37 ERROR : maths-standard-2/2025-caringbah-trial/q37b.pdf: Failed to set modification time: object not found
2026/07/03 11:23:37 NOTICE: maths-advanced/2024-abbotsleigh-trial/q14.pdf: Failed to read metadata: object not found
2026/07/03 11:23:37 NOTICE: maths-advanced/2020-abbotsleigh-trial/q15-4.pdf: Failed to read metadata: object not found
2026/07/03 11:23:37 NOTICE: maths-advanced/2022-ascham-trial/q34-3.pdf: Failed to read metadata: object not found
2026/07/03 11:23:37 NOTICE: maths-advanced/2024-ascham-trial/q29b-1.pdf: Failed to read metadata: object not found
2026/07/03 11:23:37 ERROR : maths-advanced/2024-abbotsleigh-trial/q14-8.pdf: Failed to set modification time: object not found
2026/07/03 11:23:37 ERROR : maths-standard-2/2025-caringbah-trial/q38a-1.pdf: Failed to set modification time: object not found
2026/07/03 11:23:37 NOTICE: maths-advanced/2025-abbotsleigh-trial/q14-1.pdf: Failed to read metadata: object not found
2026/07/03 11:23:37 ERROR : maths-advanced/2024-ascham-trial/q29a-1.pdf: Failed to set modification time: object not found
2026/07/03 11:23:37 ERROR : maths-advanced/2023-abbotsleigh-trial/q13a.pdf: Failed to set modification time: object not found
2026/07/03 11:23:37 ERROR : maths-advanced/2024-abbotsleigh-trial/q14-9.pdf: Failed to set modification time: object not found
2026/07/03 11:23:37 NOTICE: maths-advanced/2024-ascham-trial/q29b.pdf: Failed to read metadata: object not found
2026/07/03 11:23:37 NOTICE: maths-advanced/2025-hsc/q29c.pdf: Failed to read metadata: object not found
2026/07/03 11:23:37 ERROR : maths-advanced/2020-abbotsleigh-trial/q15-3.pdf: Failed to set modification time: object not found
2026/07/03 11:23:37 ERROR : maths-advanced/2023-ascham-trial/q27.pdf: Failed to set modification time: object not found
2026/07/03 11:23:37 NOTICE: maths-advanced/2022-ascham-trial/q34-4.pdf: Failed to read metadata: object not found
2026/07/03 11:23:37 ERROR : maths-advanced/2025-abbotsleigh-trial/q13i-1.pdf: Failed to set modification time: object not found
2026/07/03 11:23:37 NOTICE: maths-advanced/2023-abbotsleigh-trial/q13b.pdf: Failed to read metadata: object not found
2026/07/03 11:23:37 NOTICE: maths-advanced/2023-ascham-trial/q28a.pdf: Failed to read metadata: object not found
2026/07/03 11:23:37 ERROR : maths-advanced/2023-ascham-trial/q28a-1.pdf: Failed to set modification time: object not found
2026/07/03 11:23:37 ERROR : maths-advanced/2025-abbotsleigh-trial/q13i.pdf: Failed to set modification time: object not found
2026/07/03 11:23:37 ERROR : maths-advanced/2025-hsc/q29b.pdf: Failed to set modification time: object not found
2026/07/03 11:23:37 ERROR : maths-advanced/2025-hsc/q29a.pdf: Failed to set modification time: object not found
2026/07/03 11:23:37 ERROR : maths-advanced/2023-abbotsleigh-trial/q13b-1.pdf: Failed to set modification time: object not found
2026/07/03 11:23:37 NOTICE: maths-standard-2/2025-caringbah-trial/q38b-1.pdf: Failed to read metadata: object not found
2026/07/03 11:23:37 ERROR : maths-standard-2/2025-caringbah-trial/q38a.pdf: Failed to set modification time: object not found
2026/07/03 11:23:37 NOTICE: maths-advanced/2020-abbotsleigh-trial/q15-5.pdf: Failed to read metadata: object not found
2026/07/03 11:23:37 ERROR : maths-advanced/2022-ascham-trial/q34-2.pdf: Failed to set modification time: object not found
2026/07/03 11:23:37 ERROR : maths-advanced/2024-ascham-trial/q29a.pdf: Failed to set modification time: object not found
2026/07/03 11:23:37 NOTICE: maths-advanced/2023-abbotsleigh-trial/q13c.pdf: Failed to read metadata: object not found
2026/07/03 11:23:37 ERROR : maths-advanced/2022-ascham-trial/q34-3.pdf: Failed to set modification time: object not found
2026/07/03 11:23:37 NOTICE: maths-advanced/2024-abbotsleigh-trial/q14a-1.pdf: Failed to read metadata: object not found
2026/07/03 11:23:37 ERROR : maths-advanced/2024-abbotsleigh-trial/q14.pdf: Failed to set modification time: object not found
2026/07/03 11:23:37 NOTICE: maths-advanced/2025-hsc/q30.pdf: Failed to read metadata: object not found
2026/07/03 11:23:37 NOTICE: maths-advanced/2023-ascham-trial/q28b-1.pdf: Failed to read metadata: object not found
2026/07/03 11:23:37 ERROR : maths-advanced/2025-abbotsleigh-trial/q14-1.pdf: Failed to set modification time: object not found
2026/07/03 11:23:37 ERROR : maths-advanced/2020-abbotsleigh-trial/q15-4.pdf: Failed to set modification time: object not found
2026/07/03 11:23:37 NOTICE: maths-advanced/2024-ascham-trial/q30a-1.pdf: Failed to read metadata: object not found
2026/07/03 11:23:37 NOTICE: maths-advanced/2022-ascham-trial/q34.pdf: Failed to read metadata: object not found
2026/07/03 11:23:37 ERROR : maths-advanced/2024-ascham-trial/q29b-1.pdf: Failed to set modification time: object not found
2026/07/03 11:23:37 NOTICE: maths-advanced/2025-abbotsleigh-trial/q14-3.pdf: Failed to read metadata: object not found
2026/07/03 11:23:37 NOTICE: maths-advanced/2025-abbotsleigh-trial/q14-2.pdf: Failed to read metadata: object not found
2026/07/03 11:23:37 NOTICE: maths-standard-2/2025-caringbah-trial/q38b.pdf: Failed to read metadata: object not found
2026/07/03 11:23:37 ERROR : maths-advanced/2022-ascham-trial/q34-4.pdf: Failed to set modification time: object not found
2026/07/03 11:23:37 ERROR : maths-advanced/2025-hsc/q29c.pdf: Failed to set modification time: object not found
2026/07/03 11:23:37 NOTICE: maths-advanced/2023-ascham-trial/q28b.pdf: Failed to read metadata: object not found
2026/07/03 11:23:37 NOTICE: maths-advanced/2020-abbotsleigh-trial/q15-7.pdf: Failed to read metadata: object not found
2026/07/03 11:23:37 NOTICE: maths-advanced/2020-abbotsleigh-trial/q15-6.pdf: Failed to read metadata: object not found
2026/07/03 11:23:37 NOTICE: maths-advanced/2025-hsc/q31.pdf: Failed to read metadata: object not found
2026/07/03 11:23:37 ERROR : maths-advanced/2023-ascham-trial/q28a.pdf: Failed to set modification time: object not found
2026/07/03 11:23:37 ERROR : maths-advanced/2020-abbotsleigh-trial/q15-5.pdf: Failed to set modification time: object not found
2026/07/03 11:23:37 ERROR : maths-advanced/2024-ascham-trial/q29b.pdf: Failed to set modification time: object not found
2026/07/03 11:23:37 NOTICE: maths-advanced/2023-abbotsleigh-trial/q13d.pdf: Failed to read metadata: object not found
2026/07/03 11:23:37 ERROR : maths-advanced/2023-abbotsleigh-trial/q13b.pdf: Failed to set modification time: object not found
2026/07/03 11:23:37 NOTICE: maths-advanced/2024-ascham-trial/q30a.pdf: Failed to read metadata: object not found
2026/07/03 11:23:37 ERROR : maths-standard-2/2025-caringbah-trial/q38b-1.pdf: Failed to set modification time: object not found
2026/07/03 11:23:37 NOTICE: maths-advanced/2024-abbotsleigh-trial/q14a.pdf: Failed to read metadata: object not found
2026/07/03 11:23:37 NOTICE: maths-standard-2/2025-caringbah-trial/q38c-1.pdf: Failed to read metadata: object not found
2026/07/03 11:23:37 NOTICE: maths-advanced/2022-ascham-trial/q35-1.pdf: Failed to read metadata: object not found
2026/07/03 11:23:37 NOTICE: maths-advanced/2024-abbotsleigh-trial/q14b-1.pdf: Failed to read metadata: object not found
2026/07/03 11:23:37 ERROR : maths-advanced/2023-abbotsleigh-trial/q13c.pdf: Failed to set modification time: object not found
2026/07/03 11:23:37 ERROR : maths-advanced/2025-hsc/q30.pdf: Failed to set modification time: object not found
2026/07/03 11:23:37 ERROR : maths-advanced/2024-ascham-trial/q30a-1.pdf: Failed to set modification time: object not found
2026/07/03 11:23:37 ERROR : maths-advanced/2023-ascham-trial/q28b-1.pdf: Failed to set modification time: object not found
2026/07/03 11:23:37 NOTICE: maths-advanced/2023-abbotsleigh-trial/q13i-1.pdf: Failed to read metadata: object not found
2026/07/03 11:23:37 ERROR : maths-advanced/2024-abbotsleigh-trial/q14a-1.pdf: Failed to set modification time: object not found
2026/07/03 11:23:37 NOTICE: maths-advanced/2023-ascham-trial/q28c-1.pdf: Failed to read metadata: object not found
2026/07/03 11:23:37 ERROR : maths-standard-2/2025-caringbah-trial/q38b.pdf: Failed to set modification time: object not found
2026/07/03 11:23:37 ERROR : maths-advanced/2022-ascham-trial/q34.pdf: Failed to set modification time: object not found
2026/07/03 11:23:37 ERROR : maths-advanced/2025-hsc/q31.pdf: Failed to set modification time: object not found
2026/07/03 11:23:37 NOTICE: maths-advanced/2024-abbotsleigh-trial/q14b.pdf: Failed to read metadata: object not found
2026/07/03 11:23:37 NOTICE: maths-standard-2/2025-caringbah-trial/q38c.pdf: Failed to read metadata: object not found
2026/07/03 11:23:37 NOTICE: maths-advanced/2025-abbotsleigh-trial/q14.pdf: Failed to read metadata: object not found
2026/07/03 11:23:37 NOTICE: maths-advanced/2020-abbotsleigh-trial/q15-8.pdf: Failed to read metadata: object not found
2026/07/03 11:23:37 ERROR : maths-advanced/2025-abbotsleigh-trial/q14-3.pdf: Failed to set modification time: object not found
2026/07/03 11:23:37 ERROR : maths-standard-2/2025-caringbah-trial/q38c-1.pdf: Failed to set modification time: object not found
2026/07/03 11:23:37 NOTICE: maths-advanced/2024-ascham-trial/q30b-1.pdf: Failed to read metadata: object not found
2026/07/03 11:23:37 ERROR : maths-advanced/2025-abbotsleigh-trial/q14-2.pdf: Failed to set modification time: object not found
2026/07/03 11:23:37 NOTICE: maths-advanced/2025-abbotsleigh-trial/q14a.pdf: Failed to read metadata: object not found
2026/07/03 11:23:37 NOTICE: maths-advanced/2022-ascham-trial/q35-2.pdf: Failed to read metadata: object not found
2026/07/03 11:23:37 ERROR : maths-advanced/2023-abbotsleigh-trial/q13d.pdf: Failed to set modification time: object not found
2026/07/03 11:23:37 ERROR : maths-advanced/2020-abbotsleigh-trial/q15-6.pdf: Failed to set modification time: object not found
2026/07/03 11:23:37 ERROR : maths-advanced/2024-ascham-trial/q30a.pdf: Failed to set modification time: object not found
2026/07/03 11:23:37 NOTICE: maths-standard-2/2025-caringbah-trial/q38d.pdf: Failed to read metadata: object not found
2026/07/03 11:23:37 ERROR : maths-advanced/2023-ascham-trial/q28b.pdf: Failed to set modification time: object not found
2026/07/03 11:23:37 NOTICE: maths-advanced/2023-abbotsleigh-trial/q13i-2.pdf: Failed to read metadata: object not found
2026/07/03 11:23:37 NOTICE: maths-advanced/2023-ascham-trial/q28c.pdf: Failed to read metadata: object not found
2026/07/03 11:23:37 NOTICE: maths-advanced/2022-ascham-trial/q35-3.pdf: Failed to read metadata: object not found
2026/07/03 11:23:37 ERROR : maths-advanced/2020-abbotsleigh-trial/q15-7.pdf: Failed to set modification time: object not found
2026/07/03 11:23:37 ERROR : maths-advanced/2024-abbotsleigh-trial/q14a.pdf: Failed to set modification time: object not found
2026/07/03 11:23:37 NOTICE: maths-advanced/2024-ascham-trial/q30b.pdf: Failed to read metadata: object not found
2026/07/03 11:23:37 NOTICE: maths-advanced/2020-abbotsleigh-trial/q15-9.pdf: Failed to read metadata: object not found
2026/07/03 11:23:37 ERROR : maths-advanced/2022-ascham-trial/q35-1.pdf: Failed to set modification time: object not found
2026/07/03 11:23:37 ERROR : maths-advanced/2023-abbotsleigh-trial/q13i-1.pdf: Failed to set modification time: object not found
2026/07/03 11:23:37 NOTICE: maths-advanced/2023-abbotsleigh-trial/q13i-3.pdf: Failed to read metadata: object not found
2026/07/03 11:23:37 NOTICE: maths-advanced/2024-abbotsleigh-trial/q14i-1.pdf: Failed to read metadata: object not found
2026/07/03 11:23:37 ERROR : maths-advanced/2024-abbotsleigh-trial/q14b-1.pdf: Failed to set modification time: object not found
2026/07/03 11:23:37 NOTICE: maths-advanced/2025-abbotsleigh-trial/q14b.pdf: Failed to read metadata: object not found
2026/07/03 11:23:37 NOTICE: maths-standard-2/2025-caringbah-trial/q38f-1.pdf: Failed to read metadata: object not found
2026/07/03 11:23:37 ERROR : maths-advanced/2024-abbotsleigh-trial/q14b.pdf: Failed to set modification time: object not found
2026/07/03 11:23:37 ERROR : maths-advanced/2025-abbotsleigh-trial/q14a.pdf: Failed to set modification time: object not found
2026/07/03 11:23:37 NOTICE: maths-advanced/2023-ascham-trial/q29a-1.pdf: Failed to read metadata: object not found
2026/07/03 11:23:37 NOTICE: maths-advanced/2024-ascham-trial/q31-1.pdf: Failed to read metadata: object not found
2026/07/03 11:23:37 NOTICE: maths-advanced/2024-abbotsleigh-trial/q14i-2.pdf: Failed to read metadata: object not found
2026/07/03 11:23:37 ERROR : maths-advanced/2025-abbotsleigh-trial/q14.pdf: Failed to set modification time: object not found
2026/07/03 11:23:37 ERROR : maths-advanced/2024-ascham-trial/q30b-1.pdf: Failed to set modification time: object not found
2026/07/03 11:23:37 ERROR : maths-advanced/2020-abbotsleigh-trial/q15-8.pdf: Failed to set modification time: object not found
2026/07/03 11:23:37 NOTICE: maths-advanced/2020-abbotsleigh-trial/q15.pdf: Failed to read metadata: object not found
2026/07/03 11:23:37 ERROR : maths-standard-2/2025-caringbah-trial/q38c.pdf: Failed to set modification time: object not found
2026/07/03 11:23:37 NOTICE: maths-advanced/2022-ascham-trial/q35-4.pdf: Failed to read metadata: object not found
2026/07/03 11:23:37 NOTICE: maths-advanced/2023-ascham-trial/q29a.pdf: Failed to read metadata: object not found
2026/07/03 11:23:37 ERROR : maths-advanced/2023-ascham-trial/q28c.pdf: Failed to set modification time: object not found
2026/07/03 11:23:37 NOTICE: maths-advanced/2023-abbotsleigh-trial/q13i-4.pdf: Failed to read metadata: object not found
2026/07/03 11:23:37 NOTICE: maths-advanced/2025-abbotsleigh-trial/q14c.pdf: Failed to read metadata: object not found
2026/07/03 11:23:37 ERROR : maths-advanced/2024-ascham-trial/q30b.pdf: Failed to set modification time: object not found
2026/07/03 11:23:37 ERROR : maths-advanced/2020-abbotsleigh-trial/q15-9.pdf: Failed to set modification time: object not found
2026/07/03 11:23:37 ERROR : maths-standard-2/2025-caringbah-trial/q38d.pdf: Failed to set modification time: object not found
2026/07/03 11:23:37 ERROR : maths-advanced/2022-ascham-trial/q35-2.pdf: Failed to set modification time: object not found
2026/07/03 11:23:37 ERROR : maths-advanced/2022-ascham-trial/q35-3.pdf: Failed to set modification time: object not found
2026/07/03 11:23:37 NOTICE: maths-standard-2/2025-caringbah-trial/q38f.pdf: Failed to read metadata: object not found
2026/07/03 11:23:37 NOTICE: maths-advanced/2024-abbotsleigh-trial/q14i-3.pdf: Failed to read metadata: object not found
2026/07/03 11:23:37 NOTICE: maths-advanced/2024-ascham-trial/q31-2.pdf: Failed to read metadata: object not found
2026/07/03 11:23:37 ERROR : maths-advanced/2023-abbotsleigh-trial/q13i-2.pdf: Failed to set modification time: object not found
2026/07/03 11:23:37 NOTICE: maths-advanced/2020-abbotsleigh-trial/q15a-1.pdf: Failed to read metadata: object not found
2026/07/03 11:23:37 ERROR : maths-advanced/2023-ascham-trial/q28c-1.pdf: Failed to set modification time: object not found
2026/07/03 11:23:37 NOTICE: maths-advanced/2022-ascham-trial/q35-5.pdf: Failed to read metadata: object not found
2026/07/03 11:23:37 ERROR : maths-advanced/2023-abbotsleigh-trial/q13i-3.pdf: Failed to set modification time: object not found
2026/07/03 11:23:37 ERROR : maths-advanced/2024-abbotsleigh-trial/q14i-1.pdf: Failed to set modification time: object not found
2026/07/03 11:23:37 NOTICE: maths-advanced/2023-abbotsleigh-trial/q13i-5.pdf: Failed to read metadata: object not found
2026/07/03 11:23:37 ERROR : maths-advanced/2024-abbotsleigh-trial/q14i-2.pdf: Failed to set modification time: object not found
2026/07/03 11:23:37 ERROR : maths-advanced/2024-ascham-trial/q31-1.pdf: Failed to set modification time: object not found
2026/07/03 11:23:37 ERROR : maths-advanced/2023-ascham-trial/q29a-1.pdf: Failed to set modification time: object not found
2026/07/03 11:23:37 NOTICE: maths-advanced/2025-abbotsleigh-trial/q14i.pdf: Failed to read metadata: object not found
2026/07/03 11:23:37 NOTICE: maths-standard-2/2025-caringbah-trial/q39a-1.pdf: Failed to read metadata: object not found
2026/07/03 11:23:37 NOTICE: maths-advanced/2020-abbotsleigh-trial/q15a.pdf: Failed to read metadata: object not found
2026/07/03 11:23:37 NOTICE: maths-advanced/2025-abbotsleigh-trial/q15-2.pdf: Failed to read metadata: object not found
2026/07/03 11:23:37 NOTICE: maths-advanced/2023-abbotsleigh-trial/q14-1.pdf: Failed to read metadata: object not found
2026/07/03 11:23:37 NOTICE: maths-advanced/2023-ascham-trial/q30a.pdf: Failed to read metadata: object not found
2026/07/03 11:23:37 NOTICE: maths-standard-2/2025-caringbah-trial/q39a.pdf: Failed to read metadata: object not found
2026/07/03 11:23:37 NOTICE: maths-advanced/2024-abbotsleigh-trial/q14i-5.pdf: Failed to read metadata: object not found
2026/07/03 11:23:37 NOTICE: maths-advanced/2024-ascham-trial/q31.pdf: Failed to read metadata: object not found
2026/07/03 11:23:37 NOTICE: maths-advanced/2020-abbotsleigh-trial/q15b-1.pdf: Failed to read metadata: object not found
2026/07/03 11:23:37 NOTICE: maths-advanced/2025-abbotsleigh-trial/q15-1.pdf: Failed to read metadata: object not found
2026/07/03 11:23:37 ERROR : maths-advanced/2025-abbotsleigh-trial/q14b.pdf: Failed to set modification time: object not found
2026/07/03 11:23:37 ERROR : maths-advanced/2024-ascham-trial/q31-2.pdf: Failed to set modification time: object not found
2026/07/03 11:23:37 NOTICE: maths-advanced/2023-ascham-trial/q29b.pdf: Failed to read metadata: object not found
2026/07/03 11:23:37 ERROR : maths-standard-2/2025-caringbah-trial/q38f-1.pdf: Failed to set modification time: object not found
2026/07/03 11:23:37 NOTICE: maths-advanced/2023-abbotsleigh-trial/q13i.pdf: Failed to read metadata: object not found
2026/07/03 11:23:37 ERROR : maths-advanced/2023-abbotsleigh-trial/q13i-4.pdf: Failed to set modification time: object not found
2026/07/03 11:23:37 NOTICE: maths-advanced/2022-ascham-trial/q35.pdf: Failed to read metadata: object not found
2026/07/03 11:23:37 ERROR : maths-advanced/2022-ascham-trial/q35-4.pdf: Failed to set modification time: object not found
2026/07/03 11:23:37 NOTICE: maths-advanced/2024-ascham-trial/q31-3.pdf: Failed to read metadata: object not found
2026/07/03 11:23:37 ERROR : maths-advanced/2020-abbotsleigh-trial/q15.pdf: Failed to set modification time: object not found
2026/07/03 11:23:37 NOTICE: maths-advanced/2023-ascham-trial/q30a-1.pdf: Failed to read metadata: object not found
2026/07/03 11:23:37 ERROR : maths-standard-2/2025-caringbah-trial/q38f.pdf: Failed to set modification time: object not found
2026/07/03 11:23:37 NOTICE: maths-standard-2/2025-caringbah-trial/q39b-1.pdf: Failed to read metadata: object not found
2026/07/03 11:23:37 NOTICE: maths-advanced/2020-abbotsleigh-trial/q15b.pdf: Failed to read metadata: object not found
2026/07/03 11:23:37 ERROR : maths-advanced/2020-abbotsleigh-trial/q15a-1.pdf: Failed to set modification time: object not found
2026/07/03 11:23:37 NOTICE: maths-advanced/2024-abbotsleigh-trial/q14i-4.pdf: Failed to read metadata: object not found
2026/07/03 11:23:37 ERROR : maths-advanced/2022-ascham-trial/q35-5.pdf: Failed to set modification time: object not found
2026/07/03 11:23:37 ERROR : maths-advanced/2023-ascham-trial/q29a.pdf: Failed to set modification time: object not found
2026/07/03 11:23:37 ERROR : maths-advanced/2024-abbotsleigh-trial/q14i-3.pdf: Failed to set modification time: object not found
2026/07/03 11:23:37 ERROR : maths-advanced/2023-abbotsleigh-trial/q13i-5.pdf: Failed to set modification time: object not found
2026/07/03 11:23:37 ERROR : maths-advanced/2025-abbotsleigh-trial/q14c.pdf: Failed to set modification time: object not found
2026/07/03 11:23:37 NOTICE: maths-advanced/2024-ascham-trial/q31a-1.pdf: Failed to read metadata: object not found
2026/07/03 11:23:38 NOTICE: maths-advanced/2023-ascham-trial/q30b.pdf: Failed to read metadata: object not found
2026/07/03 11:23:38 ERROR : maths-advanced/2025-abbotsleigh-trial/q14i.pdf: Failed to set modification time: object not found
2026/07/03 11:23:38 NOTICE: maths-advanced/2024-ascham-trial/q31a.pdf: Failed to read metadata: object not found
2026/07/03 11:23:38 NOTICE: maths-standard-2/2025-caringbah-trial/q39b.pdf: Failed to read metadata: object not found
2026/07/03 11:23:38 NOTICE: maths-advanced/2020-abbotsleigh-trial/q15c.pdf: Failed to read metadata: object not found
2026/07/03 11:23:38 NOTICE: maths-advanced/2024-abbotsleigh-trial/q14i.pdf: Failed to read metadata: object not found
2026/07/03 11:23:38 ERROR : maths-advanced/2020-abbotsleigh-trial/q15b-1.pdf: Failed to set modification time: object not found
2026/07/03 11:23:38 NOTICE: maths-advanced/2025-abbotsleigh-trial/q15-3.pdf: Failed to read metadata: object not found
2026/07/03 11:23:38 ERROR : maths-advanced/2022-ascham-trial/q35.pdf: Failed to set modification time: object not found
2026/07/03 11:23:38 NOTICE: maths-standard-2/2025-caringbah-trial/q39c-1.pdf: Failed to read metadata: object not found
2026/07/03 11:23:38 ERROR : maths-advanced/2023-abbotsleigh-trial/q13i.pdf: Failed to set modification time: object not found
2026/07/03 11:23:38 ERROR : maths-standard-2/2025-caringbah-trial/q39a-1.pdf: Failed to set modification time: object not found
2026/07/03 11:23:38 NOTICE: maths-advanced/2023-abbotsleigh-trial/q14-3.pdf: Failed to read metadata: object not found
2026/07/03 11:23:38 NOTICE: maths-advanced/2024-ascham-trial/q31b-1.pdf: Failed to read metadata: object not found
2026/07/03 11:23:38 ERROR : maths-advanced/2023-abbotsleigh-trial/q14-1.pdf: Failed to set modification time: object not found
2026/07/03 11:23:38 ERROR : maths-standard-2/2025-caringbah-trial/q39b-1.pdf: Failed to set modification time: object not found
2026/07/03 11:23:38 NOTICE: maths-advanced/2023-abbotsleigh-trial/q14-2.pdf: Failed to read metadata: object not found
2026/07/03 11:23:38 ERROR : maths-advanced/2024-ascham-trial/q31.pdf: Failed to set modification time: object not found
2026/07/03 11:23:38 NOTICE: maths-advanced/2023-ascham-trial/q30c-1.pdf: Failed to read metadata: object not found
2026/07/03 11:23:38 ERROR : maths-advanced/2025-abbotsleigh-trial/q15-2.pdf: Failed to set modification time: object not found
2026/07/03 11:23:38 ERROR : maths-advanced/2023-ascham-trial/q30a.pdf: Failed to set modification time: object not found
2026/07/03 11:23:38 ERROR : maths-standard-2/2025-caringbah-trial/q39a.pdf: Failed to set modification time: object not found
2026/07/03 11:23:38 ERROR : maths-advanced/2025-abbotsleigh-trial/q15-1.pdf: Failed to set modification time: object not found
2026/07/03 11:23:38 ERROR : maths-advanced/2023-ascham-trial/q29b.pdf: Failed to set modification time: object not found
2026/07/03 11:23:38 ERROR : maths-advanced/2024-abbotsleigh-trial/q14i-5.pdf: Failed to set modification time: object not found
2026/07/03 11:23:38 NOTICE: maths-advanced/2020-abbotsleigh-trial/q15i.pdf: Failed to read metadata: object not found
2026/07/03 11:23:38 NOTICE: maths-advanced/2024-abbotsleigh-trial/q15-2.pdf: Failed to read metadata: object not found
2026/07/03 11:23:38 ERROR : maths-advanced/2020-abbotsleigh-trial/q15b.pdf: Failed to set modification time: object not found
2026/07/03 11:23:38 ERROR : maths-advanced/2023-ascham-trial/q30a-1.pdf: Failed to set modification time: object not found
2026/07/03 11:23:38 ERROR : maths-advanced/2024-abbotsleigh-trial/q14i-4.pdf: Failed to set modification time: object not found
2026/07/03 11:23:38 ERROR : maths-advanced/2024-ascham-trial/q31-3.pdf: Failed to set modification time: object not found
2026/07/03 11:23:38 ERROR : maths-advanced/2020-abbotsleigh-trial/q15a.pdf: Failed to set modification time: object not found
2026/07/03 11:23:38 NOTICE: physics/2015-girraween-trial/q34a-1.pdf: Failed to read metadata: object not found
2026/07/03 11:23:38 NOTICE: physics/2015-girraween-trial/q34a.pdf: Failed to read metadata: object not found
2026/07/03 11:23:38 NOTICE: maths-advanced/2024-abbotsleigh-trial/q15-1.pdf: Failed to read metadata: object not found
2026/07/03 11:23:38 NOTICE: physics/2015-girraween-trial/q34b-1.pdf: Failed to read metadata: object not found
2026/07/03 11:23:38 NOTICE: physics/2015-james-ruse-yearly/q35b.pdf: Failed to read metadata: object not found
2026/07/03 11:23:38 NOTICE: physics/2015-james-ruse-yearly/q35c-1.pdf: Failed to read metadata: object not found
2026/07/03 11:23:38 NOTICE: physics/2015-james-ruse-yearly/q35c.pdf: Failed to read metadata: object not found
2026/07/03 11:23:38 NOTICE: maths-advanced/2025-abbotsleigh-trial/q15-4.pdf: Failed to read metadata: object not found
2026/07/03 11:23:38 NOTICE: maths-advanced/2023-abbotsleigh-trial/q14-4.pdf: Failed to read metadata: object not found
2026/07/03 11:23:38 ERROR : maths-advanced/2024-ascham-trial/q31a-1.pdf: Failed to set modification time: object not found
2026/07/03 11:23:38 NOTICE: maths-standard-2/2025-caringbah-trial/q39c.pdf: Failed to read metadata: object not found
2026/07/03 11:23:38 ERROR : maths-advanced/2020-abbotsleigh-trial/q15c.pdf: Failed to set modification time: object not found
2026/07/03 11:23:38 NOTICE: physics/2015-girraween-trial/q34b.pdf: Failed to read metadata: object not found
2026/07/03 11:23:38 NOTICE: maths-advanced/2023-ascham-trial/q30c.pdf: Failed to read metadata: object not found
2026/07/03 11:23:38 ERROR : maths-advanced/2025-abbotsleigh-trial/q15-3.pdf: Failed to set modification time: object not found
2026/07/03 11:23:38 NOTICE: maths-advanced/2020-abbotsleigh-trial/q15v-1.pdf: Failed to read metadata: object not found
2026/07/03 11:23:38 ERROR : maths-standard-2/2025-caringbah-trial/q39b.pdf: Failed to set modification time: object not found
2026/07/03 11:23:38 ERROR : maths-advanced/2023-ascham-trial/q30b.pdf: Failed to set modification time: object not found
2026/07/03 11:23:38 NOTICE: physics/2015-james-ruse-yearly/q35d-1.pdf: Failed to read metadata: object not found
2026/07/03 11:23:38 NOTICE: maths-advanced/2024-ascham-trial/q31b.pdf: Failed to read metadata: object not found
2026/07/03 11:23:38 NOTICE: maths-advanced/2025-abbotsleigh-trial/q15.pdf: Failed to read metadata: object not found
2026/07/03 11:23:38 NOTICE: maths-advanced/2023-abbotsleigh-trial/q14-5.pdf: Failed to read metadata: object not found
2026/07/03 11:23:38 ERROR : maths-advanced/2024-abbotsleigh-trial/q14i.pdf: Failed to set modification time: object not found
2026/07/03 11:23:38 ERROR : maths-advanced/2023-abbotsleigh-trial/q14-2.pdf: Failed to set modification time: object not found
2026/07/03 11:23:38 ERROR : maths-advanced/2023-ascham-trial/q30c-1.pdf: Failed to set modification time: object not found
2026/07/03 11:23:38 NOTICE: maths-advanced/2024-ascham-trial/q31c-1.pdf: Failed to read metadata: object not found
2026/07/03 11:23:38 ERROR : maths-advanced/2020-abbotsleigh-trial/q15i.pdf: Failed to set modification time: object not found
2026/07/03 11:23:38 ERROR : maths-advanced/2024-ascham-trial/q31a.pdf: Failed to set modification time: object not found
2026/07/03 11:23:38 NOTICE: maths-advanced/2023-ascham-trial/q31a-1.pdf: Failed to read metadata: object not found
2026/07/03 11:23:38 ERROR : maths-standard-2/2025-caringbah-trial/q39c-1.pdf: Failed to set modification time: object not found
2026/07/03 11:23:38 NOTICE: maths-advanced/2025-abbotsleigh-trial/q15a.pdf: Failed to read metadata: object not found
2026/07/03 11:23:38 NOTICE: maths-advanced/2020-abbotsleigh-trial/q15v.pdf: Failed to read metadata: object not found
2026/07/03 11:23:38 NOTICE: physics/2015-girraween-trial/q35a-1.pdf: Failed to read metadata: object not found
2026/07/03 11:23:38 NOTICE: maths-standard-2/2025-caringbah-trial/q40a-1.pdf: Failed to read metadata: object not found
2026/07/03 11:23:38 NOTICE: maths-advanced/2025-abbotsleigh-trial/q15b.pdf: Failed to read metadata: object not found
2026/07/03 11:23:38 NOTICE: maths-advanced/2023-ascham-trial/q31a.pdf: Failed to read metadata: object not found
2026/07/03 11:23:38 NOTICE: maths-advanced/2024-abbotsleigh-trial/q15-3.pdf: Failed to read metadata: object not found
2026/07/03 11:23:38 ERROR : maths-advanced/2024-ascham-trial/q31b-1.pdf: Failed to set modification time: object not found
2026/07/03 11:23:38 ERROR : maths-advanced/2023-abbotsleigh-trial/q14-3.pdf: Failed to set modification time: object not found
2026/07/03 11:23:38 NOTICE: physics/2015-james-ruse-yearly/q35d.pdf: Failed to read metadata: object not found
2026/07/03 11:23:38 ERROR : maths-advanced/2024-abbotsleigh-trial/q15-2.pdf: Failed to set modification time: object not found
2026/07/03 11:23:38 NOTICE: maths-advanced/2024-abbotsleigh-trial/q15-4.pdf: Failed to read metadata: object not found
2026/07/03 11:23:38 NOTICE: maths-standard-2/2025-caringbah-trial/q40a.pdf: Failed to read metadata: object not found
2026/07/03 11:23:38 NOTICE: maths-advanced/2023-abbotsleigh-trial/q14-6.pdf: Failed to read metadata: object not found
2026/07/03 11:23:38 ERROR : maths-advanced/2025-abbotsleigh-trial/q15-4.pdf: Failed to set modification time: object not found
2026/07/03 11:23:38 ERROR : physics/2015-james-ruse-yearly/q35b.pdf: Failed to set modification time: object not found
2026/07/03 11:23:38 ERROR : physics/2015-girraween-trial/q34a.pdf: Failed to set modification time: object not found
2026/07/03 11:23:38 ERROR : physics/2015-james-ruse-yearly/q35c.pdf: Failed to set modification time: object not found
2026/07/03 11:23:38 NOTICE: maths-advanced/2020-abbotsleigh-trial/q16-1.pdf: Failed to read metadata: object not found
2026/07/03 11:23:38 NOTICE: maths-advanced/2024-ascham-trial/q31c.pdf: Failed to read metadata: object not found
2026/07/03 11:23:38 ERROR : physics/2015-girraween-trial/q34b-1.pdf: Failed to set modification time: object not found
2026/07/03 11:23:38 NOTICE: maths-advanced/2023-ascham-trial/q31b.pdf: Failed to read metadata: object not found
2026/07/03 11:23:38 ERROR : physics/2015-james-ruse-yearly/q35c-1.pdf: Failed to set modification time: object not found
2026/07/03 11:23:38 ERROR : maths-advanced/2023-abbotsleigh-trial/q14-4.pdf: Failed to set modification time: object not found
2026/07/03 11:23:38 NOTICE: maths-advanced/2023-abbotsleigh-trial/q14.pdf: Failed to read metadata: object not found
2026/07/03 11:23:38 NOTICE: maths-standard-2/2025-caringbah-trial/q40b.pdf: Failed to read metadata: object not found
2026/07/03 11:23:38 ERROR : maths-advanced/2025-abbotsleigh-trial/q15.pdf: Failed to set modification time: object not found
2026/07/03 11:23:38 ERROR : physics/2015-girraween-trial/q34a-1.pdf: Failed to set modification time: object not found
2026/07/03 11:23:38 ERROR : maths-advanced/2023-ascham-trial/q30c.pdf: Failed to set modification time: object not found
2026/07/03 11:23:38 ERROR : maths-advanced/2024-abbotsleigh-trial/q15-1.pdf: Failed to set modification time: object not found
2026/07/03 11:23:38 ERROR : physics/2015-girraween-trial/q34b.pdf: Failed to set modification time: object not found
2026/07/03 11:23:38 NOTICE: maths-advanced/2024-abbotsleigh-trial/q15-5.pdf: Failed to read metadata: object not found
2026/07/03 11:23:38 ERROR : maths-standard-2/2025-caringbah-trial/q39c.pdf: Failed to set modification time: object not found
2026/07/03 11:23:38 NOTICE: physics/2015-girraween-trial/q35a.pdf: Failed to read metadata: object not found
2026/07/03 11:23:38 NOTICE: maths-advanced/2024-ascham-trial/q31d-1.pdf: Failed to read metadata: object not found
2026/07/03 11:23:38 ERROR : physics/2015-james-ruse-yearly/q35d-1.pdf: Failed to set modification time: object not found
2026/07/03 11:23:38 NOTICE: maths-advanced/2023-ascham-trial/q31c.pdf: Failed to read metadata: object not found
2026/07/03 11:23:38 ERROR : maths-advanced/2025-abbotsleigh-trial/q15a.pdf: Failed to set modification time: object not found
2026/07/03 11:23:38 ERROR : maths-advanced/2020-abbotsleigh-trial/q15v-1.pdf: Failed to set modification time: object not found
2026/07/03 11:23:38 ERROR : maths-advanced/2023-abbotsleigh-trial/q14-5.pdf: Failed to set modification time: object not found
2026/07/03 11:23:38 NOTICE: physics/2015-girraween-trial/q35c-1.pdf: Failed to read metadata: object not found
2026/07/03 11:23:38 ERROR : maths-advanced/2024-abbotsleigh-trial/q15-3.pdf: Failed to set modification time: object not found
2026/07/03 11:23:38 ERROR : maths-advanced/2024-ascham-trial/q31c-1.pdf: Failed to set modification time: object not found
2026/07/03 11:23:38 NOTICE: maths-advanced/2025-abbotsleigh-trial/q15i-1.pdf: Failed to read metadata: object not found
2026/07/03 11:23:38 ERROR : physics/2015-girraween-trial/q35a-1.pdf: Failed to set modification time: object not found
2026/07/03 11:23:38 NOTICE: maths-advanced/2020-abbotsleigh-trial/q16-3.pdf: Failed to read metadata: object not found
2026/07/03 11:23:38 NOTICE: maths-advanced/2020-abbotsleigh-trial/q16-2.pdf: Failed to read metadata: object not found
2026/07/03 11:23:38 NOTICE: maths-standard-2/2025-caringbah-trial/q40c-1.pdf: Failed to read metadata: object not found
2026/07/03 11:23:38 ERROR : maths-advanced/2020-abbotsleigh-trial/q15v.pdf: Failed to set modification time: object not found
2026/07/03 11:23:38 NOTICE: maths-advanced/2023-abbotsleigh-trial/q14a-1.pdf: Failed to read metadata: object not found
2026/07/03 11:23:38 ERROR : maths-advanced/2024-ascham-trial/q31b.pdf: Failed to set modification time: object not found
2026/07/03 11:23:38 NOTICE: maths-advanced/2024-ascham-trial/q31d.pdf: Failed to read metadata: object not found
2026/07/03 11:23:38 ERROR : maths-advanced/2024-abbotsleigh-trial/q15-4.pdf: Failed to set modification time: object not found
2026/07/03 11:23:38 NOTICE: maths-advanced/2024-abbotsleigh-trial/q15-6.pdf: Failed to read metadata: object not found
2026/07/03 11:23:38 NOTICE: maths-advanced/2025-abbotsleigh-trial/q15i-2.pdf: Failed to read metadata: object not found
2026/07/03 11:23:38 ERROR : maths-advanced/2023-ascham-trial/q31a-1.pdf: Failed to set modification time: object not found
2026/07/03 11:23:38 NOTICE: physics/2015-girraween-trial/q35c.pdf: Failed to read metadata: object not found
2026/07/03 11:23:38 ERROR : maths-standard-2/2025-caringbah-trial/q40a.pdf: Failed to set modification time: object not found
2026/07/03 11:23:38 ERROR : maths-advanced/2025-abbotsleigh-trial/q15b.pdf: Failed to set modification time: object not found
2026/07/03 11:23:38 NOTICE: maths-advanced/2024-abbotsleigh-trial/q15-7.pdf: Failed to read metadata: object not found
2026/07/03 11:23:38 ERROR : maths-advanced/2023-ascham-trial/q31a.pdf: Failed to set modification time: object not found
2026/07/03 11:23:38 ERROR : maths-standard-2/2025-caringbah-trial/q40a-1.pdf: Failed to set modification time: object not found
2026/07/03 11:23:38 ERROR : physics/2015-james-ruse-yearly/q35d.pdf: Failed to set modification time: object not found
2026/07/03 11:23:38 ERROR : maths-advanced/2023-abbotsleigh-trial/q14-6.pdf: Failed to set modification time: object not found
2026/07/03 11:23:38 NOTICE: maths-advanced/2020-abbotsleigh-trial/q16-4.pdf: Failed to read metadata: object not found
2026/07/03 11:23:38 ERROR : maths-advanced/2024-ascham-trial/q31c.pdf: Failed to set modification time: object not found
2026/07/03 11:23:38 NOTICE: maths-advanced/2023-abbotsleigh-trial/q14a.pdf: Failed to read metadata: object not found
2026/07/03 11:23:38 ERROR : maths-advanced/2020-abbotsleigh-trial/q16-1.pdf: Failed to set modification time: object not found
2026/07/03 11:23:38 NOTICE: maths-advanced/2023-ascham-trial/q32-1.pdf: Failed to read metadata: object not found
2026/07/03 11:23:38 ERROR : maths-standard-2/2025-caringbah-trial/q40b.pdf: Failed to set modification time: object not found
2026/07/03 11:23:38 NOTICE: maths-standard-2/2025-caringbah-trial/q40c.pdf: Failed to read metadata: object not found
2026/07/03 11:23:38 NOTICE: maths-advanced/2025-abbotsleigh-trial/q15i.pdf: Failed to read metadata: object not found
2026/07/03 11:23:38 NOTICE: maths-advanced/2020-abbotsleigh-trial/q16-5.pdf: Failed to read metadata: object not found
2026/07/03 11:23:38 NOTICE: maths-advanced/2024-ascham-trial/q32a-1.pdf: Failed to read metadata: object not found
2026/07/03 11:23:38 NOTICE: maths-advanced/2025-abbotsleigh-trial/q16-1.pdf: Failed to read metadata: object not found
2026/07/03 11:23:38 ERROR : maths-advanced/2024-abbotsleigh-trial/q15-5.pdf: Failed to set modification time: object not found
2026/07/03 11:23:38 ERROR : maths-advanced/2024-ascham-trial/q31d-1.pdf: Failed to set modification time: object not found
2026/07/03 11:23:38 ERROR : physics/2015-girraween-trial/q35a.pdf: Failed to set modification time: object not found
2026/07/03 11:23:38 ERROR : maths-advanced/2023-ascham-trial/q31b.pdf: Failed to set modification time: object not found
2026/07/03 11:23:38 NOTICE: physics/2015-girraween-trial/q35d-1.pdf: Failed to read metadata: object not found
2026/07/03 11:23:38 NOTICE: maths-advanced/2023-ascham-trial/q32.pdf: Failed to read metadata: object not found
2026/07/03 11:23:38 NOTICE: maths-advanced/2024-abbotsleigh-trial/q15-8.pdf: Failed to read metadata: object not found
2026/07/03 11:23:38 NOTICE: maths-advanced/2023-abbotsleigh-trial/q14b-1.pdf: Failed to read metadata: object not found
2026/07/03 11:23:38 ERROR : maths-advanced/2023-abbotsleigh-trial/q14.pdf: Failed to set modification time: object not found
2026/07/03 11:23:38 ERROR : maths-advanced/2020-abbotsleigh-trial/q16-3.pdf: Failed to set modification time: object not found
2026/07/03 11:23:38 NOTICE: maths-advanced/2023-abbotsleigh-trial/q14b.pdf: Failed to read metadata: object not found
2026/07/03 11:23:38 NOTICE: maths-advanced/2025-abbotsleigh-trial/q16-2.pdf: Failed to read metadata: object not found
2026/07/03 11:23:38 ERROR : maths-advanced/2023-ascham-trial/q31c.pdf: Failed to set modification time: object not found
2026/07/03 11:23:38 ERROR : physics/2015-girraween-trial/q35c-1.pdf: Failed to set modification time: object not found
2026/07/03 11:23:38 NOTICE: maths-advanced/2024-ascham-trial/q32a.pdf: Failed to read metadata: object not found
2026/07/03 11:23:38 NOTICE: maths-advanced/2024-abbotsleigh-trial/q15.pdf: Failed to read metadata: object not found
2026/07/03 11:23:38 ERROR : maths-advanced/2024-abbotsleigh-trial/q15-6.pdf: Failed to set modification time: object not found
2026/07/03 11:23:38 ERROR : maths-advanced/2024-ascham-trial/q31d.pdf: Failed to set modification time: object not found
2026/07/03 11:23:38 NOTICE: physics/2015-girraween-trial/q35d.pdf: Failed to read metadata: object not found
2026/07/03 11:23:38 NOTICE: maths-advanced/2023-abbotsleigh-trial/q14c.pdf: Failed to read metadata: object not found
2026/07/03 11:23:38 NOTICE: maths-advanced/2024-abbotsleigh-trial/q15a-1.pdf: Failed to read metadata: object not found
2026/07/03 11:23:38 ERROR : maths-advanced/2020-abbotsleigh-trial/q16-2.pdf: Failed to set modification time: object not found
2026/07/03 11:23:38 NOTICE: maths-advanced/2020-abbotsleigh-trial/q16-6.pdf: Failed to read metadata: object not found
2026/07/03 11:23:38 NOTICE: maths-advanced/2025-abbotsleigh-trial/q16-3.pdf: Failed to read metadata: object not found
2026/07/03 11:23:38 NOTICE: physics/2015-girraween-trial/q35e.pdf: Failed to read metadata: object not found
2026/07/03 11:23:38 NOTICE: maths-advanced/2025-abbotsleigh-trial/q16-4.pdf: Failed to read metadata: object not found
2026/07/03 11:23:38 NOTICE: maths-advanced/2020-abbotsleigh-trial/q16-7.pdf: Failed to read metadata: object not found
2026/07/03 11:23:38 NOTICE: maths-advanced/2024-ascham-trial/q32b-1.pdf: Failed to read metadata: object not found
2026/07/03 11:23:38 ERROR : maths-standard-2/2025-caringbah-trial/q40c-1.pdf: Failed to set modification time: object not found
2026/07/03 11:23:38 ERROR : maths-advanced/2025-abbotsleigh-trial/q15i-1.pdf: Failed to set modification time: object not found
2026/07/03 11:23:38 ERROR : maths-advanced/2023-abbotsleigh-trial/q14a-1.pdf: Failed to set modification time: object not found
2026/07/03 11:23:38 ERROR : maths-advanced/2025-abbotsleigh-trial/q15i-2.pdf: Failed to set modification time: object not found
2026/07/03 11:23:38 NOTICE: physics/2015-girraween-trial/q35e-1.pdf: Failed to read metadata: object not found
2026/07/03 11:23:38 NOTICE: maths-advanced/2024-abbotsleigh-trial/q15-9.pdf: Failed to read metadata: object not found
2026/07/03 11:23:38 ERROR : physics/2015-girraween-trial/q35c.pdf: Failed to set modification time: object not found
2026/07/03 11:23:38 ERROR : maths-advanced/2024-abbotsleigh-trial/q15-7.pdf: Failed to set modification time: object not found
2026/07/03 11:23:38 NOTICE: maths-advanced/2020-abbotsleigh-trial/q16-8.pdf: Failed to read metadata: object not found
2026/07/03 11:23:38 NOTICE: maths-advanced/2023-abbotsleigh-trial/q14d.pdf: Failed to read metadata: object not found
2026/07/03 11:23:38 ERROR : maths-advanced/2023-ascham-trial/q32-1.pdf: Failed to set modification time: object not found
2026/07/03 11:23:38 NOTICE: maths-advanced/2024-ascham-trial/q32b.pdf: Failed to read metadata: object not found
2026/07/03 11:23:38 NOTICE: maths-advanced/2025-abbotsleigh-trial/q16-5.pdf: Failed to read metadata: object not found
2026/07/03 11:23:38 NOTICE: maths-advanced/2023-abbotsleigh-trial/q14e.pdf: Failed to read metadata: object not found
2026/07/03 11:23:38 NOTICE: maths-advanced/2024-abbotsleigh-trial/q15a.pdf: Failed to read metadata: object not found
2026/07/03 11:23:38 ERROR : maths-standard-2/2025-caringbah-trial/q40c.pdf: Failed to set modification time: object not found
2026/07/03 11:23:38 NOTICE: physics/2015-girraween-trial/q35i-1.pdf: Failed to read metadata: object not found
2026/07/03 11:23:38 ERROR : maths-advanced/2025-abbotsleigh-trial/q15i.pdf: Failed to set modification time: object not found
2026/07/03 11:23:38 ERROR : maths-advanced/2020-abbotsleigh-trial/q16-4.pdf: Failed to set modification time: object not found
2026/07/03 11:23:38 NOTICE: maths-advanced/2025-abbotsleigh-trial/q16.pdf: Failed to read metadata: object not found
2026/07/03 11:23:38 NOTICE: maths-advanced/2020-abbotsleigh-trial/q16-9.pdf: Failed to read metadata: object not found
2026/07/03 11:23:38 NOTICE: maths-advanced/2025-abbotsleigh-trial/q16a.pdf: Failed to read metadata: object not found
2026/07/03 11:23:38 ERROR : maths-advanced/2023-abbotsleigh-trial/q14a.pdf: Failed to set modification time: object not found
2026/07/03 11:23:38 ERROR : physics/2015-girraween-trial/q35d-1.pdf: Failed to set modification time: object not found
2026/07/03 11:23:38 ERROR : maths-advanced/2024-abbotsleigh-trial/q15-8.pdf: Failed to set modification time: object not found
2026/07/03 11:23:38 ERROR : maths-advanced/2023-abbotsleigh-trial/q14b-1.pdf: Failed to set modification time: object not found
2026/07/03 11:23:38 NOTICE: maths-advanced/2023-abbotsleigh-trial/q15-1.pdf: Failed to read metadata: object not found
2026/07/03 11:23:38 NOTICE: maths-advanced/2023-abbotsleigh-trial/q14i.pdf: Failed to read metadata: object not found
2026/07/03 11:23:38 ERROR : maths-advanced/2020-abbotsleigh-trial/q16-5.pdf: Failed to set modification time: object not found
2026/07/03 11:23:38 NOTICE: maths-advanced/2025-abbotsleigh-trial/q16-6.pdf: Failed to read metadata: object not found
2026/07/03 11:23:38 NOTICE: maths-advanced/2023-abbotsleigh-trial/q15.pdf: Failed to read metadata: object not found
2026/07/03 11:23:38 ERROR : maths-advanced/2025-abbotsleigh-trial/q16-1.pdf: Failed to set modification time: object not found
2026/07/03 11:23:38 NOTICE: maths-advanced/2025-abbotsleigh-trial/q16b.pdf: Failed to read metadata: object not found
2026/07/03 11:23:38 NOTICE: maths-advanced/2023-abbotsleigh-trial/q15-2.pdf: Failed to read metadata: object not found
2026/07/03 11:23:38 ERROR : maths-advanced/2024-ascham-trial/q32a.pdf: Failed to set modification time: object not found
2026/07/03 11:23:38 ERROR : maths-advanced/2024-ascham-trial/q32a-1.pdf: Failed to set modification time: object not found
2026/07/03 11:23:38 ERROR : maths-advanced/2023-ascham-trial/q32.pdf: Failed to set modification time: object not found
2026/07/03 11:23:38 ERROR : physics/2015-girraween-trial/q35d.pdf: Failed to set modification time: object not found
2026/07/03 11:23:38 ERROR : maths-advanced/2024-abbotsleigh-trial/q15a.pdf: Failed to set modification time: object not found
2026/07/03 11:23:38 ERROR : maths-advanced/2023-abbotsleigh-trial/q15-2.pdf: Failed to set modification time: object not found
2026/07/03 11:23:38 ERROR : maths-advanced/2025-abbotsleigh-trial/q16.pdf: Failed to set modification time: object not found
2026/07/03 11:23:38 NOTICE: maths-advanced/2023-abbotsleigh-trial/q15c.pdf: Failed to read metadata: object not found
2026/07/03 11:23:38 NOTICE: maths-advanced/2023-abbotsleigh-trial/q15i.pdf: Failed to read metadata: object not found
2026/07/03 11:23:38 NOTICE: maths-advanced/2024-abbotsleigh-trial/q16-10.pdf: Failed to read metadata: object not found
2026/07/03 11:23:38 NOTICE: maths-advanced/2024-abbotsleigh-trial/q15i.pdf: Failed to read metadata: object not found
2026/07/03 11:23:38 ERROR : maths-advanced/2020-abbotsleigh-trial/q16-8.pdf: Failed to set modification time: object not found
2026/07/03 11:23:38 NOTICE: maths-advanced/2024-abbotsleigh-trial/q16-1.pdf: Failed to read metadata: object not found
2026/07/03 11:23:38 ERROR : maths-advanced/2023-abbotsleigh-trial/q14e.pdf: Failed to set modification time: object not found
2026/07/03 11:23:38 ERROR : maths-advanced/2024-ascham-trial/q32b.pdf: Failed to set modification time: object not found
2026/07/03 11:23:38 ERROR : maths-advanced/2024-abbotsleigh-trial/q15a-1.pdf: Failed to set modification time: object not found
2026/07/03 11:23:38 ERROR : maths-advanced/2020-abbotsleigh-trial/q16-9.pdf: Failed to set modification time: object not found
2026/07/03 11:23:38 ERROR : physics/2015-girraween-trial/q35e-1.pdf: Failed to set modification time: object not found
2026/07/03 11:23:38 NOTICE: maths-advanced/2024-abbotsleigh-trial/q16-13.pdf: Failed to read metadata: object not found
2026/07/03 11:23:38 NOTICE: maths-advanced/2023-abbotsleigh-trial/q15i-2.pdf: Failed to read metadata: object not found
2026/07/03 11:23:38 NOTICE: maths-advanced/2024-ascham-trial/q34-1.pdf: Failed to read metadata: object not found
2026/07/03 11:23:38 NOTICE: physics/2015-girraween-trial/q35i-5.pdf: Failed to read metadata: object not found
2026/07/03 11:23:38 ERROR : maths-advanced/2025-abbotsleigh-trial/q16-4.pdf: Failed to set modification time: object not found
2026/07/03 11:23:38 NOTICE: maths-advanced/2024-ascham-trial/q34a-1.pdf: Failed to read metadata: object not found
2026/07/03 11:23:38 NOTICE: maths-advanced/2024-abbotsleigh-trial/q16-11.pdf: Failed to read metadata: object not found
2026/07/03 11:23:38 NOTICE: physics/2015-girraween-trial/q35i-3.pdf: Failed to read metadata: object not found
2026/07/03 11:23:38 ERROR : maths-advanced/2023-abbotsleigh-trial/q15.pdf: Failed to set modification time: object not found
2026/07/03 11:23:38 ERROR : maths-advanced/2025-abbotsleigh-trial/q16-6.pdf: Failed to set modification time: object not found
2026/07/03 11:23:38 NOTICE: maths-advanced/2023-abbotsleigh-trial/q15-3.pdf: Failed to read metadata: object not found
2026/07/03 11:23:38 ERROR : maths-advanced/2025-abbotsleigh-trial/q16a.pdf: Failed to set modification time: object not found
2026/07/03 11:23:38 NOTICE: maths-advanced/2023-abbotsleigh-trial/q15a.pdf: Failed to read metadata: object not found
2026/07/03 11:23:38 NOTICE: maths-advanced/2023-abbotsleigh-trial/q15a-1.pdf: Failed to read metadata: object not found
2026/07/03 11:23:38 NOTICE: maths-advanced/2023-abbotsleigh-trial/q15d.pdf: Failed to read metadata: object not found
2026/07/03 11:23:38 NOTICE: maths-advanced/2024-ascham-trial/q33-1.pdf: Failed to read metadata: object not found
2026/07/03 11:23:38 NOTICE: physics/2015-girraween-trial/q35i-4.pdf: Failed to read metadata: object not found
2026/07/03 11:23:38 ERROR : physics/2015-girraween-trial/q35e.pdf: Failed to set modification time: object not found
2026/07/03 11:23:38 NOTICE: maths-advanced/2023-abbotsleigh-trial/q15b-1.pdf: Failed to read metadata: object not found
2026/07/03 11:23:38 ERROR : maths-advanced/2023-abbotsleigh-trial/q15-1.pdf: Failed to set modification time: object not found
2026/07/03 11:23:38 NOTICE: maths-advanced/2020-abbotsleigh-trial/q16.pdf: Failed to read metadata: object not found
2026/07/03 11:23:38 ERROR : maths-advanced/2024-ascham-trial/q32b-1.pdf: Failed to set modification time: object not found
2026/07/03 11:23:38 ERROR : maths-advanced/2023-abbotsleigh-trial/q14b.pdf: Failed to set modification time: object not found
2026/07/03 11:23:38 NOTICE: maths-advanced/2024-abbotsleigh-trial/q16-14.pdf: Failed to read metadata: object not found
2026/07/03 11:23:38 ERROR : maths-advanced/2020-abbotsleigh-trial/q16-6.pdf: Failed to set modification time: object not found
2026/07/03 11:23:38 ERROR : maths-advanced/2025-abbotsleigh-trial/q16-5.pdf: Failed to set modification time: object not found
2026/07/03 11:23:38 NOTICE: maths-advanced/2023-abbotsleigh-trial/q15b.pdf: Failed to read metadata: object not found
2026/07/03 11:23:38 NOTICE: physics/2015-girraween-trial/q35i-2.pdf: Failed to read metadata: object not found
2026/07/03 11:23:38 ERROR : maths-advanced/2024-abbotsleigh-trial/q15.pdf: Failed to set modification time: object not found
2026/07/03 11:23:38 ERROR : maths-advanced/2023-abbotsleigh-trial/q14d.pdf: Failed to set modification time: object not found
2026/07/03 11:23:38 NOTICE: maths-advanced/2025-abbotsleigh-trial/q16c.pdf: Failed to read metadata: object not found
2026/07/03 11:23:38 ERROR : maths-advanced/2025-abbotsleigh-trial/q16-3.pdf: Failed to set modification time: object not found
2026/07/03 11:23:38 NOTICE: maths-advanced/2024-ascham-trial/q34.pdf: Failed to read metadata: object not found
2026/07/03 11:23:38 ERROR : maths-advanced/2023-abbotsleigh-trial/q14c.pdf: Failed to set modification time: object not found
2026/07/03 11:23:38 NOTICE: maths-advanced/2024-ascham-trial/q33.pdf: Failed to read metadata: object not found
2026/07/03 11:23:38 NOTICE: maths-advanced/2023-abbotsleigh-trial/q14i-1.pdf: Failed to read metadata: object not found
2026/07/03 11:23:38 NOTICE: maths-advanced/2020-abbotsleigh-trial/q16a-1.pdf: Failed to read metadata: object not found
2026/07/03 11:23:38 ERROR : maths-advanced/2020-abbotsleigh-trial/q16-7.pdf: Failed to set modification time: object not found
2026/07/03 11:23:38 ERROR : maths-advanced/2024-abbotsleigh-trial/q15-9.pdf: Failed to set modification time: object not found
2026/07/03 11:23:38 NOTICE: maths-advanced/2024-abbotsleigh-trial/q16-12.pdf: Failed to read metadata: object not found
2026/07/03 11:23:38 ERROR : maths-advanced/2025-abbotsleigh-trial/q16-2.pdf: Failed to set modification time: object not found
2026/07/03 11:23:38 NOTICE: maths-advanced/2025-abbotsleigh-trial/q16i.pdf: Failed to read metadata: object not found
2026/07/03 11:23:38 NOTICE: maths-advanced/2024-abbotsleigh-trial/q15i-1.pdf: Failed to read metadata: object not found
2026/07/03 11:23:38 NOTICE: maths-advanced/2023-abbotsleigh-trial/q15i-3.pdf: Failed to read metadata: object not found
2026/07/03 11:23:38 ERROR : maths-advanced/2023-abbotsleigh-trial/q14i.pdf: Failed to set modification time: object not found
2026/07/03 11:23:38 NOTICE: maths-advanced/2023-abbotsleigh-trial/q15i-1.pdf: Failed to read metadata: object not found
2026/07/03 11:23:38 ERROR : physics/2015-girraween-trial/q35i-1.pdf: Failed to set modification time: object not found
2026/07/03 11:23:38 ERROR : maths-advanced/2025-abbotsleigh-trial/q16b.pdf: Failed to set modification time: object not found
2026/07/03 11:23:38 NOTICE: maths-advanced/2024-abbotsleigh-trial/q16-16.pdf: Failed to read metadata: object not found
2026/07/03 11:23:38 NOTICE: maths-advanced/2024-abbotsleigh-trial/q16-2.pdf: Failed to read metadata: object not found
2026/07/03 11:23:38 NOTICE: maths-advanced/2024-abbotsleigh-trial/q16-5.pdf: Failed to read metadata: object not found
2026/07/03 11:23:38 NOTICE: maths-advanced/2024-ascham-trial/q34b.pdf: Failed to read metadata: object not found
2026/07/03 11:23:38 NOTICE: maths-advanced/2024-abbotsleigh-trial/q16-15.pdf: Failed to read metadata: object not found
2026/07/03 11:23:38 NOTICE: maths-advanced/2020-abbotsleigh-trial/q16i-1.pdf: Failed to read metadata: object not found
2026/07/03 11:23:38 NOTICE: maths-advanced/2024-ascham-trial/q34a.pdf: Failed to read metadata: object not found
2026/07/03 11:23:38 NOTICE: maths-advanced/2020-abbotsleigh-trial/q16i-2.pdf: Failed to read metadata: object not found
2026/07/03 11:23:38 NOTICE: maths-advanced/2020-abbotsleigh-trial/q16b-1.pdf: Failed to read metadata: object not found
2026/07/03 11:23:38 ERROR : maths-advanced/2024-ascham-trial/q34-1.pdf: Failed to set modification time: object not found
2026/07/03 11:23:38 NOTICE: maths-advanced/2024-ascham-trial/q34b-1.pdf: Failed to read metadata: object not found
2026/07/03 11:23:38 ERROR : maths-advanced/2020-abbotsleigh-trial/q16.pdf: Failed to set modification time: object not found
2026/07/03 11:23:38 NOTICE: maths-advanced/2024-ascham-trial/q35a-1.pdf: Failed to read metadata: object not found
2026/07/03 11:23:38 NOTICE: physics/2015-girraween-trial/q35i.pdf: Failed to read metadata: object not found
2026/07/03 11:23:38 ERROR : physics/2015-girraween-trial/q35i-4.pdf: Failed to set modification time: object not found
2026/07/03 11:23:38 NOTICE: maths-advanced/2020-abbotsleigh-trial/q16i.pdf: Failed to read metadata: object not found
2026/07/03 11:23:38 NOTICE: maths-advanced/2024-abbotsleigh-trial/q16-3.pdf: Failed to read metadata: object not found
2026/07/03 11:23:38 NOTICE: maths-advanced/2020-abbotsleigh-trial/q16b.pdf: Failed to read metadata: object not found
2026/07/03 11:23:38 ERROR : maths-advanced/2025-abbotsleigh-trial/q16i.pdf: Failed to set modification time: object not found
2026/07/03 11:23:38 ERROR : maths-advanced/2020-abbotsleigh-trial/q16a-1.pdf: Failed to set modification time: object not found
2026/07/03 11:23:38 ERROR : maths-advanced/2025-abbotsleigh-trial/q16c.pdf: Failed to set modification time: object not found
2026/07/03 11:23:38 ERROR : maths-advanced/2023-abbotsleigh-trial/q15a.pdf: Failed to set modification time: object not found
2026/07/03 11:23:38 NOTICE: maths-advanced/2020-abbotsleigh-trial/q16a.pdf: Failed to read metadata: object not found
2026/07/03 11:23:38 ERROR : maths-advanced/2023-abbotsleigh-trial/q15i.pdf: Failed to set modification time: object not found
2026/07/03 11:23:38 ERROR : maths-advanced/2023-abbotsleigh-trial/q15i-2.pdf: Failed to set modification time: object not found
2026/07/03 11:23:38 ERROR : maths-advanced/2024-ascham-trial/q33-1.pdf: Failed to set modification time: object not found
2026/07/03 11:23:38 ERROR : maths-advanced/2024-ascham-trial/q33.pdf: Failed to set modification time: object not found
2026/07/03 11:23:38 ERROR : maths-advanced/2023-abbotsleigh-trial/q15i-1.pdf: Failed to set modification time: object not found
2026/07/03 11:23:38 ERROR : maths-advanced/2023-abbotsleigh-trial/q15b-1.pdf: Failed to set modification time: object not found
2026/07/03 11:23:38 NOTICE: maths-advanced/2024-ascham-trial/q34c.pdf: Failed to read metadata: object not found
2026/07/03 11:23:38 ERROR : maths-advanced/2023-abbotsleigh-trial/q15c.pdf: Failed to set modification time: object not found
2026/07/03 11:23:38 ERROR : maths-advanced/2023-abbotsleigh-trial/q15b.pdf: Failed to set modification time: object not found
2026/07/03 11:23:38 ERROR : maths-advanced/2024-abbotsleigh-trial/q16-1.pdf: Failed to set modification time: object not found
2026/07/03 11:23:38 NOTICE: maths-advanced/2024-abbotsleigh-trial/q16-4.pdf: Failed to read metadata: object not found
2026/07/03 11:23:38 ERROR : maths-advanced/2023-abbotsleigh-trial/q15-3.pdf: Failed to set modification time: object not found
2026/07/03 11:23:38 ERROR : maths-advanced/2023-abbotsleigh-trial/q14i-1.pdf: Failed to set modification time: object not found
2026/07/03 11:23:38 ERROR : maths-advanced/2024-abbotsleigh-trial/q16-11.pdf: Failed to set modification time: object not found
2026/07/03 11:23:38 NOTICE: maths-advanced/2024-ascham-trial/q35a.pdf: Failed to read metadata: object not found
2026/07/03 11:23:38 ERROR : maths-advanced/2024-abbotsleigh-trial/q15i.pdf: Failed to set modification time: object not found
2026/07/03 11:23:38 ERROR : physics/2015-girraween-trial/q35i-5.pdf: Failed to set modification time: object not found
2026/07/03 11:23:38 ERROR : maths-advanced/2023-abbotsleigh-trial/q15i-3.pdf: Failed to set modification time: object not found
2026/07/03 11:23:38 ERROR : maths-advanced/2023-abbotsleigh-trial/q15d.pdf: Failed to set modification time: object not found
2026/07/03 11:23:38 ERROR : maths-advanced/2024-abbotsleigh-trial/q16-14.pdf: Failed to set modification time: object not found
2026/07/03 11:23:38 ERROR : maths-advanced/2024-abbotsleigh-trial/q15i-1.pdf: Failed to set modification time: object not found
2026/07/03 11:23:38 NOTICE: maths-advanced/2024-abbotsleigh-trial/q16-6.pdf: Failed to read metadata: object not found
2026/07/03 11:23:38 NOTICE: maths-advanced/2024-abbotsleigh-trial/q16-7.pdf: Failed to read metadata: object not found
2026/07/03 11:23:38 ERROR : physics/2015-girraween-trial/q35i-2.pdf: Failed to set modification time: object not found
2026/07/03 11:23:38 ERROR : maths-advanced/2024-abbotsleigh-trial/q16-10.pdf: Failed to set modification time: object not found
2026/07/03 11:23:38 NOTICE: maths-advanced/2024-ascham-trial/q34c-1.pdf: Failed to read metadata: object not found
2026/07/03 11:23:38 ERROR : maths-advanced/2023-abbotsleigh-trial/q15a-1.pdf: Failed to set modification time: object not found
2026/07/03 11:23:38 NOTICE: maths-advanced/2024-abbotsleigh-trial/q16-8.pdf: Failed to read metadata: object not found
2026/07/03 11:23:38 ERROR : maths-advanced/2024-abbotsleigh-trial/q16-12.pdf: Failed to set modification time: object not found
2026/07/03 11:23:38 ERROR : maths-advanced/2024-ascham-trial/q34a-1.pdf: Failed to set modification time: object not found
2026/07/03 11:23:38 ERROR : physics/2015-girraween-trial/q35i-3.pdf: Failed to set modification time: object not found
2026/07/03 11:23:38 ERROR : maths-advanced/2024-ascham-trial/q34.pdf: Failed to set modification time: object not found
2026/07/03 11:23:38 ERROR : maths-advanced/2024-abbotsleigh-trial/q16-13.pdf: Failed to set modification time: object not found
2026/07/03 11:23:38 ERROR : maths-advanced/2024-abbotsleigh-trial/q16-16.pdf: Failed to set modification time: object not found
2026/07/03 11:23:38 NOTICE: maths-advanced/2024-ascham-trial/q35b-1.pdf: Failed to read metadata: object not found
2026/07/03 11:23:38 ERROR : maths-advanced/2024-abbotsleigh-trial/q16-2.pdf: Failed to set modification time: object not found
2026/07/03 11:23:38 ERROR : maths-advanced/2020-abbotsleigh-trial/q16i-1.pdf: Failed to set modification time: object not found
2026/07/03 11:23:38 NOTICE: maths-advanced/2024-abbotsleigh-trial/q16.pdf: Failed to read metadata: object not found
2026/07/03 11:23:38 ERROR : maths-advanced/2024-abbotsleigh-trial/q16-5.pdf: Failed to set modification time: object not found
2026/07/03 11:23:38 ERROR : maths-advanced/2020-abbotsleigh-trial/q16b-1.pdf: Failed to set modification time: object not found
2026/07/03 11:23:38 ERROR : maths-advanced/2024-ascham-trial/q34a.pdf: Failed to set modification time: object not found
2026/07/03 11:23:38 ERROR : physics/2015-girraween-trial/q35i.pdf: Failed to set modification time: object not found
2026/07/03 11:23:38 NOTICE: maths-advanced/2024-abbotsleigh-trial/q16-9.pdf: Failed to read metadata: object not found
2026/07/03 11:23:38 NOTICE: maths-advanced/2024-ascham-trial/q36a-1.pdf: Failed to read metadata: object not found
2026/07/03 11:23:38 NOTICE: maths-advanced/2024-ascham-trial/q36a.pdf: Failed to read metadata: object not found
2026/07/03 11:23:38 ERROR : maths-advanced/2020-abbotsleigh-trial/q16b.pdf: Failed to set modification time: object not found
2026/07/03 11:23:38 NOTICE: maths-advanced/2024-abbotsleigh-trial/q16b-1.pdf: Failed to read metadata: object not found
2026/07/03 11:23:38 NOTICE: maths-advanced/2024-abbotsleigh-trial/q16a-1.pdf: Failed to read metadata: object not found
2026/07/03 11:23:38 ERROR : maths-advanced/2024-abbotsleigh-trial/q16-6.pdf: Failed to set modification time: object not found
2026/07/03 11:23:38 ERROR : maths-advanced/2024-ascham-trial/q34b.pdf: Failed to set modification time: object not found
2026/07/03 11:23:38 ERROR : maths-advanced/2020-abbotsleigh-trial/q16a.pdf: Failed to set modification time: object not found
2026/07/03 11:23:38 NOTICE: maths-advanced/2024-abbotsleigh-trial/q16i-4.pdf: Failed to read metadata: object not found
2026/07/03 11:23:38 NOTICE: maths-advanced/2024-abbotsleigh-trial/q16a-3.pdf: Failed to read metadata: object not found
2026/07/03 11:23:38 ERROR : maths-advanced/2020-abbotsleigh-trial/q16i-2.pdf: Failed to set modification time: object not found
2026/07/03 11:23:38 NOTICE: maths-advanced/2024-ascham-trial/q36b-1.pdf: Failed to read metadata: object not found
2026/07/03 11:23:38 ERROR : maths-advanced/2020-abbotsleigh-trial/q16i.pdf: Failed to set modification time: object not found
2026/07/03 11:23:38 NOTICE: maths-advanced/2024-abbotsleigh-trial/q16a-2.pdf: Failed to read metadata: object not found
2026/07/03 11:23:38 NOTICE: maths-advanced/2024-ascham-trial/q35b.pdf: Failed to read metadata: object not found
2026/07/03 11:23:38 NOTICE: maths-advanced/2024-abbotsleigh-trial/q16i-1.pdf: Failed to read metadata: object not found
2026/07/03 11:23:38 NOTICE: maths-advanced/2024-abbotsleigh-trial/q16i-2.pdf: Failed to read metadata: object not found
2026/07/03 11:23:38 ERROR : maths-advanced/2024-abbotsleigh-trial/q16-3.pdf: Failed to set modification time: object not found
2026/07/03 11:23:38 NOTICE: maths-advanced/2024-abbotsleigh-trial/q16i.pdf: Failed to read metadata: object not found
2026/07/03 11:23:38 ERROR : maths-advanced/2024-ascham-trial/q35a.pdf: Failed to set modification time: object not found
2026/07/03 11:23:38 ERROR : maths-advanced/2024-abbotsleigh-trial/q16-7.pdf: Failed to set modification time: object not found
2026/07/03 11:23:38 ERROR : maths-advanced/2024-abbotsleigh-trial/q16-15.pdf: Failed to set modification time: object not found
2026/07/03 11:23:38 ERROR : maths-advanced/2024-ascham-trial/q35a-1.pdf: Failed to set modification time: object not found
2026/07/03 11:23:38 NOTICE: maths-advanced/2024-abbotsleigh-trial/q16i-3.pdf: Failed to read metadata: object not found
2026/07/03 11:23:38 NOTICE: maths-advanced/2024-ascham-trial/q36b.pdf: Failed to read metadata: object not found
2026/07/03 11:23:38 ERROR : maths-advanced/2024-abbotsleigh-trial/q16-4.pdf: Failed to set modification time: object not found
2026/07/03 11:23:38 NOTICE: maths-advanced/2024-abbotsleigh-trial/q16a.pdf: Failed to read metadata: object not found
2026/07/03 11:23:38 ERROR : maths-advanced/2024-ascham-trial/q34b-1.pdf: Failed to set modification time: object not found
2026/07/03 11:23:38 ERROR : maths-advanced/2024-ascham-trial/q34c-1.pdf: Failed to set modification time: object not found
2026/07/03 11:23:38 ERROR : maths-advanced/2024-ascham-trial/q34c.pdf: Failed to set modification time: object not found
2026/07/03 11:23:38 NOTICE: maths-advanced/2024-abbotsleigh-trial/q16b.pdf: Failed to read metadata: object not found
2026/07/03 11:23:38 ERROR : maths-advanced/2024-abbotsleigh-trial/q16-8.pdf: Failed to set modification time: object not found
2026/07/03 11:23:38 ERROR : maths-advanced/2024-ascham-trial/q35b-1.pdf: Failed to set modification time: object not found
2026/07/03 11:23:38 ERROR : maths-advanced/2024-abbotsleigh-trial/q16.pdf: Failed to set modification time: object not found
2026/07/03 11:23:38 ERROR : maths-advanced/2024-ascham-trial/q36a-1.pdf: Failed to set modification time: object not found
2026/07/03 11:23:38 ERROR : maths-advanced/2024-ascham-trial/q36a.pdf: Failed to set modification time: object not found
2026/07/03 11:23:38 ERROR : maths-advanced/2024-ascham-trial/q36b-1.pdf: Failed to set modification time: object not found
2026/07/03 11:23:38 ERROR : maths-advanced/2024-abbotsleigh-trial/q16b-1.pdf: Failed to set modification time: object not found
2026/07/03 11:23:38 ERROR : maths-advanced/2024-abbotsleigh-trial/q16i-3.pdf: Failed to set modification time: object not found
2026/07/03 11:23:38 ERROR : maths-advanced/2024-abbotsleigh-trial/q16a-2.pdf: Failed to set modification time: object not found
2026/07/03 11:23:38 ERROR : maths-advanced/2024-abbotsleigh-trial/q16-9.pdf: Failed to set modification time: object not found
2026/07/03 11:23:38 ERROR : maths-advanced/2024-abbotsleigh-trial/q16i.pdf: Failed to set modification time: object not found
2026/07/03 11:23:38 ERROR : maths-advanced/2024-ascham-trial/q35b.pdf: Failed to set modification time: object not found
2026/07/03 11:23:38 ERROR : maths-advanced/2024-abbotsleigh-trial/q16i-1.pdf: Failed to set modification time: object not found
2026/07/03 11:23:38 ERROR : maths-advanced/2024-abbotsleigh-trial/q16a-1.pdf: Failed to set modification time: object not found
2026/07/03 11:23:38 ERROR : maths-advanced/2024-ascham-trial/q36b.pdf: Failed to set modification time: object not found
2026/07/03 11:23:38 ERROR : maths-advanced/2024-abbotsleigh-trial/q16a-3.pdf: Failed to set modification time: object not found
2026/07/03 11:23:38 ERROR : maths-advanced/2024-abbotsleigh-trial/q16i-2.pdf: Failed to set modification time: object not found
2026/07/03 11:23:38 ERROR : maths-advanced/2024-abbotsleigh-trial/q16i-4.pdf: Failed to set modification time: object not found
2026/07/03 11:23:38 ERROR : maths-advanced/2024-abbotsleigh-trial/q16a.pdf: Failed to set modification time: object not found
2026/07/03 11:23:38 ERROR : maths-advanced/2024-abbotsleigh-trial/q16b.pdf: Failed to set modification time: object not found
2026/07/03 11:23:38 ERROR : Attempt 1/3 failed with 1983 errors and: object not found
2026/07/03 11:40:21 ERROR : Attempt 2/3 succeeded
done.
