2026-07-02 10:59:35  === unified downloader start ===
2026-07-02 10:59:35  Physics/Y12-HSC: 41 papers
2026-07-02 10:59:35  Maths Standard 2/Y12-HSC: 65 papers
2026-07-02 10:59:36  Maths Advanced/Y12-HSC: 119 papers
2026-07-02 10:59:36  Maths Extension 1/Y12-HSC: 143 papers
2026-07-02 10:59:36  Maths Extension 2/Y12-HSC: 136 papers
2026-07-02 10:59:36  Physics/Y11-Yearly: 50 papers
2026-07-02 10:59:37  Maths Standard 2/Y11-Yearly: 13 papers
2026-07-02 10:59:37  Maths Advanced/Y11-Yearly: 281 papers
2026-07-02 10:59:37  Maths Extension 1/Y11-Yearly: 248 papers
2026-07-02 10:59:37  Maths Accelerated/Y11-Yearly: 13 papers
2026-07-02 10:59:37  Physics/Y12-Trial: 176 papers
2026-07-02 10:59:38  Maths Standard 2/Y12-Trial: 178 papers
2026-07-02 10:59:38  Maths Advanced/Y12-Trial: 671 papers
2026-07-02 10:59:38  Maths Extension 1/Y12-Trial: 781 papers
2026-07-02 10:59:38  Maths Extension 2/Y12-Trial: 699 papers
2026-07-02 10:59:38  total work items: 3614
2026-07-02 10:59:42  [1/3614] Physics/Y12-HSC/2001 HSC.pdf  ratelimit: waiting 1200s (wait 1, consec 1)
2026-07-02 11:02:06  === unified downloader start (filter=['physics']) ===
2026-07-02 11:02:06  Physics/Y12-HSC: 41 papers
2026-07-02 11:02:06  Physics/Y11-Yearly: 50 papers
2026-07-02 11:02:06  Physics/Y12-Trial: 176 papers
2026-07-02 11:02:06  total work items: 267
2026-07-02 11:02:09  [1/267] Physics/Y12-HSC/2001 HSC.pdf  ratelimit: waiting 1200s (wait 1, consec 1)
2026-07-02 11:17:37  === round-robin downloader start (filter=['physics']) ===
2026-07-02 11:17:38  DIRECT Physics/Y12-HSC/2001 HSC.pdf (157 KB)
2026-07-02 11:17:38  DIRECT Physics/Y12-HSC/2001 Marking Guidelines.pdf (242 KB)
2026-07-02 11:17:38  DIRECT Physics/Y12-HSC/2002 HSC.pdf (311 KB)
2026-07-02 11:17:38  DIRECT Physics/Y12-HSC/2002 Marking Guidelines.pdf (426 KB)
2026-07-02 11:17:38  DIRECT Physics/Y12-HSC/2003 HSC.pdf (1665 KB)
2026-07-02 11:17:38  DIRECT Physics/Y12-HSC/2003 Marking Guidelines.pdf (593 KB)
2026-07-02 11:17:38  DIRECT Physics/Y12-HSC/2004 HSC.pdf (318 KB)
2026-07-02 11:17:38  DIRECT Physics/Y12-HSC/2004 Marking Guidelines.pdf (490 KB)
2026-07-02 11:17:38  DIRECT Physics/Y12-HSC/2005 HSC.pdf (381 KB)
2026-07-02 11:17:38  DIRECT Physics/Y12-HSC/2005 Marking Guidelines.pdf (295 KB)
2026-07-02 11:17:38  DIRECT Physics/Y12-HSC/2006 HSC.pdf (2913 KB)
2026-07-02 11:17:38  DIRECT Physics/Y12-HSC/2006 Marking Guidelines.pdf (582 KB)
2026-07-02 11:17:38  DIRECT Physics/Y12-HSC/2007 HSC.pdf (743 KB)
2026-07-02 11:17:38  DIRECT Physics/Y12-HSC/2007 Marking Guidelines.pdf (494 KB)
2026-07-02 11:17:38  DIRECT Physics/Y12-HSC/2008 HSC.pdf (406 KB)
2026-07-02 11:17:38  DIRECT Physics/Y12-HSC/2008 Marking Guidelines.pdf (518 KB)
2026-07-02 11:17:38  DIRECT Physics/Y12-HSC/2009 HSC.pdf (408 KB)
2026-07-02 11:17:38  DIRECT Physics/Y12-HSC/2009 Marking Guidelines.pdf (527 KB)
2026-07-02 11:17:38  DIRECT Physics/Y12-HSC/2009 Sample Answers.pdf (699 KB)
2026-07-02 11:17:38  DIRECT Physics/Y12-HSC/2010 HSC.pdf (2072 KB)
2026-07-02 11:17:38  DIRECT Physics/Y12-HSC/2010 Marking Guidelines.pdf (199 KB)
2026-07-02 11:17:38  DIRECT Physics/Y12-HSC/2010 Sample Answers.pdf (253 KB)
2026-07-02 11:17:38  DIRECT Physics/Y12-HSC/2011 HSC.pdf (644 KB)
2026-07-02 11:17:38  DIRECT Physics/Y12-HSC/2011 Marking Guidelines.pdf (277 KB)
2026-07-02 11:17:39  DIRECT Physics/Y12-HSC/2011 Sample Answers.pdf (663 KB)
2026-07-02 11:17:39  DIRECT Physics/Y12-HSC/2012 HSC.pdf (924 KB)
2026-07-02 11:17:39  DIRECT Physics/Y12-HSC/2012 Marking Guidelines.pdf (648 KB)
2026-07-02 11:17:39  DIRECT Physics/Y12-HSC/2012 Sample Answers.pdf (325 KB)
2026-07-02 11:17:39  DIRECT Physics/Y12-HSC/2012 Marking Feedback.pdf (278 KB)
2026-07-02 11:17:39  DIRECT Physics/Y12-HSC/2013 HSC.pdf (1039 KB)
2026-07-02 11:17:39  DIRECT Physics/Y12-HSC/2014 HSC.pdf (597 KB)
2026-07-02 11:17:39  DIRECT Physics/Y12-HSC/2014 Marking Guidelines.pdf (468 KB)
2026-07-02 11:17:39  DIRECT Physics/Y12-HSC/2015 HSC.pdf (1239 KB)
2026-07-02 11:17:39  DIRECT Physics/Y12-HSC/2015 Marking Guidelines.pdf (592 KB)
2026-07-02 11:17:39  resume: 0 already on disk, 34 direct. 233 to fetch via 3 bases.
2026-07-02 11:17:42  base 6520 throttled -> cooldown 900s (Physics/Y12-HSC/2013 Marking Guidelines.pdf)
2026-07-02 11:17:54  OK Physics/Y11-Yearly/Baulkham Hills 2009 w. sol.pdf (841 KB)  [done 35, left 232]
2026-07-02 11:18:10  OK Physics/Y12-Trial/Abbotsleigh 2023 w. sol.pdf (2100 KB)  [done 36, left 231]
2026-07-02 11:19:00  OK Physics/Y11-Yearly/Baulkham Hills 2010 w. sol.pdf (1016 KB)  [done 37, left 230]
2026-07-02 11:19:21  OK Physics/Y12-Trial/Abbotsleigh 2025.pdf (3213 KB)  [done 38, left 229]
2026-07-02 11:20:15  OK Physics/Y11-Yearly/Baulkham Hills 2015 w. sol.pdf (5156 KB)  [done 39, left 228]
2026-07-02 11:20:27  === round-robin downloader start (filter=['physics']) ===
2026-07-02 11:20:28  resume: 39 already on disk, 0 direct. 228 to fetch via 3 bases.
2026-07-02 11:20:31  base 6520 throttled -> cooldown 1800s (Physics/Y12-HSC/2013 Marking Guidelines.pdf)
2026-07-02 11:21:06  OK Physics/Y11-Yearly/Baulkham Hills 2016 w. sol.pdf (3489 KB)  [done 1, left 227]
2026-07-02 11:21:35  OK Physics/Y12-Trial/Ascham 2001.pdf (136 KB)  [done 2, left 226]
2026-07-02 11:23:42  OK Physics/Y11-Yearly/Baulkham Hills 2017.pdf (812 KB)  [done 3, left 225]
2026-07-02 11:24:10  OK Physics/Y12-Trial/Ascham 2002.pdf (83 KB)  [done 4, left 224]
2026-07-02 11:26:25  OK Physics/Y11-Yearly/Baulkham Hills 2018 w. sol.pdf (6148 KB)  [done 5, left 223]
2026-07-02 11:26:58  OK Physics/Y12-Trial/Ascham 2008.pdf (2629 KB)  [done 6, left 222]
2026-07-02 11:29:18  OK Physics/Y11-Yearly/Baulkham Hills 2020 w. sol.pdf (9298 KB)  [done 7, left 221]
2026-07-02 11:30:01  === round-robin downloader start (filter=['physics', 'english', 'maths standard', 'maths extension 2', 'maths accelerated']) ===
2026-07-02 11:30:06  resume: 46 already on disk, 0 direct. 1853 to fetch via 14 bases.
2026-07-02 11:30:09  base 6520 throttled -> cooldown 1800s (Physics/Y12-HSC/2013 Marking Guidelines.pdf)
2026-07-02 11:30:38  OK Physics/Y11-Yearly/Cranbrook 2000.pdf (244 KB)  [done 1, left 1852]
2026-07-02 11:31:07  OK English/Y12-Trial-P1/Abbotsleigh 2019 P1.pdf (567 KB)  [done 2, left 1851]
2026-07-02 11:31:37  OK English/Y12-Trial-P2-Std/Ascham 2021 P2 (Std.).pdf (264 KB)  [done 3, left 1850]
2026-07-02 11:32:06  OK Maths Standard 2/Y12-HSC/2001 HSC.pdf (77 KB)  [done 4, left 1849]
2026-07-02 11:32:39  OK Maths Standard 2/Y11-Yearly/Cherrybrook Tech 2018 w. sol.pdf (2281 KB)  [done 5, left 1848]
2026-07-02 11:33:10  OK Maths Extension 2/Y12-Trial/Abbotsleigh 1999 w. sol.pdf (477 KB)  [done 6, left 1847]
2026-07-02 11:33:41  OK Maths Accelerated/Y11-Yearly/Sydney Boys 2005 w. sol.pdf (1110 KB)  [done 7, left 1846]
2026-07-02 11:34:12  OK Physics/Y12-Trial/Ascham 2013 w. sol.pdf (930 KB)  [done 8, left 1845]
2026-07-02 11:34:46  OK Physics/Y11-Yearly/Fort St 2022 w. sol.pdf (2234 KB)  [done 9, left 1844]
2026-07-02 11:35:15  OK English/Y12-Trial-P1/Abbotsleigh 2020 P1.pdf (395 KB)  [done 10, left 1843]
2026-07-02 11:35:44  OK English/Y12-Trial-P2-Std/Asquith Girls 2001 P2 (Std.).pdf (232 KB)  [done 11, left 1842]
2026-07-02 11:36:32  OK Maths Standard 2/Y12-Trial/Abbotsleigh 2020 w. sol.pdf (1874 KB)  [done 12, left 1841]
2026-07-02 11:37:00  base 5310 throttled -> cooldown 1800s (Maths Standard 2/Y12-HSC/2001 Marking Guidelines.pdf)
2026-07-02 11:37:37  OK Maths Standard 2/Y11-Yearly/Cherrybrook Tech 2019 w. sol.pdf (5638 KB)  [done 13, left 1840]
2026-07-02 11:38:05  OK Maths Extension 2/Y12-HSC/1967 HSC.pdf (55 KB)  [done 14, left 1839]
2026-07-02 11:38:35  OK Maths Extension 2/Y12-Trial/Abbotsleigh 2001 w. sol.pdf (421 KB)  [done 15, left 1838]
2026-07-02 11:39:09  OK Physics/Y11-Yearly/Fort St 2023 w. sol.pdf (1252 KB)  [done 16, left 1837]
2026-07-02 11:39:38  OK English/Y12-Trial-P1/Abbotsleigh 2021 P1.pdf (523 KB)  [done 17, left 1836]
2026-07-02 11:40:09  OK Maths Standard 2/Y12-Trial/Abbotsleigh 2021.pdf (1065 KB)  [done 18, left 1835]
2026-07-02 11:40:40  OK Maths Accelerated/Y11-Yearly/Sydney Boys 2006 w. sol.pdf (964 KB)  [done 19, left 1834]
2026-07-02 11:41:16  OK Physics/Y12-Trial/Ascham 2014 w. sol.pdf (3947 KB)  [done 20, left 1833]
2026-07-02 11:41:45  OK Maths Extension 2/Y12-HSC/1968 HSC.pdf (53 KB)  [done 21, left 1832]
2026-07-02 11:42:15  OK Maths Extension 2/Y12-Trial/Abbotsleigh 2002 w. sol.pdf (311 KB)  [done 22, left 1831]
2026-07-02 11:42:48  OK Physics/Y11-Yearly/Girraween 2023 w. sol.pdf (3444 KB)  [done 23, left 1830]
2026-07-02 11:43:18  OK English/Y12-Trial-P1/Abbotsleigh 2022 P1.pdf (369 KB)  [done 24, left 1829]
2026-07-02 11:43:49  OK Maths Standard 2/Y11-Yearly/Kings 2018 w. sol.pdf (1862 KB)  [done 25, left 1828]
2026-07-02 11:44:19  OK Maths Accelerated/Y11-Yearly/Sydney Boys 2007 w. sol.pdf (551 KB)  [done 26, left 1827]
2026-07-02 11:44:52  OK Physics/Y12-Trial/Ascham 2015.pdf (1707 KB)  [done 27, left 1826]
2026-07-02 11:45:21  OK English/Y12-Trial-P2-Adv/Abbotsleigh 2010 P2 (Adv.).pdf (238 KB)  [done 28, left 1825]
2026-07-02 11:45:51  OK English/Y12-Trial-P2-Std/Barker 2022 P2 (Std.).pdf (436 KB)  [done 29, left 1824]
2026-07-02 11:46:19  OK English Extension 1/Y12-Trial/Abbotsleigh 2012.pdf (177 KB)  [done 30, left 1823]
2026-07-02 11:46:48  OK Maths Standard 2/Y11-Yearly/Cherrybrook Tech 2001.pdf (174 KB)  [done 31, left 1822]
2026-07-02 11:47:18  OK Maths Extension 2/Y12-Trial/Abbotsleigh 2003.pdf (437 KB)  [done 32, left 1821]
2026-07-02 11:47:48  OK Maths Accelerated/Y11-Yearly/Sydney Boys 2008 w. sol.pdf (1174 KB)  [done 33, left 1820]
2026-07-02 11:48:20  OK Physics/Y12-Trial/Ascham 2016 w. sol.pdf (2227 KB)  [done 34, left 1819]
2026-07-02 11:48:48  base 2720 throttled -> cooldown 1800s (English/Y12-HSC/2001 HSC Paper 1.pdf)
2026-07-02 11:49:18  OK English/Y12-Trial-P2-Adv/Abbotsleigh 2012 P2 (Adv.).pdf (191 KB)  [done 35, left 1818]
2026-07-02 11:49:47  OK English Extension 1/Y12-Trial/Abbotsleigh 2022.pdf (213 KB)  [done 36, left 1817]
2026-07-02 11:50:17  OK Maths Standard 2/Y11-Yearly/Cherrybrook Tech 2002 w. sol.pdf (223 KB)  [done 37, left 1816]
2026-07-02 11:50:47  OK Maths Extension 2/Y12-Trial/Abbotsleigh 2004.pdf (486 KB)  [done 38, left 1815]
2026-07-02 11:51:17  OK Maths Accelerated/Y11-Yearly/Sydney Boys 2009 w. sol.pdf (497 KB)  [done 39, left 1814]
2026-07-02 11:51:54  OK Physics/Y12-Trial/Ascham 2024.pdf (2913 KB)  [done 40, left 1813]
2026-07-02 11:52:24  OK English/Y12-Trial-P1/Abbotsleigh 2023 P1.pdf (1658 KB)  [done 41, left 1812]
2026-07-02 11:52:54  OK English/Y12-Trial-P2-Std/Cheltenham Girls 2022 P2 (Std.).pdf (258 KB)  [done 42, left 1811]
2026-07-02 11:53:28  OK Maths Standard 2/Y12-Trial/Abbotsleigh 2023 w. sol.pdf (4487 KB)  [done 43, left 1810]
2026-07-02 11:53:57  OK Maths Extension 2/Y12-HSC/1969 HSC.pdf (52 KB)  [done 44, left 1809]
2026-07-02 11:54:51  OK Maths Accelerated/Y11-Yearly/Sydney Boys 2010 w. sol.pdf (349 KB)  [done 45, left 1808]
2026-07-02 11:55:20  OK Maths Extension 2/Y12-Trial/Abbotsleigh 2007 w. sol.pdf (211 KB)  [done 46, left 1807]
2026-07-02 11:55:49  OK Physics/Y12-Trial/Barker 2001.pdf (41 KB)  [done 47, left 1806]
2026-07-02 11:56:18  OK English/Y12-Trial-P1/Abbotsleigh 2024 P1.pdf (288 KB)  [done 48, left 1805]
2026-07-02 11:56:47  OK English/Y12-Trial-P2-Std/Cranbrook 2020 P2 (Std.).pdf (349 KB)  [done 49, left 1804]
2026-07-02 11:57:18  OK Maths Standard 2/Y11-Yearly/Cherrybrook Tech 2016 w. sol.pdf (1077 KB)  [done 50, left 1803]
2026-07-02 11:57:47  OK Maths Accelerated/Y11-Yearly/Sydney Boys 2011 w. sol.pdf (453 KB)  [done 51, left 1802]
2026-07-02 11:58:19  OK Physics/Y11-Yearly/Girraween 2024 w. sol.pdf (3348 KB)  [done 52, left 1801]
2026-07-02 11:58:48  OK English/Y12-Trial-P2-Adv/Abbotsleigh 2019 P2 (Adv.).pdf (428 KB)  [done 53, left 1800]
2026-07-02 11:59:18  OK English Extension 1/Y12-Trial/Abbotsleigh 2025.pdf (259 KB)  [done 54, left 1799]
2026-07-02 11:59:59  OK Maths Standard 2/Y12-Trial/Abbotsleigh 2024 w. sol.pdf (7678 KB)  [done 55, left 1798]
2026-07-02 12:00:29  OK English/Y12-Trial-P1/Abbotsleigh 2025 P1.pdf (839 KB)  [done 56, left 1797]
2026-07-02 12:00:59  OK English/Y12-Trial-P2-Std/Hurlstone 2011 P2 (Std.).pdf (225 KB)  [done 57, left 1796]
2026-07-02 12:01:29  OK Maths Standard 2/Y11-Yearly/Epping Boys 2005.pdf (414 KB)  [done 58, left 1795]
2026-07-02 12:01:57  OK Maths Extension 2/Y12-HSC/1970 HSC.pdf (52 KB)  [done 59, left 1794]
2026-07-02 12:02:28  OK Maths Accelerated/Y11-Yearly/Sydney Boys 2012 w. sol.pdf (343 KB)  [done 60, left 1793]
2026-07-02 12:02:56  base 6520 throttled -> cooldown 1800s (Physics/Y12-HSC/2013 Marking Guidelines.pdf)
2026-07-02 12:03:33  OK Physics/Y11-Yearly/Gosford 2022 w. sol.pdf (2942 KB)  [done 61, left 1792]
2026-07-02 12:04:02  OK English/Y12-Trial-P2-Adv/Abbotsleigh 2021 P2 (Adv.).pdf (327 KB)  [done 62, left 1791]
2026-07-02 12:04:32  OK English/Y12-Trial-P2-Std/Killara 2019 P2 (Std.).pdf (85 KB)  [done 63, left 1790]
2026-07-02 12:05:01  OK Maths Standard 2/Y11-Yearly/Epping Boys 2006 w. sol.pdf (402 KB)  [done 64, left 1789]
2026-07-02 12:05:32  OK Maths Extension 2/Y12-Trial/Abbotsleigh 2008 w. sol.pdf (302 KB)  [done 65, left 1788]
2026-07-02 12:06:03  OK Maths Standard 2/Y12-Trial/Abbotsleigh 2025.pdf (1193 KB)  [done 66, left 1787]
2026-07-02 12:06:33  OK Maths Extension 2/Y12-HSC/1971 HSC.pdf (51 KB)  [done 67, left 1786]
2026-07-02 12:07:04  OK Maths Accelerated/Y11-Yearly/Sydney Boys 2013 w. sol.pdf (1155 KB)  [done 68, left 1785]
2026-07-02 12:07:34  OK English/Y12-Trial-P1/Ascham 2019 P1.pdf (417 KB)  [done 69, left 1784]
2026-07-02 12:08:03  OK English/Y12-Trial-P2-Std/Killara 2020 P2 (Std.).pdf (223 KB)  [done 70, left 1783]
2026-07-02 12:08:31  base 5310 throttled -> cooldown 1800s (Maths Standard 2/Y12-HSC/2001 Marking Guidelines.pdf)
2026-07-02 12:09:01  OK Maths Standard 2/Y11-Yearly/Epping Boys 2009 w. sol.pdf (730 KB)  [done 71, left 1782]
2026-07-02 12:09:32  OK Maths Extension 2/Y12-Trial/Abbotsleigh 2010 w. sol.pdf (1827 KB)  [done 72, left 1781]
2026-07-02 12:10:04  OK Physics/Y12-Trial/Barker 2003.pdf (1510 KB)  [done 73, left 1780]
2026-07-02 12:10:35  OK English/Y12-Trial-P1/Ascham 2022 P1.pdf (742 KB)  [done 74, left 1779]
2026-07-02 12:11:07  OK English/Y12-Trial-P2-Std/Killara 2021 P2 (Std.).pdf (227 KB)  [done 75, left 1778]
2026-07-02 12:11:40  OK Maths Standard 2/Y12-Trial/Ascham 2019 w. sol.pdf (2283 KB)  [done 76, left 1777]
2026-07-02 12:12:10  OK Maths Extension 2/Y12-HSC/1972 HSC.pdf (53 KB)  [done 77, left 1776]
2026-07-02 12:12:42  OK Maths Extension 2/Y12-Trial/Abbotsleigh 2011 w. sol.pdf (1547 KB)  [done 78, left 1775]
2026-07-02 12:13:14  OK Maths Accelerated/Y11-Yearly/Sydney Boys 2014 w. sol.pdf (1599 KB)  [done 79, left 1774]
2026-07-02 12:13:49  OK Physics/Y12-Trial/Barker 2020 w. sol.pdf (2638 KB)  [done 80, left 1773]
2026-07-02 12:14:19  OK English/Y12-Trial-P1/Ascham 2023 P1.pdf (659 KB)  [done 81, left 1772]
2026-07-02 12:14:49  OK English/Y12-Trial-P2-Std/Knox 2021 P2 (Std.).pdf (314 KB)  [done 82, left 1771]
2026-07-02 12:15:19  OK Maths Standard 2/Y12-Trial/Ascham 2020.pdf (968 KB)  [done 83, left 1770]
2026-07-02 12:15:48  OK Maths Extension 2/Y12-HSC/1973 HSC.pdf (53 KB)  [done 84, left 1769]
2026-07-02 12:16:19  OK Maths Accelerated/Y11-Yearly/Sydney Boys 2015 w. sol.pdf (1160 KB)  [done 85, left 1768]
2026-07-02 12:16:52  OK Physics/Y12-Trial/Barker 2021.pdf (1918 KB)  [done 86, left 1767]
2026-07-02 12:17:24  OK English/Y12-Trial-P1/Barker 2019 P1.pdf (1183 KB)  [done 87, left 1766]
2026-07-02 12:17:53  OK English/Y12-Trial-P2-Std/Newington 2021 P2 (Std.).pdf (751 KB)  [done 88, left 1765]
2026-07-02 12:18:22  OK English Extension 1/Y12-Trial/Ascham 2012.pdf (166 KB)  [done 89, left 1764]
2026-07-02 12:18:52  OK Maths Extension 2/Y12-HSC/1974 HSC.pdf (50 KB)  [done 90, left 1763]
2026-07-02 12:19:23  OK Maths Standard 2/Y11-Yearly/Kings 2016 w. sol.pdf (852 KB)  [done 91, left 1762]
2026-07-02 12:19:53  OK Maths Extension 2/Y12-Trial/Abbotsleigh 2016 w. sol.pdf (623 KB)  [done 92, left 1761]
2026-07-02 12:20:27  OK Maths Accelerated/Y11-Yearly/Sydney Boys 2016 w. sol.pdf (5395 KB)  [done 93, left 1760]
2026-07-02 12:20:55  base 2720 throttled -> cooldown 1800s (English/Y12-HSC/2001 HSC Paper 1.pdf)
2026-07-02 12:21:29  OK Physics/Y11-Yearly/Hornsby Girls 2018 w. sol.pdf (2221 KB)  [done 94, left 1759]
2026-07-02 12:21:58  OK English Extension 1/Y12-Trial/Barker 2012.pdf (204 KB)  [done 95, left 1758]
2026-07-02 12:22:30  OK Maths Standard 2/Y11-Yearly/Kings 2017 w. sol.pdf (1496 KB)  [done 96, left 1757]
2026-07-02 12:23:02  OK Maths Standard 2/Y12-Trial/Ascham 2021 w. sol.pdf (2132 KB)  [done 97, left 1756]
2026-07-02 12:23:35  OK Maths Extension 2/Y12-Trial/Abbotsleigh 2021 w. sol.pdf (2385 KB)  [done 98, left 1755]
2026-07-02 12:24:07  OK Maths Accelerated/Y11-Yearly/Sydney Boys 2017 w. sol.pdf (1624 KB)  [done 99, left 1754]
2026-07-02 12:24:37  OK Physics/Y12-Trial/Baulkham Hills 2002.pdf (972 KB)  [done 100, left 1753]
2026-07-02 12:25:07  OK English/Y12-Trial-P1/Barker 2020 P1.pdf (220 KB)  [done 101, left 1752]
2026-07-02 12:25:36  OK Maths Extension 2/Y12-HSC/1975 HSC.pdf (48 KB)  [done 102, left 1751]
2026-07-02 12:26:11  OK Physics/Y11-Yearly/Hornsby Girls 2019 w. sol.pdf (2390 KB)  [done 103, left 1750]
2026-07-02 12:26:39  OK English/Y12-Trial-P2-Std/Newington 2022 P2 (Std.).pdf (287 KB)  [done 104, left 1749]
2026-07-02 12:27:10  OK English/Y12-Trial-P2-Adv/Abbotsleigh 2022 P2 (Adv.).pdf (446 KB)  [done 105, left 1748]
2026-07-02 12:27:40  OK English Extension 1/Y12-Trial/Barker 2019.pdf (592 KB)  [done 106, left 1747]
2026-07-02 12:28:24  OK Maths Standard 2/Y12-Trial/Ascham 2022 w. sol.pdf (10260 KB)  [done 107, left 1746]
2026-07-02 12:28:40  === round-robin downloader start (filter=ALL) ===
2026-07-02 12:28:49  resume: 153 already on disk, 0 direct. 3989 to fetch via 19 bases.
2026-07-02 12:29:00  OK Maths Advanced/Y12-HSC/1967 HSC.pdf (194 KB)  [done 1, left 3988]
2026-07-02 12:29:30  OK Maths Advanced/Y12-Trial/Abbotsleigh 1991 w. sol.pdf (375 KB)  [done 2, left 3987]
2026-07-02 12:30:08  OK Maths Advanced/Y11-Yearly/Abbotsleigh 2020.pdf (1850 KB)  [done 3, left 3986]
2026-07-02 12:30:36  base 6520 throttled -> cooldown 1800s (Physics/Y12-HSC/2013 Marking Guidelines.pdf)
2026-07-02 12:31:10  OK Physics/Y11-Yearly/Hornsby Girls 2020 w. sol.pdf (1591 KB)  [done 4, left 3985]
2026-07-02 12:31:37  base 2720 throttled -> cooldown 1800s (English/Y12-HSC/2001 HSC Paper 1.pdf)
2026-07-02 12:32:07  OK English/Y12-Trial-P1/Barker 2021 P1.pdf (589 KB)  [done 5, left 3984]
2026-07-02 12:32:36  OK English/Y12-Trial-P2-Std/Riverview 2020 P2 (Std.).pdf (418 KB)  [done 6, left 3983]
2026-07-02 12:33:06  OK English Extension 1/Y12-Trial/Barker 2020.pdf (319 KB)  [done 7, left 3982]
2026-07-02 12:33:50  OK Maths Standard 2/Y12-Trial/Ascham 2023 w. sol.pdf (11669 KB)  [done 8, left 3981]
2026-07-02 12:34:19  OK Maths Standard 2/Y11-Yearly/Trinity Grammar 2009.pdf (297 KB)  [done 9, left 3980]
2026-07-02 12:34:48  OK Maths Extension 2/Y12-HSC/1976 HSC.pdf (49 KB)  [done 10, left 3979]
2026-07-02 12:35:26  OK Maths Extension 2/Y12-Trial/Abbotsleigh 2023 w. sol.pdf (5040 KB)  [done 11, left 3978]
2026-07-02 12:35:56  OK Maths Advanced/Y12-HSC/1968 HSC.pdf (198 KB)  [done 12, left 3977]
2026-07-02 12:36:29  OK Maths Advanced/Y12-Trial/Abbotsleigh 2001.pdf (2394 KB)  [done 13, left 3976]
2026-07-02 12:37:00  OK Maths Advanced/Y11-Yearly/Abbotsleigh 2024.pdf (635 KB)  [done 14, left 3975]
2026-07-02 12:37:33  OK Physics/Y12-Trial/Baulkham Hills 2010 w. sol.pdf (1623 KB)  [done 15, left 3974]
2026-07-02 12:38:03  OK English/Y12-Trial-P1/Barker 2022 P1.pdf (535 KB)  [done 16, left 3973]
2026-07-02 12:38:32  OK English/Y12-Trial-P2-Adv/Abbotsleigh 2024 P2 (Adv.).pdf (235 KB)  [done 17, left 3972]
2026-07-02 12:38:59  base 5310 throttled -> cooldown 1800s (Maths Standard 2/Y12-HSC/2001 Marking Guidelines.pdf)
2026-07-02 12:39:39  OK Maths Standard 2/Y12-Trial/Ascham 2024 w. sol.pdf (7338 KB)  [done 18, left 3971]
2026-07-02 12:40:10  OK English/Y12-Trial-P2-Std/Shore 2020 P2 (Std.).pdf (603 KB)  [done 19, left 3970]
2026-07-02 12:40:40  OK English Extension 1/Y12-Trial/Baulkham Hills 2020.pdf (522 KB)  [done 20, left 3969]
2026-07-02 12:41:09  OK Maths Standard 2/Y11-Yearly/Trinity Grammar 2010.pdf (309 KB)  [done 21, left 3968]
2026-07-02 12:41:39  OK Maths Advanced/Y12-HSC/1969 HSC.pdf (199 KB)  [done 22, left 3967]
2026-07-02 12:42:11  OK Maths Advanced/Y11-Yearly/Ascham 2019 w. sol.pdf (1155 KB)  [done 23, left 3966]
2026-07-02 12:42:42  OK Physics/Y12-Trial/Baulkham Hills 2011 w. sol.pdf (1723 KB)  [done 24, left 3965]
2026-07-02 12:43:13  OK English/Y12-Trial-P1/Baulkham Hills 2019 P1.pdf (1104 KB)  [done 25, left 3964]
2026-07-02 12:43:42  OK English/Y12-Trial-P2-Std/Shore 2021 P2 (Std.).pdf (276 KB)  [done 26, left 3963]
2026-07-02 12:44:28  OK Maths Extension 2/Y12-Trial/Abbotsleigh 2024 w. sol.pdf (7827 KB)  [done 27, left 3962]
2026-07-02 12:44:58  OK English Extension 1/Y12-Trial/Caringbah 2025.pdf (357 KB)  [done 28, left 3961]
2026-07-02 12:45:36  OK Maths Standard 2/Y12-Trial/Ascham 2025 w. sol.pdf (3999 KB)  [done 29, left 3960]
2026-07-02 12:46:05  OK Maths Extension 2/Y12-HSC/1977 HSC.pdf (46 KB)  [done 30, left 3959]
2026-07-02 12:46:33  OK Maths Extension 1/Y12-Trial/Abbotsleigh 1990.pdf (90 KB)  [done 31, left 3958]
2026-07-02 12:47:04  OK Maths Extension 1/Y11-Yearly/Abbotsleigh 2024.pdf (635 KB)  [done 32, left 3957]
2026-07-02 12:47:41  OK Physics/Y11-Yearly/Hornsby Girls 2022 w. sol.pdf (5155 KB)  [done 33, left 3956]
2026-07-02 12:48:10  OK Maths Advanced/Y12-HSC/1970 HSC.pdf (234 KB)  [done 34, left 3955]
2026-07-02 12:48:39  OK Maths Advanced/Y12-Trial/Abbotsleigh 2003 w. sol.pdf (183 KB)  [done 35, left 3954]
2026-07-02 12:49:11  OK Maths Extension 2/Y12-HSC/1978 HSC.pdf (48 KB)  [done 36, left 3953]
2026-07-02 12:49:45  OK Maths Extension 2/Y12-Trial/Abbotsleigh 2025 w. sol.pdf (1819 KB)  [done 37, left 3952]
2026-07-02 12:50:16  OK Physics/Y12-Trial/Baulkham Hills 2021 w. sol.pdf (1087 KB)  [done 38, left 3951]
2026-07-02 12:50:45  OK Maths Extension 1/Y12-HSC/1967 HSC.pdf (139 KB)  [done 39, left 3950]
2026-07-02 12:51:15  OK Maths Extension 1/Y12-Trial/Abbotsleigh 1999 w. sol.pdf (340 KB)  [done 40, left 3949]
2026-07-02 12:51:44  OK English Extension 1/Y12-Trial/Cherrybrook Tech 2022.pdf (224 KB)  [done 41, left 3948]
2026-07-02 12:52:13  OK Maths Extension 2/Y12-HSC/1979 HSC.pdf (52 KB)  [done 42, left 3947]
2026-07-02 12:52:42  OK Maths Advanced/Y12-HSC/1971 HSC.pdf (235 KB)  [done 43, left 3946]
2026-07-02 12:53:12  OK Maths Advanced/Y11-Yearly/Barker 2021 w. sol.pdf (752 KB)  [done 44, left 3945]
2026-07-02 12:53:42  OK Maths Extension 1/Y11-Yearly/Barker 2017 w. sol.pdf (767 KB)  [done 45, left 3944]
2026-07-02 12:54:12  OK Physics/Y12-Trial/Caringbah 2009.pdf (1086 KB)  [done 46, left 3943]
2026-07-02 12:54:42  OK English/Y12-Trial-P1/Baulkham Hills 2020 P1.pdf (493 KB)  [done 47, left 3942]
2026-07-02 12:55:12  OK English Extension 1/Y12-Trial/Cranbrook 2019.pdf (346 KB)  [done 48, left 3941]
2026-07-02 12:55:44  OK Maths Standard 2/Y12-Trial/Barker 2019 w. sol.pdf (1563 KB)  [done 49, left 3940]
2026-07-02 12:56:13  OK Maths Extension 2/Y12-HSC/1980 HSC.pdf (51 KB)  [done 50, left 3939]
2026-07-02 12:56:43  OK Maths Extension 2/Y12-Trial/Ascham 1986.pdf (361 KB)  [done 51, left 3938]
2026-07-02 12:57:12  OK Maths Advanced/Y12-HSC/1972 HSC.pdf (240 KB)  [done 52, left 3937]
2026-07-02 12:57:42  OK Maths Advanced/Y12-Trial/Abbotsleigh 2004 w. sol.pdf (531 KB)  [done 53, left 3936]
2026-07-02 12:58:16  OK Maths Advanced/Y11-Yearly/Barker 2024 w. sol.pdf (1820 KB)  [done 54, left 3935]
2026-07-02 12:58:46  OK Physics/Y12-Trial/Caringbah 2010.pdf (749 KB)  [done 55, left 3934]
2026-07-02 12:59:23  OK English/Y12-Trial-P1/Baulkham Hills 2022 P1.pdf (605 KB)  [done 56, left 3933]
2026-07-02 13:00:01  OK Maths Extension 2/Y12-Trial/Ascham 1994.pdf (318 KB)  [done 57, left 3932]
2026-07-02 13:00:36  OK Maths Advanced/Y12-HSC/1973 HSC.pdf (275 KB)  [done 58, left 3931]
2026-07-02 13:01:06  OK Physics/Y11-Yearly/Hurlstone 2005 w. sol.pdf (736 KB)  [done 59, left 3930]
2026-07-02 13:01:37  OK English/Y12-Trial-P2-Adv/Abbotsleigh 2025 P2 (Adv.).pdf (289 KB)  [done 60, left 3929]
2026-07-02 13:02:10  OK Maths Advanced/Y11-Yearly/Baulkham Hills 2008 w. sol.pdf (3180 KB)  [done 61, left 3928]
2026-07-02 13:02:38  base 6520 throttled -> cooldown 1800s (Physics/Y12-HSC/2013 Marking Guidelines.pdf)
2026-07-02 13:03:09  OK Maths Extension 2/Y12-Trial/Ascham 1999 w. sol.pdf (1479 KB)  [done 62, left 3927]
2026-07-02 13:03:40  OK Maths Advanced/Y12-HSC/1974 HSC.pdf (263 KB)  [done 63, left 3926]
2026-07-02 13:04:10  OK Maths Advanced/Y12-Trial/Abbotsleigh 2006 w. sol.pdf (454 KB)  [done 64, left 3925]
2026-07-02 13:04:42  OK Maths Extension 1/Y11-Yearly/Barker 2023 w. sol.pdf (2258 KB)  [done 65, left 3924]
2026-07-02 13:05:13  OK Physics/Y12-Trial/Caringbah 2011.pdf (1034 KB)  [done 66, left 3923]
2026-07-02 13:05:44  OK Maths Extension 1/Y12-HSC/1968 HSC.pdf (202 KB)  [done 67, left 3922]
2026-07-02 13:06:14  OK Maths Advanced/Y11-Yearly/Baulkham Hills 2009 w. sol.pdf (1269 KB)  [done 68, left 3921]
2026-07-02 13:06:48  OK Physics/Y11-Yearly/Hurlstone 2006 w. sol.pdf (719 KB)  [done 69, left 3920]
2026-07-02 13:07:18  OK English Extension 1/Y12-Trial/Cranbrook 2020.pdf (450 KB)  [done 70, left 3919]
2026-07-02 13:07:46  base 2720 throttled -> cooldown 1800s (English/Y12-HSC/2001 HSC Paper 1.pdf)
2026-07-02 13:08:21  OK English/Y12-Trial-P1/Caringbah 2024 P1.pdf (381 KB)  [done 71, left 3918]
2026-07-02 13:08:53  OK Maths Extension 2/Y12-Trial/Ascham 2001 w. sol.pdf (428 KB)  [done 72, left 3917]
2026-07-02 13:09:23  OK Maths Extension 1/Y11-Yearly/Baulkham Hills 2006 w. sol.pdf (369 KB)  [done 73, left 3916]
2026-07-02 13:09:58  OK Physics/Y11-Yearly/Hurlstone 2007 w. sol.pdf (583 KB)  [done 74, left 3915]
2026-07-02 13:10:26  OK Maths Advanced/Y12-Trial/Abbotsleigh 2007 w. sol.pdf (156 KB)  [done 75, left 3914]
2026-07-02 13:10:56  OK Maths Advanced/Y11-Yearly/Baulkham Hills 2010 w. sol.pdf (206 KB)  [done 76, left 3913]
2026-07-02 13:11:25  OK Maths Extension 1/Y12-HSC/1969 HSC.pdf (164 KB)  [done 77, left 3912]
2026-07-02 13:12:25  OK Physics/Y12-Trial/Caringbah 2012.pdf (1078 KB)  [done 78, left 3911]
2026-07-02 13:12:55  OK English Extension 1/Y12-Trial/Danebank 2020.pdf (851 KB)  [done 79, left 3910]
2026-07-02 13:13:23  base 5310 throttled -> cooldown 1800s (Maths Standard 2/Y12-HSC/2001 Marking Guidelines.pdf)
2026-07-02 13:13:59  OK Maths Standard 2/Y12-Trial/Barker 2020 w. sol.pdf (2815 KB)  [done 80, left 3909]
2026-07-02 13:14:28  OK Maths Extension 2/Y12-HSC/1981 HSC.pdf (73 KB)  [done 81, left 3908]
2026-07-02 13:15:08  OK English/Y12-Trial-P1/Cheltenham Girls 2022 P1.pdf (4221 KB)  [done 82, left 3907]
2026-07-02 13:15:38  OK Maths Advanced/Y12-HSC/1975 HSC.pdf (314 KB)  [done 83, left 3906]
2026-07-02 13:16:08  OK Maths Extension 2/Y12-Trial/Ascham 2002 w. sol.pdf (402 KB)  [done 84, left 3905]
2026-07-02 13:16:37  OK Maths Extension 1/Y12-HSC/1970 HSC.pdf (155 KB)  [done 85, left 3904]
2026-07-02 13:17:07  OK Maths Extension 1/Y12-Trial/Abbotsleigh 2001 w. sol.pdf (358 KB)  [done 86, left 3903]
2026-07-02 13:17:37  OK Maths Extension 1/Y11-Yearly/Baulkham Hills 2007 w. sol.pdf (374 KB)  [done 87, left 3902]
2026-07-02 13:18:08  OK Physics/Y11-Yearly/Hurlstone 2008 w. sol.pdf (1070 KB)  [done 88, left 3901]
2026-07-02 13:18:39  OK English/Y12-Trial-P1/Cheltenham Girls 2023 P1.pdf (918 KB)  [done 89, left 3900]
2026-07-02 13:19:09  OK English Extension 1/Y12-Trial/Fort St 2020.pdf (249 KB)  [done 90, left 3899]
2026-07-02 13:19:45  OK Maths Standard 2/Y12-Trial/Barker 2021 w. sol.pdf (3316 KB)  [done 91, left 3898]
2026-07-02 13:20:14  OK English/Y12-Trial-P2-Adv/Ascham 2010 P2 (Adv.).pdf (411 KB)  [done 92, left 3897]
2026-07-02 13:20:43  OK Maths Extension 2/Y12-HSC/1982 HSC.pdf (61 KB)  [done 93, left 3896]
2026-07-02 13:21:12  OK Maths Advanced/Y12-HSC/1976 HSC.pdf (99 KB)  [done 94, left 3895]
2026-07-02 13:21:44  OK Maths Advanced/Y12-Trial/Abbotsleigh 2010 w. sol.pdf (1641 KB)  [done 95, left 3894]
2026-07-02 13:22:14  OK Maths Advanced/Y11-Yearly/Baulkham Hills 2011 w. sol.pdf (656 KB)  [done 96, left 3893]
2026-07-02 13:22:44  OK Physics/Y12-Trial/Caringbah 2013.pdf (700 KB)  [done 97, left 3892]
2026-07-02 13:23:15  OK English/Y12-Trial-P1/Cherrybrook Tech 2019 P1.pdf (795 KB)  [done 98, left 3891]
2026-07-02 13:23:44  OK English Extension 1/Y12-Trial/Girraween 2025.pdf (453 KB)  [done 99, left 3890]
2026-07-02 13:24:20  OK Maths Standard 2/Y12-Trial/Barker 2022 w. sol.pdf (2611 KB)  [done 100, left 3889]
2026-07-02 13:24:53  OK Physics/Y11-Yearly/Hurlstone 2022.pdf (1054 KB)  [done 101, left 3888]
2026-07-02 13:25:22  OK English/Y12-Trial-P2-Adv/Ascham 2012 P2 (Adv.).pdf (118 KB)  [done 102, left 3887]
2026-07-02 13:25:51  OK Maths Extension 2/Y12-HSC/1983 HSC.pdf (57 KB)  [done 103, left 3886]
2026-07-02 13:26:21  OK Maths Extension 2/Y12-Trial/Ascham 2003 w. sol.pdf (434 KB)  [done 104, left 3885]
2026-07-02 13:26:59  OK Maths Advanced/Y12-Trial/Abbotsleigh 2011 w. sol.pdf (1141 KB)  [done 105, left 3884]
2026-07-02 13:27:28  OK Maths Extension 1/Y12-HSC/1971 HSC.pdf (182 KB)  [done 106, left 3883]
2026-07-02 13:27:59  OK Maths Advanced/Y11-Yearly/Baulkham Hills 2012 w. sol.pdf (806 KB)  [done 107, left 3882]
2026-07-02 13:28:29  OK Physics/Y12-Trial/Caringbah 2014.pdf (442 KB)  [done 108, left 3881]
2026-07-02 13:28:59  OK English/Y12-Trial-P1/Cherrybrook Tech 2022 P1.pdf (376 KB)  [done 109, left 3880]
2026-07-02 13:29:34  OK Maths Extension 2/Y12-HSC/1984 HSC.pdf (76 KB)  [done 110, left 3879]
2026-07-02 13:30:04  OK English/Y12-Trial-P2-Adv/Ascham 2022 P2 (Adv.).pdf (269 KB)  [done 111, left 3878]
2026-07-02 13:30:33  OK Maths Advanced/Y12-HSC/1977 HSC.pdf (97 KB)  [done 112, left 3877]
2026-07-02 13:31:04  OK Maths Advanced/Y12-Trial/Abbotsleigh 2016 w. sol.pdf (922 KB)  [done 113, left 3876]
2026-07-02 13:31:33  OK Maths Advanced/Y11-Yearly/Baulkham Hills 2013 w. sol.pdf (273 KB)  [done 114, left 3875]
2026-07-02 13:32:05  OK Physics/Y12-Trial/Caringbah 2017 w. sol.pdf (1547 KB)  [done 115, left 3874]
2026-07-02 13:32:34  OK English/Y12-Trial-P1/Cherrybrook Tech 2023 P1.pdf (788 KB)  [done 116, left 3873]
2026-07-02 13:33:04  OK Maths Extension 1/Y11-Yearly/Baulkham Hills 2008 w. sol.pdf (284 KB)  [done 117, left 3872]
2026-07-02 13:33:33  base 6520 throttled -> cooldown 1800s (Physics/Y12-HSC/2013 Marking Guidelines.pdf)
2026-07-02 13:34:02  OK Physics/Y11-Yearly/James Ruse 2002.pdf (148 KB)  [done 118, left 3871]
2026-07-02 13:34:31  OK English/Y12-Trial-P2-Adv/Ascham 2023 P2 (Adv.).pdf (358 KB)  [done 119, left 3870]
2026-07-02 13:35:00  OK English Extension 1/Y12-Trial/Hornsby Girls 2023.pdf (149 KB)  [done 120, left 3869]
2026-07-02 13:35:33  OK Maths Standard 2/Y12-Trial/Barker 2023 w. sol.pdf (1213 KB)  [done 121, left 3868]
2026-07-02 13:36:03  OK Maths Extension 2/Y12-HSC/1985 HSC.pdf (64 KB)  [done 122, left 3867]
2026-07-02 13:36:32  OK Maths Extension 1/Y12-Trial/Abbotsleigh 2002 w. sol.pdf (380 KB)  [done 123, left 3866]
2026-07-02 13:37:02  OK Maths Extension 1/Y11-Yearly/Baulkham Hills 2009 w. sol.pdf (334 KB)  [done 124, left 3865]
2026-07-02 13:37:31  OK Physics/Y11-Yearly/James Ruse 2003.pdf (67 KB)  [done 125, left 3864]
2026-07-02 13:38:10  OK Maths Advanced/Y12-Trial/Abbotsleigh 2020 w. sol.pdf (4557 KB)  [done 126, left 3863]
2026-07-02 13:38:39  OK Maths Extension 1/Y12-HSC/1972 HSC.pdf (192 KB)  [done 127, left 3862]
2026-07-02 13:39:09  OK Maths Advanced/Y11-Yearly/Baulkham Hills 2014 w. sol.pdf (538 KB)  [done 128, left 3861]
2026-07-02 13:39:42  OK Physics/Y12-Trial/Caringbah 2020 w. sol.pdf (2084 KB)  [done 129, left 3860]
2026-07-02 13:40:10  base 2720 throttled -> cooldown 1800s (English/Y12-HSC/2001 HSC Paper 1.pdf)
2026-07-02 13:40:50  OK Maths Standard 2/Y12-Trial/Barker 2024 w. sol.pdf (3157 KB)  [done 130, left 3859]
2026-07-02 13:41:26  OK English/Y12-Trial-P1/Cranbrook 2019 P1.pdf (552 KB)  [done 131, left 3858]
2026-07-02 13:41:56  OK English/Y12-Trial-P2-Adv/Asquith Girls 2009 P2 (Adv.).pdf (194 KB)  [done 132, left 3857]
2026-07-02 13:42:27  OK English Extension 1/Y12-Trial/James Ruse 2015.pdf (328 KB)  [done 133, left 3856]
2026-07-02 13:42:58  OK Maths Extension 1/Y12-HSC/1973 HSC.pdf (206 KB)  [done 134, left 3855]
2026-07-02 13:43:29  OK Maths Extension 2/Y12-Trial/Ascham 2004.pdf (453 KB)  [done 135, left 3854]
2026-07-02 13:43:59  OK Maths Advanced/Y11-Yearly/Baulkham Hills 2015 w. sol.pdf (597 KB)  [done 136, left 3853]
2026-07-02 13:44:29  OK Physics/Y12-Trial/Caringbah 2022.pdf (974 KB)  [done 137, left 3852]
2026-07-02 13:44:58  OK English/Y12-Trial-P1/Cranbrook 2020 P1.pdf (454 KB)  [done 138, left 3851]
2026-07-02 13:45:26  OK English Extension 1/Y12-Trial/James Ruse 2020.pdf (296 KB)  [done 139, left 3850]
2026-07-02 13:45:54  base 5310 throttled -> cooldown 1800s (Maths Standard 2/Y12-HSC/2001 Marking Guidelines.pdf)
2026-07-02 13:46:24  OK Maths Extension 2/Y12-HSC/1986 HSC.pdf (68 KB)  [done 140, left 3849]
2026-07-02 13:46:53  OK Maths Extension 2/Y12-Trial/Ascham 2005.pdf (122 KB)  [done 141, left 3848]
2026-07-02 13:47:23  OK Maths Advanced/Y12-HSC/1978 HSC.pdf (125 KB)  [done 142, left 3847]
2026-07-02 13:47:54  OK Maths Advanced/Y12-Trial/Abbotsleigh 2021 w. sol.pdf (1401 KB)  [done 143, left 3846]
2026-07-02 13:48:24  OK Maths Advanced/Y11-Yearly/Baulkham Hills 2016 w. sol.pdf (1025 KB)  [done 144, left 3845]
2026-07-02 13:48:54  OK Maths Extension 1/Y12-HSC/1974 HSC.pdf (188 KB)  [done 145, left 3844]
2026-07-02 13:49:25  OK Maths Extension 1/Y11-Yearly/Baulkham Hills 2010 w. sol.pdf (2259 KB)  [done 146, left 3843]
2026-07-02 13:49:57  OK Physics/Y11-Yearly/James Ruse 2008.pdf (1380 KB)  [done 147, left 3842]
2026-07-02 13:50:27  OK English/Y12-Trial-P1/Fort St 2019 P1.pdf (721 KB)  [done 148, left 3841]
2026-07-02 13:50:57  OK English/Y12-Trial-P2-Adv/Asquith Girls 2010 P2 (Adv.).pdf (161 KB)  [done 149, left 3840]
2026-07-02 13:51:26  OK English Extension 1/Y12-Trial/James Ruse 2025.pdf (223 KB)  [done 150, left 3839]
2026-07-02 13:51:59  OK Maths Standard 2/Y12-Trial/Barker 2025 w. sol.pdf (2014 KB)  [done 151, left 3838]
2026-07-02 13:52:28  OK Maths Extension 2/Y12-HSC/1987 HSC.pdf (59 KB)  [done 152, left 3837]
2026-07-02 13:52:59  OK Maths Extension 2/Y12-Trial/Ascham 2010 w. sol.pdf (818 KB)  [done 153, left 3836]
2026-07-02 13:53:29  OK Maths Advanced/Y12-HSC/1979 HSC.pdf (140 KB)  [done 154, left 3835]
2026-07-02 13:54:08  OK Maths Advanced/Y12-Trial/Abbotsleigh 2023 w. sol.pdf (4975 KB)  [done 155, left 3834]
2026-07-02 13:54:44  OK Physics/Y12-Trial/Caringbah 2023 w. sol.pdf (3058 KB)  [done 156, left 3833]
2026-07-02 13:55:14  OK English/Y12-Trial-P1/Fort St 2020 P1.pdf (935 KB)  [done 157, left 3832]
2026-07-02 13:55:44  OK English Extension 1/Y12-Trial/Kambala 2020.pdf (448 KB)  [done 158, left 3831]
2026-07-02 13:56:21  OK Maths Standard 2/Y12-Trial/Blacktown Boys 2020 w. sol.pdf (6678 KB)  [done 159, left 3830]
2026-07-02 13:56:50  OK Maths Extension 2/Y12-HSC/1988 HSC.pdf (137 KB)  [done 160, left 3829]
2026-07-02 13:57:21  OK Maths Extension 2/Y12-Trial/Ascham 2011 w. sol.pdf (1233 KB)  [done 161, left 3828]
2026-07-02 13:57:51  OK Maths Advanced/Y12-HSC/1980 HSC.pdf (127 KB)  [done 162, left 3827]
2026-07-02 13:58:31  OK Maths Advanced/Y12-Trial/Abbotsleigh 2024 w. sol.pdf (3838 KB)  [done 163, left 3826]
2026-07-02 13:59:01  OK Maths Advanced/Y11-Yearly/Baulkham Hills 2017 w. sol.pdf (483 KB)  [done 164, left 3825]
2026-07-02 14:00:01  OK Physics/Y12-Trial/Cheltenham Girls 2001.pdf (991 KB)  [done 165, left 3824]
2026-07-02 14:00:30  OK Maths Extension 2/Y12-HSC/1989 HSC.pdf (124 KB)  [done 166, left 3823]
2026-07-02 14:01:00  OK English/Y12-Trial-P1/Fort St 2021 P1.pdf (682 KB)  [done 167, left 3822]
2026-07-02 14:01:30  OK English/Y12-Trial-P2-Adv/Asquith Girls 2011 P2 (Adv.).pdf (502 KB)  [done 168, left 3821]
2026-07-02 14:01:59  OK English Extension 1/Y12-Trial/Kambala 2025.pdf (111 KB)  [done 169, left 3820]
2026-07-02 14:02:31  OK Maths Standard 2/Y12-Trial/Blacktown Boys 2022 w. sol.pdf (1710 KB)  [done 170, left 3819]
2026-07-02 14:03:12  OK Maths Extension 2/Y12-Trial/Ascham 2012.pdf (648 KB)  [done 171, left 3818]
2026-07-02 14:03:41  OK Maths Advanced/Y11-Yearly/Baulkham Hills 2018 w. sol.pdf (528 KB)  [done 172, left 3817]
2026-07-02 14:04:11  base 6520 throttled -> cooldown 1800s (Physics/Y12-HSC/2013 Marking Guidelines.pdf)
2026-07-02 14:04:45  OK Physics/Y11-Yearly/James Ruse 2015 w. sol.pdf (2676 KB)  [done 173, left 3816]
2026-07-02 14:05:16  OK English/Y12-Trial-P2-Adv/Barker 2009 P2 (Adv.).pdf (241 KB)  [done 174, left 3815]
2026-07-02 14:05:47  OK Maths Extension 1/Y11-Yearly/Baulkham Hills 2011 w. sol.pdf (655 KB)  [done 175, left 3814]
2026-07-02 14:06:16  OK Maths Extension 2/Y12-HSC/1990 HSC.pdf (101 KB)  [done 176, left 3813]
2026-07-02 14:06:48  OK English/Y12-Trial-P1/Fort St 2022 P1.pdf (1159 KB)  [done 177, left 3812]
2026-07-02 14:07:21  OK Maths Standard 2/Y12-Trial/Blacktown Boys 2023 w. sol.pdf (1582 KB)  [done 178, left 3811]
2026-07-02 14:07:51  OK English Extension 1/Y12-Trial/Kincoppal 2020.pdf (321 KB)  [done 179, left 3810]
2026-07-02 14:08:21  OK Maths Advanced/Y12-HSC/1981 HSC.pdf (302 KB)  [done 180, left 3809]
2026-07-02 14:08:52  OK Maths Advanced/Y12-Trial/Abbotsleigh 2025.pdf (842 KB)  [done 181, left 3808]
2026-07-02 14:09:22  OK Maths Advanced/Y11-Yearly/Baulkham Hills 2019 w. sol.pdf (635 KB)  [done 182, left 3807]
2026-07-02 14:09:54  OK Physics/Y12-Trial/Cheltenham Girls 2002.pdf (654 KB)  [done 183, left 3806]
2026-07-02 14:10:28  OK Physics/Y11-Yearly/James Ruse 2016 w. sol.pdf (1065 KB)  [done 184, left 3805]
2026-07-02 14:10:56  OK English Extension 1/Y12-Trial/Knox 2025.pdf (158 KB)  [done 185, left 3804]
2026-07-02 14:11:28  OK English/Y12-Trial-P1/Fort St 2023 P1.pdf (1420 KB)  [done 186, left 3803]
2026-07-02 14:11:58  OK Maths Extension 2/Y12-HSC/1991 HSC.pdf (93 KB)  [done 187, left 3802]
2026-07-02 14:12:28  OK English/Y12-Trial-P2-Adv/Barker 2010 P2 (Adv.).pdf (641 KB)  [done 188, left 3801]
2026-07-02 14:13:05  OK Maths Standard 2/Y12-Trial/Blacktown Boys 2024 w. sol.pdf (4463 KB)  [done 189, left 3800]
2026-07-02 14:13:34  OK Maths Extension 1/Y12-HSC/1975 HSC.pdf (174 KB)  [done 190, left 3799]
2026-07-02 14:14:03  OK Maths Extension 1/Y12-Trial/Abbotsleigh 2003 w. sol.pdf (193 KB)  [done 191, left 3798]
2026-07-02 14:14:33  OK Maths Extension 1/Y11-Yearly/Baulkham Hills 2012 w. sol.pdf (287 KB)  [done 192, left 3797]
2026-07-02 14:15:10  OK Maths Advanced/Y11-Yearly/Baulkham Hills 2020 w. sol.pdf (6545 KB)  [done 193, left 3796]
2026-07-02 14:15:39  OK English/Y12-Trial-P1/Fort St 2024 P1.pdf (426 KB)  [done 194, left 3795]
2026-07-02 14:16:09  OK English Extension 1/Y12-Trial/Newington 2020.pdf (266 KB)  [done 195, left 3794]
2026-07-02 14:16:39  OK Maths Extension 1/Y12-HSC/1976 HSC.pdf (171 KB)  [done 196, left 3793]
2026-07-02 14:17:09  OK Maths Extension 1/Y12-Trial/Abbotsleigh 2004 w. sol.pdf (156 KB)  [done 197, left 3792]
2026-07-02 14:17:38  OK Maths Extension 2/Y12-HSC/1992 HSC.pdf (89 KB)  [done 198, left 3791]
2026-07-02 14:18:08  OK Maths Extension 2/Y12-Trial/Ascham 2013.pdf (291 KB)  [done 199, left 3790]
2026-07-02 14:18:39  OK Maths Advanced/Y12-HSC/1982 HSC.pdf (377 KB)  [done 200, left 3789]
2026-07-02 14:19:10  OK Maths Advanced/Y11-Yearly/Baulkham Hills 2021 w. sol.pdf (1095 KB)  [done 201, left 3788]
2026-07-02 14:19:42  OK Maths Extension 1/Y11-Yearly/Baulkham Hills 2013 w. sol.pdf (930 KB)  [done 202, left 3787]
2026-07-02 14:20:12  OK Physics/Y12-Trial/Cheltenham Girls 2008 w. sol.pdf (378 KB)  [done 203, left 3786]
2026-07-02 14:20:41  base 2720 throttled -> cooldown 1800s (English/Y12-HSC/2001 HSC Paper 1.pdf)
2026-07-02 14:21:11  OK English/Y12-Trial-P2-Adv/Barker 2012 P2 (Adv.).pdf (176 KB)  [done 204, left 3785]
2026-07-02 14:21:40  OK English Extension 1/Y12-Trial/Normanhurst Boys 2025.pdf (457 KB)  [done 205, left 3784]
2026-07-02 14:22:12  base 5310 throttled -> cooldown 1800s (Maths Standard 2/Y12-HSC/2001 Marking Guidelines.pdf)
2026-07-02 14:22:48  OK Maths Standard 2/Y12-Trial/Blacktown Boys 2025 w. sol.pdf (5888 KB)  [done 206, left 3783]
2026-07-02 14:23:17  OK Maths Extension 2/Y12-HSC/1993 HSC.pdf (85 KB)  [done 207, left 3782]
2026-07-02 14:23:47  OK Maths Extension 2/Y12-Trial/Ascham 2014 w. sol.pdf (534 KB)  [done 208, left 3781]
2026-07-02 14:24:16  OK Maths Advanced/Y12-HSC/1983 HSC.pdf (385 KB)  [done 209, left 3780]
2026-07-02 14:24:46  OK Maths Advanced/Y12-Trial/Ascham 1999 w. sol.pdf (699 KB)  [done 210, left 3779]
2026-07-02 14:25:17  OK English/Y12-Trial-P1/Fort St 2025 P1.pdf (963 KB)  [done 211, left 3778]
2026-07-02 14:25:46  OK English Extension 1/Y12-Trial/North Sydney Boys 2022.pdf (127 KB)  [done 212, left 3777]
2026-07-02 14:26:15  OK Maths Extension 2/Y12-HSC/1994 HSC.pdf (99 KB)  [done 213, left 3776]
2026-07-02 14:26:45  OK Maths Extension 1/Y12-HSC/1977 HSC.pdf (194 KB)  [done 214, left 3775]
2026-07-02 14:27:14  OK Maths Extension 1/Y12-Trial/Abbotsleigh 2006 w. sol.pdf (308 KB)  [done 215, left 3774]
2026-07-02 14:27:46  OK Maths Advanced/Y11-Yearly/Baulkham Hills 2022 w. sol.pdf (1083 KB)  [done 216, left 3773]
2026-07-02 14:28:15  OK Physics/Y12-Trial/Cheltenham Girls 2009 w. sol.pdf (404 KB)  [done 217, left 3772]
2026-07-02 14:28:46  OK English/Y12-Trial-P1/Girraween 2025 P1.pdf (587 KB)  [done 218, left 3771]
2026-07-02 14:29:16  OK English Extension 1/Y12-Trial/North Sydney Girls 2020.pdf (332 KB)  [done 219, left 3770]
2026-07-02 14:29:53  OK Maths Standard 2/Y12-Trial/Caringbah 2020 w. sol.pdf (4220 KB)  [done 220, left 3769]
2026-07-02 14:30:32  OK Maths Advanced/Y12-Trial/Ascham 2000 w. sol.pdf (609 KB)  [done 221, left 3768]
2026-07-02 14:31:03  OK Maths Advanced/Y11-Yearly/Baulkham Hills 2023 w. sol.pdf (815 KB)  [done 222, left 3767]
2026-07-02 14:31:35  OK Physics/Y12-Trial/Cheltenham Girls 2010 w. sol.pdf (343 KB)  [done 223, left 3766]
2026-07-02 14:32:06  OK English/Y12-Trial-P1/Glenwood 2019 P1.pdf (705 KB)  [done 224, left 3765]
2026-07-02 14:32:36  OK English Extension 1/Y12-Trial/North Sydney Girls 2022.pdf (431 KB)  [done 225, left 3764]
2026-07-02 14:33:07  OK Maths Extension 1/Y11-Yearly/Baulkham Hills 2014 w. sol.pdf (688 KB)  [done 226, left 3763]
2026-07-02 14:33:40  OK Physics/Y11-Yearly/James Ruse 2018 w. sol.pdf (2071 KB)  [done 227, left 3762]
2026-07-02 14:34:10  OK Maths Extension 2/Y12-Trial/Ascham 2015 w. sol.pdf (386 KB)  [done 228, left 3761]
2026-07-02 14:34:40  OK Maths Advanced/Y12-HSC/1984 HSC.pdf (181 KB)  [done 229, left 3760]
2026-07-02 14:35:11  OK Maths Advanced/Y12-Trial/Ascham 2001.pdf (637 KB)  [done 230, left 3759]
2026-07-02 14:35:45  OK Maths Advanced/Y11-Yearly/Baulkham Hills 2024 w. sol.pdf (1128 KB)  [done 231, left 3758]
2026-07-02 14:36:13  base 6520 throttled -> cooldown 1800s (Physics/Y12-HSC/2013 Marking Guidelines.pdf)
2026-07-02 14:36:48  OK Physics/Y11-Yearly/James Ruse 2019 w. sol.pdf (2122 KB)  [done 232, left 3757]
2026-07-02 14:37:19  OK Maths Extension 1/Y11-Yearly/Baulkham Hills 2015 w. sol.pdf (1019 KB)  [done 233, left 3756]
2026-07-02 14:37:49  OK Physics/Y12-Trial/Cheltenham Girls 2011 w. sol.pdf (371 KB)  [done 234, left 3755]
2026-07-02 14:38:31  OK Maths Standard 2/Y12-Trial/Caringbah 2022 w. sol.pdf (7088 KB)  [done 235, left 3754]
2026-07-02 14:38:59  OK Maths Extension 2/Y12-HSC/1995 HSC.pdf (93 KB)  [done 236, left 3753]
2026-07-02 14:39:30  OK Maths Extension 2/Y12-Trial/Ascham 2016 w. sol.pdf (527 KB)  [done 237, left 3752]
2026-07-02 14:40:00  OK Maths Advanced/Y12-HSC/1985 HSC.pdf (189 KB)  [done 238, left 3751]
2026-07-02 14:40:36  OK Maths Advanced/Y12-Trial/Ascham 2003 w. sol.pdf (298 KB)  [done 239, left 3750]
2026-07-02 14:41:10  OK Maths Advanced/Y11-Yearly/Blacktown Boys 2020 w. sol.pdf (3665 KB)  [done 240, left 3749]
2026-07-02 14:41:41  OK Physics/Y12-Trial/Cherrybrook Tech 2019.pdf (569 KB)  [done 241, left 3748]
2026-07-02 14:42:10  OK English/Y12-Trial-P1/Homebush Boys 2020 P1.pdf (605 KB)  [done 242, left 3747]
2026-07-02 14:42:39  OK English/Y12-Trial-P2-Adv/Barker 2015 P2 (Adv.).pdf (94 KB)  [done 243, left 3746]
2026-07-02 14:43:12  OK Physics/Y11-Yearly/James Ruse 2020 w. sol.pdf (1927 KB)  [done 244, left 3745]
2026-07-02 14:43:43  OK English Extension 1/Y12-Trial/Riverview 2019.pdf (176 KB)  [done 245, left 3744]
2026-07-02 14:44:27  OK Maths Standard 2/Y12-Trial/Caringbah 2023 w. sol.pdf (7577 KB)  [done 246, left 3743]
2026-07-02 14:44:59  OK Maths Extension 2/Y12-Trial/Ascham 2019 w. sol.pdf (1530 KB)  [done 247, left 3742]
2026-07-02 14:45:29  OK Maths Advanced/Y12-HSC/1986 HSC.pdf (151 KB)  [done 248, left 3741]
2026-07-02 14:46:29  OK Maths Advanced/Y12-Trial/Ascham 2004 w. sol.pdf (556 KB)  [done 249, left 3740]
2026-07-02 14:46:59  OK Maths Advanced/Y11-Yearly/Blacktown Boys 2022 w. sol.pdf (519 KB)  [done 250, left 3739]
2026-07-02 14:47:32  OK Physics/Y12-Trial/Cherrybrook Tech 2025 w. sol.pdf (2094 KB)  [done 251, left 3738]
2026-07-02 14:48:01  OK English/Y12-Trial-P1/Hornsby Girls 2019 P1.pdf (564 KB)  [done 252, left 3737]
2026-07-02 14:48:35  OK English/Y12-Trial-P2-Adv/Barker 2019 P2 (Adv.).pdf (930 KB)  [done 253, left 3736]
2026-07-02 14:49:04  OK English Extension 1/Y12-Trial/Riverview 2020.pdf (225 KB)  [done 254, left 3735]
2026-07-02 14:49:40  OK Maths Standard 2/Y12-Trial/Caringbah 2024 w. sol.pdf (4742 KB)  [done 255, left 3734]
2026-07-02 14:50:18  OK Maths Extension 2/Y12-HSC/1996 HSC.pdf (89 KB)  [done 256, left 3733]
2026-07-02 14:50:49  OK Maths Extension 1/Y11-Yearly/Baulkham Hills 2016 w. sol.pdf (461 KB)  [done 257, left 3732]
2026-07-02 14:51:22  OK Physics/Y11-Yearly/Manly 2015 w. sol.pdf (1756 KB)  [done 258, left 3731]
2026-07-02 14:52:00  OK English/Y12-Trial-P1/Hornsby Girls 2020 P1.pdf (683 KB)  [done 259, left 3730]
2026-07-02 14:52:30  OK English Extension 1/Y12-Trial/St George Girls 2019.pdf (837 KB)  [done 260, left 3729]
2026-07-02 14:53:08  OK Maths Standard 2/Y12-Trial/Caringbah 2025 w. sol.pdf (7886 KB)  [done 261, left 3728]
2026-07-02 14:53:37  OK Maths Extension 2/Y12-HSC/1997 HSC.pdf (87 KB)  [done 262, left 3727]
2026-07-02 14:54:07  OK Maths Extension 2/Y12-Trial/Ascham 2020 w. sol.pdf (1030 KB)  [done 263, left 3726]
2026-07-02 14:54:36  OK Maths Advanced/Y12-HSC/1987 HSC.pdf (199 KB)  [done 264, left 3725]
2026-07-02 14:55:06  OK Maths Advanced/Y12-Trial/Ascham 2007 w. sol.pdf (312 KB)  [done 265, left 3724]
2026-07-02 14:55:36  OK Maths Extension 1/Y11-Yearly/Baulkham Hills 2017 w. sol.pdf (609 KB)  [done 266, left 3723]
2026-07-02 14:56:07  OK Physics/Y11-Yearly/Manly 2016 w. sol.pdf (1637 KB)  [done 267, left 3722]
2026-07-02 14:56:37  OK English/Y12-Trial-P1/Hornsby Girls 2022 P1.pdf (719 KB)  [done 268, left 3721]
2026-07-02 14:57:23  OK English Extension 1/Y12-Trial/Sydney Boys 2020.pdf (273 KB)  [done 269, left 3720]
2026-07-02 14:57:51  base 2720 throttled -> cooldown 1800s (English/Y12-HSC/2001 HSC Paper 1.pdf)
2026-07-02 14:58:20  OK English/Y12-Trial-P2-Adv/Barker 2022 P2 (Adv.).pdf (415 KB)  [done 270, left 3719]
2026-07-02 14:58:49  base 5310 throttled -> cooldown 1800s (Maths Standard 2/Y12-HSC/2001 Marking Guidelines.pdf)
2026-07-02 14:59:21  OK Maths Standard 2/Y12-Trial/Gosford 2022.pdf (1349 KB)  [done 271, left 3718]
2026-07-02 14:59:49  OK Maths Advanced/Y12-HSC/1988 HSC.pdf (131 KB)  [done 272, left 3717]
2026-07-02 15:00:21  OK Maths Advanced/Y12-Trial/Ascham 2008 w. sol.pdf (584 KB)  [done 273, left 3716]
2026-07-02 15:00:52  OK Maths Extension 2/Y12-HSC/1998 HSC.pdf (45 KB)  [done 274, left 3715]
2026-07-02 15:01:24  OK Maths Extension 2/Y12-Trial/Ascham 2021 w. sol.pdf (1323 KB)  [done 275, left 3714]
2026-07-02 15:01:53  base 5228 throttled -> cooldown 1800s (Maths Advanced/Y11-Yearly/Blacktown Boys 2023 w. sol.pdf)
2026-07-02 15:02:27  OK Physics/Y12-Trial/Cranbrook 2001 w. sol.pdf (1016 KB)  [done 276, left 3713]
2026-07-02 15:02:57  OK Maths Advanced/Y12-Trial/Ascham 2011 w. sol.pdf (1184 KB)  [done 277, left 3712]
2026-07-02 15:03:29  OK Maths Extension 1/Y11-Yearly/Baulkham Hills 2019 w. sol.pdf (1147 KB)  [done 278, left 3711]
2026-07-02 15:04:01  OK English/Y12-Trial-P1/Hornsby Girls 2023 P1.pdf (535 KB)  [done 279, left 3710]
2026-07-02 15:04:32  OK Maths Extension 2/Y12-HSC/1999 HSC.pdf (55 KB)  [done 280, left 3709]
2026-07-02 15:05:04  OK Maths Extension 2/Y12-Trial/Ascham 2022 w. sol.pdf (1192 KB)  [done 281, left 3708]
2026-07-02 15:05:33  OK Maths Advanced/Y12-HSC/1989 HSC.pdf (164 KB)  [done 282, left 3707]
2026-07-02 15:06:04  OK Maths Extension 1/Y12-Trial/Abbotsleigh 2007 w. sol.pdf (1144 KB)  [done 283, left 3706]
2026-07-02 15:06:35  OK Maths Extension 1/Y11-Yearly/Baulkham Hills 2020 w. sol.pdf (933 KB)  [done 284, left 3705]
2026-07-02 15:07:12  OK Physics/Y12-Trial/Cranbrook 2002.pdf (653 KB)  [done 285, left 3704]
2026-07-02 15:07:45  OK Maths Advanced/Y12-Trial/Ascham 2012 w. sol.pdf (1747 KB)  [done 286, left 3703]
2026-07-02 15:08:13  base 6520 throttled -> cooldown 1800s (Physics/Y12-HSC/2013 Marking Guidelines.pdf)
2026-07-02 15:08:49  OK Physics/Y11-Yearly/Manly 2018 w. sol.pdf (1993 KB)  [done 287, left 3702]
2026-07-02 15:09:24  OK English/Y12-Trial-P1/Hurlstone 2019 P1.pdf (2765 KB)  [done 288, left 3701]
2026-07-02 15:09:54  OK English/Y12-Trial-P2-Adv/Barker 2023 P2 (Adv.).pdf (264 KB)  [done 289, left 3700]
2026-07-02 15:10:24  OK English Extension 1/Y12-Trial/Sydney Boys 2021.pdf (167 KB)  [done 290, left 3699]
2026-07-02 15:10:56  OK Maths Extension 1/Y12-HSC/1978 HSC.pdf (226 KB)  [done 291, left 3698]
2026-07-02 15:11:32  OK Maths Extension 1/Y12-Trial/Abbotsleigh 2008 w. sol.pdf (162 KB)  [done 292, left 3697]
2026-07-02 15:12:01  OK Physics/Y12-Trial/Cranbrook 2003.pdf (544 KB)  [done 293, left 3696]
2026-07-02 15:12:34  OK English/Y12-Trial-P1/Hurlstone 2020 P1.pdf (2662 KB)  [done 294, left 3695]
2026-07-02 15:13:03  OK English Extension 1/Y12-Trial/Sydney Boys 2022.pdf (324 KB)  [done 295, left 3694]
2026-07-02 15:14:05  OK Maths Standard 2/Y12-Trial/Gosford 2023 w. sol.pdf (3883 KB)  [done 296, left 3693]
2026-07-02 15:15:11  OK Maths Extension 2/Y12-HSC/2000 HSC.pdf (85 KB)  [done 297, left 3692]
2026-07-02 15:15:49  OK Physics/Y11-Yearly/Normanhurst Boys 2019 w. sol.pdf (5255 KB)  [done 298, left 3691]
2026-07-02 15:16:19  OK Physics/Y12-Trial/Cranbrook 2012.pdf (280 KB)  [done 299, left 3690]
2026-07-02 15:16:50  OK English/Y12-Trial-P2-Adv/Baulkham Hills 2019 P2 (Adv.).pdf (352 KB)  [done 300, left 3689]
2026-07-02 15:17:21  OK Maths Advanced/Y12-Trial/Ascham 2013 w. sol.pdf (818 KB)  [done 301, left 3688]
2026-07-02 15:17:51  OK Maths Extension 1/Y11-Yearly/Baulkham Hills 2022 w. sol.pdf (771 KB)  [done 302, left 3687]
2026-07-02 15:18:26  OK Maths Extension 2/Y12-Trial/Ascham 2023 w. sol.pdf (2590 KB)  [done 303, left 3686]
2026-07-02 15:18:59  OK English/Y12-Trial-P1/Hurlstone 2021 P1.pdf (2677 KB)  [done 304, left 3685]
2026-07-02 15:19:29  OK English Extension 1/Y12-Trial/Sydney Boys 2025.pdf (216 KB)  [done 305, left 3684]
2026-07-02 15:20:06  OK Maths Standard 2/Y12-Trial/Gosford 2024 w. sol.pdf (2730 KB)  [done 306, left 3683]
2026-07-02 15:20:36  OK Maths Extension 2/Y12-HSC/2001 HSC.pdf (93 KB)  [done 307, left 3682]
2026-07-02 15:21:05  OK Maths Advanced/Y12-HSC/1990 HSC.pdf (159 KB)  [done 308, left 3681]
2026-07-02 15:21:35  OK Maths Advanced/Y12-Trial/Ascham 2016 w. sol.pdf (666 KB)  [done 309, left 3680]
2026-07-02 15:22:06  OK Maths Extension 1/Y11-Yearly/Baulkham Hills 2023 w. sol.pdf (760 KB)  [done 310, left 3679]
2026-07-02 15:22:37  OK Maths Extension 2/Y12-Trial/Ascham 2024 w. sol.pdf (952 KB)  [done 311, left 3678]
2026-07-02 15:23:09  OK Maths Extension 1/Y12-HSC/1979 HSC.pdf (195 KB)  [done 312, left 3677]
2026-07-02 15:23:38  OK Physics/Y12-Trial/Fort St 2005.pdf (422 KB)  [done 313, left 3676]
2026-07-02 15:24:16  OK Physics/Y11-Yearly/Penrith 2022 w. sol.pdf (3228 KB)  [done 314, left 3675]
2026-07-02 15:25:09  OK Maths Standard 2/Y12-Trial/Hills Grammar 2023 w. sol.pdf (15259 KB)  [done 315, left 3674]
2026-07-02 15:25:56  OK Maths Extension 2/Y12-Trial/Ascham 2025 w. sol.pdf (9467 KB)  [done 316, left 3673]
2026-07-02 15:26:26  OK Maths Extension 1/Y12-Trial/Abbotsleigh 2009.pdf (262 KB)  [done 317, left 3672]
2026-07-02 15:26:56  OK Physics/Y12-Trial/Girraween 2011 w. sol.pdf (719 KB)  [done 318, left 3671]
2026-07-02 15:27:28  OK Maths Advanced/Y12-Trial/Ascham 2020.pdf (1124 KB)  [done 319, left 3670]
2026-07-02 15:27:58  OK English/Y12-Trial-P2-Adv/Baulkham Hills 2020 P2 (Adv.).pdf (363 KB)  [done 320, left 3669]
2026-07-02 15:28:26  base 2720 throttled -> cooldown 1800s (English/Y12-HSC/2001 HSC Paper 1.pdf)
2026-07-02 15:28:54  base 5340 throttled -> cooldown 1800s (Maths Extension 2/Y12-HSC/2001 Marking Guidelines.pdf)
2026-07-02 15:29:23  OK Maths Extension 2/Y12-Trial/Barker 1999 w. sol.pdf (415 KB)  [done 321, left 3668]
2026-07-02 15:29:54  OK Maths Advanced/Y12-HSC/1991 HSC.pdf (189 KB)  [done 322, left 3667]
2026-07-02 15:30:41  OK Maths Advanced/Y12-Trial/Ascham 2022 w. sol.pdf (6164 KB)  [done 323, left 3666]
2026-07-02 15:31:21  OK Maths Extension 1/Y11-Yearly/Baulkham Hills 2024 w. sol.pdf (9209 KB)  [done 324, left 3665]
2026-07-02 15:31:52  OK Maths Extension 1/Y12-Trial/Abbotsleigh 2010 w. sol.pdf (1019 KB)  [done 325, left 3664]
2026-07-02 15:32:22  OK English/Y12-Trial-P1/James Ruse 2019 P1.pdf (823 KB)  [done 326, left 3663]
2026-07-02 15:32:52  OK English/Y12-Trial-P2-Adv/Baulkham Hills 2021 P2 (Adv.).pdf (417 KB)  [done 327, left 3662]
2026-07-02 15:33:21  OK English Extension 1/Y12-Trial/Sydney Girls 2003.pdf (130 KB)  [done 328, left 3661]
2026-07-02 15:33:57  OK Physics/Y11-Yearly/Penrith 2023.pdf (2115 KB)  [done 329, left 3660]
2026-07-02 15:34:25  base 5310 throttled -> cooldown 1800s (Maths Standard 2/Y12-HSC/2001 Marking Guidelines.pdf)
2026-07-02 15:34:52  base 5318 throttled -> cooldown 1800s (Maths Standard 2/Y12-Trial/Hornsby Girls 2020 w. sol.pdf)
2026-07-02 15:35:23  OK Maths Extension 2/Y12-Trial/Barker 2001 w. sol.pdf (500 KB)  [done 330, left 3659]
2026-07-02 15:35:53  OK Maths Advanced/Y12-HSC/1992 HSC.pdf (253 KB)  [done 331, left 3658]
2026-07-02 15:36:33  OK Maths Advanced/Y12-Trial/Ascham 2023 w. sol.pdf (6140 KB)  [done 332, left 3657]
2026-07-02 15:37:01  base 5228 throttled -> cooldown 1800s (Maths Advanced/Y11-Yearly/Blacktown Boys 2023 w. sol.pdf)
2026-07-02 15:38:07  OK Maths Extension 1/Y11-Yearly/Baulkham Hills 2025 w. sol.pdf (6457 KB)  [done 333, left 3656]
2026-07-02 15:38:37  OK Physics/Y11-Yearly/Pymble 2005 w. sol.pdf (464 KB)  [done 334, left 3655]
2026-07-02 15:39:09  OK English/Y12-Trial-P1/James Ruse 2020 P1.pdf (955 KB)  [done 335, left 3654]
2026-07-02 15:39:39  OK English/Y12-Trial-P2-Adv/Baulkham Hills 2022 P2 (Adv.).pdf (436 KB)  [done 336, left 3653]
2026-07-02 15:40:27  OK English Extension 1/Y12-Trial/Sydney Girls 2020.pdf (2128 KB)  [done 337, left 3652]
2026-07-02 15:40:58  OK Maths Extension 2/Y12-Trial/Barker 2002 w. sol.pdf (522 KB)  [done 338, left 3651]
2026-07-02 15:41:26  OK Maths Advanced/Y12-HSC/1993 HSC.pdf (230 KB)  [done 339, left 3650]
2026-07-02 15:42:06  OK Maths Advanced/Y12-Trial/Ascham 2024 w. sol.pdf (6910 KB)  [done 340, left 3649]
2026-07-02 15:42:38  OK Maths Extension 1/Y11-Yearly/Blacktown Boys 2019 w. sol.pdf (689 KB)  [done 341, left 3648]
2026-07-02 15:43:10  OK Physics/Y12-Trial/Girraween 2012 w. sol.pdf (577 KB)  [done 342, left 3647]
2026-07-02 15:43:43  OK English/Y12-Trial-P1/James Ruse 2022 P1.pdf (1396 KB)  [done 343, left 3646]
2026-07-02 15:44:12  OK English/Y12-Trial-P2-Adv/Baulkham Hills 2025 P2 (Adv.).pdf (185 KB)  [done 344, left 3645]
2026-07-02 15:44:41  OK English Extension 1/Y12-Trial/Sydney Girls 2023.pdf (177 KB)  [done 345, left 3644]
2026-07-02 15:45:11  OK Maths Extension 1/Y12-Trial/Abbotsleigh 2011 w. sol.pdf (702 KB)  [done 346, left 3643]
2026-07-02 15:45:39  base 6520 throttled -> cooldown 1800s (Physics/Y12-HSC/2013 Marking Guidelines.pdf)
2026-07-02 15:46:12  OK Physics/Y11-Yearly/Pymble 2024 w. sol.pdf (1519 KB)  [done 347, left 3642]
2026-07-02 15:46:42  OK Maths Extension 2/Y12-Trial/Barker 2003.pdf (220 KB)  [done 348, left 3641]
2026-07-02 15:47:14  OK Maths Advanced/Y12-HSC/1994 HSC.pdf (252 KB)  [done 349, left 3640]
2026-07-02 15:48:20  OK Maths Advanced/Y12-Trial/Barker 1988 w. sol.pdf (363 KB)  [done 350, left 3639]
2026-07-02 15:48:57  OK English/Y12-Trial-P1/James Ruse 2023 P1.pdf (694 KB)  [done 351, left 3638]
2026-07-02 15:49:56  OK English Extension 1/Y12-Trial/Sydney Grammar 2020.pdf (597 KB)  [done 352, left 3637]
2026-07-02 15:50:25  OK Maths Extension 2/Y12-Trial/Barker 2006.pdf (78 KB)  [done 353, left 3636]
2026-07-02 15:50:55  OK Maths Advanced/Y12-HSC/1995 HSC.pdf (56 KB)  [done 354, left 3635]
2026-07-02 15:51:24  OK English/Y12-Trial-P2-Adv/Burwood Girls 2009 P2 (Adv.).pdf (441 KB)  [done 355, left 3634]
2026-07-02 15:51:55  OK Maths Extension 1/Y12-HSC/1980 HSC.pdf (221 KB)  [done 356, left 3633]
2026-07-02 15:52:27  OK Maths Extension 1/Y12-Trial/Abbotsleigh 2012 w. sol.pdf (979 KB)  [done 357, left 3632]
2026-07-02 15:52:59  OK Physics/Y12-Trial/Girraween 2013 w. sol.pdf (1123 KB)  [done 358, left 3631]
2026-07-02 15:53:32  OK English/Y12-Trial-P1/Kambala 2021 P1.pdf (186 KB)  [done 359, left 3630]
2026-07-02 15:54:01  OK English/Y12-Trial-P2-Adv/Burwood Girls 2010 P2 (Adv.).pdf (62 KB)  [done 360, left 3629]
2026-07-02 15:54:30  OK English Extension 1/Y12-Trial/Trinity Grammar 2025.pdf (148 KB)  [done 361, left 3628]
2026-07-02 15:54:58  OK Maths Advanced/Y12-HSC/1996 HSC.pdf (61 KB)  [done 362, left 3627]
2026-07-02 15:55:29  OK Maths Advanced/Y12-Trial/Barker 1989 w. sol.pdf (687 KB)  [done 363, left 3626]
2026-07-02 15:55:59  OK Maths Extension 1/Y11-Yearly/Blacktown Boys 2020 w. sol.pdf (613 KB)  [done 364, left 3625]
2026-07-02 15:56:29  OK Physics/Y11-Yearly/Riverview 2024.pdf (698 KB)  [done 365, left 3624]
2026-07-02 15:57:00  OK English/Y12-Trial-P2-Adv/Burwood Girls 2015 P2 (Adv.).pdf (1097 KB)  [done 366, left 3623]
2026-07-02 15:57:41  OK Maths Extension 2/Y12-Trial/Barker 2007 w. sol.pdf (248 KB)  [done 367, left 3622]
2026-07-02 15:58:10  OK Maths Advanced/Y12-HSC/1997 HSC.pdf (58 KB)  [done 368, left 3621]
2026-07-02 15:58:39  OK English/Y12-Trial-P1/Kambala 2022 P1.pdf (574 KB)  [done 369, left 3620]
2026-07-02 15:59:11  OK Maths Extension 1/Y12-HSC/1981 HSC.pdf (243 KB)  [done 370, left 3619]
2026-07-02 15:59:42  OK Maths Extension 1/Y12-Trial/Abbotsleigh 2016 w. sol.pdf (796 KB)  [done 371, left 3618]
2026-07-02 16:00:12  OK Physics/Y12-Trial/Girraween 2014 w. sol.pdf (1284 KB)  [done 372, left 3617]
2026-07-02 16:00:40  base 2720 throttled -> cooldown 1800s (English/Y12-HSC/2001 HSC Paper 1.pdf)
2026-07-02 16:01:10  OK English/Y12-Trial-P2-Adv/Caringbah 2013 P2 (Adv.).pdf (386 KB)  [done 373, left 3616]
2026-07-02 16:01:42  base 5340 throttled -> cooldown 1800s (Maths Extension 2/Y12-HSC/2001 Marking Guidelines.pdf)
2026-07-02 16:02:12  OK Maths Extension 2/Y12-Trial/Barker 2008 w. sol.pdf (307 KB)  [done 374, left 3615]
2026-07-02 16:02:42  OK Maths Advanced/Y12-HSC/1998 HSC.pdf (28 KB)  [done 375, left 3614]
2026-07-02 16:03:14  OK Maths Advanced/Y12-Trial/Barker 1990 w. sol.pdf (795 KB)  [done 376, left 3613]
2026-07-02 16:03:43  OK English/Y12-Trial-P1/Kambala 2024 P1.pdf (726 KB)  [done 377, left 3612]
2026-07-02 16:04:17  OK Maths Extension 1/Y12-HSC/1982 HSC.pdf (207 KB)  [done 378, left 3611]
2026-07-02 16:04:53  OK Maths Extension 1/Y11-Yearly/Blacktown Boys 2022 w. sol.pdf (3117 KB)  [done 379, left 3610]
2026-07-02 16:05:23  OK English/Y12-Trial-P2-Adv/Caringbah 2017 P2 (Adv.).pdf (441 KB)  [done 380, left 3609]
2026-07-02 16:05:50  base 5310 throttled -> cooldown 1800s (Maths Standard 2/Y12-HSC/2001 Marking Guidelines.pdf)
2026-07-02 16:06:19  base 5318 throttled -> cooldown 1800s (Maths Standard 2/Y12-Trial/Hornsby Girls 2020 w. sol.pdf)
2026-07-02 16:06:48  OK Maths Advanced/Y12-Trial/Barker 1999 w. sol.pdf (705 KB)  [done 381, left 3608]
2026-07-02 16:07:17  OK Maths Advanced/Y12-HSC/1999 HSC.pdf (30 KB)  [done 382, left 3607]
2026-07-02 16:07:50  OK Maths Extension 1/Y12-Trial/Abbotsleigh 2020.pdf (756 KB)  [done 383, left 3606]
2026-07-02 16:08:21  OK Maths Extension 1/Y11-Yearly/Blacktown Boys 2023 w. sol.pdf (689 KB)  [done 384, left 3605]
2026-07-02 16:08:51  OK English/Y12-Trial-P2-Adv/Caringbah 2020 P2 (Adv.).pdf (625 KB)  [done 385, left 3604]
2026-07-02 16:09:21  OK English/Y12-Trial-P1/Killara 2019 P1.pdf (539 KB)  [done 386, left 3603]
2026-07-02 16:09:52  OK Maths Extension 2/Y12-Trial/Barker 2009 w. sol.pdf (954 KB)  [done 387, left 3602]
2026-07-02 16:10:21  OK Maths Advanced/Y12-HSC/2000 HSC.pdf (46 KB)  [done 388, left 3601]
2026-07-02 16:10:50  OK Maths Advanced/Y12-Trial/Barker 2000 w. sol.pdf (218 KB)  [done 389, left 3600]
2026-07-02 16:11:19  base 5228 throttled -> cooldown 1800s (Maths Advanced/Y11-Yearly/Blacktown Boys 2023 w. sol.pdf)
2026-07-02 16:11:52  OK Physics/Y12-Trial/Girraween 2015 w. sol.pdf (1116 KB)  [done 390, left 3599]
2026-07-02 16:12:22  OK English/Y12-Trial-P1/Killara 2020 P1.pdf (415 KB)  [done 391, left 3598]
2026-07-02 16:12:56  OK Maths Extension 2/Y12-Trial/Barker 2010 w. sol.pdf (1472 KB)  [done 392, left 3597]
2026-07-02 16:13:26  OK Maths Advanced/Y12-HSC/2001 HSC.pdf (65 KB)  [done 393, left 3596]
2026-07-02 16:14:28  OK Maths Advanced/Y12-Trial/Barker 2001.pdf (679 KB)  [done 394, left 3595]
2026-07-02 16:15:10  OK Maths Extension 1/Y11-Yearly/Blacktown Boys 2024 w. sol.pdf (9812 KB)  [done 395, left 3594]
2026-07-02 16:16:31  OK Physics/Y11-Yearly/Sydney Boys 2018 w. sol.pdf (3555 KB)  [done 396, left 3593]
2026-07-02 16:16:59  base 5320 throttled -> cooldown 1800s (Maths Advanced/Y12-HSC/2001 Marking Guidelines.pdf)
2026-07-02 16:17:31  OK Maths Advanced/Y12-Trial/Barker 2003 w. sol.pdf (530 KB)  [done 397, left 3592]
2026-07-02 16:18:02  OK Maths Extension 1/Y11-Yearly/Caringbah 2014 w. sol.pdf (880 KB)  [done 398, left 3591]
2026-07-02 16:18:31  OK Maths Extension 1/Y12-HSC/1983 HSC.pdf (128 KB)  [done 399, left 3590]
2026-07-02 16:19:04  OK Physics/Y12-Trial/Girraween 2016 w. sol.pdf (1886 KB)  [done 400, left 3589]
2026-07-02 16:19:35  OK English/Y12-Trial-P1/Killara 2021 P1.pdf (484 KB)  [done 401, left 3588]
2026-07-02 16:20:07  OK Maths Extension 1/Y12-Trial/Abbotsleigh 2022 w. sol.pdf (1206 KB)  [done 402, left 3587]
2026-07-02 16:20:40  OK Maths Extension 2/Y12-Trial/Barker 2011 w. sol.pdf (1238 KB)  [done 403, left 3586]
2026-07-02 16:21:10  OK Maths Extension 1/Y12-HSC/1984 HSC.pdf (173 KB)  [done 404, left 3585]
2026-07-02 16:21:42  OK Maths Extension 1/Y11-Yearly/Caringbah 2015 w. sol.pdf (525 KB)  [done 405, left 3584]
2026-07-02 16:22:13  OK Physics/Y12-Trial/Girraween 2017.pdf (599 KB)  [done 406, left 3583]
2026-07-02 16:22:44  OK Physics/Y11-Yearly/Sydney Boys 2019 w. sol.pdf (743 KB)  [done 407, left 3582]
2026-07-02 16:23:19  OK Maths Extension 1/Y12-Trial/Abbotsleigh 2023 w. sol.pdf (2762 KB)  [done 408, left 3581]
2026-07-02 16:23:50  OK Maths Extension 2/Y12-Trial/Barker 2012.pdf (439 KB)  [done 409, left 3580]
2026-07-02 16:24:20  OK Maths Extension 1/Y12-HSC/1985 HSC.pdf (161 KB)  [done 410, left 3579]
2026-07-02 16:24:51  OK Maths Extension 1/Y11-Yearly/Caringbah 2016.pdf (297 KB)  [done 411, left 3578]
2026-07-02 16:25:47  OK Physics/Y12-Trial/Girraween 2020 w. sol.pdf (1184 KB)  [done 412, left 3577]
2026-07-02 16:26:22  OK Physics/Y11-Yearly/Sydney Boys 2020 w. sol.pdf (2302 KB)  [done 413, left 3576]
2026-07-02 16:26:52  OK English/Y12-Trial-P2-Adv/Caringbah 2021 P2 (Adv.).pdf (247 KB)  [done 414, left 3575]
2026-07-02 16:27:50  OK Maths Extension 2/Y12-Trial/Barker 2014 w. sol.pdf (1377 KB)  [done 415, left 3574]
2026-07-02 16:28:20  OK Maths Extension 1/Y12-HSC/1986 HSC.pdf (210 KB)  [done 416, left 3573]
2026-07-02 16:28:54  OK Maths Extension 1/Y12-Trial/Abbotsleigh 2024 w. sol.pdf (1982 KB)  [done 417, left 3572]
2026-07-02 16:29:22  base 6520 throttled -> cooldown 1800s (Physics/Y12-HSC/2013 Marking Guidelines.pdf)
2026-07-02 16:29:52  OK Physics/Y11-Yearly/Sydney Boys 2022.pdf (904 KB)  [done 418, left 3571]
2026-07-02 16:30:23  OK English/Y12-Trial-P1/Kincoppal 2023 P1.pdf (371 KB)  [done 419, left 3570]
2026-07-02 16:30:57  OK Maths Extension 2/Y12-Trial/Barker 2015 w. sol.pdf (1834 KB)  [done 420, left 3569]
2026-07-02 16:31:27  OK Maths Extension 1/Y12-HSC/1987 HSC.pdf (121 KB)  [done 421, left 3568]
2026-07-02 16:32:02  OK Physics/Y12-Trial/Girraween 2023 w. sol.pdf (2035 KB)  [done 422, left 3567]
2026-07-02 16:32:31  base 2720 throttled -> cooldown 1800s (English/Y12-HSC/2001 HSC Paper 1.pdf)
2026-07-02 16:33:01  OK English/Y12-Trial-P2-Adv/Caringbah 2024 P2 (Adv.).pdf (370 KB)  [done 423, left 3566]
2026-07-02 16:33:32  OK English/Y12-Trial-P1/Kinross Wolaroi 2022 P1.pdf (752 KB)  [done 424, left 3565]
2026-07-02 16:34:08  OK Maths Extension 2/Y12-Trial/Barker 2020 w. sol.pdf (4922 KB)  [done 425, left 3564]
2026-07-02 16:34:39  OK Maths Advanced/Y12-Trial/Barker 2006 w. sol.pdf (534 KB)  [done 426, left 3563]
2026-07-02 16:35:26  OK Maths Extension 1/Y12-Trial/Abbotsleigh 2025 w. sol.pdf (7603 KB)  [done 427, left 3562]
2026-07-02 16:35:59  OK Physics/Y11-Yearly/Sydney Grammar 2014 w. sol.pdf (2193 KB)  [done 428, left 3561]
2026-07-02 16:36:34  OK English/Y12-Trial-P1/Kirrawee 2019 P1.pdf (656 KB)  [done 429, left 3560]
2026-07-02 16:37:03  base 5310 throttled -> cooldown 1800s (Maths Standard 2/Y12-HSC/2001 Marking Guidelines.pdf)
2026-07-02 16:37:31  base 5318 throttled -> cooldown 1800s (Maths Standard 2/Y12-Trial/Hornsby Girls 2020 w. sol.pdf)
2026-07-02 16:38:01  OK Maths Extension 1/Y12-HSC/1988 HSC.pdf (92 KB)  [done 430, left 3559]
2026-07-02 16:38:31  OK Maths Extension 1/Y12-Trial/Ascham 1999 w. sol.pdf (319 KB)  [done 431, left 3558]
2026-07-02 16:39:09  OK Physics/Y12-Trial/Girraween 2024 w. sol.pdf (2039 KB)  [done 432, left 3557]
2026-07-02 16:39:46  OK English/Y12-Trial-P1/Knox 2021 P1.pdf (656 KB)  [done 433, left 3556]
2026-07-02 16:40:15  base 5340 throttled -> cooldown 1800s (Maths Extension 2/Y12-HSC/2001 Marking Guidelines.pdf)
2026-07-02 16:40:53  OK Maths Extension 2/Y12-Trial/Barker 2021 w. sol.pdf (6141 KB)  [done 434, left 3555]
2026-07-02 16:41:21  OK Maths Extension 1/Y12-HSC/1989 HSC.pdf (120 KB)  [done 435, left 3554]
2026-07-02 16:41:56  OK Maths Advanced/Y12-Trial/Barker 2007 w. sol.pdf (410 KB)  [done 436, left 3553]
2026-07-02 16:42:25  base 5228 throttled -> cooldown 1800s (Maths Advanced/Y11-Yearly/Blacktown Boys 2023 w. sol.pdf)
2026-07-02 16:42:58  OK Physics/Y11-Yearly/Sydney Grammar 2015 w. sol.pdf (2369 KB)  [done 437, left 3552]
2026-07-02 16:43:28  OK English/Y12-Trial-P2-Adv/Caringbah 2025 P2 (Adv.).pdf (286 KB)  [done 438, left 3551]
2026-07-02 16:44:09  OK Maths Extension 2/Y12-Trial/Barker 2022 w. sol.pdf (8510 KB)  [done 439, left 3550]
2026-07-02 16:44:39  OK Maths Extension 1/Y12-HSC/1990 HSC.pdf (141 KB)  [done 440, left 3549]
2026-07-02 16:45:09  OK Maths Advanced/Y12-Trial/Barker 2010 w. sol.pdf (390 KB)  [done 441, left 3548]
2026-07-02 16:45:39  OK Maths Extension 1/Y11-Yearly/Caringbah 2017 w. sol.pdf (253 KB)  [done 442, left 3547]
2026-07-02 16:46:12  OK Physics/Y11-Yearly/Sydney Grammar 2016 w. sol.pdf (4105 KB)  [done 443, left 3546]
2026-07-02 16:46:43  OK English/Y12-Trial-P1/Knox 2022 P1.pdf (1230 KB)  [done 444, left 3545]
2026-07-02 16:47:20  OK Maths Extension 2/Y12-Trial/Barker 2023 w. sol.pdf (4166 KB)  [done 445, left 3544]
2026-07-02 16:47:48  base 5320 throttled -> cooldown 1800s (Maths Advanced/Y12-HSC/2001 Marking Guidelines.pdf)
2026-07-02 16:48:18  OK Maths Advanced/Y12-Trial/Barker 2011 w. sol.pdf (453 KB)  [done 446, left 3543]
2026-07-02 16:48:53  OK Maths Extension 1/Y11-Yearly/Caringbah 2018 w. sol.pdf (589 KB)  [done 447, left 3542]
2026-07-02 16:49:32  OK Physics/Y11-Yearly/Sydney Grammar 2017 w. sol.pdf (6851 KB)  [done 448, left 3541]
2026-07-02 16:50:04  OK English/Y12-Trial-P2-Adv/Cheltenham Girls 2011 P2 (Adv.).pdf (466 KB)  [done 449, left 3540]
2026-07-02 16:50:34  OK Maths Extension 1/Y12-HSC/1991 HSC.pdf (149 KB)  [done 450, left 3539]
2026-07-02 16:51:03  OK Maths Extension 1/Y12-Trial/Ascham 2000 w. sol.pdf (510 KB)  [done 451, left 3538]
2026-07-02 16:51:46  OK Physics/Y12-Trial/Gosford 2022 w. sol.pdf (10253 KB)  [done 452, left 3537]
2026-07-02 16:52:17  OK English/Y12-Trial-P1/Knox 2023 P1.pdf (720 KB)  [done 453, left 3536]
2026-07-02 16:52:54  OK Maths Extension 2/Y12-Trial/Barker 2024 w. sol.pdf (5600 KB)  [done 454, left 3535]
2026-07-02 16:53:24  OK Maths Extension 1/Y12-HSC/1992 HSC.pdf (157 KB)  [done 455, left 3534]
2026-07-02 16:53:55  OK Maths Extension 1/Y12-Trial/Ascham 2002 w. sol.pdf (411 KB)  [done 456, left 3533]
2026-07-02 16:54:28  OK Physics/Y12-Trial/Gosford 2023.pdf (1508 KB)  [done 457, left 3532]
2026-07-02 16:55:01  OK English/Y12-Trial-P1/Knox 2025 P1.pdf (2334 KB)  [done 458, left 3531]
2026-07-02 16:55:34  OK Maths Extension 2/Y12-Trial/Barker 2025 w. sol.pdf (1246 KB)  [done 459, left 3530]
2026-07-02 16:56:03  OK Maths Extension 1/Y12-HSC/1993 HSC.pdf (154 KB)  [done 460, left 3529]
2026-07-02 16:56:33  OK Maths Extension 1/Y12-Trial/Ascham 2003 w. sol.pdf (513 KB)  [done 461, left 3528]
2026-07-02 16:57:11  OK Physics/Y12-Trial/Hornsby Girls 2019 w. sol.pdf (3826 KB)  [done 462, left 3527]
2026-07-02 16:57:42  OK English/Y12-Trial-P1/Merewether 2019 P1.pdf (836 KB)  [done 463, left 3526]
2026-07-02 16:58:14  OK Maths Extension 2/Y12-Trial/Baulkham Hills 2004 w. sol.pdf (1345 KB)  [done 464, left 3525]
2026-07-02 16:58:44  OK Maths Extension 1/Y12-HSC/1994 HSC.pdf (309 KB)  [done 465, left 3524]
2026-07-02 16:59:14  OK Maths Extension 1/Y12-Trial/Ascham 2004 w. sol.pdf (394 KB)  [done 466, left 3523]
2026-07-02 16:59:42  base 6520 throttled -> cooldown 1800s (Physics/Y12-HSC/2013 Marking Guidelines.pdf)
2026-07-02 17:00:17  OK Physics/Y11-Yearly/Sydney Grammar 2018 w. sol.pdf (3317 KB)  [done 467, left 3522]
2026-07-02 17:00:46  OK English/Y12-Trial-P2-Adv/Cheltenham Girls 2021 P2 (Adv.).pdf (112 KB)  [done 468, left 3521]
2026-07-02 17:01:18  OK Maths Advanced/Y12-Trial/Barker 2012 w. sol.pdf (968 KB)  [done 469, left 3520]
2026-07-02 17:01:50  OK Maths Extension 1/Y11-Yearly/Caringbah 2019 w. sol.pdf (718 KB)  [done 470, left 3519]
2026-07-02 17:02:22  OK Physics/Y12-Trial/Hornsby Girls 2020 w. sol.pdf (1405 KB)  [done 471, left 3518]
2026-07-02 17:02:52  OK English/Y12-Trial-P1/Merewether 2023 P1.pdf (688 KB)  [done 472, left 3517]
2026-07-02 17:03:21  OK Maths Extension 2/Y12-Trial/Baulkham Hills 2007 w. sol.pdf (382 KB)  [done 473, left 3516]
2026-07-02 17:03:51  OK Maths Extension 1/Y12-HSC/1995 HSC.pdf (49 KB)  [done 474, left 3515]
2026-07-02 17:04:20  OK Maths Extension 1/Y12-Trial/Ascham 2005.pdf (172 KB)  [done 475, left 3514]
2026-07-02 17:04:54  OK Physics/Y11-Yearly/Sydney Grammar 2019 w. sol.pdf (5380 KB)  [done 476, left 3513]
2026-07-02 17:05:23  base 2720 throttled -> cooldown 1800s (English/Y12-HSC/2001 HSC Paper 1.pdf)
2026-07-02 17:05:52  OK English/Y12-Trial-P2-Adv/Cheltenham Girls 2022 P2 (Adv.).pdf (217 KB)  [done 477, left 3512]
2026-07-02 17:06:22  OK Maths Advanced/Y12-Trial/Barker 2014 w. sol.pdf (662 KB)  [done 478, left 3511]
2026-07-02 17:06:53  OK Maths Extension 1/Y11-Yearly/Caringbah 2020 w. sol.pdf (595 KB)  [done 479, left 3510]
2026-07-02 17:07:22  OK Maths Extension 1/Y12-Trial/Ascham 2006 w. sol.pdf (219 KB)  [done 480, left 3509]
2026-07-02 17:07:52  OK Maths Extension 1/Y12-HSC/1996 HSC.pdf (54 KB)  [done 481, left 3508]
2026-07-02 17:08:21  base 5310 throttled -> cooldown 1800s (Maths Standard 2/Y12-HSC/2001 Marking Guidelines.pdf)
2026-07-02 17:08:50  base 5318 throttled -> cooldown 1800s (Maths Standard 2/Y12-Trial/Hornsby Girls 2020 w. sol.pdf)
2026-07-02 17:09:20  OK Maths Extension 2/Y12-Trial/Baulkham Hills 2008 w. sol.pdf (549 KB)  [done 482, left 3507]
2026-07-02 17:10:23  OK Maths Advanced/Y12-Trial/Barker 2015 w. sol.pdf (2673 KB)  [done 483, left 3506]
2026-07-02 17:10:55  OK Physics/Y12-Trial/Hornsby Girls 2021 w. sol.pdf (1867 KB)  [done 484, left 3505]
2026-07-02 17:11:22  base 5340 throttled -> cooldown 1800s (Maths Extension 2/Y12-HSC/2001 Marking Guidelines.pdf)
2026-07-02 17:11:56  OK Physics/Y11-Yearly/Sydney Grammar 2022.pdf (2293 KB)  [done 485, left 3504]
2026-07-02 17:12:26  OK English/Y12-Trial-P2-Adv/Cheltenham Girls 2023 P2 (Adv.).pdf (415 KB)  [done 486, left 3503]
2026-07-02 17:12:56  OK Maths Extension 2/Y12-Trial/Baulkham Hills 2009 w. sol.pdf (239 KB)  [done 487, left 3502]
2026-07-02 17:13:25  OK Maths Extension 1/Y12-HSC/1997 HSC.pdf (50 KB)  [done 488, left 3501]
2026-07-02 17:13:54  OK Maths Extension 1/Y12-Trial/Ascham 2008 w. sol.pdf (401 KB)  [done 489, left 3500]
2026-07-02 17:14:29  OK Maths Advanced/Y12-Trial/Barker 2016 w. sol.pdf (2106 KB)  [done 490, left 3499]
2026-07-02 17:14:58  OK English/Y12-Trial-P1/Newington 2021 P1.pdf (363 KB)  [done 491, left 3498]
2026-07-02 17:15:26  base 5228 throttled -> cooldown 1800s (Maths Advanced/Y11-Yearly/Blacktown Boys 2023 w. sol.pdf)
2026-07-02 17:15:56  OK Physics/Y12-Trial/Hurlstone 2008 w. sol.pdf (1036 KB)  [done 492, left 3497]
2026-07-02 17:16:25  OK English/Y12-Trial-P2-Adv/Cherrybrook Tech 2019 P2 (Adv.).pdf (291 KB)  [done 493, left 3496]
2026-07-02 17:16:56  OK Maths Extension 2/Y12-Trial/Baulkham Hills 2010 w. sol.pdf (202 KB)  [done 494, left 3495]
2026-07-02 17:17:25  OK Maths Extension 1/Y12-HSC/1998 HSC.pdf (25 KB)  [done 495, left 3494]
2026-07-02 17:17:56  OK Maths Extension 1/Y12-Trial/Ascham 2011 w. sol.pdf (964 KB)  [done 496, left 3493]
2026-07-02 17:18:32  OK Maths Extension 1/Y11-Yearly/Caringbah 2025 w. sol.pdf (3463 KB)  [done 497, left 3492]
2026-07-02 17:19:01  OK English/Y12-Trial-P2-Adv/Cherrybrook Tech 2022 P2 (Adv.).pdf (330 KB)  [done 498, left 3491]
2026-07-02 17:19:29  base 5320 throttled -> cooldown 1800s (Maths Advanced/Y12-HSC/2001 Marking Guidelines.pdf)
2026-07-02 17:20:01  OK Physics/Y12-Trial/Hurlstone 2009 w. sol.pdf (893 KB)  [done 499, left 3490]
2026-07-02 17:20:32  OK Maths Extension 1/Y12-Trial/Ascham 2012 w. sol.pdf (1056 KB)  [done 500, left 3489]
2026-07-02 17:21:04  OK Maths Extension 2/Y12-Trial/Baulkham Hills 2011 w. sol.pdf (598 KB)  [done 501, left 3488]
2026-07-02 17:21:32  OK Maths Extension 1/Y12-HSC/1999 HSC.pdf (23 KB)  [done 502, left 3487]
2026-07-02 17:22:01  OK Maths Extension 1/Y11-Yearly/Cherrybrook Tech 2000.pdf (70 KB)  [done 503, left 3486]
2026-07-02 17:22:34  OK Maths Advanced/Y12-Trial/Barker 2019 w. sol.pdf (2599 KB)  [done 504, left 3485]
2026-07-02 17:23:04  OK English/Y12-Trial-P1/Newington 2022 P1.pdf (475 KB)  [done 505, left 3484]
2026-07-02 17:23:33  OK English/Y12-Trial-P2-Adv/Cranbrook 2016 P2 (Adv.).pdf (169 KB)  [done 506, left 3483]
2026-07-02 17:24:06  OK Maths Extension 1/Y12-Trial/Ascham 2014 w. sol.pdf (2249 KB)  [done 507, left 3482]
2026-07-02 17:24:36  OK Physics/Y12-Trial/Hurlstone 2010 w. sol.pdf (864 KB)  [done 508, left 3481]
2026-07-02 17:25:06  OK Maths Extension 2/Y12-Trial/Baulkham Hills 2012 w. sol.pdf (261 KB)  [done 509, left 3480]
2026-07-02 17:25:35  OK Maths Extension 1/Y12-HSC/2000 HSC.pdf (33 KB)  [done 510, left 3479]
2026-07-02 17:26:04  OK Maths Extension 1/Y11-Yearly/Cherrybrook Tech 2001 w. sol.pdf (128 KB)  [done 511, left 3478]
2026-07-02 17:26:33  OK English/Y12-Trial-P2-Adv/Cranbrook 2019 P2 (Adv.).pdf (358 KB)  [done 512, left 3477]
2026-07-02 17:27:06  OK Maths Advanced/Y12-Trial/Barker 2020 w. sol.pdf (2018 KB)  [done 513, left 3476]
2026-07-02 17:27:38  OK Physics/Y12-Trial/Hurlstone 2011 w. sol.pdf (1127 KB)  [done 514, left 3475]
2026-07-02 17:28:09  OK Maths Extension 2/Y12-Trial/Baulkham Hills 2013 w. sol.pdf (775 KB)  [done 515, left 3474]
2026-07-02 17:28:39  OK Maths Extension 1/Y11-Yearly/Cherrybrook Tech 2016 w. sol.pdf (218 KB)  [done 516, left 3473]
2026-07-02 17:29:09  OK English/Y12-Trial-P2-Adv/Cranbrook 2020 P2 (Adv.).pdf (327 KB)  [done 517, left 3472]
2026-07-02 17:29:39  OK English/Y12-Trial-P1/Newington 2023 P1.pdf (197 KB)  [done 518, left 3471]
2026-07-02 17:30:15  OK Maths Advanced/Y12-Trial/Barker 2021 w. sol.pdf (3210 KB)  [done 519, left 3470]
2026-07-02 17:30:43  base 6520 throttled -> cooldown 1800s (Physics/Y12-HSC/2013 Marking Guidelines.pdf)
2026-07-02 17:31:13  OK Maths Extension 2/Y12-Trial/Baulkham Hills 2014 w. sol.pdf (603 KB)  [done 520, left 3469]
2026-07-02 17:31:42  OK Maths Extension 1/Y12-HSC/2001 HSC.pdf (69 KB)  [done 521, left 3468]
2026-07-02 17:32:12  OK Maths Extension 1/Y11-Yearly/Cherrybrook Tech 2017 w. sol.pdf (246 KB)  [done 522, left 3467]
2026-07-02 17:33:02  OK English/Y12-Trial-P1/Normanhurst Boys 2019 P1.pdf (1578 KB)  [done 523, left 3466]
2026-07-02 17:33:31  OK English/Y12-Trial-P2-Adv/Fort St 2003 P2 (Adv.).pdf (162 KB)  [done 524, left 3465]
2026-07-02 17:34:05  OK Maths Advanced/Y12-Trial/Barker 2022 w. sol.pdf (2163 KB)  [done 525, left 3464]
2026-07-02 17:34:36  OK Maths Extension 1/Y12-Trial/Ascham 2015 w. sol.pdf (680 KB)  [done 526, left 3463]
2026-07-02 17:35:06  OK Physics/Y12-Trial/Hurlstone 2012 w. sol.pdf (832 KB)  [done 527, left 3462]
2026-07-02 17:35:39  OK Maths Extension 2/Y12-Trial/Baulkham Hills 2015 w. sol.pdf (1055 KB)  [done 528, left 3461]
2026-07-02 17:36:07  base 2720 throttled -> cooldown 1800s (English/Y12-HSC/2001 HSC Paper 1.pdf)
2026-07-02 17:36:36  OK Maths Extension 1/Y11-Yearly/Fort St 2006 w. sol.pdf (131 KB)  [done 529, left 3460]
2026-07-02 17:37:06  OK English/Y12-Trial-P1/Normanhurst Boys 2020 P1.pdf (653 KB)  [done 530, left 3459]
2026-07-02 17:37:35  OK English/Y12-Trial-P2-Adv/Fort St 2010 P2 (Adv.).pdf (145 KB)  [done 531, left 3458]
2026-07-02 17:38:04  base 5330 throttled -> cooldown 1800s (Maths Extension 1/Y12-HSC/2001 Marking Guidelines.pdf)
2026-07-02 17:38:37  OK Physics/Y12-Trial/Hurlstone 2013 w. sol.pdf (1451 KB)  [done 532, left 3457]
2026-07-02 17:39:17  base 5318 throttled -> cooldown 1800s (Maths Standard 2/Y12-Trial/Hornsby Girls 2020 w. sol.pdf)
2026-07-02 17:40:37  OK English/Y12-Trial-P1/Normanhurst Boys 2021 P1.pdf (1029 KB)  [done 533, left 3456]
2026-07-02 17:41:05  base 5310 throttled -> cooldown 1800s (Maths Standard 2/Y12-HSC/2001 Marking Guidelines.pdf)
2026-07-02 17:41:40  OK Maths Advanced/Y12-Trial/Barker 2023 w. sol.pdf (2097 KB)  [done 534, left 3455]
2026-07-02 17:42:11  OK Maths Extension 1/Y12-Trial/Ascham 2016 w. sol.pdf (1297 KB)  [done 535, left 3454]
2026-07-02 17:42:38  base 5340 throttled -> cooldown 1800s (Maths Extension 2/Y12-HSC/2001 Marking Guidelines.pdf)
2026-07-02 17:43:08  OK Maths Extension 1/Y11-Yearly/Fort St 2007.pdf (117 KB)  [done 536, left 3453]
2026-07-02 17:43:38  OK English/Y12-Trial-P1/Normanhurst Boys 2022 P1.pdf (1003 KB)  [done 537, left 3452]
2026-07-02 17:44:10  OK English/Y12-Trial-P2-Adv/Fort St 2013 P2 (Adv.).pdf (598 KB)  [done 538, left 3451]
2026-07-02 17:44:40  OK Maths Extension 2/Y12-Trial/Baulkham Hills 2016 w. sol.pdf (953 KB)  [done 539, left 3450]
2026-07-02 17:45:43  OK Maths Advanced/Y12-Trial/Barker 2024 w. sol.pdf (1180 KB)  [done 540, left 3449]
2026-07-02 17:46:11  base 5228 throttled -> cooldown 1800s (Maths Advanced/Y11-Yearly/Blacktown Boys 2023 w. sol.pdf)
2026-07-02 17:48:51  OK Physics/Y12-Trial/Hurlstone 2014 w. sol.pdf (859 KB)  [done 541, left 3448]
2026-07-02 17:49:21  OK English/Y12-Trial-P1/North Sydney Boys 2019 P1.pdf (288 KB)  [done 542, left 3447]
2026-07-02 17:49:51  OK English/Y12-Trial-P2-Adv/Fort St 2019 P2 (Adv.).pdf (359 KB)  [done 543, left 3446]
2026-07-02 17:50:25  OK Maths Extension 1/Y11-Yearly/Fort St 2009 w. sol.pdf (257 KB)  [done 544, left 3445]
2026-07-02 17:50:55  OK Maths Extension 1/Y12-Trial/Ascham 2019 w. sol.pdf (555 KB)  [done 545, left 3444]
2026-07-02 17:51:28  OK Maths Advanced/Y12-Trial/Barker 2025 w. sol.pdf (1958 KB)  [done 546, left 3443]
2026-07-02 17:51:57  base 5320 throttled -> cooldown 1800s (Maths Advanced/Y12-HSC/2001 Marking Guidelines.pdf)
2026-07-02 17:52:27  OK English/Y12-Trial-P1/North Sydney Boys 2020 P1.pdf (538 KB)  [done 547, left 3442]
2026-07-02 17:52:56  OK English/Y12-Trial-P2-Adv/Fort St 2020 P2 (Adv.).pdf (413 KB)  [done 548, left 3441]
2026-07-02 17:53:29  OK Maths Extension 2/Y12-Trial/Baulkham Hills 2017 w. sol.pdf (1477 KB)  [done 549, left 3440]
2026-07-02 17:54:03  OK Maths Extension 1/Y12-Trial/Ascham 2020 w. sol.pdf (2791 KB)  [done 550, left 3439]
2026-07-02 17:54:31  OK Maths Extension 1/Y11-Yearly/Fort St 2010 w. sol.pdf (218 KB)  [done 551, left 3438]
2026-07-02 17:55:00  OK Maths Advanced/Y12-Trial/Baulkham Hills 2004.pdf (56 KB)  [done 552, left 3437]
2026-07-02 17:55:32  OK English/Y12-Trial-P1/North Sydney Boys 2022 P1.pdf (2437 KB)  [done 553, left 3436]
2026-07-02 17:56:06  OK Physics/Y12-Trial/James Ruse 2001.pdf (583 KB)  [done 554, left 3435]
2026-07-02 17:56:36  OK Maths Extension 2/Y12-Trial/Baulkham Hills 2018 w. sol.pdf (977 KB)  [done 555, left 3434]
2026-07-02 17:57:17  OK Maths Extension 1/Y12-Trial/Ascham 2021 w. sol.pdf (1789 KB)  [done 556, left 3433]
2026-07-02 17:57:49  OK Maths Extension 1/Y11-Yearly/Fort St 2011 w. sol.pdf (1114 KB)  [done 557, left 3432]
2026-07-02 17:58:18  OK English/Y12-Trial-P2-Adv/Fort St 2023 P2 (Adv.).pdf (227 KB)  [done 558, left 3431]
2026-07-02 17:58:48  OK Maths Advanced/Y12-Trial/Baulkham Hills 2007 w. sol.pdf (607 KB)  [done 559, left 3430]
2026-07-02 17:59:18  OK English/Y12-Trial-P1/North Sydney Boys 2024 P1.pdf (115 KB)  [done 560, left 3429]
2026-07-02 17:59:48  OK Maths Extension 2/Y12-Trial/Baulkham Hills 2019 w. sol.pdf (728 KB)  [done 561, left 3428]
2026-07-02 18:00:25  OK Maths Extension 1/Y12-Trial/Ascham 2022 w. sol.pdf (4774 KB)  [done 562, left 3427]
2026-07-02 18:00:53  base 6520 throttled -> cooldown 1800s (Physics/Y12-HSC/2013 Marking Guidelines.pdf)
2026-07-02 18:01:23  OK English/Y12-Trial-P2-Adv/Fort St 2025 P2 (Adv.).pdf (266 KB)  [done 563, left 3426]
2026-07-02 18:02:01  OK English/Y12-Trial-P1/North Sydney Boys 2025 P1.pdf (5557 KB)  [done 564, left 3425]
2026-07-02 18:02:30  OK Maths Advanced/Y12-Trial/Baulkham Hills 2008 w. sol.pdf (166 KB)  [done 565, left 3424]
2026-07-02 18:03:02  OK Maths Extension 2/Y12-Trial/Baulkham Hills 2020 w. sol.pdf (1110 KB)  [done 566, left 3423]
2026-07-02 18:03:40  OK Maths Extension 1/Y12-Trial/Ascham 2023 w. sol.pdf (5356 KB)  [done 567, left 3422]
2026-07-02 18:04:11  OK Physics/Y12-Trial/James Ruse 2002 w. sol.pdf (889 KB)  [done 568, left 3421]
2026-07-02 18:04:41  OK English/Y12-Trial-P2-Adv/Girraween 2025 P2 (Adv.).pdf (342 KB)  [done 569, left 3420]
2026-07-02 18:06:52  OK Maths Advanced/Y12-Trial/Baulkham Hills 2009 w. sol.pdf (114 KB)  [done 570, left 3419]
2026-07-02 18:07:28  OK Maths Extension 2/Y12-Trial/Baulkham Hills 2022 w. sol.pdf (873 KB)  [done 571, left 3418]
2026-07-02 18:08:10  net-error base 2728: HTTP Error 404: Not Found (cooldown 120s)
2026-07-02 18:08:49  base 5330 throttled -> cooldown 1800s (Maths Extension 1/Y12-HSC/2001 Marking Guidelines.pdf)
2026-07-02 18:10:00  OK Maths Extension 1/Y12-Trial/Ascham 2024 w. sol.pdf (3625 KB)  [done 572, left 3417]
2026-07-02 18:12:03  net-error base 6528: HTTP Error 302: The HTTP server returned a redirect error that would lead to an infinite loop.
The last 30x error message was:
Moved Temporarily (cooldown 120s)
2026-07-02 18:12:50  OK English/Y12-Trial-P1/North Sydney Girls 2019 P1.pdf (674 KB)  [done 573, left 3416]
2026-07-02 18:13:20  base 5340 throttled -> cooldown 1800s (Maths Extension 2/Y12-HSC/2001 Marking Guidelines.pdf)
2026-07-02 18:13:50  base 5310 throttled -> cooldown 1800s (Maths Standard 2/Y12-HSC/2001 Marking Guidelines.pdf)
2026-07-02 18:14:18  base 5318 throttled -> cooldown 1800s (Maths Standard 2/Y12-Trial/Hornsby Girls 2020 w. sol.pdf)
2026-07-02 18:14:50  OK Maths Extension 1/Y12-Trial/Ascham 2025 w. sol.pdf (1172 KB)  [done 574, left 3415]
2026-07-02 18:15:31  net-error base 6528: HTTP Error 404: Not Found (cooldown 120s)
2026-07-02 18:16:02  OK English/Y12-Trial-P1/North Sydney Girls 2021 P1.pdf (610 KB)  [done 575, left 3414]
2026-07-02 18:17:05  OK English/Y12-Trial-P2-Adv/Homebush Boys 2012 P2 (Adv.).pdf (3073 KB)  [done 576, left 3413]
2026-07-02 18:17:36  OK Maths Extension 2/Y12-Trial/Baulkham Hills 2023 w. sol.pdf (892 KB)  [done 577, left 3412]
2026-07-02 18:18:08  OK Maths Advanced/Y12-Trial/Baulkham Hills 2010 w. sol.pdf (1313 KB)  [done 578, left 3411]
2026-07-02 18:18:37  base 5228 throttled -> cooldown 1800s (Maths Advanced/Y11-Yearly/Blacktown Boys 2023 w. sol.pdf)
2026-07-02 18:19:05  base 2720 throttled -> cooldown 1800s (English/Y12-HSC/2001 HSC Paper 1.pdf)
2026-07-02 18:19:35  OK English/Y12-Trial-P1/North Sydney Girls 2022 P1.pdf (907 KB)  [done 579, left 3410]
2026-07-02 18:20:04  OK Maths Extension 1/Y12-Trial/Barker 1995 w. sol.pdf (234 KB)  [done 580, left 3409]
2026-07-02 18:20:53  net-error base 6528: HTTP Error 404: Not Found (cooldown 120s)
2026-07-02 18:21:51  net-error base 2728: HTTP Error 404: Not Found (cooldown 120s)
2026-07-02 18:23:57  net-error base 2718: HTTP Error 404: Not Found (cooldown 120s)
2026-07-02 18:24:40  net-error base 5320: HTTP Error 404: Not Found (cooldown 120s)
2026-07-02 18:27:29  OK Physics/Y12-Trial/James Ruse 2003.pdf (3321 KB)  [done 581, left 3408]
2026-07-02 18:28:28  OK Maths Extension 1/Y12-Trial/Barker 1999 w. sol.pdf (515 KB)  [done 582, left 3407]
2026-07-02 18:29:03  OK Maths Extension 2/Y12-Trial/Baulkham Hills 2024 w. sol.pdf (2963 KB)  [done 583, left 3406]
2026-07-02 18:29:33  OK English/Y12-Trial-P1/North Sydney Girls 2023 P1.pdf (573 KB)  [done 584, left 3405]
2026-07-02 18:30:03  OK Maths Advanced/Y12-Trial/Baulkham Hills 2011 w. sol.pdf (630 KB)  [done 585, left 3404]
2026-07-02 18:30:35  OK Physics/Y12-Trial/James Ruse 2004 w. sol.pdf (2394 KB)  [done 586, left 3403]
2026-07-02 18:31:05  OK Maths Extension 1/Y12-Trial/Barker 2000 w. sol.pdf (378 KB)  [done 587, left 3402]
2026-07-02 18:31:33  base 5320 throttled -> cooldown 1800s (Maths Advanced/Y12-HSC/2001 Marking Guidelines.pdf)
2026-07-02 18:32:17  base 6520 throttled -> cooldown 1800s (Physics/Y12-HSC/2013 Marking Guidelines.pdf)
2026-07-02 18:33:51  OK Maths Extension 2/Y12-Trial/Baulkham Hills 2025 w. sol.pdf (12821 KB)  [done 588, left 3401]
2026-07-02 18:34:31  OK Maths Extension 1/Y12-Trial/Barker 2001 w. sol.pdf (577 KB)  [done 589, left 3400]
2026-07-02 18:35:01  OK Maths Extension 1/Y11-Yearly/Fort St 2012 w. sol.pdf (363 KB)  [done 590, left 3399]
2026-07-02 18:37:28  net-error base 6528: HTTP Error 404: Not Found (cooldown 120s)
2026-07-02 18:38:06  net-error base 2728: HTTP Error 404: Not Found (cooldown 120s)
2026-07-02 18:38:36  OK Maths Extension 2/Y12-Trial/Blacktown Boys 2018 w. sol.pdf (542 KB)  [done 591, left 3398]
2026-07-02 18:39:28  net-error base 5330: HTTP Error 404: Not Found (cooldown 120s)
2026-07-02 18:39:57  OK Maths Extension 1/Y12-Trial/Barker 2002 w. sol.pdf (234 KB)  [done 592, left 3397]
2026-07-02 18:40:44  net-error base 6528: HTTP Error 404: Not Found (cooldown 120s)
2026-07-02 18:41:12  OK English/Y12-Trial-P2-Adv/Homebush Boys 2020 P2 (Adv.).pdf (370 KB)  [done 593, left 3396]
2026-07-02 18:41:44  OK Maths Extension 2/Y12-Trial/Blacktown Boys 2019 w. sol.pdf (1250 KB)  [done 594, left 3395]
2026-07-02 18:42:16  OK Maths Advanced/Y12-Trial/Baulkham Hills 2012 w. sol.pdf (1445 KB)  [done 595, left 3394]
2026-07-02 18:42:46  OK Maths Extension 1/Y11-Yearly/Fort St 2013 w. sol.pdf (286 KB)  [done 596, left 3393]
2026-07-02 18:43:16  OK English/Y12-Trial-P1/North Sydney Girls 2024 P1.pdf (570 KB)  [done 597, left 3392]
2026-07-02 18:43:44  base 5330 throttled -> cooldown 1800s (Maths Extension 1/Y12-HSC/2001 Marking Guidelines.pdf)
2026-07-02 18:44:29  base 5340 throttled -> cooldown 1800s (Maths Extension 2/Y12-HSC/2001 Marking Guidelines.pdf)
2026-07-02 18:45:56  base 5318 throttled -> cooldown 1800s (Maths Standard 2/Y12-Trial/Hornsby Girls 2020 w. sol.pdf)
2026-07-02 18:46:27  OK Maths Extension 2/Y12-Trial/Blacktown Boys 2020 w. sol.pdf (658 KB)  [done 598, left 3391]
2026-07-02 18:46:58  OK Maths Advanced/Y12-Trial/Baulkham Hills 2013 w. sol.pdf (420 KB)  [done 599, left 3390]
2026-07-02 18:47:28  OK Maths Extension 1/Y11-Yearly/Fort St 2014 w. sol.pdf (389 KB)  [done 600, left 3389]
2026-07-02 18:47:57  base 5310 throttled -> cooldown 1800s (Maths Standard 2/Y12-HSC/2001 Marking Guidelines.pdf)
2026-07-02 18:48:26  OK English/Y12-Trial-P2-Adv/Hornsby Girls 2012 P2 (Adv.).pdf (330 KB)  [done 601, left 3388]
2026-07-02 18:48:54  OK Maths Extension 1/Y12-Trial/Barker 2003 w. sol.pdf (175 KB)  [done 602, left 3387]
2026-07-02 18:49:23  base 2720 throttled -> cooldown 1800s (English/Y12-HSC/2001 HSC Paper 1.pdf)
2026-07-02 18:49:52  OK English/Y12-Trial-P1/Presbyterian 2021 P1.pdf (607 KB)  [done 603, left 3386]
2026-07-02 18:50:59  OK Maths Extension 2/Y12-Trial/Blacktown Boys 2022 w. sol.pdf (509 KB)  [done 604, left 3385]
2026-07-02 18:51:29  OK Maths Advanced/Y12-Trial/Baulkham Hills 2014 w. sol.pdf (386 KB)  [done 605, left 3384]
2026-07-02 18:51:57  base 5228 throttled -> cooldown 1800s (Maths Advanced/Y11-Yearly/Blacktown Boys 2023 w. sol.pdf)
2026-07-02 18:52:29  OK Physics/Y12-Trial/James Ruse 2008.pdf (2374 KB)  [done 606, left 3383]
2026-07-02 18:53:08  OK English/Y12-Trial-P2-Adv/Hornsby Girls 2019 P2 (Adv.).pdf (160 KB)  [done 607, left 3382]
2026-07-02 18:53:38  OK Maths Extension 1/Y12-Trial/Barker 2005 w. sol.pdf (340 KB)  [done 608, left 3381]
2026-07-02 18:54:13  OK Maths Extension 1/Y11-Yearly/Fort St 2015 w. sol.pdf (553 KB)  [done 609, left 3380]
2026-07-02 18:54:43  OK Maths Extension 2/Y12-Trial/Blacktown Boys 2023 w. sol.pdf (496 KB)  [done 610, left 3379]
2026-07-02 18:55:12  OK Maths Advanced/Y12-Trial/Baulkham Hills 2015 w. sol.pdf (406 KB)  [done 611, left 3378]
2026-07-02 18:55:44  OK Physics/Y12-Trial/James Ruse 2010 w. sol.pdf (1399 KB)  [done 612, left 3377]
2026-07-02 18:56:14  OK English/Y12-Trial-P2-Adv/Hornsby Girls 2020 P2 (Adv.).pdf (276 KB)  [done 613, left 3376]
2026-07-02 18:56:43  OK Maths Extension 1/Y12-Trial/Barker 2006 w. sol.pdf (423 KB)  [done 614, left 3375]
2026-07-02 18:57:13  OK English/Y12-Trial-P1/Presbyterian 2022 P1.pdf (434 KB)  [done 615, left 3374]
2026-07-02 18:57:44  OK Maths Extension 1/Y11-Yearly/Fort St 2016 w. sol.pdf (404 KB)  [done 616, left 3373]
2026-07-02 18:58:13  OK Maths Extension 2/Y12-Trial/Blacktown Boys 2024 w. sol.pdf (613 KB)  [done 617, left 3372]
2026-07-02 18:58:44  OK Maths Advanced/Y12-Trial/Baulkham Hills 2016 w. sol.pdf (763 KB)  [done 618, left 3371]
2026-07-02 18:59:13  OK English/Y12-Trial-P2-Adv/Hurlstone 2010 P2 (Adv.).pdf (74 KB)  [done 619, left 3370]
2026-07-02 19:00:13  net-error base 5338: HTTP Error 404: Not Found (cooldown 120s)
2026-07-02 19:00:44  OK Physics/Y12-Trial/James Ruse 2011 w. sol.pdf (1544 KB)  [done 620, left 3369]
2026-07-02 19:01:17  OK Maths Extension 2/Y12-Trial/Caringbah 2003 w. sol.pdf (1584 KB)  [done 621, left 3368]
2026-07-02 19:01:49  OK English/Y12-Trial-P1/Pymble 2019 P1.pdf (3437 KB)  [done 622, left 3367]
2026-07-02 19:02:17  base 5320 throttled -> cooldown 1800s (Maths Advanced/Y12-HSC/2001 Marking Guidelines.pdf)
2026-07-02 19:02:46  OK Maths Extension 1/Y12-Trial/Barker 2007 w. sol.pdf (332 KB)  [done 623, left 3366]
2026-07-02 19:03:14  base 6520 throttled -> cooldown 1800s (Physics/Y12-HSC/2013 Marking Guidelines.pdf)
2026-07-02 19:03:44  OK English/Y12-Trial-P2-Adv/Hurlstone 2014 P2 (Adv.).pdf (640 KB)  [done 624, left 3365]
2026-07-02 19:04:19  OK Maths Advanced/Y12-Trial/Baulkham Hills 2017 w. sol.pdf (1611 KB)  [done 625, left 3364]
2026-07-02 19:04:51  OK Physics/Y12-Trial/James Ruse 2012 w. sol.pdf (1525 KB)  [done 626, left 3363]
2026-07-02 19:05:21  OK English/Y12-Trial-P1/Pymble 2020 P1.pdf (753 KB)  [done 627, left 3362]
2026-07-02 19:05:52  OK Maths Extension 2/Y12-Trial/Caringbah 2009 w. sol.pdf (853 KB)  [done 628, left 3361]
2026-07-02 19:06:31  net-error base 5338: HTTP Error 404: Not Found (cooldown 120s)
2026-07-02 19:07:18  net-error base 5238: HTTP Error 404: Not Found (cooldown 120s)
2026-07-02 19:07:48  OK English/Y12-Trial-P2-Adv/Hurlstone 2015 P2 (Adv.).pdf (319 KB)  [done 629, left 3360]
2026-07-02 19:08:18  OK Maths Advanced/Y12-Trial/Baulkham Hills 2018 w. sol.pdf (475 KB)  [done 630, left 3359]
2026-07-02 19:09:33  net-error base 5338: HTTP Error 404: Not Found (cooldown 120s)
2026-07-02 19:10:11  OK Physics/Y12-Trial/James Ruse 2013 w. sol.pdf (2762 KB)  [done 631, left 3358]
2026-07-02 19:11:16  OK English/Y12-Trial-P2-Adv/Hurlstone 2020 P2 (Adv.).pdf (1392 KB)  [done 632, left 3357]
2026-07-02 19:12:24  OK Maths Advanced/Y12-Trial/Baulkham Hills 2019 w. sol.pdf (844 KB)  [done 633, left 3356]
2026-07-02 19:12:54  OK Maths Extension 1/Y11-Yearly/Fort St 2017 w. sol.pdf (874 KB)  [done 634, left 3355]
2026-07-02 19:13:27  OK Physics/Y12-Trial/James Ruse 2014 w. sol.pdf (2104 KB)  [done 635, left 3354]
2026-07-02 19:13:58  OK English/Y12-Trial-P2-Adv/Hurlstone 2021 P2 (Adv.).pdf (254 KB)  [done 636, left 3353]
2026-07-02 19:14:29  OK Maths Extension 2/Y12-Trial/Caringbah 2010 w. sol.pdf (887 KB)  [done 637, left 3352]
2026-07-02 19:14:57  base 5330 throttled -> cooldown 1800s (Maths Extension 1/Y12-HSC/2001 Marking Guidelines.pdf)
2026-07-02 19:15:27  OK Maths Extension 1/Y12-Trial/Barker 2008 w. sol.pdf (242 KB)  [done 638, left 3351]
2026-07-02 19:15:57  OK English/Y12-Trial-P1/Pymble 2021 P1.pdf (348 KB)  [done 639, left 3350]
2026-07-02 19:16:24  base 5318 throttled -> cooldown 1800s (Maths Standard 2/Y12-Trial/Hornsby Girls 2020 w. sol.pdf)
2026-07-02 19:16:52  base 5340 throttled -> cooldown 1800s (Maths Extension 2/Y12-HSC/2001 Marking Guidelines.pdf)
2026-07-02 19:17:23  OK Maths Advanced/Y12-Trial/Baulkham Hills 2020 w. sol.pdf (1789 KB)  [done 640, left 3349]
2026-07-02 19:17:52  OK English/Y12-Trial-P2-Adv/James Ruse 2009 P2 (Adv.).pdf (300 KB)  [done 641, left 3348]
2026-07-02 19:18:23  OK Physics/Y12-Trial/James Ruse 2016 w. sol.pdf (1791 KB)  [done 642, left 3347]
2026-07-02 19:18:51  base 5310 throttled -> cooldown 1800s (Maths Standard 2/Y12-HSC/2001 Marking Guidelines.pdf)
2026-07-02 19:19:24  OK Maths Extension 1/Y11-Yearly/Fort St 2018 w. sol.pdf (1602 KB)  [done 643, left 3346]
2026-07-02 19:19:54  OK English/Y12-Trial-P1/Pymble 2024 P1.pdf (779 KB)  [done 644, left 3345]
2026-07-02 19:20:24  OK Maths Extension 2/Y12-Trial/Caringbah 2011 w. sol.pdf (1519 KB)  [done 645, left 3344]
2026-07-02 19:20:56  OK Maths Advanced/Y12-Trial/Baulkham Hills 2022 w. sol.pdf (1337 KB)  [done 646, left 3343]
2026-07-02 19:21:28  OK Physics/Y12-Trial/James Ruse 2019 w. sol.pdf (1401 KB)  [done 647, left 3342]
2026-07-02 19:21:57  OK English/Y12-Trial-P2-Adv/James Ruse 2010 P2 (Adv.).pdf (245 KB)  [done 648, left 3341]
2026-07-02 19:22:26  base 2720 throttled -> cooldown 1800s (English/Y12-HSC/2001 HSC Paper 1.pdf)
2026-07-02 19:22:56  OK Maths Extension 1/Y12-Trial/Barker 2009 w. sol.pdf (651 KB)  [done 649, left 3340]
2026-07-02 19:23:29  OK Maths Extension 1/Y11-Yearly/Fort St 2019 w. sol.pdf (1187 KB)  [done 650, left 3339]
2026-07-02 19:24:00  OK English/Y12-Trial-P1/Ravenswood 2022 P1.pdf (1098 KB)  [done 651, left 3338]
2026-07-02 19:25:01  OK Maths Extension 2/Y12-Trial/Caringbah 2013 w. sol.pdf (293 KB)  [done 652, left 3337]
2026-07-02 19:26:08  OK Maths Advanced/Y12-Trial/Baulkham Hills 2023 w. sol.pdf (1453 KB)  [done 653, left 3336]
2026-07-02 19:27:22  net-error base 6528: HTTP Error 404: Not Found (cooldown 120s)
2026-07-02 19:27:53  OK English/Y12-Trial-P2-Adv/James Ruse 2019 P2 (Adv.).pdf (318 KB)  [done 654, left 3335]
2026-07-02 19:28:38  OK English/Y12-Trial-P1/Riverview 2019 P1.pdf (199 KB)  [done 655, left 3334]
2026-07-02 19:29:09  OK Maths Extension 2/Y12-Trial/Caringbah 2014 w. sol.pdf (981 KB)  [done 656, left 3333]
2026-07-02 19:29:41  OK Maths Advanced/Y12-Trial/Baulkham Hills 2024 w. sol.pdf (1340 KB)  [done 657, left 3332]
2026-07-02 19:31:32  net-error base 5238: HTTP Error 404: Not Found (cooldown 120s)
2026-07-02 19:32:41  net-error base 2718: HTTP Error 404: Not Found (cooldown 120s)
2026-07-02 19:33:42  net-error base 5348: HTTP Error 404: Not Found (cooldown 120s)
2026-07-02 19:35:02  net-error base 6520: HTTP Error 404: Not Found (cooldown 120s)
2026-07-02 19:35:34  OK English/Y12-Trial-P1/Riverview 2023 P1.pdf (256 KB)  [done 658, left 3331]
2026-07-02 19:36:04  OK Maths Extension 2/Y12-Trial/Caringbah 2015 w. sol.pdf (718 KB)  [done 659, left 3330]
2026-07-02 19:36:32  base 5228 throttled -> cooldown 1800s (Maths Advanced/Y11-Yearly/Blacktown Boys 2023 w. sol.pdf)
2026-07-02 19:37:05  OK Maths Extension 1/Y11-Yearly/Fort St 2020 w. sol.pdf (2913 KB)  [done 660, left 3329]
2026-07-02 19:37:44  OK Physics/Y12-Trial/James Ruse 2020 w. sol.pdf (1985 KB)  [done 661, left 3328]
2026-07-02 19:38:23  OK English/Y12-Trial-P2-Adv/James Ruse 2020 P2 (Adv.).pdf (355 KB)  [done 662, left 3327]
2026-07-02 19:38:51  base 5320 throttled -> cooldown 1800s (Maths Advanced/Y12-HSC/2001 Marking Guidelines.pdf)
2026-07-02 19:39:19  base 6520 throttled -> cooldown 1800s (Physics/Y12-HSC/2013 Marking Guidelines.pdf)
2026-07-02 19:39:50  OK English/Y12-Trial-P1/Scots 2021 P1.pdf (1337 KB)  [done 663, left 3326]
2026-07-02 19:40:21  OK Maths Extension 2/Y12-Trial/Caringbah 2016 w. sol.pdf (1287 KB)  [done 664, left 3325]
2026-07-02 19:40:52  OK Maths Advanced/Y12-Trial/Baulkham Hills 2025 w. sol.pdf (1707 KB)  [done 665, left 3324]
2026-07-02 19:41:24  OK Maths Extension 1/Y11-Yearly/Fort St 2021 w. sol.pdf (1831 KB)  [done 666, left 3323]
2026-07-02 19:41:54  OK Maths Extension 1/Y12-Trial/Barker 2010 w. sol.pdf (324 KB)  [done 667, left 3322]
2026-07-02 19:42:24  OK English/Y12-Trial-P2-Adv/James Ruse 2023 P2 (Adv.).pdf (230 KB)  [done 668, left 3321]
2026-07-02 19:43:00  OK Physics/Y12-Trial/James Ruse 2021 w. sol.pdf (3480 KB)  [done 669, left 3320]
2026-07-02 19:43:31  OK Maths Advanced/Y12-Trial/Blacktown Boys 2018 w. sol.pdf (1365 KB)  [done 670, left 3319]
2026-07-02 19:44:02  OK English/Y12-Trial-P1/Shore 2019 P1.pdf (712 KB)  [done 671, left 3318]
2026-07-02 19:44:32  OK Maths Extension 2/Y12-Trial/Caringbah 2017 w. sol.pdf (926 KB)  [done 672, left 3317]
2026-07-02 19:45:00  base 5330 throttled -> cooldown 1800s (Maths Extension 1/Y12-HSC/2001 Marking Guidelines.pdf)
2026-07-02 19:45:55  OK Maths Extension 1/Y11-Yearly/Fort St 2022 w. sol.pdf (1563 KB)  [done 673, left 3316]
2026-07-02 19:46:33  OK Physics/Y12-Trial/James Ruse 2022 w. sol.pdf (6110 KB)  [done 674, left 3315]
2026-07-02 19:47:03  OK English/Y12-Trial-P2-Adv/James Ruse 2024 P2 (Adv.).pdf (328 KB)  [done 675, left 3314]
2026-07-02 19:47:31  base 5340 throttled -> cooldown 1800s (Maths Extension 2/Y12-HSC/2001 Marking Guidelines.pdf)
2026-07-02 19:47:59  base 5318 throttled -> cooldown 1800s (Maths Standard 2/Y12-Trial/Hornsby Girls 2020 w. sol.pdf)
2026-07-02 19:48:28  OK English/Y12-Trial-P1/Shore 2021 P1.pdf (622 KB)  [done 676, left 3313]
2026-07-02 19:49:07  OK Maths Advanced/Y12-Trial/Blacktown Boys 2019 w. sol.pdf (4845 KB)  [done 677, left 3312]
2026-07-02 19:49:36  OK Maths Extension 1/Y11-Yearly/Girraween 2005 w. sol.pdf (321 KB)  [done 678, left 3311]
2026-07-02 19:50:06  OK English/Y12-Trial-P2-Adv/Kambala 2022 P2 (Adv.).pdf (257 KB)  [done 679, left 3310]
2026-07-02 19:50:33  base 5310 throttled -> cooldown 1800s (Maths Standard 2/Y12-HSC/2001 Marking Guidelines.pdf)
2026-07-02 19:51:05  OK Maths Extension 2/Y12-Trial/Caringbah 2018 w. sol.pdf (1494 KB)  [done 680, left 3309]
2026-07-02 19:51:35  OK Maths Extension 1/Y12-Trial/Barker 2011 w. sol.pdf (517 KB)  [done 681, left 3308]
2026-07-02 19:52:12  OK Physics/Y12-Trial/James Ruse 2024 w. sol.pdf (3542 KB)  [done 682, left 3307]
2026-07-02 19:52:40  base 2720 throttled -> cooldown 1800s (English/Y12-HSC/2001 HSC Paper 1.pdf)
2026-07-02 19:53:09  OK English/Y12-Trial-P2-Adv/Killara 2019 P2 (Adv.).pdf (213 KB)  [done 683, left 3306]
2026-07-02 19:53:38  OK Maths Extension 1/Y11-Yearly/Girraween 2010 w. sol.pdf (176 KB)  [done 684, left 3305]
2026-07-02 19:54:11  OK Maths Extension 2/Y12-Trial/Caringbah 2019 w. sol.pdf (1158 KB)  [done 685, left 3304]
2026-07-02 19:54:42  OK Maths Advanced/Y12-Trial/Blacktown Boys 2020 w. sol.pdf (878 KB)  [done 686, left 3303]
2026-07-02 19:55:11  OK Physics/Y12-Trial/Kincoppal 2008 w. sol.pdf (828 KB)  [done 687, left 3302]
2026-07-02 19:55:43  OK Maths Extension 1/Y12-Trial/Barker 2012 w. sol.pdf (1020 KB)  [done 688, left 3301]
2026-07-02 19:56:11  OK English/Y12-Trial-P2-Adv/Kincoppal 2009 P2 (Adv.).pdf (58 KB)  [done 689, left 3300]
2026-07-02 19:56:41  OK Maths Extension 1/Y11-Yearly/Girraween 2011 w. sol.pdf (219 KB)  [done 690, left 3299]
2026-07-02 19:57:11  OK Maths Extension 2/Y12-Trial/Caringbah 2020 w. sol.pdf (519 KB)  [done 691, left 3298]
2026-07-02 19:57:46  OK Maths Advanced/Y12-Trial/Blacktown Boys 2022 w. sol.pdf (1685 KB)  [done 692, left 3297]
2026-07-02 19:58:16  OK English/Y12-Trial-P1/Shore 2022 P1.pdf (297 KB)  [done 693, left 3296]
2026-07-02 19:58:47  OK Maths Extension 1/Y12-Trial/Barker 2014 w. sol.pdf (681 KB)  [done 694, left 3295]
2026-07-02 19:59:17  OK Maths Extension 1/Y11-Yearly/Girraween 2016.pdf (228 KB)  [done 695, left 3294]
2026-07-02 20:00:29  OK English/Y12-Trial-P2-Adv/Kinross Wolaroi 2022 P2 (Adv.).pdf (1975 KB)  [done 696, left 3293]
2026-07-02 20:01:00  OK Physics/Y12-Trial/Kincoppal 2023.pdf (932 KB)  [done 697, left 3292]
2026-07-02 20:01:29  OK English/Y12-Trial-P1/Shore 2024 P1.pdf (487 KB)  [done 698, left 3291]
2026-07-02 20:03:18  net-error base 5348: HTTP Error 404: Not Found (cooldown 120s)
2026-07-02 20:04:18  net-error base 5328: HTTP Error 404: Not Found (cooldown 120s)
2026-07-02 20:04:51  OK Maths Extension 1/Y11-Yearly/Girraween 2019 w. sol.pdf (1441 KB)  [done 699, left 3290]
2026-07-02 20:06:39  OK English/Y12-Trial-P1/St Aloysius 2022 P1.pdf (812 KB)  [done 700, left 3289]
2026-07-02 20:07:09  OK Maths Extension 2/Y12-Trial/Caringbah 2021 w. sol.pdf (783 KB)  [done 701, left 3288]
2026-07-02 20:08:54  net-error base 5328: HTTP Error 404: Not Found (cooldown 120s)
2026-07-02 20:09:41  OK Physics/Y12-Trial/Kinross Wolaroi 2022 w. sol.pdf (7201 KB)  [done 702, left 3287]
2026-07-02 20:10:09  OK English/Y12-Trial-P2-Adv/Kirrawee 2010 P2 (Adv.).pdf (85 KB)  [done 703, left 3286]
2026-07-02 20:10:39  base 5228 throttled -> cooldown 1800s (Maths Advanced/Y11-Yearly/Blacktown Boys 2023 w. sol.pdf)
2026-07-02 20:11:14  OK Maths Extension 1/Y11-Yearly/Girraween 2020 w. sol.pdf (3625 KB)  [done 704, left 3285]
2026-07-02 20:14:48  OK Maths Extension 2/Y12-Trial/Caringbah 2022 w. sol.pdf (6491 KB)  [done 705, left 3284]
2026-07-02 20:15:59  base 5320 throttled -> cooldown 1800s (Maths Advanced/Y12-HSC/2001 Marking Guidelines.pdf)
2026-07-02 20:17:08  net-error base 5238: HTTP Error 404: Not Found (cooldown 120s)
2026-07-02 20:17:46  OK Maths Extension 1/Y12-Trial/Barker 2015 w. sol.pdf (2203 KB)  [done 706, left 3283]
2026-07-02 20:18:22  OK Physics/Y12-Trial/Knox 2020 w. sol.pdf (2446 KB)  [done 707, left 3282]
2026-07-02 20:18:50  base 5340 throttled -> cooldown 1800s (Maths Extension 2/Y12-HSC/2001 Marking Guidelines.pdf)
2026-07-02 20:19:21  OK Maths Extension 2/Y12-Trial/Caringbah 2023 w. sol.pdf (795 KB)  [done 708, left 3281]
2026-07-02 20:19:51  OK English/Y12-Trial-P1/St Catherines 2021 P1.pdf (574 KB)  [done 709, left 3280]
2026-07-02 20:20:22  OK Maths Advanced/Y12-Trial/Blacktown Boys 2023 w. sol.pdf (675 KB)  [done 710, left 3279]
2026-07-02 20:20:50  base 5318 throttled -> cooldown 1800s (Maths Standard 2/Y12-Trial/Hornsby Girls 2020 w. sol.pdf)
2026-07-02 20:21:19  base 5330 throttled -> cooldown 1800s (Maths Extension 1/Y12-HSC/2001 Marking Guidelines.pdf)
2026-07-02 20:21:48  OK English/Y12-Trial-P2-Adv/Kirrawee 2015 P2 (Adv.).pdf (157 KB)  [done 711, left 3278]
2026-07-02 20:23:24  OK Maths Extension 2/Y12-Trial/Caringbah 2024 w. sol.pdf (7554 KB)  [done 712, left 3277]
2026-07-02 20:23:54  OK English/Y12-Trial-P1/St Catherines 2022 P1.pdf (677 KB)  [done 713, left 3276]
2026-07-02 20:24:21  base 5310 throttled -> cooldown 1800s (Maths Standard 2/Y12-HSC/2001 Marking Guidelines.pdf)
2026-07-02 20:24:49  base 2720 throttled -> cooldown 1800s (English/Y12-HSC/2001 HSC Paper 1.pdf)
2026-07-02 20:25:17  base 6520 throttled -> cooldown 1800s (Physics/Y12-HSC/2013 Marking Guidelines.pdf)
2026-07-02 20:25:48  OK Maths Extension 1/Y12-Trial/Barker 2020 w. sol.pdf (1526 KB)  [done 714, left 3275]
2026-07-02 20:26:33  OK Physics/Y12-Trial/Knox 2024 w. sol.pdf (8773 KB)  [done 715, left 3274]
2026-07-02 20:27:02  OK English/Y12-Trial-P2-Adv/Kirrawee 2019 P2 (Adv.).pdf (211 KB)  [done 716, left 3273]
2026-07-02 20:27:37  OK Maths Extension 1/Y11-Yearly/Girraween 2021 w. sol.pdf (2847 KB)  [done 717, left 3272]
2026-07-02 20:28:11  OK Maths Extension 2/Y12-Trial/Caringbah 2025 w. sol.pdf (2190 KB)  [done 718, left 3271]
2026-07-02 20:29:00  OK Maths Advanced/Y12-Trial/Blacktown Boys 2024 w. sol.pdf (11217 KB)  [done 719, left 3270]
2026-07-02 20:29:29  OK Physics/Y12-Trial/Kotara 2007 w. sol.pdf (408 KB)  [done 720, left 3269]
2026-07-02 20:29:58  OK English/Y12-Trial-P2-Adv/Knox 2009 P2 (Adv.).pdf (299 KB)  [done 721, left 3268]
2026-07-02 20:30:43  OK Maths Extension 1/Y12-Trial/Barker 2022 w. sol.pdf (2101 KB)  [done 722, left 3267]
2026-07-02 20:31:16  OK English/Y12-Trial-P1/St George Girls 2019 P1.pdf (1628 KB)  [done 723, left 3266]
2026-07-02 20:31:44  OK Maths Extension 2/Y12-Trial/Cheltenham Girls 1986.pdf (68 KB)  [done 724, left 3265]
2026-07-02 20:32:27  OK Maths Advanced/Y12-Trial/Blacktown Boys 2025 w. sol.pdf (4837 KB)  [done 725, left 3264]
2026-07-02 20:32:57  OK Physics/Y12-Trial/Kotara 2008 w. sol.pdf (637 KB)  [done 726, left 3263]
2026-07-02 20:33:27  OK English/Y12-Trial-P2-Adv/Knox 2019 P2 (Adv.).pdf (230 KB)  [done 727, left 3262]
2026-07-02 20:34:00  OK Maths Extension 1/Y12-Trial/Barker 2024 w. sol.pdf (4782 KB)  [done 728, left 3261]
2026-07-02 20:34:30  OK English/Y12-Trial-P1/St George Girls 2020 P1.pdf (698 KB)  [done 729, left 3260]
2026-07-02 20:35:33  net-error base 5238: HTTP Error 404: Not Found (cooldown 120s)
2026-07-02 20:36:47  OK Maths Extension 2/Y12-Trial/Cheltenham Girls 2007 w. sol.pdf (1575 KB)  [done 730, left 3259]
2026-07-02 20:37:47  OK English/Y12-Trial-P2-Adv/Knox 2021 P2 (Adv.).pdf (331 KB)  [done 731, left 3258]
2026-07-02 20:38:24  OK Maths Advanced/Y12-Trial/Callaghan Jesmond 2014 w. sol.pdf (2168 KB)  [done 732, left 3257]
2026-07-02 20:38:54  OK Physics/Y12-Trial/Kotara 2009 w. sol.pdf (500 KB)  [done 733, left 3256]
2026-07-02 20:39:25  OK Maths Extension 2/Y12-Trial/Cheltenham Girls 2008 w. sol.pdf (1699 KB)  [done 734, left 3255]
2026-07-02 20:39:55  OK English/Y12-Trial-P1/St George Girls 2022 P1.pdf (513 KB)  [done 735, left 3254]
2026-07-02 20:40:33  OK Maths Extension 1/Y12-Trial/Barker 2025 w. sol.pdf (5205 KB)  [done 736, left 3253]
2026-07-02 20:41:07  OK Maths Extension 1/Y11-Yearly/Girraween 2022 w. sol.pdf (3383 KB)  [done 737, left 3252]
2026-07-02 20:41:44  OK English/Y12-Trial-P2-Adv/Knox 2024 P2 (Adv.).pdf (304 KB)  [done 738, left 3251]
2026-07-02 20:42:21  OK Maths Advanced/Y12-Trial/Caringbah 2005 w. sol.pdf (319 KB)  [done 739, left 3250]
2026-07-02 20:42:52  OK Physics/Y12-Trial/Kotara 2010 w. sol.pdf (487 KB)  [done 740, left 3249]
2026-07-02 20:43:30  OK English/Y12-Trial-P1/St George Girls 2025 P1.pdf (796 KB)  [done 741, left 3248]
2026-07-02 20:44:01  OK Maths Extension 2/Y12-Trial/Cheltenham Girls 2023 w. sol.pdf (996 KB)  [done 742, left 3247]
2026-07-02 20:44:30  OK Maths Extension 1/Y12-Trial/Baulkham Hills 1996 w. sol.pdf (248 KB)  [done 743, left 3246]
2026-07-02 20:44:58  base 5228 throttled -> cooldown 1800s (Maths Advanced/Y11-Yearly/Blacktown Boys 2023 w. sol.pdf)
2026-07-02 20:45:27  OK Physics/Y12-Trial/Kotara 2011 w. sol.pdf (379 KB)  [done 744, left 3245]
2026-07-02 20:46:04  OK Maths Extension 1/Y11-Yearly/Girraween 2023 w. sol.pdf (3770 KB)  [done 745, left 3244]
2026-07-02 20:46:33  base 5320 throttled -> cooldown 1800s (Maths Advanced/Y12-HSC/2001 Marking Guidelines.pdf)
2026-07-02 20:47:04  OK English/Y12-Trial-P1/St Ursulas 2019 P1.pdf (1264 KB)  [done 746, left 3243]
2026-07-02 20:47:33  OK English/Y12-Trial-P2-Adv/Muirfield 2010 P2 (Adv.).pdf (289 KB)  [done 747, left 3242]
2026-07-02 20:48:04  OK Maths Extension 2/Y12-Trial/Cheltenham Girls 2024 w. sol.pdf (1492 KB)  [done 748, left 3241]
2026-07-02 20:48:34  OK Maths Advanced/Y12-Trial/Caringbah 2007 w. sol.pdf (272 KB)  [done 749, left 3240]
2026-07-02 20:49:19  OK Maths Extension 1/Y11-Yearly/Girraween 2024 w. sol.pdf (9346 KB)  [done 750, left 3239]
2026-07-02 20:49:49  OK English/Y12-Trial-P1/Sydney Boys 2019 P1.pdf (575 KB)  [done 751, left 3238]
2026-07-02 20:50:17  base 5340 throttled -> cooldown 1800s (Maths Extension 2/Y12-HSC/2001 Marking Guidelines.pdf)
2026-07-02 20:50:46  OK Maths Extension 1/Y12-Trial/Baulkham Hills 1998.pdf (213 KB)  [done 752, left 3237]
2026-07-02 20:51:17  OK Maths Extension 2/Y12-Trial/Cheltenham Girls 2025 w. sol.pdf (1870 KB)  [done 753, left 3236]
2026-07-02 20:51:45  base 5330 throttled -> cooldown 1800s (Maths Extension 1/Y12-HSC/2001 Marking Guidelines.pdf)
2026-07-02 20:52:15  OK Maths Extension 1/Y11-Yearly/Glenwood 2019 w. sol.pdf (874 KB)  [done 754, left 3235]
2026-07-02 20:52:44  OK English/Y12-Trial-P1/Sydney Boys 2020 P1.pdf (279 KB)  [done 755, left 3234]
2026-07-02 20:53:30  OK Physics/Y12-Trial/Kotara 2020 w. sol.pdf (1076 KB)  [done 756, left 3233]
2026-07-02 20:54:30  OK Maths Extension 2/Y12-Trial/Cherrybrook Tech 2001 w. sol.pdf (231 KB)  [done 757, left 3232]
2026-07-02 20:55:01  OK Maths Advanced/Y12-Trial/Caringbah 2009 w. sol.pdf (1582 KB)  [done 758, left 3231]
2026-07-02 20:55:30  OK English/Y12-Trial-P1/Sydney Boys 2021 P1.pdf (142 KB)  [done 759, left 3230]
2026-07-02 20:55:58  base 6520 throttled -> cooldown 1800s (Physics/Y12-HSC/2013 Marking Guidelines.pdf)
2026-07-02 20:56:25  base 2720 throttled -> cooldown 1800s (English/Y12-HSC/2001 HSC Paper 1.pdf)
2026-07-02 20:59:45  net-error base 2728: HTTP Error 302: The HTTP server returned a redirect error that would lead to an infinite loop.
The last 30x error message was:
Moved Temporarily (cooldown 120s)
2026-07-02 21:00:40  OK Maths Advanced/Y12-Trial/Caringbah 2011 w. sol.pdf (665 KB)  [done 760, left 3229]
2026-07-02 21:01:09  OK Maths Extension 2/Y12-Trial/Cherrybrook Tech 2002 w. sol.pdf (267 KB)  [done 761, left 3228]
2026-07-02 21:01:40  OK Maths Extension 1/Y12-Trial/Baulkham Hills 2004 w. sol.pdf (578 KB)  [done 762, left 3227]
2026-07-02 21:02:26  OK Physics/Y12-Trial/Merewether 2019 w. sol.pdf (5946 KB)  [done 763, left 3226]
2026-07-02 21:05:08  base 5318 throttled -> cooldown 1800s (Maths Standard 2/Y12-Trial/Hornsby Girls 2020 w. sol.pdf)
2026-07-02 21:05:37  OK English/Y12-Trial-P2-Adv/Newcastle Grammar 2010 P2 (Adv.).pdf (522 KB)  [done 764, left 3225]
2026-07-02 21:06:08  OK English/Y12-Trial-P1/Sydney Boys 2023 P1.pdf (425 KB)  [done 765, left 3224]
2026-07-02 21:06:37  OK Maths Extension 2/Y12-Trial/Cherrybrook Tech 2003 w. sol.pdf (351 KB)  [done 766, left 3223]
2026-07-02 21:08:11  net-error base 6528: HTTP Error 404: Not Found (cooldown 120s)
2026-07-02 21:09:11  net-error base 5310: HTTP Error 404: Not Found (cooldown 120s)
2026-07-02 21:10:55  net-error base 5238: HTTP Error 404: Not Found (cooldown 120s)
2026-07-02 21:11:30  OK Physics/Y12-Trial/Merewether 2020 w. sol.pdf (3310 KB)  [done 767, left 3222]
2026-07-02 21:11:58  base 5310 throttled -> cooldown 1800s (Maths Standard 2/Y12-HSC/2001 Marking Guidelines.pdf)
2026-07-02 21:12:27  OK English/Y12-Trial-P2-Adv/Newington 2016 P2 (Adv.).pdf (197 KB)  [done 768, left 3221]
2026-07-02 21:12:56  OK English/Y12-Trial-P1/Sydney Boys 2024 P1.pdf (440 KB)  [done 769, left 3220]
2026-07-02 21:13:25  OK Maths Extension 2/Y12-Trial/Cherrybrook Tech 2005 w. sol.pdf (331 KB)  [done 770, left 3219]
2026-07-02 21:15:04  net-error base 5238: HTTP Error 404: Not Found (cooldown 120s)
2026-07-02 21:15:53  OK Physics/Y12-Trial/Merewether 2021 w. sol.pdf (1610 KB)  [done 771, left 3218]
2026-07-02 21:16:22  OK English/Y12-Trial-P2-Adv/Newington 2021 P2 (Adv.).pdf (276 KB)  [done 772, left 3217]
2026-07-02 21:17:03  OK Maths Extension 2/Y12-Trial/Cherrybrook Tech 2006 w. sol.pdf (246 KB)  [done 773, left 3216]
2026-07-02 21:17:31  base 5320 throttled -> cooldown 1800s (Maths Advanced/Y12-HSC/2001 Marking Guidelines.pdf)
2026-07-02 21:18:06  OK Maths Extension 1/Y12-Trial/Baulkham Hills 2005 w. sol.pdf (181 KB)  [done 774, left 3215]
2026-07-02 21:18:38  OK Maths Extension 1/Y11-Yearly/Glenwood 2020 w. sol.pdf (1576 KB)  [done 775, left 3214]
2026-07-02 21:19:07  OK English/Y12-Trial-P1/Sydney Boys 2025 P1.pdf (511 KB)  [done 776, left 3213]
2026-07-02 21:19:37  OK Maths Advanced/Y12-Trial/Caringbah 2013 w. sol.pdf (398 KB)  [done 777, left 3212]
2026-07-02 21:20:08  OK Physics/Y12-Trial/Merewether 2022 w. sol.pdf (1831 KB)  [done 778, left 3211]
2026-07-02 21:20:37  base 5340 throttled -> cooldown 1800s (Maths Extension 2/Y12-HSC/2001 Marking Guidelines.pdf)
2026-07-02 21:21:07  OK Maths Extension 2/Y12-Trial/Cherrybrook Tech 2007 w. sol.pdf (351 KB)  [done 779, left 3210]
2026-07-02 21:21:36  OK Maths Extension 1/Y12-Trial/Baulkham Hills 2006 w. sol.pdf (160 KB)  [done 780, left 3209]
2026-07-02 21:22:41  net-error base 2728: HTTP Error 404: Not Found (cooldown 120s)
2026-07-02 21:23:13  OK Physics/Y12-Trial/Merewether 2023 w. sol.pdf (1624 KB)  [done 781, left 3208]
2026-07-02 21:24:07  net-error base 5348: HTTP Error 404: Not Found (cooldown 120s)
2026-07-02 21:24:35  base 5330 throttled -> cooldown 1800s (Maths Extension 1/Y12-HSC/2001 Marking Guidelines.pdf)
2026-07-02 21:25:04  OK Maths Extension 1/Y12-Trial/Baulkham Hills 2007 w. sol.pdf (115 KB)  [done 782, left 3207]
2026-07-02 21:25:33  OK English/Y12-Trial-P2-Adv/Newington 2024 P2 (Adv.).pdf (423 KB)  [done 783, left 3206]
2026-07-02 21:26:02  base 6520 throttled -> cooldown 1800s (Physics/Y12-HSC/2013 Marking Guidelines.pdf)
2026-07-02 21:26:31  OK Maths Extension 2/Y12-Trial/Cherrybrook Tech 2009 w. sol.pdf (531 KB)  [done 784, left 3205]
2026-07-02 21:27:11  net-error base 2718: HTTP Error 404: Not Found (cooldown 120s)
2026-07-02 21:28:14  net-error base 5328: HTTP Error 404: Not Found (cooldown 120s)
2026-07-02 21:29:24  base 5228 throttled -> cooldown 1800s (Maths Advanced/Y11-Yearly/Blacktown Boys 2023 w. sol.pdf)
2026-07-02 21:29:53  base 2720 throttled -> cooldown 1800s (English/Y12-HSC/2001 HSC Paper 1.pdf)
2026-07-02 21:32:04  OK English/Y12-Trial-P1/Sydney Girls 2019 P1.pdf (294 KB)  [done 785, left 3204]
2026-07-02 21:32:32  OK English/Y12-Trial-P2-Adv/Normanhurst Boys 2019 P2 (Adv.).pdf (173 KB)  [done 786, left 3203]
2026-07-02 21:33:07  OK Physics/Y12-Trial/Merewether 2024 w. sol.pdf (3464 KB)  [done 787, left 3202]
2026-07-02 21:33:36  OK Maths Advanced/Y12-Trial/Caringbah 2014 w. sol.pdf (319 KB)  [done 788, left 3201]
2026-07-02 21:34:20  net-error base 5238: HTTP Error 404: Not Found (cooldown 120s)
2026-07-02 21:34:56  OK Maths Extension 2/Y12-Trial/Cherrybrook Tech 2010 w. sol.pdf (618 KB)  [done 789, left 3200]
2026-07-02 21:36:23  net-error base 5318: HTTP Error 404: Not Found (cooldown 120s)
2026-07-02 21:37:23  net-error base 2718: HTTP Error 404: Not Found (cooldown 120s)
2026-07-02 21:38:22  net-error base 5348: HTTP Error 404: Not Found (cooldown 120s)
2026-07-02 21:38:51  OK Maths Advanced/Y12-Trial/Caringbah 2015 w. sol.pdf (280 KB)  [done 790, left 3199]
2026-07-02 21:39:20  OK Maths Extension 1/Y11-Yearly/Glenwood 2022 w. sol.pdf (299 KB)  [done 791, left 3198]
2026-07-02 21:39:49  OK English/Y12-Trial-P1/Sydney Girls 2021 P1.pdf (266 KB)  [done 792, left 3197]
2026-07-02 21:40:27  OK Physics/Y12-Trial/Merewether 2025 w. sol.pdf (5886 KB)  [done 793, left 3196]
2026-07-02 21:40:54  base 5318 throttled -> cooldown 1800s (Maths Standard 2/Y12-Trial/Hornsby Girls 2020 w. sol.pdf)
2026-07-02 21:41:23  OK Maths Extension 2/Y12-Trial/Cherrybrook Tech 2011 w. sol.pdf (429 KB)  [done 794, left 3195]
2026-07-02 21:41:56  OK Maths Advanced/Y12-Trial/Caringbah 2016 w. sol.pdf (882 KB)  [done 795, left 3194]
2026-07-02 21:43:29  net-error base 2718: HTTP Error 404: Not Found (cooldown 120s)
2026-07-02 21:45:15  OK Physics/Y12-Trial/Newington 2001 w. sol.pdf (327 KB)  [done 796, left 3193]
2026-07-02 21:45:44  OK Maths Extension 1/Y12-Trial/Baulkham Hills 2008 w. sol.pdf (478 KB)  [done 797, left 3192]
2026-07-02 21:46:22  base 5310 throttled -> cooldown 1800s (Maths Standard 2/Y12-HSC/2001 Marking Guidelines.pdf)
2026-07-02 21:46:54  OK Maths Extension 1/Y11-Yearly/Glenwood 2023 w. sol.pdf (1870 KB)  [done 798, left 3191]
2026-07-02 21:47:24  OK English/Y12-Trial-P2-Adv/North Sydney Boys 2019 P2 (Adv.).pdf (275 KB)  [done 799, left 3190]
2026-07-02 21:47:54  OK English/Y12-Trial-P1/Sydney Girls 2022 P1.pdf (373 KB)  [done 800, left 3189]
2026-07-02 21:48:24  OK Maths Extension 2/Y12-Trial/Cherrybrook Tech 2012 w. sol.pdf (775 KB)  [done 801, left 3188]
2026-07-02 21:48:53  OK Maths Advanced/Y12-Trial/Caringbah 2017 w. sol.pdf (526 KB)  [done 802, left 3187]
2026-07-02 21:49:23  OK Maths Extension 1/Y12-Trial/Baulkham Hills 2009 w. sol.pdf (364 KB)  [done 803, left 3186]
2026-07-02 21:49:53  OK Physics/Y12-Trial/Newington 2012 w. sol.pdf (1251 KB)  [done 804, left 3185]
2026-07-02 21:50:21  base 5320 throttled -> cooldown 1800s (Maths Advanced/Y12-HSC/2001 Marking Guidelines.pdf)
2026-07-02 21:50:51  OK English/Y12-Trial-P1/Sydney Girls 2023 P1.pdf (844 KB)  [done 805, left 3184]
2026-07-02 21:51:19  base 5340 throttled -> cooldown 1800s (Maths Extension 2/Y12-HSC/2001 Marking Guidelines.pdf)
2026-07-02 21:51:48  OK Maths Extension 2/Y12-Trial/Cherrybrook Tech 2013 w. sol.pdf (424 KB)  [done 806, left 3183]
2026-07-02 21:52:19  OK Maths Advanced/Y12-Trial/Caringbah 2018 w. sol.pdf (874 KB)  [done 807, left 3182]
2026-07-02 21:52:49  OK Maths Extension 1/Y11-Yearly/Glenwood 2024 w. sol.pdf (629 KB)  [done 808, left 3181]
2026-07-02 21:53:19  OK Maths Extension 1/Y12-Trial/Baulkham Hills 2010 w. sol.pdf (408 KB)  [done 809, left 3180]
2026-07-02 21:53:49  OK English/Y12-Trial-P1/Sydney Girls 2024 P1.pdf (982 KB)  [done 810, left 3179]
2026-07-02 21:54:20  OK Physics/Y12-Trial/Newington 2013 w. sol.pdf (1868 KB)  [done 811, left 3178]
2026-07-02 21:54:48  base 5330 throttled -> cooldown 1800s (Maths Extension 1/Y12-HSC/2001 Marking Guidelines.pdf)
2026-07-02 21:55:17  OK English/Y12-Trial-P2-Adv/North Sydney Boys 2020 P2 (Adv.).pdf (158 KB)  [done 812, left 3177]
2026-07-02 21:55:50  OK Maths Extension 2/Y12-Trial/Cherrybrook Tech 2014 w. sol.pdf (1337 KB)  [done 813, left 3176]
2026-07-02 21:56:19  OK Maths Advanced/Y12-Trial/Caringbah 2019 w. sol.pdf (333 KB)  [done 814, left 3175]
2026-07-02 21:56:55  OK Maths Extension 1/Y11-Yearly/Gosford 2005 w. sol.pdf (207 KB)  [done 815, left 3174]
2026-07-02 21:57:26  OK Physics/Y12-Trial/Newington 2014 w. sol.pdf (1056 KB)  [done 816, left 3173]
2026-07-02 21:57:55  OK English/Y12-Trial-P2-Adv/North Sydney Boys 2025 P2 (Adv.).pdf (171 KB)  [done 817, left 3172]
2026-07-02 21:58:24  OK Maths Extension 1/Y12-Trial/Baulkham Hills 2011 w. sol.pdf (115 KB)  [done 818, left 3171]
2026-07-02 21:58:54  OK Maths Extension 2/Y12-Trial/Cherrybrook Tech 2015 w. sol.pdf (1160 KB)  [done 819, left 3170]
2026-07-02 21:59:37  OK Maths Advanced/Y12-Trial/Caringbah 2020 w. sol.pdf (5991 KB)  [done 820, left 3169]
2026-07-02 22:00:06  OK Maths Extension 1/Y11-Yearly/Gosford 2007 w. sol.pdf (185 KB)  [done 821, left 3168]
2026-07-02 22:00:38  OK Physics/Y12-Trial/Newington 2015 w. sol.pdf (1632 KB)  [done 822, left 3167]
2026-07-02 22:01:06  base 2720 throttled -> cooldown 1800s (English/Y12-HSC/2001 HSC Paper 1.pdf)
2026-07-02 22:01:34  OK English/Y12-Trial-P2-Adv/North Sydney Girls 2004 P2 (Adv.).pdf (63 KB)  [done 823, left 3166]
2026-07-02 22:02:02  base 5228 throttled -> cooldown 1800s (Maths Advanced/Y11-Yearly/Blacktown Boys 2023 w. sol.pdf)
2026-07-02 22:02:30  base 6520 throttled -> cooldown 1800s (Physics/Y12-HSC/2013 Marking Guidelines.pdf)
2026-07-02 22:03:00  OK English/Y12-Trial-P1/Sydney Grammar 2019 P1.pdf (230 KB)  [done 824, left 3165]
2026-07-02 22:03:30  OK Maths Extension 2/Y12-Trial/Cranbrook 2001 w. sol.pdf (535 KB)  [done 825, left 3164]
2026-07-02 22:04:01  OK Physics/Y12-Trial/Newington 2016 w. sol.pdf (1444 KB)  [done 826, left 3163]
2026-07-02 22:04:38  OK Maths Advanced/Y12-Trial/Caringbah 2021 w. sol.pdf (5411 KB)  [done 827, left 3162]
2026-07-02 22:05:06  OK English/Y12-Trial-P2-Adv/North Sydney Girls 2005 P2 (Adv.).pdf (63 KB)  [done 828, left 3161]
2026-07-02 22:05:36  OK Maths Extension 1/Y12-Trial/Baulkham Hills 2012 w. sol.pdf (470 KB)  [done 829, left 3160]
2026-07-02 22:06:06  OK English/Y12-Trial-P1/Sydney Grammar 2020 P1.pdf (904 KB)  [done 830, left 3159]
2026-07-02 22:06:34  OK Maths Extension 1/Y11-Yearly/Gosford 2008 w. sol.pdf (106 KB)  [done 831, left 3158]
2026-07-02 22:07:04  OK Maths Extension 2/Y12-Trial/Cranbrook 2002 w. sol.pdf (627 KB)  [done 832, left 3157]
2026-07-02 22:07:41  OK Maths Advanced/Y12-Trial/Caringbah 2022 w. sol.pdf (4663 KB)  [done 833, left 3156]
2026-07-02 22:08:10  OK English/Y12-Trial-P2-Adv/North Sydney Girls 2010 P2 (Adv.).pdf (197 KB)  [done 834, left 3155]
2026-07-02 22:09:00  OK Maths Extension 1/Y12-Trial/Baulkham Hills 2013 w. sol.pdf (458 KB)  [done 835, left 3154]
2026-07-02 22:09:32  OK Physics/Y12-Trial/Newington 2019 w. sol.pdf (1941 KB)  [done 836, left 3153]
2026-07-02 22:10:34  OK Maths Extension 2/Y12-Trial/Cranbrook 2003 w. sol.pdf (709 KB)  [done 837, left 3152]
2026-07-02 22:11:03  OK English/Y12-Trial-P1/Sydney Grammar 2021 P1.pdf (203 KB)  [done 838, left 3151]
2026-07-02 22:11:35  OK Maths Advanced/Y12-Trial/Caringbah 2023 w. sol.pdf (1934 KB)  [done 839, left 3150]
2026-07-02 22:12:04  OK Maths Extension 1/Y11-Yearly/Gosford 2009 w. sol.pdf (285 KB)  [done 840, left 3149]
2026-07-02 22:12:36  OK English/Y12-Trial-P2-Adv/North Sydney Girls 2013 P2 (Adv.).pdf (348 KB)  [done 841, left 3148]
2026-07-02 22:13:08  OK Physics/Y12-Trial/Newington 2022 w. sol.pdf (2682 KB)  [done 842, left 3147]
2026-07-02 22:13:38  OK Maths Extension 1/Y12-Trial/Baulkham Hills 2014 w. sol.pdf (413 KB)  [done 843, left 3146]
2026-07-02 22:14:08  OK English/Y12-Trial-P1/Sydney Grammar 2023 P1.pdf (561 KB)  [done 844, left 3145]
2026-07-02 22:14:36  base 5318 throttled -> cooldown 1800s (Maths Standard 2/Y12-Trial/Hornsby Girls 2020 w. sol.pdf)
2026-07-02 22:15:04  OK Maths Extension 2/Y12-Trial/Cranbrook 2004.pdf (318 KB)  [done 845, left 3144]
2026-07-02 22:15:37  OK Maths Advanced/Y12-Trial/Caringbah 2024 w. sol.pdf (2548 KB)  [done 846, left 3143]
2026-07-02 22:16:09  OK Physics/Y12-Trial/Newington 2023 w. sol.pdf (1763 KB)  [done 847, left 3142]
2026-07-02 22:16:39  OK English/Y12-Trial-P2-Adv/North Sydney Girls 2019 P2 (Adv.).pdf (283 KB)  [done 848, left 3141]
2026-07-02 22:17:07  base 5310 throttled -> cooldown 1800s (Maths Standard 2/Y12-HSC/2001 Marking Guidelines.pdf)
2026-07-02 22:17:35  OK Maths Extension 1/Y11-Yearly/Gosford 2010 w. sol.pdf (255 KB)  [done 849, left 3140]
2026-07-02 22:18:04  OK Maths Extension 2/Y12-Trial/Cranbrook 2006.pdf (363 KB)  [done 850, left 3139]
2026-07-02 22:18:38  OK Maths Advanced/Y12-Trial/Caringbah 2025 w. sol.pdf (3077 KB)  [done 851, left 3138]
2026-07-02 22:19:09  OK Physics/Y12-Trial/Newington 2024 w. sol.pdf (1400 KB)  [done 852, left 3137]
2026-07-02 22:19:39  OK English/Y12-Trial-P2-Adv/North Sydney Girls 2021 P2 (Adv.).pdf (326 KB)  [done 853, left 3136]
2026-07-02 22:20:09  OK English/Y12-Trial-P1/Sydney Grammar 2024 P1.pdf (265 KB)  [done 854, left 3135]
2026-07-02 22:20:38  OK Maths Extension 1/Y12-Trial/Baulkham Hills 2015 w. sol.pdf (377 KB)  [done 855, left 3134]
2026-07-02 22:21:11  OK Maths Extension 2/Y12-Trial/Cranbrook 2007.pdf (65 KB)  [done 856, left 3133]
2026-07-02 22:21:38  base 5320 throttled -> cooldown 1800s (Maths Advanced/Y12-HSC/2001 Marking Guidelines.pdf)
2026-07-02 22:22:07  OK Maths Extension 1/Y11-Yearly/Gosford 2012 w. sol.pdf (209 KB)  [done 857, left 3132]
2026-07-02 22:22:36  OK English/Y12-Trial-P2-Adv/North Sydney Girls 2022 P2 (Adv.).pdf (328 KB)  [done 858, left 3131]
2026-07-02 22:23:03  base 5340 throttled -> cooldown 1800s (Maths Extension 2/Y12-HSC/2001 Marking Guidelines.pdf)
2026-07-02 22:23:32  OK Maths Advanced/Y12-Trial/Cheltenham Girls 1994 w. sol.pdf (261 KB)  [done 859, left 3130]
2026-07-02 22:24:07  OK Physics/Y12-Trial/Normanhurst Boys 2020 w. sol.pdf (3073 KB)  [done 860, left 3129]
2026-07-02 22:24:39  OK Maths Extension 1/Y12-Trial/Baulkham Hills 2016 w. sol.pdf (842 KB)  [done 861, left 3128]
2026-07-02 22:25:09  OK Maths Extension 2/Y12-Trial/Cranbrook 2008 w. sol.pdf (456 KB)  [done 862, left 3127]
2026-07-02 22:25:36  base 5330 throttled -> cooldown 1800s (Maths Extension 1/Y12-HSC/2001 Marking Guidelines.pdf)
2026-07-02 22:26:05  OK Maths Extension 1/Y11-Yearly/Gosford 2013 w. sol.pdf (273 KB)  [done 863, left 3126]
2026-07-02 22:26:34  OK English/Y12-Trial-P1/Sydney Grammar 2025 P1.pdf (129 KB)  [done 864, left 3125]
2026-07-02 22:27:04  OK English/Y12-Trial-P2-Adv/Port Hacking 2015 P2 (Adv.).pdf (862 KB)  [done 865, left 3124]
2026-07-02 22:27:36  OK Maths Advanced/Y12-Trial/Cherrybrook Tech 2001 w. sol.pdf (890 KB)  [done 866, left 3123]
2026-07-02 22:28:15  OK Physics/Y12-Trial/Normanhurst Boys 2021 w. sol.pdf (6639 KB)  [done 867, left 3122]
2026-07-02 22:28:45  OK Maths Extension 2/Y12-Trial/Cranbrook 2009.pdf (471 KB)  [done 868, left 3121]
2026-07-02 22:29:15  OK Maths Extension 1/Y12-Trial/Baulkham Hills 2017 w. sol.pdf (425 KB)  [done 869, left 3120]
2026-07-02 22:29:45  OK English/Y12-Trial-P1/Sydney Tech 2021 P1.pdf (739 KB)  [done 870, left 3119]
2026-07-02 22:30:14  OK English/Y12-Trial-P2-Adv/Pymble 2009 P2 (Adv.).pdf (193 KB)  [done 871, left 3118]
2026-07-02 22:30:45  OK Maths Advanced/Y12-Trial/Cherrybrook Tech 2003 w. sol.pdf (1248 KB)  [done 872, left 3117]
2026-07-02 22:31:18  OK Physics/Y12-Trial/Normanhurst Boys 2023.pdf (1913 KB)  [done 873, left 3116]
2026-07-02 22:31:49  OK Maths Extension 2/Y12-Trial/Cranbrook 2010 w. sol.pdf (2123 KB)  [done 874, left 3115]
2026-07-02 22:32:17  base 5228 throttled -> cooldown 1800s (Maths Advanced/Y11-Yearly/Blacktown Boys 2023 w. sol.pdf)
2026-07-02 22:32:48  OK Maths Extension 1/Y12-Trial/Baulkham Hills 2018 w. sol.pdf (1112 KB)  [done 875, left 3114]
2026-07-02 22:33:15  base 6520 throttled -> cooldown 1800s (Physics/Y12-HSC/2013 Marking Guidelines.pdf)
2026-07-02 22:33:43  base 2720 throttled -> cooldown 1800s (English/Y12-HSC/2001 HSC Paper 1.pdf)
2026-07-02 22:34:20  OK English/Y12-Trial-P1/Sydney Tech 2022 P1.pdf (4199 KB)  [done 876, left 3113]
2026-07-02 22:34:59  OK Maths Extension 2/Y12-Trial/Cranbrook 2017 w. sol.pdf (3115 KB)  [done 877, left 3112]
2026-07-02 22:35:28  OK Maths Advanced/Y12-Trial/Cherrybrook Tech 2004 w. sol.pdf (432 KB)  [done 878, left 3111]
2026-07-02 22:35:58  OK Maths Extension 1/Y12-Trial/Baulkham Hills 2019 w. sol.pdf (927 KB)  [done 879, left 3110]
2026-07-02 22:36:27  OK English/Y12-Trial-P2-Adv/Pymble 2010 P2 (Adv.).pdf (164 KB)  [done 880, left 3109]
2026-07-02 22:36:56  OK Maths Extension 1/Y11-Yearly/Gosford 2014 w. sol.pdf (207 KB)  [done 881, left 3108]
2026-07-02 22:37:25  OK English/Y12-Trial-P1/James Ruse 2019 P1 Practice Exam 1.pdf (548 KB)  [done 882, left 3107]
2026-07-02 22:37:55  OK Physics/Y12-Trial/North Sydney Boys 2019 w. sol.pdf (1078 KB)  [done 883, left 3106]
2026-07-02 22:38:32  OK Maths Extension 2/Y12-Trial/Cranbrook 2020 w. sol.pdf (4528 KB)  [done 884, left 3105]
2026-07-02 22:39:01  OK Maths Advanced/Y12-Trial/Cherrybrook Tech 2005 w. sol.pdf (375 KB)  [done 885, left 3104]
2026-07-02 22:39:30  OK English/Y12-Trial-P2-Adv/Pymble 2019 P2 (Adv.).pdf (724 KB)  [done 886, left 3103]
2026-07-02 22:39:59  OK Maths Extension 1/Y12-Trial/Baulkham Hills 2020 w. sol.pdf (638 KB)  [done 887, left 3102]
2026-07-02 22:40:31  OK English/Y12-Trial-P1/Hornsby Girls 2022 P1 Practice Exam 1.pdf (644 KB)  [done 888, left 3101]
2026-07-02 22:40:59  OK Maths Extension 1/Y11-Yearly/Gosford 2015.pdf (78 KB)  [done 889, left 3100]
2026-07-02 22:41:38  OK Maths Extension 2/Y12-Trial/Cranbrook 2021 w. sol.pdf (2884 KB)  [done 890, left 3099]
2026-07-02 22:42:09  OK Physics/Y12-Trial/North Sydney Boys 2020 w. sol.pdf (838 KB)  [done 891, left 3098]
2026-07-02 22:42:38  OK English/Y12-Trial-P2-Adv/Pymble 2023 P2 (Adv.).pdf (226 KB)  [done 892, left 3097]
2026-07-02 22:43:07  OK Maths Advanced/Y12-Trial/Cherrybrook Tech 2006 w. sol.pdf (264 KB)  [done 893, left 3096]
2026-07-02 22:43:38  OK Maths Extension 1/Y11-Yearly/Gosford 2017 w. sol.pdf (1215 KB)  [done 894, left 3095]
2026-07-02 22:44:10  OK Maths Extension 1/Y12-Trial/Baulkham Hills 2022 w. sol.pdf (1284 KB)  [done 895, left 3094]
2026-07-02 22:44:48  OK Maths Extension 2/Y12-Trial/Cranbrook 2023 w. sol.pdf (7277 KB)  [done 896, left 3093]
2026-07-02 22:45:18  OK English/Y12-Trial-P2-Adv/Pymble 2024 P2 (Adv.).pdf (436 KB)  [done 897, left 3092]
2026-07-02 22:45:46  base 5318 throttled -> cooldown 1800s (Maths Standard 2/Y12-Trial/Hornsby Girls 2020 w. sol.pdf)
2026-07-02 22:46:15  OK Maths Advanced/Y12-Trial/Cherrybrook Tech 2007 w. sol.pdf (353 KB)  [done 898, left 3091]
2026-07-02 22:46:46  OK Physics/Y12-Trial/North Sydney Boys 2021 w. sol.pdf (1322 KB)  [done 899, left 3090]
2026-07-02 22:47:15  OK English/Y12-Trial-P1/Kincoppal 2019 P1 Practice Exam 1.pdf (228 KB)  [done 900, left 3089]
2026-07-02 22:47:43  OK Maths Extension 2/Y12-Trial/Fort St 1986.pdf (46 KB)  [done 901, left 3088]
2026-07-02 22:48:13  OK Maths Extension 1/Y12-Trial/Baulkham Hills 2023 w. sol.pdf (864 KB)  [done 902, left 3087]
2026-07-02 22:48:41  base 5310 throttled -> cooldown 1800s (Maths Standard 2/Y12-HSC/2001 Marking Guidelines.pdf)
2026-07-02 22:49:10  OK Maths Advanced/Y12-Trial/Cherrybrook Tech 2008 w. sol.pdf (360 KB)  [done 903, left 3086]
2026-07-02 22:49:41  OK Physics/Y12-Trial/North Sydney Boys 2022 w. sol.pdf (1232 KB)  [done 904, left 3085]
2026-07-02 22:50:10  OK English/Y12-Trial-P2-Adv/Riverview 2010 P2 (Adv.).pdf (184 KB)  [done 905, left 3084]
2026-07-02 22:50:41  OK Maths Extension 1/Y11-Yearly/Gosford 2019 w. sol.pdf (1867 KB)  [done 906, left 3083]
2026-07-02 22:51:11  OK English/Y12-Trial-P1/Kincoppal 2019 P1 Practice Exam 2.pdf (601 KB)  [done 907, left 3082]
2026-07-02 22:51:40  OK Maths Extension 2/Y12-Trial/Fort St 1999.pdf (44 KB)  [done 908, left 3081]
2026-07-02 22:52:08  base 5320 throttled -> cooldown 1800s (Maths Advanced/Y12-HSC/2001 Marking Guidelines.pdf)
2026-07-02 22:52:39  OK Maths Extension 1/Y12-Trial/Baulkham Hills 2024 w. sol.pdf (968 KB)  [done 909, left 3080]
2026-07-02 22:53:08  OK English/Y12-Trial-P2-Adv/Riverview 2019 P2 (Adv.).pdf (205 KB)  [done 910, left 3079]
2026-07-02 22:53:36  base 5340 throttled -> cooldown 1800s (Maths Extension 2/Y12-HSC/2001 Marking Guidelines.pdf)
2026-07-02 22:54:09  OK Maths Advanced/Y12-Trial/Cherrybrook Tech 2009 w. sol.pdf (354 KB)  [done 911, left 3078]
2026-07-02 22:54:39  OK Physics/Y12-Trial/North Sydney Boys 2023 w. sol.pdf (1263 KB)  [done 912, left 3077]
2026-07-02 22:55:18  OK Maths Extension 1/Y11-Yearly/Gosford 2020 w. sol.pdf (4850 KB)  [done 913, left 3076]
2026-07-02 22:55:45  base 5330 throttled -> cooldown 1800s (Maths Extension 1/Y12-HSC/2001 Marking Guidelines.pdf)
2026-07-02 22:56:18  OK Maths Extension 1/Y12-Trial/Baulkham Hills 2025 w. sol.pdf (2923 KB)  [done 914, left 3075]
2026-07-02 22:56:49  net-error base 2718: HTTP Error 404: Not Found (cooldown 120s)
2026-07-02 22:57:25  OK English/Y12-Trial-P2-Adv/Riverview 2020 P2 (Adv.).pdf (328 KB)  [done 915, left 3074]
2026-07-02 22:58:31  net-error base 5348: HTTP Error 404: Not Found (cooldown 120s)
2026-07-02 22:59:02  OK Maths Advanced/Y12-Trial/Cherrybrook Tech 2010 w. sol.pdf (309 KB)  [done 916, left 3073]
2026-07-02 22:59:35  OK Maths Extension 1/Y11-Yearly/Gosford 2022 w. sol.pdf (1149 KB)  [done 917, left 3072]
2026-07-02 23:00:05  OK English/Y12-Trial-P1/St Catherines 2019 P1 Practice Exam 1.pdf (352 KB)  [done 918, left 3071]
2026-07-02 23:00:37  OK Maths Extension 1/Y12-Trial/Blacktown Boys 2018 w. sol.pdf (408 KB)  [done 919, left 3070]
2026-07-02 23:01:13  OK English/Y12-Trial-P2-Adv/Roseville 2019 P2 (Adv.).pdf (616 KB)  [done 920, left 3069]
2026-07-02 23:01:48  OK Maths Extension 2/Y12-Trial/Fort St 2000 w. sol.pdf (775 KB)  [done 921, left 3068]
2026-07-02 23:02:18  OK Maths Advanced/Y12-Trial/Cherrybrook Tech 2011 w. sol.pdf (554 KB)  [done 922, left 3067]
2026-07-02 23:02:47  OK English/Y12-Trial-P1/Sydney Boys 2019 P1 Practice Exam 1.pdf (445 KB)  [done 923, left 3066]
2026-07-02 23:03:17  OK Maths Extension 1/Y12-Trial/Blacktown Boys 2019 w. sol.pdf (482 KB)  [done 924, left 3065]
2026-07-02 23:03:51  OK Maths Extension 1/Y11-Yearly/Hornsby Girls 2004 w. sol.pdf (1728 KB)  [done 925, left 3064]
2026-07-02 23:04:18  base 5228 throttled -> cooldown 1800s (Maths Advanced/Y11-Yearly/Blacktown Boys 2023 w. sol.pdf)
2026-07-02 23:04:56  OK Physics/Y12-Trial/North Sydney Boys 2025.pdf (2137 KB)  [done 926, left 3063]
2026-07-02 23:05:27  OK Maths Advanced/Y12-Trial/Cherrybrook Tech 2012 w. sol.pdf (1041 KB)  [done 927, left 3062]
2026-07-02 23:05:55  base 6520 throttled -> cooldown 1800s (Physics/Y12-HSC/2013 Marking Guidelines.pdf)
2026-07-02 23:06:25  OK Maths Extension 2/Y12-Trial/Fort St 2003 w. sol.pdf (349 KB)  [done 928, left 3061]
2026-07-02 23:06:56  OK Maths Extension 1/Y12-Trial/Blacktown Boys 2020 w. sol.pdf (744 KB)  [done 929, left 3060]
2026-07-02 23:07:30  OK Maths Extension 1/Y11-Yearly/Hornsby Girls 2019 w. sol.pdf (2140 KB)  [done 930, left 3059]
2026-07-02 23:08:28  base 2720 throttled -> cooldown 1800s (English/Y12-HSC/2001 HSC Paper 1.pdf)
2026-07-02 23:08:57  OK English/Y12-Trial-P1/Sydney Grammar 2019 P1 Practice Exam 1.pdf (565 KB)  [done 931, left 3058]
2026-07-02 23:09:27  OK Maths Extension 2/Y12-Trial/Fort St 2004 w. sol.pdf (409 KB)  [done 932, left 3057]
2026-07-02 23:09:55  OK Maths Advanced/Y12-Trial/Cherrybrook Tech 2013 w. sol.pdf (369 KB)  [done 933, left 3056]
2026-07-02 23:10:23  OK Maths Extension 1/Y11-Yearly/Hornsby Girls 2020.pdf (273 KB)  [done 934, left 3055]
2026-07-02 23:10:59  OK Physics/Y12-Trial/North Sydney Girls 2004 w. sol.pdf (2292 KB)  [done 935, left 3054]
2026-07-02 23:11:29  OK English/Y12-Trial-P2-Adv/Ryde Secondary 2015 P2 (Adv.).pdf (611 KB)  [done 936, left 3053]
2026-07-02 23:11:59  OK Maths Extension 1/Y12-Trial/Blacktown Boys 2022 w. sol.pdf (697 KB)  [done 937, left 3052]
2026-07-02 23:12:29  OK Maths Extension 2/Y12-Trial/Fort St 2006 w. sol.pdf (766 KB)  [done 938, left 3051]
2026-07-02 23:12:58  OK English/Y12-Trial-P1/Trinity Grammar 2019 P1 Practice Exam 1.pdf (381 KB)  [done 939, left 3050]
2026-07-02 23:13:31  OK Maths Extension 1/Y11-Yearly/Hornsby Girls 2021 w. sol.pdf (3378 KB)  [done 940, left 3049]
2026-07-02 23:14:01  OK Maths Advanced/Y12-Trial/Cherrybrook Tech 2014 w. sol.pdf (918 KB)  [done 941, left 3048]
2026-07-02 23:14:30  OK English/Y12-Trial-P2-Adv/Shore 2019 P2 (Adv.).pdf (338 KB)  [done 942, left 3047]
2026-07-02 23:15:07  OK Maths Extension 1/Y12-Trial/Blacktown Boys 2023 w. sol.pdf (4429 KB)  [done 943, left 3046]
2026-07-02 23:15:38  OK English/Y12-Trial-P1/Texts and Human Experiences Practice Paper 1.pdf (646 KB)  [done 944, left 3045]
2026-07-02 23:16:39  OK Maths Extension 1/Y11-Yearly/Hurlstone 2008.pdf (86 KB)  [done 945, left 3044]
2026-07-02 23:17:07  base 5318 throttled -> cooldown 1800s (Maths Standard 2/Y12-Trial/Hornsby Girls 2020 w. sol.pdf)
2026-07-02 23:17:44  OK English/Y12-Trial-P2-Adv/Shore 2022 P2 (Adv.).pdf (178 KB)  [done 946, left 3043]
2026-07-02 23:18:52  OK Maths Advanced/Y12-Trial/Cherrybrook Tech 2015 w. sol.pdf (1675 KB)  [done 947, left 3042]
2026-07-02 23:19:23  OK Maths Extension 1/Y12-Trial/Blacktown Boys 2024 w. sol.pdf (715 KB)  [done 948, left 3041]
2026-07-02 23:19:52  OK English/Y12-Trial-P1/Texts and Human Experiences Practice Paper 2.pdf (633 KB)  [done 949, left 3040]
2026-07-02 23:20:20  base 5310 throttled -> cooldown 1800s (Maths Standard 2/Y12-HSC/2001 Marking Guidelines.pdf)
2026-07-02 23:20:50  OK Maths Extension 2/Y12-Trial/Fort St 2007 w. sol.pdf (336 KB)  [done 950, left 3039]
2026-07-02 23:21:21  OK Physics/Y12-Trial/North Sydney Girls 2005.pdf (1209 KB)  [done 951, left 3038]
2026-07-02 23:21:51  OK English/Y12-Trial-P2-Adv/Shore 2024 P2 (Adv.).pdf (216 KB)  [done 952, left 3037]
2026-07-02 23:22:20  OK Maths Extension 1/Y12-Trial/Blacktown Boys 2025 w. sol.pdf (843 KB)  [done 953, left 3036]
2026-07-02 23:22:48  OK English/Y12-Trial-P1/Texts and Human Experiences Practice Questions.pdf (133 KB)  [done 954, left 3035]
2026-07-02 23:23:17  OK Maths Extension 1/Y11-Yearly/Hurlstone 2009 w. sol.pdf (209 KB)  [done 955, left 3034]
2026-07-02 23:23:45  OK Maths Advanced/Y12-Trial/Cherrybrook Tech 2018 w. sol.pdf (673 KB)  [done 956, left 3033]
2026-07-02 23:24:13  base 5340 throttled -> cooldown 1800s (Maths Extension 2/Y12-HSC/2001 Marking Guidelines.pdf)
2026-07-02 23:24:47  OK Maths Extension 2/Y12-Trial/Fort St 2008 w. sol.pdf (3420 KB)  [done 957, left 3032]
2026-07-02 23:25:15  base 5320 throttled -> cooldown 1800s (Maths Advanced/Y12-HSC/2001 Marking Guidelines.pdf)
2026-07-02 23:25:46  OK Physics/Y12-Trial/North Sydney Girls 2015.pdf (712 KB)  [done 958, left 3031]
2026-07-02 23:26:13  base 5330 throttled -> cooldown 1800s (Maths Extension 1/Y12-HSC/2001 Marking Guidelines.pdf)
2026-07-02 23:26:43  OK Maths Extension 1/Y12-Trial/Caringbah 2003 w. sol.pdf (725 KB)  [done 959, left 3030]
2026-07-02 23:27:25  OK Maths Advanced/Y12-Trial/Cherrybrook Tech 2020 w. sol.pdf (6888 KB)  [done 960, left 3029]
2026-07-02 23:28:00  OK English/Y12-Trial-P1/Texts and Human Experiences Unseen Texts Booklet.pdf (3596 KB)  [done 961, left 3028]
2026-07-02 23:28:29  OK English/Y12-Trial-P2-Adv/St Catherines 2015 P2 (Adv.).pdf (579 KB)  [done 962, left 3027]
2026-07-02 23:29:05  OK Physics/Y12-Trial/North Sydney Girls 2020 w. sol.pdf (5015 KB)  [done 963, left 3026]
2026-07-02 23:29:34  OK Maths Extension 2/Y12-Trial/Fort St 2009 w. sol.pdf (501 KB)  [done 964, left 3025]
2026-07-02 23:30:09  OK Maths Advanced/Y12-Trial/Cherrybrook Tech 2021 w. sol.pdf (4683 KB)  [done 965, left 3024]
2026-07-02 23:30:41  OK Maths Extension 1/Y11-Yearly/Hurlstone 2011 w. sol.pdf (653 KB)  [done 966, left 3023]
2026-07-02 23:31:11  OK English/Y12-Trial-P2-Adv/St George Girls 2013 P2 (Adv.).pdf (860 KB)  [done 967, left 3022]
2026-07-02 23:31:40  OK Maths Extension 1/Y12-Trial/Caringbah 2004 w. sol.pdf (330 KB)  [done 968, left 3021]
2026-07-02 23:32:10  OK English/Y12-Trial-P1/Texts and Human Experiences Unseen Texts Reading Practice.pdf (1162 KB)  [done 969, left 3020]
2026-07-02 23:32:44  OK Physics/Y12-Trial/North Sydney Girls 2021 w. sol.pdf (1299 KB)  [done 970, left 3019]
2026-07-02 23:33:13  OK Maths Extension 2/Y12-Trial/Fort St 2010 w. sol.pdf (589 KB)  [done 971, left 3018]
2026-07-02 23:33:44  OK Maths Advanced/Y12-Trial/Cherrybrook Tech 2022.pdf (956 KB)  [done 972, left 3017]
2026-07-02 23:34:14  OK English/Y12-Trial-P2-Adv/St George Girls 2019 P2 (Adv.).pdf (837 KB)  [done 973, left 3016]
2026-07-02 23:34:43  OK Maths Extension 1/Y12-Trial/Caringbah 2005 w. sol.pdf (152 KB)  [done 974, left 3015]
2026-07-02 23:35:28  OK Maths Extension 1/Y11-Yearly/Hurlstone 2012 w. sol.pdf (292 KB)  [done 975, left 3014]
2026-07-02 23:36:02  base 5228 throttled -> cooldown 1800s (Maths Advanced/Y11-Yearly/Blacktown Boys 2023 w. sol.pdf)
2026-07-02 23:36:31  OK Maths Extension 2/Y12-Trial/Fort St 2011 w. sol.pdf (742 KB)  [done 976, left 3013]
2026-07-02 23:37:00  OK Maths Advanced/Y12-Trial/Cranbrook 1998 w. sol.pdf (224 KB)  [done 977, left 3012]
2026-07-02 23:37:27  base 6520 throttled -> cooldown 1800s (Physics/Y12-HSC/2013 Marking Guidelines.pdf)
2026-07-02 23:37:56  OK Maths Extension 1/Y12-Trial/Caringbah 2006 w. sol.pdf (302 KB)  [done 978, left 3011]
2026-07-02 23:38:27  OK Physics/Y12-Trial/North Sydney Girls 2023.pdf (690 KB)  [done 979, left 3010]
2026-07-02 23:39:02  OK English/Y12-Trial-P1/Casino 2015 P1.pdf (3546 KB)  [done 980, left 3009]
2026-07-02 23:39:32  OK Maths Extension 2/Y12-Trial/Fort St 2013 w. sol.pdf (540 KB)  [done 981, left 3008]
2026-07-02 23:40:01  OK Maths Advanced/Y12-Trial/Cranbrook 1999 w. sol.pdf (459 KB)  [done 982, left 3007]
2026-07-02 23:40:30  OK Maths Extension 1/Y11-Yearly/Hurlstone 2015 w. sol.pdf (376 KB)  [done 983, left 3006]
2026-07-02 23:41:00  OK Maths Extension 1/Y12-Trial/Caringbah 2009 w. sol.pdf (458 KB)  [done 984, left 3005]
2026-07-02 23:41:28  base 2720 throttled -> cooldown 1800s (English/Y12-HSC/2001 HSC Paper 1.pdf)
2026-07-02 23:41:57  OK English/Y12-Trial-P2-Adv/St George Girls 2022 P2 (Adv.).pdf (245 KB)  [done 985, left 3004]
2026-07-02 23:42:29  OK Physics/Y12-Trial/Penrith 2007.pdf (1501 KB)  [done 986, left 3003]
2026-07-02 23:43:00  OK English/Y12-Trial-P1/Cherrybrook Tech 2015 P1.pdf (1289 KB)  [done 987, left 3002]
2026-07-02 23:43:29  OK Maths Extension 2/Y12-Trial/Fort St 2014 w. sol.pdf (435 KB)  [done 988, left 3001]
2026-07-02 23:43:58  OK Maths Advanced/Y12-Trial/Cranbrook 2001 w. sol.pdf (224 KB)  [done 989, left 3000]
2026-07-02 23:44:28  OK Maths Extension 1/Y11-Yearly/Hurlstone 2019 w. sol.pdf (520 KB)  [done 990, left 2999]
2026-07-02 23:44:58  OK Maths Extension 1/Y12-Trial/Caringbah 2010 w. sol.pdf (334 KB)  [done 991, left 2998]
2026-07-02 23:45:27  OK English/Y12-Trial-P2-Adv/St Ursulas 2010 P2 (Adv.).pdf (202 KB)  [done 992, left 2997]
2026-07-02 23:45:57  OK Physics/Y12-Trial/Penrith 2010.pdf (586 KB)  [done 993, left 2996]
2026-07-02 23:46:26  OK Maths Extension 2/Y12-Trial/Fort St 2015 w. sol.pdf (673 KB)  [done 994, left 2995]
2026-07-02 23:46:55  OK Maths Advanced/Y12-Trial/Cranbrook 2003 w. sol.pdf (358 KB)  [done 995, left 2994]
2026-07-02 23:47:25  OK English/Y12-Trial-P1/Cranbrook 2016 P1.pdf (314 KB)  [done 996, left 2993]
2026-07-02 23:47:53  base 5318 throttled -> cooldown 1800s (Maths Standard 2/Y12-Trial/Hornsby Girls 2020 w. sol.pdf)
2026-07-02 23:48:22  OK Maths Extension 1/Y12-Trial/Caringbah 2011 w. sol.pdf (445 KB)  [done 997, left 2992]
2026-07-02 23:48:53  OK Physics/Y12-Trial/Penrith 2011.pdf (964 KB)  [done 998, left 2991]
2026-07-02 23:49:22  OK Maths Extension 2/Y12-Trial/Fort St 2016 w. sol.pdf (486 KB)  [done 999, left 2990]
2026-07-02 23:49:52  OK Maths Advanced/Y12-Trial/Cranbrook 2007 w. sol.pdf (510 KB)  [done 1000, left 2989]
2026-07-02 23:50:21  OK English/Y12-Trial-P1/Fort St 2015 P1.pdf (245 KB)  [done 1001, left 2988]
2026-07-02 23:50:49  base 5310 throttled -> cooldown 1800s (Maths Standard 2/Y12-HSC/2001 Marking Guidelines.pdf)
2026-07-02 23:51:18  OK Maths Extension 1/Y12-Trial/Caringbah 2013 w. sol.pdf (329 KB)  [done 1002, left 2987]
2026-07-02 23:51:49  OK Physics/Y12-Trial/Penrith 2013 w. sol.pdf (1319 KB)  [done 1003, left 2986]
2026-07-02 23:52:19  OK Maths Extension 2/Y12-Trial/Fort St 2017 w. sol.pdf (519 KB)  [done 1004, left 2985]
2026-07-02 23:53:09  OK Maths Advanced/Y12-Trial/Cranbrook 2008 w. sol.pdf (316 KB)  [done 1005, left 2984]
2026-07-02 23:53:40  OK English/Y12-Trial-P1/Homebush Boys 2015 P1.pdf (1627 KB)  [done 1006, left 2983]
2026-07-02 23:54:22  OK English/Y12-Trial-P2-Adv/Strathfield Girls 2010 P2 (Adv.).pdf (195 KB)  [done 1007, left 2982]
2026-07-02 23:54:52  OK Maths Extension 1/Y11-Yearly/Hurlstone 2022.pdf (614 KB)  [done 1008, left 2981]
2026-07-02 23:55:23  OK Maths Extension 1/Y12-Trial/Caringbah 2014 w. sol.pdf (1222 KB)  [done 1009, left 2980]
2026-07-02 23:55:57  OK Physics/Y12-Trial/Penrith 2019 w. sol.pdf (2105 KB)  [done 1010, left 2979]
2026-07-02 23:56:24  base 5320 throttled -> cooldown 1800s (Maths Advanced/Y12-HSC/2001 Marking Guidelines.pdf)
2026-07-02 23:56:55  OK Maths Extension 2/Y12-Trial/Fort St 2018 w. sol.pdf (1095 KB)  [done 1011, left 2978]
2026-07-02 23:57:23  base 5330 throttled -> cooldown 1800s (Maths Extension 1/Y12-HSC/2001 Marking Guidelines.pdf)
2026-07-02 23:57:57  OK Maths Extension 1/Y11-Yearly/Hurlstone 2023.pdf (1261 KB)  [done 1012, left 2977]
2026-07-02 23:58:27  OK English/Y12-Trial-P1/Hornsby Girls 2015 P1.pdf (335 KB)  [done 1013, left 2976]
2026-07-02 23:58:55  OK English/Y12-Trial-P2-Adv/Strathfield Girls 2015 P2 (Adv.).pdf (173 KB)  [done 1014, left 2975]
2026-07-02 23:59:28  OK Physics/Y12-Trial/Penrith 2021.pdf (1618 KB)  [done 1015, left 2974]
2026-07-02 23:59:59  OK Maths Extension 2/Y12-Trial/Fort St 2019 w. sol.pdf (961 KB)  [done 1016, left 2973]
2026-07-03 00:00:27  base 5340 throttled -> cooldown 1800s (Maths Extension 2/Y12-HSC/2001 Marking Guidelines.pdf)
2026-07-03 00:00:57  OK Maths Advanced/Y12-Trial/Cranbrook 2009 w. sol.pdf (890 KB)  [done 1017, left 2972]
2026-07-03 00:01:30  OK Maths Extension 1/Y11-Yearly/Hurlstone 2024 w. sol.pdf (1776 KB)  [done 1018, left 2971]
2026-07-03 00:01:59  OK English/Y12-Trial-P2-Adv/Sydney Boys 2012 P2 (Adv.).pdf (181 KB)  [done 1019, left 2970]
2026-07-03 00:02:27  OK Maths Extension 1/Y12-Trial/Caringbah 2015 w. sol.pdf (266 KB)  [done 1020, left 2969]
2026-07-03 00:02:57  OK English/Y12-Trial-P1/Hurlstone 2015 P1.pdf (1053 KB)  [done 1021, left 2968]
2026-07-03 00:03:33  OK Physics/Y12-Trial/Penrith 2024.pdf (3469 KB)  [done 1022, left 2967]
2026-07-03 00:04:02  OK Maths Extension 2/Y12-Trial/Fort St 2020 w. sol.pdf (587 KB)  [done 1023, left 2966]
2026-07-03 00:04:34  OK Maths Advanced/Y12-Trial/Cranbrook 2010 w. sol.pdf (1571 KB)  [done 1024, left 2965]
2026-07-03 00:05:04  OK English/Y12-Trial-P2-Adv/Sydney Boys 2015 P2 (Adv.).pdf (532 KB)  [done 1025, left 2964]
2026-07-03 00:05:33  OK Maths Extension 1/Y12-Trial/Caringbah 2016 w. sol.pdf (188 KB)  [done 1026, left 2963]
2026-07-03 00:06:05  OK English/Y12-Trial-P1/Hurlstone 2016 P1.pdf (2402 KB)  [done 1027, left 2962]
2026-07-03 00:06:34  OK Physics/Y12-Trial/Pymble 2001 w. sol.pdf (579 KB)  [done 1028, left 2961]
2026-07-03 00:07:02  base 5228 throttled -> cooldown 1800s (Maths Advanced/Y11-Yearly/Blacktown Boys 2023 w. sol.pdf)
2026-07-03 00:07:33  OK Maths Extension 1/Y11-Yearly/Hurlstone 2025.pdf (1275 KB)  [done 1029, left 2960]
2026-07-03 00:08:05  OK Maths Extension 2/Y12-Trial/Fort St 2021 w. sol.pdf (1892 KB)  [done 1030, left 2959]
2026-07-03 00:08:35  OK Maths Advanced/Y12-Trial/Cranbrook 2011 w. sol.pdf (1233 KB)  [done 1031, left 2958]
2026-07-03 00:09:03  base 6520 throttled -> cooldown 1800s (Physics/Y12-HSC/2013 Marking Guidelines.pdf)
2026-07-03 00:09:33  OK English/Y12-Trial-P1/James Ruse 2015 P1.pdf (1711 KB)  [done 1032, left 2957]
2026-07-03 00:10:05  OK Maths Extension 1/Y12-Trial/Caringbah 2017 w. sol.pdf (1084 KB)  [done 1033, left 2956]
2026-07-03 00:10:36  OK Physics/Y12-Trial/Pymble 2002 w. sol.pdf (1043 KB)  [done 1034, left 2955]
2026-07-03 00:11:07  OK Maths Extension 2/Y12-Trial/Fort St 2022 w. sol.pdf (1153 KB)  [done 1035, left 2954]
2026-07-03 00:11:36  base 2720 throttled -> cooldown 1800s (English/Y12-HSC/2001 HSC Paper 1.pdf)
2026-07-03 00:12:05  OK Maths Extension 1/Y11-Yearly/International Grammar 2011 w. sol.pdf (409 KB)  [done 1036, left 2953]
2026-07-03 00:12:34  OK English/Y12-Trial-P2-Adv/Sydney Boys 2019 P2 (Adv.).pdf (360 KB)  [done 1037, left 2952]
2026-07-03 00:13:04  OK Maths Advanced/Y12-Trial/Cranbrook 2013 w. sol.pdf (1041 KB)  [done 1038, left 2951]
2026-07-03 00:13:34  OK Physics/Y12-Trial/Pymble 2004.pdf (519 KB)  [done 1039, left 2950]
2026-07-03 00:14:08  OK Maths Extension 2/Y12-Trial/Fort St 2023 w. sol.pdf (4106 KB)  [done 1040, left 2949]
2026-07-03 00:14:37  OK Maths Extension 1/Y12-Trial/Caringbah 2018 w. sol.pdf (667 KB)  [done 1041, left 2948]
2026-07-03 00:15:08  OK English/Y12-Trial-P1/Kincoppal 2015 P1.pdf (1084 KB)  [done 1042, left 2947]
2026-07-03 00:15:38  OK Maths Extension 1/Y11-Yearly/International Grammar 2012 w. sol.pdf (461 KB)  [done 1043, left 2946]
2026-07-03 00:16:07  OK English/Y12-Trial-P2-Adv/Sydney Boys 2020 P2 (Adv.).pdf (334 KB)  [done 1044, left 2945]
2026-07-03 00:16:39  OK Maths Advanced/Y12-Trial/Cranbrook 2017 w. sol.pdf (4215 KB)  [done 1045, left 2944]
2026-07-03 00:17:10  OK Maths Extension 2/Y12-Trial/Fort St 2024 w. sol.pdf (1128 KB)  [done 1046, left 2943]
2026-07-03 00:17:39  OK Maths Extension 1/Y12-Trial/Caringbah 2019 w. sol.pdf (475 KB)  [done 1047, left 2942]
2026-07-03 00:18:10  OK English/Y12-Trial-P1/Mosman 2015 P1.pdf (1450 KB)  [done 1048, left 2941]
2026-07-03 00:18:38  base 5318 throttled -> cooldown 1800s (Maths Standard 2/Y12-Trial/Hornsby Girls 2020 w. sol.pdf)
2026-07-03 00:19:06  OK Maths Extension 1/Y11-Yearly/International Grammar 2013 w. sol.pdf (473 KB)  [done 1049, left 2940]
2026-07-03 00:19:39  OK Physics/Y12-Trial/Pymble 2020.pdf (709 KB)  [done 1050, left 2939]
2026-07-03 00:21:43  OK Maths Extension 2/Y12-Trial/Fort St 2025 w. sol.pdf (2284 KB)  [done 1051, left 2938]
2026-07-03 00:23:15  OK Maths Advanced/Y12-Trial/Cranbrook 2023.pdf (1547 KB)  [done 1052, left 2937]
2026-07-03 00:23:47  OK Maths Extension 1/Y11-Yearly/International Grammar 2014 w. sol.pdf (2264 KB)  [done 1053, left 2936]
2026-07-03 00:24:15  OK English/Y12-Trial-P2-Adv/Sydney Boys 2021 P2 (Adv.).pdf (105 KB)  [done 1054, left 2935]
2026-07-03 00:24:47  OK Maths Extension 2/Y12-Trial/Frensham 2011 w. sol.pdf (1613 KB)  [done 1055, left 2934]
2026-07-03 00:25:45  OK Maths Extension 1/Y12-Trial/Caringbah 2020 w. sol.pdf (2128 KB)  [done 1056, left 2933]
2026-07-03 00:26:18  OK Physics/Y12-Trial/Pymble 2022 w. sol.pdf (2307 KB)  [done 1057, left 2932]
2026-07-03 00:26:54  OK Maths Extension 1/Y11-Yearly/International Grammar 2015 w. sol.pdf (4007 KB)  [done 1058, left 2931]
2026-07-03 00:27:55  OK Maths Advanced/Y12-Trial/Danebank 2020 w. sol.pdf (10665 KB)  [done 1059, left 2930]
2026-07-03 00:28:22  base 5310 throttled -> cooldown 1800s (Maths Standard 2/Y12-HSC/2001 Marking Guidelines.pdf)
2026-07-03 00:28:51  OK English/Y12-Trial-P1/Newington 2015 P1.pdf (269 KB)  [done 1060, left 2929]
2026-07-03 00:29:21  OK English/Y12-Trial-P2-Adv/Sydney Boys 2023 P2 (Adv.).pdf (222 KB)  [done 1061, left 2928]
2026-07-03 00:29:51  OK Maths Extension 2/Y12-Trial/Girraween 2001 w. sol.pdf (1366 KB)  [done 1062, left 2927]
2026-07-03 00:30:22  OK Maths Extension 1/Y11-Yearly/International Grammar 2016 w. sol.pdf (509 KB)  [done 1063, left 2926]
2026-07-03 00:30:50  base 5330 throttled -> cooldown 1800s (Maths Extension 1/Y12-HSC/2001 Marking Guidelines.pdf)
2026-07-03 00:31:18  base 5320 throttled -> cooldown 1800s (Maths Advanced/Y12-HSC/2001 Marking Guidelines.pdf)
2026-07-03 00:32:25  OK Maths Extension 1/Y12-Trial/Caringbah 2021 w. sol.pdf (3199 KB)  [done 1064, left 2925]
2026-07-03 00:32:54  base 5340 throttled -> cooldown 1800s (Maths Extension 2/Y12-HSC/2001 Marking Guidelines.pdf)
2026-07-03 00:33:24  OK Maths Extension 2/Y12-Trial/Girraween 2002 w. sol.pdf (581 KB)  [done 1065, left 2924]
2026-07-03 00:33:53  OK English/Y12-Trial-P2-Adv/Sydney Boys 2024 P2 (Adv.).pdf (287 KB)  [done 1066, left 2923]
2026-07-03 00:34:22  OK English/Y12-Trial-P1/Newington 2016 P1.pdf (359 KB)  [done 1067, left 2922]
2026-07-03 00:34:52  OK Physics/Y12-Trial/SCEGGS 2002.pdf (676 KB)  [done 1068, left 2921]
2026-07-03 00:35:23  OK Maths Advanced/Y12-Trial/Danebank 2021.pdf (1336 KB)  [done 1069, left 2920]
2026-07-03 00:35:58  OK Maths Extension 1/Y12-Trial/Caringbah 2022 w. sol.pdf (3112 KB)  [done 1070, left 2919]
2026-07-03 00:36:30  OK Maths Extension 2/Y12-Trial/Girraween 2007 w. sol.pdf (1108 KB)  [done 1071, left 2918]
2026-07-03 00:37:01  OK Maths Extension 1/Y11-Yearly/International Grammar 2017 w. sol.pdf (415 KB)  [done 1072, left 2917]
2026-07-03 00:37:32  OK Physics/Y12-Trial/SCEGGS 2003 w. sol.pdf (571 KB)  [done 1073, left 2916]
2026-07-03 00:38:03  OK English/Y12-Trial-P1/North Sydney Girls 2015 P1.pdf (1307 KB)  [done 1074, left 2915]
2026-07-03 00:38:32  OK English/Y12-Trial-P2-Adv/Sydney Girls 2012 P2 (Adv.).pdf (279 KB)  [done 1075, left 2914]
2026-07-03 00:39:13  OK Maths Extension 1/Y12-Trial/Caringbah 2023 w. sol.pdf (11717 KB)  [done 1076, left 2913]
2026-07-03 00:39:50  OK Maths Advanced/Y12-Trial/Danebank 2022 w. sol.pdf (3649 KB)  [done 1077, left 2912]
2026-07-03 00:40:24  OK Maths Extension 1/Y11-Yearly/International Grammar 2018 w. sol.pdf (1993 KB)  [done 1078, left 2911]
2026-07-03 00:40:53  OK Physics/Y12-Trial/SCEGGS 2004 w. sol.pdf (595 KB)  [done 1079, left 2910]
2026-07-03 00:41:22  OK English/Y12-Trial-P2-Adv/Sydney Girls 2019 P2 (Adv.).pdf (122 KB)  [done 1080, left 2909]
2026-07-03 00:41:50  base 2720 throttled -> cooldown 1800s (English/Y12-HSC/2001 HSC Paper 1.pdf)
2026-07-03 00:42:28  OK Maths Extension 1/Y12-Trial/Caringbah 2024 w. sol.pdf (5712 KB)  [done 1081, left 2908]
2026-07-03 00:42:56  base 5228 throttled -> cooldown 1800s (Maths Advanced/Y11-Yearly/Blacktown Boys 2023 w. sol.pdf)
2026-07-03 00:43:24  base 6520 throttled -> cooldown 1800s (Physics/Y12-HSC/2013 Marking Guidelines.pdf)
2026-07-03 00:43:53  OK English/Y12-Trial-P1/Ryde Secondary 2015 P1.pdf (652 KB)  [done 1082, left 2907]
2026-07-03 00:44:24  OK Maths Extension 2/Y12-Trial/Girraween 2008 w. sol.pdf (550 KB)  [done 1083, left 2906]
2026-07-03 00:44:54  OK English/Y12-Trial-P2-Adv/Sydney Girls 2020 P2 (Adv.).pdf (310 KB)  [done 1084, left 2905]
2026-07-03 00:45:23  OK Maths Advanced/Y12-Trial/Danebank 2023.pdf (399 KB)  [done 1085, left 2904]
2026-07-03 00:45:52  OK Physics/Y12-Trial/SCEGGS 2007 w. sol.pdf (670 KB)  [done 1086, left 2903]
2026-07-03 00:46:25  OK Maths Extension 1/Y12-Trial/Caringbah 2025 w. sol.pdf (2292 KB)  [done 1087, left 2902]
2026-07-03 00:46:56  OK English/Y12-Trial-P1/Pymble 2015 P1.pdf (1495 KB)  [done 1088, left 2901]
2026-07-03 00:47:33  OK Maths Extension 1/Y11-Yearly/International Grammar 2019 w. sol.pdf (4091 KB)  [done 1089, left 2900]
2026-07-03 00:48:07  OK Maths Advanced/Y12-Trial/Fort St 1994 w. sol.pdf (271 KB)  [done 1090, left 2899]
2026-07-03 00:48:37  OK English/Y12-Trial-P2-Adv/Sydney Girls 2022 P2 (Adv.).pdf (315 KB)  [done 1091, left 2898]
2026-07-03 00:49:08  OK Maths Extension 2/Y12-Trial/Girraween 2009 w. sol.pdf (1101 KB)  [done 1092, left 2897]
2026-07-03 00:49:37  OK Maths Extension 1/Y12-Trial/Cheltenham Girls 1996.pdf (176 KB)  [done 1093, left 2896]
2026-07-03 00:50:06  OK English/Y12-Trial-P1/Pymble 2018 P1.pdf (404 KB)  [done 1094, left 2895]
2026-07-03 00:50:34  base 5318 throttled -> cooldown 1800s (Maths Standard 2/Y12-Trial/Hornsby Girls 2020 w. sol.pdf)
2026-07-03 00:51:03  OK Maths Advanced/Y12-Trial/Fort St 2003 w. sol.pdf (256 KB)  [done 1095, left 2894]
2026-07-03 00:51:35  OK Physics/Y12-Trial/Shore 2019 w. sol.pdf (1368 KB)  [done 1096, left 2893]
2026-07-03 00:52:05  OK Maths Extension 2/Y12-Trial/Girraween 2010 w. sol.pdf (369 KB)  [done 1097, left 2892]
2026-07-03 00:52:34  OK Maths Extension 1/Y12-Trial/Cheltenham Girls 1998 w. sol.pdf (157 KB)  [done 1098, left 2891]
2026-07-03 00:53:03  OK English/Y12-Trial-P1/Shore 2015 P1.pdf (444 KB)  [done 1099, left 2890]
2026-07-03 00:53:38  OK Maths Extension 1/Y11-Yearly/International Grammar 2020 w. sol.pdf (2276 KB)  [done 1100, left 2889]
2026-07-03 00:54:07  OK English/Y12-Trial-P2-Adv/Sydney Grammar 2016 P2 (Adv.).pdf (144 KB)  [done 1101, left 2888]
2026-07-03 00:54:36  OK Maths Advanced/Y12-Trial/Fort St 2004 w. sol.pdf (371 KB)  [done 1102, left 2887]
2026-07-03 00:55:05  OK Maths Extension 2/Y12-Trial/Girraween 2011 w. sol.pdf (291 KB)  [done 1103, left 2886]
2026-07-03 00:56:03  OK Maths Extension 1/Y12-Trial/Cheltenham Girls 1999.pdf (149 KB)  [done 1104, left 2885]
2026-07-03 00:56:35  OK Physics/Y12-Trial/Shore 2020 w. sol.pdf (1542 KB)  [done 1105, left 2884]
2026-07-03 00:57:03  OK English/Y12-Trial-P2-Adv/Sydney Grammar 2019 P2 (Adv.).pdf (79 KB)  [done 1106, left 2883]
2026-07-03 00:57:33  OK Maths Advanced/Y12-Trial/Fort St 2006 w. sol.pdf (683 KB)  [done 1107, left 2882]
2026-07-03 00:58:05  OK English/Y12-Trial-P1/St Aloysius 2015 P1.pdf (2016 KB)  [done 1108, left 2881]
2026-07-03 00:58:35  OK Maths Extension 2/Y12-Trial/Girraween 2012 w. sol.pdf (442 KB)  [done 1109, left 2880]
2026-07-03 00:59:05  OK Maths Extension 1/Y12-Trial/Cheltenham Girls 2007 w. sol.pdf (419 KB)  [done 1110, left 2879]
2026-07-03 00:59:37  OK Physics/Y12-Trial/Shore 2021 w. sol.pdf (1363 KB)  [done 1111, left 2878]
2026-07-03 01:00:05  base 5310 throttled -> cooldown 1800s (Maths Standard 2/Y12-HSC/2001 Marking Guidelines.pdf)
2026-07-03 01:00:35  OK Maths Advanced/Y12-Trial/Fort St 2007 w. sol.pdf (1047 KB)  [done 1112, left 2877]
2026-07-03 01:01:06  OK English/Y12-Trial-P1/St Catherines 2015 P1.pdf (1910 KB)  [done 1113, left 2876]
2026-07-03 01:01:44  OK Maths Extension 1/Y11-Yearly/James Ruse 2005 w. sol.pdf (542 KB)  [done 1114, left 2875]
2026-07-03 01:02:12  base 5320 throttled -> cooldown 1800s (Maths Advanced/Y12-HSC/2001 Marking Guidelines.pdf)
2026-07-03 01:02:42  OK Maths Extension 2/Y12-Trial/Girraween 2013 w. sol.pdf (804 KB)  [done 1115, left 2874]
2026-07-03 01:03:11  OK Maths Extension 1/Y12-Trial/Cheltenham Girls 2008 w. sol.pdf (262 KB)  [done 1116, left 2873]
2026-07-03 01:03:41  OK Maths Advanced/Y12-Trial/Fort St 2008 w. sol.pdf (717 KB)  [done 1117, left 2872]
2026-07-03 01:04:15  OK English/Y12-Trial-P1/St Catherines 2016 P1.pdf (4107 KB)  [done 1118, left 2871]
2026-07-03 01:04:44  OK English/Y12-Trial-P2-Adv/Sydney Grammar 2020 P2 (Adv.).pdf (103 KB)  [done 1119, left 2870]
2026-07-03 01:05:15  OK Physics/Y12-Trial/St George Girls 2004.pdf (2691 KB)  [done 1120, left 2869]
2026-07-03 01:05:45  OK Maths Extension 2/Y12-Trial/Girraween 2014 w. sol.pdf (559 KB)  [done 1121, left 2868]
2026-07-03 01:06:13  base 5330 throttled -> cooldown 1800s (Maths Extension 1/Y12-HSC/2001 Marking Guidelines.pdf)
2026-07-03 01:06:42  OK Maths Extension 1/Y12-Trial/Cheltenham Girls 2009 w. sol.pdf (355 KB)  [done 1122, left 2867]
2026-07-03 01:07:12  OK English/Y12-Trial-P1/Sydney Boys 2015 P1.pdf (1241 KB)  [done 1123, left 2866]
2026-07-03 01:07:40  base 5340 throttled -> cooldown 1800s (Maths Extension 2/Y12-HSC/2001 Marking Guidelines.pdf)
2026-07-03 01:08:09  OK Maths Advanced/Y12-Trial/Fort St 2009 w. sol.pdf (829 KB)  [done 1124, left 2865]
2026-07-03 01:08:39  OK Physics/Y12-Trial/Sydney Boys 2001.pdf (1287 KB)  [done 1125, left 2864]
2026-07-03 01:09:10  OK Maths Extension 2/Y12-Trial/Girraween 2015 w. sol.pdf (843 KB)  [done 1126, left 2863]
2026-07-03 01:09:39  OK Maths Extension 1/Y12-Trial/Cheltenham Girls 2010 w. sol.pdf (212 KB)  [done 1127, left 2862]
2026-07-03 01:10:12  OK English/Y12-Trial-P1/Sydney Girls 2016 P1.pdf (1642 KB)  [done 1128, left 2861]
2026-07-03 01:10:40  OK English/Y12-Trial-P2-Adv/Sydney Grammar 2021 P2 (Adv.).pdf (93 KB)  [done 1129, left 2860]
2026-07-03 01:11:09  OK Maths Advanced/Y12-Trial/Fort St 2010 w. sol.pdf (229 KB)  [done 1130, left 2859]
2026-07-03 01:11:37  OK Physics/Y12-Trial/Sydney Boys 2003.pdf (251 KB)  [done 1131, left 2858]
2026-07-03 01:12:07  OK Maths Extension 2/Y12-Trial/Girraween 2016 w. sol.pdf (439 KB)  [done 1132, left 2857]
2026-07-03 01:12:36  OK Maths Extension 1/Y12-Trial/Cheltenham Girls 2015 w. sol.pdf (472 KB)  [done 1133, left 2856]
2026-07-03 01:13:03  base 2720 throttled -> cooldown 1800s (English/Y12-HSC/2001 HSC Paper 1.pdf)
2026-07-03 01:13:32  OK Maths Extension 1/Y11-Yearly/James Ruse 2006.pdf (201 KB)  [done 1134, left 2855]
2026-07-03 01:14:00  base 6520 throttled -> cooldown 1800s (Physics/Y12-HSC/2013 Marking Guidelines.pdf)
2026-07-03 01:14:28  OK English/Y12-Trial-P1/Sydney Grammar 2015 P1.pdf (190 KB)  [done 1135, left 2854]
2026-07-03 01:14:59  OK Maths Extension 2/Y12-Trial/Girraween 2017 w. sol.pdf (1220 KB)  [done 1136, left 2853]
2026-07-03 01:15:29  OK Maths Advanced/Y12-Trial/Fort St 2011 w. sol.pdf (1315 KB)  [done 1137, left 2852]
2026-07-03 01:15:58  OK Maths Extension 1/Y12-Trial/Cheltenham Girls 2016.pdf (210 KB)  [done 1138, left 2851]
2026-07-03 01:16:28  OK Maths Extension 1/Y11-Yearly/James Ruse 2007 w. sol.pdf (855 KB)  [done 1139, left 2850]
2026-07-03 01:16:55  base 5228 throttled -> cooldown 1800s (Maths Advanced/Y11-Yearly/Blacktown Boys 2023 w. sol.pdf)
2026-07-03 01:17:24  OK English/Y12-Trial-P1/Sydney Grammar 2016 P1.pdf (351 KB)  [done 1140, left 2849]
2026-07-03 01:17:55  OK Maths Extension 2/Y12-Trial/Girraween 2018 w. sol.pdf (682 KB)  [done 1141, left 2848]
2026-07-03 01:18:24  OK Maths Advanced/Y12-Trial/Fort St 2012 w. sol.pdf (540 KB)  [done 1142, left 2847]
2026-07-03 01:18:54  OK Physics/Y12-Trial/Sydney Boys 2005 w. sol.pdf (818 KB)  [done 1143, left 2846]
2026-07-03 01:19:23  OK English/Y12-Trial-P2-Adv/Sydney Grammar 2022 P2 (Adv.).pdf (55 KB)  [done 1144, left 2845]
2026-07-03 01:19:56  OK Maths Extension 1/Y12-Trial/Cheltenham Girls 2020 w. sol.pdf (2292 KB)  [done 1145, left 2844]
2026-07-03 01:20:26  OK English/Y12-Trial-P1/Sydney Tech 2016 P1.pdf (952 KB)  [done 1146, left 2843]
2026-07-03 01:20:57  OK Maths Extension 2/Y12-Trial/Girraween 2019 w. sol.pdf (1032 KB)  [done 1147, left 2842]
2026-07-03 01:21:27  OK Maths Advanced/Y12-Trial/Fort St 2013 w. sol.pdf (1503 KB)  [done 1148, left 2841]
2026-07-03 01:22:03  OK Physics/Y12-Trial/Sydney Boys 2006 w. sol.pdf (2825 KB)  [done 1149, left 2840]
2026-07-03 01:22:32  OK Maths Extension 1/Y11-Yearly/James Ruse 2008 w. sol.pdf (296 KB)  [done 1150, left 2839]
2026-07-03 01:23:02  OK English/Y12-Trial-P2-Adv/Sydney Tech 2007 P2 (Adv.).pdf (656 KB)  [done 1151, left 2838]
2026-07-03 01:23:30  OK English/Y12-Trial-P1/Hunter Sports 2015 P1 Practice Exam 1.pdf (135 KB)  [done 1152, left 2837]
2026-07-03 01:24:00  OK Maths Extension 2/Y12-Trial/Girraween 2020 w. sol.pdf (723 KB)  [done 1153, left 2836]
2026-07-03 01:24:29  OK Maths Advanced/Y12-Trial/Fort St 2014 w. sol.pdf (382 KB)  [done 1154, left 2835]
2026-07-03 01:25:02  OK Physics/Y12-Trial/Sydney Boys 2008 w. sol.pdf (1349 KB)  [done 1155, left 2834]
2026-07-03 01:25:29  base 5318 throttled -> cooldown 1800s (Maths Standard 2/Y12-Trial/Hornsby Girls 2020 w. sol.pdf)
2026-07-03 01:26:05  OK Maths Extension 1/Y12-Trial/Cheltenham Girls 2021 w. sol.pdf (4310 KB)  [done 1156, left 2833]
2026-07-03 01:26:34  OK English/Y12-Trial-P1/Hunter Sports 2015 P1 Practice Exam 2.pdf (118 KB)  [done 1157, left 2832]
2026-07-03 01:27:05  OK Maths Extension 2/Y12-Trial/Girraween 2021 w. sol.pdf (2139 KB)  [done 1158, left 2831]
2026-07-03 01:27:34  OK Maths Advanced/Y12-Trial/Fort St 2015 w. sol.pdf (265 KB)  [done 1159, left 2830]
2026-07-03 01:28:07  OK Physics/Y12-Trial/Sydney Boys 2011 w. sol.pdf (1239 KB)  [done 1160, left 2829]
2026-07-03 01:28:37  OK English/Y12-Trial-P2-Adv/Sydney Tech 2011 P2 (Adv.).pdf (785 KB)  [done 1161, left 2828]
2026-07-03 01:29:11  OK Maths Extension 1/Y12-Trial/Cheltenham Girls 2022 w. sol.pdf (2546 KB)  [done 1162, left 2827]
2026-07-03 01:29:40  OK English/Y12-Trial-P1/Hunter Sports 2015 P1 Practice Exam 3.pdf (111 KB)  [done 1163, left 2826]
2026-07-03 01:30:11  OK Maths Advanced/Y12-Trial/Fort St 2016 w. sol.pdf (776 KB)  [done 1164, left 2825]
2026-07-03 01:30:40  OK Maths Extension 1/Y11-Yearly/James Ruse 2011 w. sol.pdf (864 KB)  [done 1165, left 2824]
2026-07-03 01:31:08  base 5310 throttled -> cooldown 1800s (Maths Standard 2/Y12-HSC/2001 Marking Guidelines.pdf)
2026-07-03 01:31:40  OK Maths Extension 2/Y12-Trial/Girraween 2022 w. sol.pdf (1011 KB)  [done 1166, left 2823]
2026-07-03 01:32:10  OK Maths Extension 1/Y12-Trial/Cheltenham Girls 2023 w. sol.pdf (1468 KB)  [done 1167, left 2822]
2026-07-03 01:32:41  OK Physics/Y12-Trial/Sydney Boys 2012 w. sol.pdf (652 KB)  [done 1168, left 2821]
2026-07-03 01:33:10  OK English/Y12-Trial-P1/Hunter Sports 2015 P1 Practice Exam 4.pdf (242 KB)  [done 1169, left 2820]
2026-07-03 01:33:41  OK English/Y12-Trial-P2-Adv/Sydney Tech 2012 P2 (Adv.).pdf (774 KB)  [done 1170, left 2819]
2026-07-03 01:34:11  OK Maths Advanced/Y12-Trial/Fort St 2017 w. sol.pdf (460 KB)  [done 1171, left 2818]
2026-07-03 01:34:45  OK Maths Extension 2/Y12-Trial/Girraween 2023 w. sol.pdf (2896 KB)  [done 1172, left 2817]
2026-07-03 01:35:13  base 5320 throttled -> cooldown 1800s (Maths Advanced/Y12-HSC/2001 Marking Guidelines.pdf)
2026-07-03 01:35:42  OK Maths Extension 1/Y11-Yearly/James Ruse 2012.pdf (77 KB)  [done 1173, left 2816]
2026-07-03 01:36:11  OK English/Y12-Trial-P1/Kings 2015 P1 Practice Exam 1.pdf (709 KB)  [done 1174, left 2815]
2026-07-03 01:36:45  OK Maths Extension 1/Y12-Trial/Cheltenham Girls 2024 w. sol.pdf (2652 KB)  [done 1175, left 2814]
2026-07-03 01:37:19  OK Physics/Y12-Trial/Sydney Boys 2013 w. sol.pdf (3923 KB)  [done 1176, left 2813]
2026-07-03 01:37:59  OK Maths Extension 2/Y12-Trial/Girraween 2024 w. sol.pdf (5272 KB)  [done 1177, left 2812]
2026-07-03 01:38:27  base 5330 throttled -> cooldown 1800s (Maths Extension 1/Y12-HSC/2001 Marking Guidelines.pdf)
2026-07-03 01:38:57  OK Maths Extension 1/Y11-Yearly/James Ruse 2016.pdf (155 KB)  [done 1178, left 2811]
2026-07-03 01:39:27  OK English/Y12-Trial-P1/Kings 2015 P1 Practice Exam 2.pdf (674 KB)  [done 1179, left 2810]
2026-07-03 01:39:58  OK English/Y12-Trial-P2-Adv/Sydney Tech 2014 P2 (Adv.).pdf (1462 KB)  [done 1180, left 2809]
2026-07-03 01:40:28  OK Maths Advanced/Y12-Trial/Fort St 2018 w. sol.pdf (456 KB)  [done 1181, left 2808]
2026-07-03 01:40:59  OK Physics/Y12-Trial/Sydney Boys 2019 w. sol.pdf (1353 KB)  [done 1182, left 2807]
2026-07-03 01:41:58  OK Maths Extension 1/Y12-Trial/Cherrybrook Tech 1999 w. sol.pdf (455 KB)  [done 1183, left 2806]
2026-07-03 01:42:32  OK Maths Extension 2/Y12-Trial/Girraween 2025 w. sol.pdf (3326 KB)  [done 1184, left 2805]
2026-07-03 01:43:01  OK Maths Extension 1/Y11-Yearly/James Ruse 2018.pdf (257 KB)  [done 1185, left 2804]
2026-07-03 01:43:28  base 5340 throttled -> cooldown 1800s (Maths Extension 2/Y12-HSC/2001 Marking Guidelines.pdf)
2026-07-03 01:43:58  OK Maths Advanced/Y12-Trial/Fort St 2019 w. sol.pdf (650 KB)  [done 1186, left 2803]
2026-07-03 01:44:33  OK Physics/Y12-Trial/Sydney Boys 2020 w. sol.pdf (2177 KB)  [done 1187, left 2802]
2026-07-03 01:45:01  base 2720 throttled -> cooldown 1800s (English/Y12-HSC/2001 HSC Paper 1.pdf)
2026-07-03 01:45:29  OK English/Y12-Trial-P2-Adv/Sydney Tech 2016 P2 (Adv.).pdf (250 KB)  [done 1188, left 2801]
2026-07-03 01:46:11  OK Maths Extension 2/Y12-Trial/Glenwood 2023 w. sol.pdf (7615 KB)  [done 1189, left 2800]
2026-07-03 01:46:52  OK Maths Advanced/Y12-Trial/Fort St 2020 w. sol.pdf (4850 KB)  [done 1190, left 2799]
2026-07-03 01:47:57  OK Physics/Y12-Trial/Sydney Boys 2022 w. sol.pdf (3944 KB)  [done 1191, left 2798]
2026-07-03 01:48:26  OK English/Y12-Trial-P2-Adv/Trinity Grammar 2019 P2 (Adv.).pdf (182 KB)  [done 1192, left 2797]
2026-07-03 01:49:07  OK Maths Extension 1/Y12-Trial/Cherrybrook Tech 2000 w. sol.pdf (134 KB)  [done 1193, left 2796]
2026-07-03 01:49:34  base 5228 throttled -> cooldown 1800s (Maths Advanced/Y11-Yearly/Blacktown Boys 2023 w. sol.pdf)
2026-07-03 01:50:07  OK Maths Advanced/Y12-Trial/Fort St 2021 w. sol.pdf (2056 KB)  [done 1194, left 2795]
2026-07-03 01:50:35  base 6520 throttled -> cooldown 1800s (Physics/Y12-HSC/2013 Marking Guidelines.pdf)
2026-07-03 01:51:11  OK English/Y12-Trial-P1/Knox 2015 P1 Practice Exam 1.pdf (365 KB)  [done 1195, left 2794]
2026-07-03 01:51:40  OK Maths Extension 2/Y12-Trial/Gosford 2004 w. sol.pdf (705 KB)  [done 1196, left 2793]
2026-07-03 01:52:19  OK Maths Extension 1/Y12-Trial/Cherrybrook Tech 2001.pdf (120 KB)  [done 1197, left 2792]
2026-07-03 01:52:57  OK Maths Extension 1/Y11-Yearly/James Ruse 2019 w. sol.pdf (7501 KB)  [done 1198, left 2791]
2026-07-03 01:53:25  OK English/Y12-Trial-P2-Adv/Knox 2015 P2 (Adv.) Practice Exam 1.pdf (181 KB)  [done 1199, left 2790]
2026-07-03 01:53:59  OK Maths Advanced/Y12-Trial/Fort St 2022 w. sol.pdf (3509 KB)  [done 1200, left 2789]
2026-07-03 01:54:28  OK English/Y12-Trial-P1/Knox 2015 P1 Practice Exam 2.pdf (397 KB)  [done 1201, left 2788]
2026-07-03 01:54:58  OK Maths Extension 2/Y12-Trial/Gosford 2005 w. sol.pdf (1069 KB)  [done 1202, left 2787]
2026-07-03 01:55:27  OK Maths Extension 1/Y12-Trial/Cherrybrook Tech 2002 w. sol.pdf (234 KB)  [done 1203, left 2786]
2026-07-03 01:56:05  OK Physics/Y12-Trial/Sydney Boys 2023 w. sol.pdf (5155 KB)  [done 1204, left 2785]
2026-07-03 01:56:33  base 5318 throttled -> cooldown 1800s (Maths Standard 2/Y12-Trial/Hornsby Girls 2020 w. sol.pdf)
2026-07-03 01:57:17  OK Maths Extension 1/Y11-Yearly/James Ruse 2020 w. sol.pdf (10127 KB)  [done 1205, left 2784]
2026-07-03 01:57:47  OK English/Y12-Trial-P1/Knox 2015 P1 Practice Exam 3.pdf (341 KB)  [done 1206, left 2783]
2026-07-03 01:58:16  OK Maths Extension 2/Y12-Trial/Gosford 2006 w. sol.pdf (478 KB)  [done 1207, left 2782]
2026-07-03 01:58:56  OK Maths Advanced/Y12-Trial/Fort St 2023 w. sol.pdf (7575 KB)  [done 1208, left 2781]
2026-07-03 01:59:25  OK Physics/Y12-Trial/Sydney Girls 2002.pdf (496 KB)  [done 1209, left 2780]
2026-07-03 01:59:54  OK Maths Extension 1/Y12-Trial/Cherrybrook Tech 2003 w. sol.pdf (317 KB)  [done 1210, left 2779]
2026-07-03 02:00:25  OK English/Y12-Trial-P1/Loreto Kirribilli 2015 P1 Practice Exam 1.pdf (854 KB)  [done 1211, left 2778]
2026-07-03 02:00:57  OK Maths Extension 1/Y11-Yearly/James Ruse 2021 w. sol.pdf (2460 KB)  [done 1212, left 2777]
2026-07-03 02:01:27  OK Maths Extension 2/Y12-Trial/Gosford 2007 w. sol.pdf (1030 KB)  [done 1213, left 2776]
2026-07-03 02:02:05  OK Maths Advanced/Y12-Trial/Fort St 2025 w. sol.pdf (7024 KB)  [done 1214, left 2775]
2026-07-03 02:02:36  OK Physics/Y12-Trial/Sydney Girls 2003.pdf (1063 KB)  [done 1215, left 2774]
2026-07-03 02:03:04  base 5310 throttled -> cooldown 1800s (Maths Standard 2/Y12-HSC/2001 Marking Guidelines.pdf)
2026-07-03 02:03:32  OK Maths Extension 1/Y12-Trial/Cherrybrook Tech 2004 w. sol.pdf (367 KB)  [done 1216, left 2773]
2026-07-03 02:04:02  OK English/Y12-Trial-P1/Loreto Kirribilli 2015 P1 Practice Exam 2.pdf (1013 KB)  [done 1217, left 2772]
2026-07-03 02:04:32  OK Maths Extension 2/Y12-Trial/Gosford 2008 w. sol.pdf (401 KB)  [done 1218, left 2771]
2026-07-03 02:05:00  OK Maths Advanced/Y12-Trial/Frensham 2011 w. sol.pdf (315 KB)  [done 1219, left 2770]
2026-07-03 02:05:45  OK Maths Extension 1/Y11-Yearly/James Ruse 2022 w. sol.pdf (5985 KB)  [done 1220, left 2769]
2026-07-03 02:07:24  OK Physics/Y12-Trial/Sydney Girls 2004.pdf (474 KB)  [done 1221, left 2768]
2026-07-03 02:07:53  OK Maths Advanced/Y12-Trial/Frensham 2014 w. sol.pdf (408 KB)  [done 1222, left 2767]
2026-07-03 02:08:25  OK Maths Extension 1/Y11-Yearly/James Ruse 2024 w. sol.pdf (1259 KB)  [done 1223, left 2766]
2026-07-03 02:08:54  OK English/Y12-Trial-P1/Meriden 2015 P1 Practice Exam 1.pdf (105 KB)  [done 1224, left 2765]
2026-07-03 02:09:23  OK Maths Extension 1/Y12-Trial/Cherrybrook Tech 2005 w. sol.pdf (320 KB)  [done 1225, left 2764]
2026-07-03 02:09:50  base 5330 throttled -> cooldown 1800s (Maths Extension 1/Y12-HSC/2001 Marking Guidelines.pdf)
2026-07-03 02:10:21  OK Maths Extension 2/Y12-Trial/Gosford 2009 w. sol.pdf (873 KB)  [done 1226, left 2763]
2026-07-03 02:10:48  base 5320 throttled -> cooldown 1800s (Maths Advanced/Y12-HSC/2001 Marking Guidelines.pdf)
2026-07-03 02:11:23  OK Maths Extension 1/Y11-Yearly/Killara 2001 w. sol.pdf (3829 KB)  [done 1227, left 2762]
2026-07-03 02:11:53  OK English/Y12-Trial-P1/St Andrews 2015 P1 Practice Exam 1.pdf (638 KB)  [done 1228, left 2761]
2026-07-03 02:12:22  OK Maths Advanced/Y12-Trial/Frensham 2015 w. sol.pdf (813 KB)  [done 1229, left 2760]
2026-07-03 02:12:55  OK Physics/Y12-Trial/Sydney Girls 2020 w. sol.pdf (4773 KB)  [done 1230, left 2759]
2026-07-03 02:13:25  OK Maths Extension 1/Y12-Trial/Cherrybrook Tech 2006 w. sol.pdf (256 KB)  [done 1231, left 2758]
2026-07-03 02:13:56  OK Maths Extension 2/Y12-Trial/Gosford 2010 w. sol.pdf (1090 KB)  [done 1232, left 2757]
2026-07-03 02:14:27  OK Maths Extension 1/Y11-Yearly/Kincoppal 2001 w. sol.pdf (1048 KB)  [done 1233, left 2756]
2026-07-03 02:14:54  base 5340 throttled -> cooldown 1800s (Maths Extension 2/Y12-HSC/2001 Marking Guidelines.pdf)
2026-07-03 02:15:24  OK Maths Advanced/Y12-Trial/Girraween 1999.pdf (102 KB)  [done 1234, left 2755]
2026-07-03 02:15:52  base 2720 throttled -> cooldown 1800s (English/Y12-HSC/2001 HSC Paper 1.pdf)
2026-07-03 02:16:22  OK English/Y12-Trial-P1/Sydney Boys 2015 P1 Practice Exam 1.pdf (543 KB)  [done 1235, left 2754]
2026-07-03 02:17:16  OK Maths Extension 1/Y12-Trial/Cherrybrook Tech 2008 w. sol.pdf (298 KB)  [done 1236, left 2753]
2026-07-03 02:18:11  net-error base 6528: HTTP Error 404: Not Found (cooldown 120s)
2026-07-03 02:18:41  OK Maths Extension 2/Y12-Trial/Gosford 2011 w. sol.pdf (874 KB)  [done 1237, left 2752]
2026-07-03 02:19:12  OK Maths Advanced/Y12-Trial/Girraween 2007 w. sol.pdf (766 KB)  [done 1238, left 2751]
2026-07-03 02:21:31  OK Maths Extension 1/Y11-Yearly/Kings 2019 w. sol.pdf (8900 KB)  [done 1239, left 2750]
2026-07-03 02:22:04  OK English/Y12-Trial-P1/Sydney Boys 2015 P1 Practice Exam 2.pdf (2822 KB)  [done 1240, left 2749]
2026-07-03 02:22:32  base 6520 throttled -> cooldown 1800s (Physics/Y12-HSC/2013 Marking Guidelines.pdf)
2026-07-03 02:23:01  OK Maths Extension 1/Y12-Trial/Cherrybrook Tech 2009 w. sol.pdf (482 KB)  [done 1241, left 2748]
2026-07-03 02:23:29  base 5228 throttled -> cooldown 1800s (Maths Advanced/Y11-Yearly/Blacktown Boys 2023 w. sol.pdf)
2026-07-03 02:24:01  OK Maths Advanced/Y12-Trial/Girraween 2008 w. sol.pdf (2274 KB)  [done 1242, left 2747]
2026-07-03 02:24:34  OK Physics/Y12-Trial/Sydney Grammar 2001 w. sol.pdf (1126 KB)  [done 1243, left 2746]
2026-07-03 02:25:02  OK Maths Extension 2/Y12-Trial/Gosford 2012 w. sol.pdf (332 KB)  [done 1244, left 2745]
2026-07-03 02:25:30  OK English/Y12-Trial-P1/AOS Discovery Assessment Task.pdf (250 KB)  [done 1245, left 2744]
2026-07-03 02:26:00  OK Maths Extension 1/Y12-Trial/Cherrybrook Tech 2010 w. sol.pdf (729 KB)  [done 1246, left 2743]
2026-07-03 02:26:29  OK Maths Extension 1/Y11-Yearly/Knox 2002 w. sol.pdf (190 KB)  [done 1247, left 2742]
2026-07-03 02:26:57  OK Maths Advanced/Y12-Trial/Girraween 2009.pdf (137 KB)  [done 1248, left 2741]
2026-07-03 02:27:25  base 5318 throttled -> cooldown 1800s (Maths Standard 2/Y12-Trial/Hornsby Girls 2020 w. sol.pdf)
2026-07-03 02:27:55  OK Physics/Y12-Trial/Sydney Grammar 2002 w. sol.pdf (1269 KB)  [done 1249, left 2740]
2026-07-03 02:28:25  OK Maths Extension 2/Y12-Trial/Gosford 2013 w. sol.pdf (351 KB)  [done 1250, left 2739]
2026-07-03 02:28:54  OK Maths Extension 1/Y12-Trial/Cherrybrook Tech 2011 w. sol.pdf (682 KB)  [done 1251, left 2738]
2026-07-03 02:29:22  OK English/Y12-Trial-P1/AOS Discovery Creative Writing Stimuli.pdf (53 KB)  [done 1252, left 2737]
2026-07-03 02:29:51  OK Maths Advanced/Y12-Trial/Girraween 2010 w. sol.pdf (499 KB)  [done 1253, left 2736]
2026-07-03 02:31:08  net-error base 5238: HTTP Error 404: Not Found (cooldown 120s)
2026-07-03 02:31:55  OK Maths Extension 2/Y12-Trial/Gosford 2014 w. sol.pdf (889 KB)  [done 1254, left 2735]
2026-07-03 02:32:24  OK Maths Extension 1/Y12-Trial/Cherrybrook Tech 2012 w. sol.pdf (472 KB)  [done 1255, left 2734]
2026-07-03 02:33:28  OK Physics/Y12-Trial/Sydney Grammar 2005.pdf (469 KB)  [done 1256, left 2733]
2026-07-03 02:33:56  base 5310 throttled -> cooldown 1800s (Maths Standard 2/Y12-HSC/2001 Marking Guidelines.pdf)
2026-07-03 02:34:25  OK Maths Advanced/Y12-Trial/Girraween 2011 w. sol.pdf (548 KB)  [done 1257, left 2732]
2026-07-03 02:34:54  OK English/Y12-Trial-P1/AOS Discovery Essay Questions Set 1.pdf (167 KB)  [done 1258, left 2731]
2026-07-03 02:35:24  OK Maths Extension 2/Y12-Trial/Gosford 2015 w. sol.pdf (712 KB)  [done 1259, left 2730]
2026-07-03 02:35:55  OK Maths Extension 1/Y11-Yearly/Knox 2011 w. sol.pdf (761 KB)  [done 1260, left 2729]
2026-07-03 02:36:24  OK Maths Extension 1/Y12-Trial/Cherrybrook Tech 2013 w. sol.pdf (207 KB)  [done 1261, left 2728]
2026-07-03 02:36:54  OK Physics/Y12-Trial/Sydney Grammar 2006 w. sol.pdf (1075 KB)  [done 1262, left 2727]
2026-07-03 02:37:23  OK Maths Advanced/Y12-Trial/Girraween 2012 w. sol.pdf (257 KB)  [done 1263, left 2726]
2026-07-03 02:37:52  OK English/Y12-Trial-P1/AOS Discovery Essay Questions Set 2.pdf (221 KB)  [done 1264, left 2725]
2026-07-03 02:38:22  OK Maths Extension 2/Y12-Trial/Gosford 2016 w. sol.pdf (562 KB)  [done 1265, left 2724]
2026-07-03 02:38:52  OK Maths Extension 1/Y11-Yearly/Knox 2012 w. sol.pdf (883 KB)  [done 1266, left 2723]
2026-07-03 02:39:21  OK Maths Extension 1/Y12-Trial/Cherrybrook Tech 2014 w. sol.pdf (307 KB)  [done 1267, left 2722]
2026-07-03 02:39:52  OK Physics/Y12-Trial/Sydney Grammar 2007.pdf (519 KB)  [done 1268, left 2721]
2026-07-03 02:40:20  base 5330 throttled -> cooldown 1800s (Maths Extension 1/Y12-HSC/2001 Marking Guidelines.pdf)
2026-07-03 02:40:49  OK English/Y12-Trial-P1/AOS Discovery Practice Paper 1.pdf (140 KB)  [done 1269, left 2720]
2026-07-03 02:41:49  OK Maths Extension 2/Y12-Trial/Gosford 2017 w. sol.pdf (1277 KB)  [done 1270, left 2719]
2026-07-03 02:42:18  OK Maths Extension 1/Y11-Yearly/Knox 2013 w. sol.pdf (455 KB)  [done 1271, left 2718]
2026-07-03 02:42:45  base 5320 throttled -> cooldown 1800s (Maths Advanced/Y12-HSC/2001 Marking Guidelines.pdf)
2026-07-03 02:43:15  OK Physics/Y12-Trial/Sydney Grammar 2009.pdf (394 KB)  [done 1272, left 2717]
2026-07-03 02:43:44  OK Maths Advanced/Y12-Trial/Girraween 2013 w. sol.pdf (293 KB)  [done 1273, left 2716]
2026-07-03 02:44:12  OK English/Y12-Trial-P1/AOS Discovery Practice Paper 2.pdf (51 KB)  [done 1274, left 2715]
2026-07-03 02:44:42  OK Maths Extension 1/Y12-Trial/Cherrybrook Tech 2015 w. sol.pdf (1019 KB)  [done 1275, left 2714]
2026-07-03 02:45:11  OK Maths Extension 1/Y11-Yearly/Knox 2014 w. sol.pdf (728 KB)  [done 1276, left 2713]
2026-07-03 02:45:39  base 5340 throttled -> cooldown 1800s (Maths Extension 2/Y12-HSC/2001 Marking Guidelines.pdf)
2026-07-03 02:46:08  OK Maths Extension 2/Y12-Trial/Gosford 2018 w. sol.pdf (382 KB)  [done 1277, left 2712]
2026-07-03 02:46:38  OK Maths Advanced/Y12-Trial/Girraween 2014 w. sol.pdf (988 KB)  [done 1278, left 2711]
2026-07-03 02:47:06  base 2720 throttled -> cooldown 1800s (English/Y12-HSC/2001 HSC Paper 1.pdf)
2026-07-03 02:47:38  OK English/Y12-Trial-P1/AOS Discovery Practice Paper 3.pdf (3373 KB)  [done 1279, left 2710]
2026-07-03 02:48:08  OK Maths Extension 1/Y12-Trial/Cherrybrook Tech 2016 w. sol.pdf (948 KB)  [done 1280, left 2709]
2026-07-03 02:48:41  OK Maths Extension 1/Y11-Yearly/Knox 2015 w. sol.pdf (2393 KB)  [done 1281, left 2708]
2026-07-03 02:49:11  OK Maths Extension 2/Y12-Trial/Gosford 2019 w. sol.pdf (1815 KB)  [done 1282, left 2707]
2026-07-03 02:49:40  OK Maths Advanced/Y12-Trial/Girraween 2015 w. sol.pdf (540 KB)  [done 1283, left 2706]
2026-07-03 02:50:12  OK Physics/Y12-Trial/Sydney Grammar 2013 w. sol.pdf (2024 KB)  [done 1284, left 2705]
2026-07-03 02:50:40  OK English/Y12-Trial-P1/AOS Discovery Practice Questions.pdf (61 KB)  [done 1285, left 2704]
2026-07-03 02:51:34  OK Maths Extension 1/Y12-Trial/Cherrybrook Tech 2017 w. sol.pdf (1083 KB)  [done 1286, left 2703]
2026-07-03 02:52:04  OK Maths Extension 1/Y11-Yearly/Knox 2016 w. sol.pdf (1317 KB)  [done 1287, left 2702]
2026-07-03 02:52:34  OK Maths Extension 2/Y12-Trial/Gosford 2020 w. sol.pdf (711 KB)  [done 1288, left 2701]
2026-07-03 02:53:03  OK Maths Advanced/Y12-Trial/Girraween 2016 w. sol.pdf (422 KB)  [done 1289, left 2700]
2026-07-03 02:53:35  OK Physics/Y12-Trial/Sydney Grammar 2014 w. sol.pdf (1527 KB)  [done 1290, left 2699]
2026-07-03 02:54:06  OK English/Y12-Trial-P1/AOS Discovery Unseen Texts Booklet.pdf (2425 KB)  [done 1291, left 2698]
2026-07-03 02:55:01  OK Maths Extension 1/Y12-Trial/Cherrybrook Tech 2018.pdf (349 KB)  [done 1292, left 2697]
2026-07-03 02:55:29  base 5228 throttled -> cooldown 1800s (Maths Advanced/Y11-Yearly/Blacktown Boys 2023 w. sol.pdf)
2026-07-03 02:55:59  OK Maths Extension 1/Y11-Yearly/Knox 2017 w. sol.pdf (1459 KB)  [done 1293, left 2696]
2026-07-03 02:56:38  OK Physics/Y12-Trial/Sydney Grammar 2019 w. sol.pdf (4729 KB)  [done 1294, left 2695]
2026-07-03 02:57:09  OK Maths Extension 2/Y12-Trial/Gosford 2022 w. sol.pdf (660 KB)  [done 1295, left 2694]
2026-07-03 02:57:40  OK Maths Advanced/Y12-Trial/Girraween 2017 w. sol.pdf (646 KB)  [done 1296, left 2693]
2026-07-03 02:58:08  base 6520 throttled -> cooldown 1800s (Physics/Y12-HSC/2013 Marking Guidelines.pdf)
2026-07-03 02:58:39  OK English/Y12-Trial-P1/Abbotsleigh 2010 P1.pdf (1495 KB)  [done 1297, left 2692]
2026-07-03 02:59:08  base 5318 throttled -> cooldown 1800s (Maths Standard 2/Y12-Trial/Hornsby Girls 2020 w. sol.pdf)
2026-07-03 02:59:41  OK Maths Extension 1/Y12-Trial/Cherrybrook Tech 2019 w. sol.pdf (1504 KB)  [done 1298, left 2691]
2026-07-03 03:00:20  OK Physics/Y12-Trial/Sydney Grammar 2020 w. sol.pdf (5952 KB)  [done 1299, left 2690]
2026-07-03 03:00:51  OK Maths Extension 2/Y12-Trial/Gosford 2023 w. sol.pdf (663 KB)  [done 1300, left 2689]
2026-07-03 03:01:21  OK Maths Advanced/Y12-Trial/Girraween 2018 w. sol.pdf (596 KB)  [done 1301, left 2688]
2026-07-03 03:01:56  OK Maths Extension 1/Y11-Yearly/Knox 2018.pdf (2145 KB)  [done 1302, left 2687]
2026-07-03 03:02:25  OK English/Y12-Trial-P1/Abbotsleigh 2012 P1.pdf (235 KB)  [done 1303, left 2686]
2026-07-03 03:02:57  OK Maths Extension 1/Y12-Trial/Cherrybrook Tech 2020 w. sol.pdf (2224 KB)  [done 1304, left 2685]
2026-07-03 03:03:32  OK Maths Extension 2/Y12-Trial/Gosford 2025 w. sol.pdf (5809 KB)  [done 1305, left 2684]
2026-07-03 03:03:59  base 5310 throttled -> cooldown 1800s (Maths Standard 2/Y12-HSC/2001 Marking Guidelines.pdf)
2026-07-03 03:04:44  OK Physics/Y12-Trial/Sydney Grammar 2021 w. sol.pdf (12447 KB)  [done 1306, left 2683]
2026-07-03 03:05:46  OK Maths Extension 1/Y11-Yearly/Knox 2019 w. sol.pdf (1939 KB)  [done 1307, left 2682]
2026-07-03 03:06:15  OK Maths Extension 2/Y12-Trial/Hills Grammar 1999 w. sol.pdf (487 KB)  [done 1308, left 2681]
2026-07-03 03:07:22  OK Maths Advanced/Y12-Trial/Girraween 2019 w. sol.pdf (975 KB)  [done 1309, left 2680]
2026-07-03 03:08:04  OK Physics/Y12-Trial/Sydney Grammar 2022 w. sol.pdf (11266 KB)  [done 1310, left 2679]
2026-07-03 03:08:47  OK English/Y12-Trial-P1/Ascham 2012 P1.pdf (273 KB)  [done 1311, left 2678]
2026-07-03 03:09:30  OK Maths Extension 1/Y12-Trial/Cherrybrook Tech 2021 w. sol.pdf (3892 KB)  [done 1312, left 2677]
2026-07-03 03:10:31  net-error base 5238: HTTP Error 404: Not Found (cooldown 120s)
2026-07-03 03:11:42  OK Maths Advanced/Y12-Trial/Girraween 2020 w. sol.pdf (2640 KB)  [done 1313, left 2676]
2026-07-03 03:12:17  OK Physics/Y12-Trial/Sydney Grammar 2023.pdf (2684 KB)  [done 1314, left 2675]
2026-07-03 03:12:47  OK English/Y12-Trial-P1/Asquith Girls 2009 P1.pdf (524 KB)  [done 1315, left 2674]
2026-07-03 03:13:22  OK Maths Extension 2/Y12-Trial/Hills Grammar 2003.pdf (219 KB)  [done 1316, left 2673]
2026-07-03 03:13:50  base 5330 throttled -> cooldown 1800s (Maths Extension 1/Y12-HSC/2001 Marking Guidelines.pdf)
2026-07-03 03:14:30  OK Maths Extension 1/Y12-Trial/Cherrybrook Tech 2022 w. sol.pdf (2956 KB)  [done 1317, left 2672]
2026-07-03 03:15:07  OK Physics/Y12-Trial/Sydney Grammar 2024 w. sol.pdf (9533 KB)  [done 1318, left 2671]
2026-07-03 03:15:35  base 5320 throttled -> cooldown 1800s (Maths Advanced/Y12-HSC/2001 Marking Guidelines.pdf)
2026-07-03 03:16:04  OK Maths Extension 2/Y12-Trial/Hills Grammar 2004 w. sol.pdf (642 KB)  [done 1319, left 2670]
2026-07-03 03:16:33  OK English/Y12-Trial-P1/Asquith Girls 2010 P1.pdf (667 KB)  [done 1320, left 2669]
2026-07-03 03:17:05  OK Maths Advanced/Y12-Trial/Girraween 2021 w. sol.pdf (1947 KB)  [done 1321, left 2668]
2026-07-03 03:17:35  OK Maths Extension 1/Y12-Trial/Cranbrook 1999 w. sol.pdf (300 KB)  [done 1322, left 2667]
2026-07-03 03:18:05  OK Physics/Y12-Trial/Sydney Tech 2002 w. sol.pdf (1384 KB)  [done 1323, left 2666]
2026-07-03 03:18:35  OK Maths Extension 1/Y11-Yearly/Knox 2020 w. sol.pdf (1967 KB)  [done 1324, left 2665]
2026-07-03 03:19:02  base 5340 throttled -> cooldown 1800s (Maths Extension 2/Y12-HSC/2001 Marking Guidelines.pdf)
2026-07-03 03:19:35  OK Maths Extension 2/Y12-Trial/Hills Grammar 2008 w. sol.pdf (1391 KB)  [done 1325, left 2664]
2026-07-03 03:20:07  OK Maths Advanced/Y12-Trial/Girraween 2022 w. sol.pdf (1718 KB)  [done 1326, left 2663]
2026-07-03 03:20:35  base 2720 throttled -> cooldown 1800s (English/Y12-HSC/2001 HSC Paper 1.pdf)
2026-07-03 03:21:03  OK English/Y12-Trial-P1/Barker 2009 P1.pdf (242 KB)  [done 1327, left 2662]
2026-07-03 03:21:33  OK Maths Extension 1/Y12-Trial/Cranbrook 2000 w. sol.pdf (477 KB)  [done 1328, left 2661]
2026-07-03 03:22:06  OK Physics/Y12-Trial/Sydney Tech 2012 w. sol.pdf (2437 KB)  [done 1329, left 2660]
2026-07-03 03:22:37  OK Maths Extension 1/Y11-Yearly/Knox 2021 w. sol.pdf (1232 KB)  [done 1330, left 2659]
2026-07-03 03:23:06  OK Maths Extension 2/Y12-Trial/Hills Grammar 2009 w. sol.pdf (163 KB)  [done 1331, left 2658]
2026-07-03 03:23:38  OK Maths Advanced/Y12-Trial/Girraween 2023 w. sol.pdf (2817 KB)  [done 1332, left 2657]
2026-07-03 03:24:07  OK English/Y12-Trial-P1/Barker 2010 P1.pdf (733 KB)  [done 1333, left 2656]
2026-07-03 03:24:37  OK Maths Extension 1/Y12-Trial/Cranbrook 2001 w. sol.pdf (448 KB)  [done 1334, left 2655]
2026-07-03 03:25:07  OK Physics/Y12-Trial/Sydney Tech 2013 w. sol.pdf (884 KB)  [done 1335, left 2654]
2026-07-03 03:25:34  base 5228 throttled -> cooldown 1800s (Maths Advanced/Y11-Yearly/Blacktown Boys 2023 w. sol.pdf)
2026-07-03 03:26:35  OK Maths Extension 2/Y12-Trial/Hills Grammar 2010 w. sol.pdf (995 KB)  [done 1336, left 2653]
2026-07-03 03:27:07  OK Maths Extension 1/Y11-Yearly/Knox 2022 w. sol.pdf (1150 KB)  [done 1337, left 2652]
2026-07-03 03:27:36  OK English/Y12-Trial-P1/Barker 2011 P1.pdf (277 KB)  [done 1338, left 2651]
2026-07-03 03:28:13  OK Maths Advanced/Y12-Trial/Girraween 2024 w. sol.pdf (3358 KB)  [done 1339, left 2650]
2026-07-03 03:28:40  base 6520 throttled -> cooldown 1800s (Physics/Y12-HSC/2013 Marking Guidelines.pdf)
2026-07-03 03:29:08  OK Maths Extension 1/Y12-Trial/Cranbrook 2002.pdf (173 KB)  [done 1340, left 2649]
2026-07-03 03:29:39  OK Physics/Y12-Trial/Sydney Tech 2016 w. sol.pdf (1697 KB)  [done 1341, left 2648]
2026-07-03 03:30:07  base 5318 throttled -> cooldown 1800s (Maths Standard 2/Y12-Trial/Hornsby Girls 2020 w. sol.pdf)
2026-07-03 03:30:37  OK Maths Extension 2/Y12-Trial/Hills Grammar 2011 w. sol.pdf (1223 KB)  [done 1342, left 2647]
2026-07-03 03:31:19  OK Maths Advanced/Y12-Trial/Girraween 2025 w. sol.pdf (8140 KB)  [done 1343, left 2646]
2026-07-03 03:31:49  OK Maths Extension 1/Y11-Yearly/Knox 2023 w. sol.pdf (968 KB)  [done 1344, left 2645]
2026-07-03 03:32:18  OK Maths Extension 1/Y12-Trial/Cranbrook 2003 w. sol.pdf (612 KB)  [done 1345, left 2644]
2026-07-03 03:33:02  OK English/Y12-Trial-P1/Barker 2012 P1.pdf (220 KB)  [done 1346, left 2643]
2026-07-03 03:33:31  OK Maths Extension 2/Y12-Trial/Hills Grammar 2012 w. sol.pdf (391 KB)  [done 1347, left 2642]
2026-07-03 03:34:00  OK Maths Advanced/Y12-Trial/Glenwood 2014.pdf (336 KB)  [done 1348, left 2641]
2026-07-03 03:34:30  OK Maths Extension 1/Y11-Yearly/Moriah 2015 w. sol.pdf (1995 KB)  [done 1349, left 2640]
2026-07-03 03:34:58  base 5310 throttled -> cooldown 1800s (Maths Standard 2/Y12-HSC/2001 Marking Guidelines.pdf)
2026-07-03 03:35:27  OK Maths Extension 1/Y12-Trial/Cranbrook 2004 w. sol.pdf (444 KB)  [done 1350, left 2639]
2026-07-03 03:35:56  OK English/Y12-Trial-P1/Barker 2013 P1.pdf (316 KB)  [done 1351, left 2638]
2026-07-03 03:36:26  OK Maths Extension 2/Y12-Trial/Hills Grammar 2014 w. sol.pdf (1521 KB)  [done 1352, left 2637]
2026-07-03 03:37:15  OK Maths Advanced/Y12-Trial/Glenwood 2020 w. sol.pdf (3154 KB)  [done 1353, left 2636]
2026-07-03 03:37:45  OK Maths Extension 1/Y11-Yearly/Moriah 2016 w. sol.pdf (1075 KB)  [done 1354, left 2635]
2026-07-03 03:38:45  OK Maths Extension 1/Y12-Trial/Cranbrook 2005 w. sol.pdf (543 KB)  [done 1355, left 2634]
2026-07-03 03:39:13  OK English/Y12-Trial-P1/Burwood Girls 2009 P1.pdf (268 KB)  [done 1356, left 2633]
2026-07-03 03:39:42  OK Maths Extension 2/Y12-Trial/Hills Grammar 2015 w. sol.pdf (448 KB)  [done 1357, left 2632]
2026-07-03 03:40:15  OK Maths Advanced/Y12-Trial/Glenwood 2021.pdf (1826 KB)  [done 1358, left 2631]
2026-07-03 03:40:45  OK Maths Extension 1/Y11-Yearly/Moriah 2021 w. sol.pdf (790 KB)  [done 1359, left 2630]
2026-07-03 03:41:18  OK Maths Extension 1/Y12-Trial/Cranbrook 2006 w. sol.pdf (385 KB)  [done 1360, left 2629]
2026-07-03 03:41:48  OK English/Y12-Trial-P1/Burwood Girls 2010 P1.pdf (376 KB)  [done 1361, left 2628]
2026-07-03 03:42:25  OK Maths Extension 2/Y12-Trial/Hills Grammar 2025 w. sol.pdf (5316 KB)  [done 1362, left 2627]
2026-07-03 03:43:02  OK Maths Advanced/Y12-Trial/Glenwood 2022 w. sol.pdf (6612 KB)  [done 1363, left 2626]
2026-07-03 03:43:39  OK Maths Extension 1/Y11-Yearly/Newington 2006 w. sol.pdf (371 KB)  [done 1364, left 2625]
2026-07-03 03:44:07  OK Maths Extension 1/Y12-Trial/Cranbrook 2008 w. sol.pdf (420 KB)  [done 1365, left 2624]
2026-07-03 03:44:36  base 5330 throttled -> cooldown 1800s (Maths Extension 1/Y12-HSC/2001 Marking Guidelines.pdf)
2026-07-03 03:45:09  OK Maths Extension 2/Y12-Trial/Hornsby Girls 2007 w. sol.pdf (1088 KB)  [done 1366, left 2623]
2026-07-03 03:45:46  OK Maths Advanced/Y12-Trial/Glenwood 2023 w. sol.pdf (3783 KB)  [done 1367, left 2622]
2026-07-03 03:46:14  base 5320 throttled -> cooldown 1800s (Maths Advanced/Y12-HSC/2001 Marking Guidelines.pdf)
2026-07-03 03:46:44  OK Maths Extension 1/Y11-Yearly/Newington 2007 w. sol.pdf (1190 KB)  [done 1368, left 2621]
2026-07-03 03:47:13  OK English/Y12-Trial-P1/Caringbah 2009 P1.pdf (583 KB)  [done 1369, left 2620]
2026-07-03 03:47:42  OK Maths Extension 1/Y12-Trial/Cranbrook 2009 w. sol.pdf (360 KB)  [done 1370, left 2619]
2026-07-03 03:48:15  OK Maths Extension 2/Y12-Trial/Hornsby Girls 2008 w. sol.pdf (2956 KB)  [done 1371, left 2618]
2026-07-03 03:48:55  OK Maths Advanced/Y12-Trial/Glenwood 2025 w. sol.pdf (7632 KB)  [done 1372, left 2617]
2026-07-03 03:49:23  base 5340 throttled -> cooldown 1800s (Maths Extension 2/Y12-HSC/2001 Marking Guidelines.pdf)
2026-07-03 03:49:53  OK Maths Extension 1/Y11-Yearly/Newington 2008 w. sol.pdf (681 KB)  [done 1373, left 2616]
2026-07-03 03:50:22  OK English/Y12-Trial-P1/Caringbah 2012 P1.pdf (362 KB)  [done 1374, left 2615]
2026-07-03 03:50:51  OK Maths Extension 1/Y12-Trial/Cranbrook 2010 w. sol.pdf (770 KB)  [done 1375, left 2614]
2026-07-03 03:51:23  OK Maths Extension 2/Y12-Trial/Hornsby Girls 2009 w. sol.pdf (1816 KB)  [done 1376, left 2613]
2026-07-03 03:51:52  OK Maths Advanced/Y12-Trial/Gosford 2004 w. sol.pdf (358 KB)  [done 1377, left 2612]
2026-07-03 03:52:20  base 2720 throttled -> cooldown 1800s (English/Y12-HSC/2001 HSC Paper 1.pdf)
2026-07-03 03:52:49  OK Maths Extension 1/Y11-Yearly/Newington 2012 w. sol.pdf (380 KB)  [done 1378, left 2611]
2026-07-03 03:53:19  OK English/Y12-Trial-P1/Cheltenham Girls 2009 P1.pdf (481 KB)  [done 1379, left 2610]
2026-07-03 03:53:49  OK Maths Extension 1/Y12-Trial/Cranbrook 2011 w. sol.pdf (926 KB)  [done 1380, left 2609]
2026-07-03 03:54:18  OK Maths Extension 2/Y12-Trial/Hornsby Girls 2010 w. sol.pdf (583 KB)  [done 1381, left 2608]
2026-07-03 03:54:48  OK Maths Advanced/Y12-Trial/Gosford 2005 w. sol.pdf (381 KB)  [done 1382, left 2607]
2026-07-03 03:55:23  OK Maths Extension 1/Y11-Yearly/Newington 2014 w. sol.pdf (330 KB)  [done 1383, left 2606]
2026-07-03 03:55:51  base 5228 throttled -> cooldown 1800s (Maths Advanced/Y11-Yearly/Blacktown Boys 2023 w. sol.pdf)
2026-07-03 03:56:19  OK English/Y12-Trial-P1/Cranbrook 2009 P1.pdf (334 KB)  [done 1384, left 2605]
2026-07-03 03:56:49  OK Maths Extension 1/Y12-Trial/Cranbrook 2016 w. sol.pdf (558 KB)  [done 1385, left 2604]
2026-07-03 03:57:18  OK Maths Extension 2/Y12-Trial/Hornsby Girls 2011 w. sol.pdf (587 KB)  [done 1386, left 2603]
2026-07-03 03:57:49  OK Maths Advanced/Y12-Trial/Gosford 2010 w. sol.pdf (909 KB)  [done 1387, left 2602]
2026-07-03 03:58:26  OK Maths Extension 1/Y11-Yearly/Normanhurst Boys 2019 w. sol.pdf (3988 KB)  [done 1388, left 2601]
2026-07-03 03:58:54  base 6520 throttled -> cooldown 1800s (Physics/Y12-HSC/2013 Marking Guidelines.pdf)
2026-07-03 03:59:24  OK English/Y12-Trial-P1/Fort St 2010 P1.pdf (643 KB)  [done 1389, left 2600]
2026-07-03 04:00:00  OK Maths Extension 1/Y12-Trial/Cranbrook 2017 w. sol.pdf (4943 KB)  [done 1390, left 2599]
2026-07-03 04:00:28  base 5318 throttled -> cooldown 1800s (Maths Standard 2/Y12-Trial/Hornsby Girls 2020 w. sol.pdf)
2026-07-03 04:00:58  OK Maths Advanced/Y12-Trial/Gosford 2011 w. sol.pdf (394 KB)  [done 1391, left 2598]
2026-07-03 04:01:28  OK Maths Extension 2/Y12-Trial/Hornsby Girls 2013 w. sol.pdf (958 KB)  [done 1392, left 2597]
2026-07-03 04:02:02  OK Maths Extension 1/Y11-Yearly/Normanhurst Boys 2020 w. sol.pdf (1899 KB)  [done 1393, left 2596]
2026-07-03 04:02:31  OK English/Y12-Trial-P1/Fort St 2011 P1.pdf (177 KB)  [done 1394, left 2595]
2026-07-03 04:03:02  OK Maths Extension 1/Y12-Trial/Cranbrook 2020.pdf (769 KB)  [done 1395, left 2594]
2026-07-03 04:03:37  OK Maths Advanced/Y12-Trial/Gosford 2012 w. sol.pdf (777 KB)  [done 1396, left 2593]
2026-07-03 04:04:07  OK Maths Extension 2/Y12-Trial/Hornsby Girls 2016 w. sol.pdf (716 KB)  [done 1397, left 2592]
2026-07-03 04:04:36  OK Maths Extension 1/Y11-Yearly/North Sydney Boys 2007 w. sol.pdf (179 KB)  [done 1398, left 2591]
2026-07-03 04:05:04  base 5310 throttled -> cooldown 1800s (Maths Standard 2/Y12-HSC/2001 Marking Guidelines.pdf)
2026-07-03 04:05:33  OK English/Y12-Trial-P1/Fort St 2012 P1.pdf (228 KB)  [done 1399, left 2590]
2026-07-03 04:06:08  OK Maths Extension 1/Y12-Trial/Cranbrook 2023 w. sol.pdf (4722 KB)  [done 1400, left 2589]
2026-07-03 04:06:36  OK Maths Advanced/Y12-Trial/Gosford 2013 w. sol.pdf (237 KB)  [done 1401, left 2588]
2026-07-03 04:07:07  OK Maths Extension 2/Y12-Trial/Hornsby Girls 2018 w. sol.pdf (910 KB)  [done 1402, left 2587]
2026-07-03 04:07:37  OK Maths Extension 1/Y11-Yearly/North Sydney Boys 2008 w. sol.pdf (412 KB)  [done 1403, left 2586]
2026-07-03 04:08:12  OK English/Y12-Trial-P1/Fort St 2013 P1.pdf (468 KB)  [done 1404, left 2585]
2026-07-03 04:08:46  OK Maths Extension 1/Y12-Trial/Crestwood 2011 w. sol.pdf (223 KB)  [done 1405, left 2584]
2026-07-03 04:09:15  OK Maths Advanced/Y12-Trial/Gosford 2014 w. sol.pdf (468 KB)  [done 1406, left 2583]
2026-07-03 04:09:46  OK Maths Extension 2/Y12-Trial/Hornsby Girls 2019 w. sol.pdf (1242 KB)  [done 1407, left 2582]
2026-07-03 04:10:15  OK Maths Extension 1/Y11-Yearly/North Sydney Boys 2009 w. sol.pdf (161 KB)  [done 1408, left 2581]
2026-07-03 04:10:49  OK English/Y12-Trial-P1/Heathcote 2010 P1.pdf (314 KB)  [done 1409, left 2580]
2026-07-03 04:11:26  OK Maths Extension 1/Y12-Trial/Danebank 2021 w. sol.pdf (3331 KB)  [done 1410, left 2579]
2026-07-03 04:11:55  OK Maths Advanced/Y12-Trial/Gosford 2015 w. sol.pdf (292 KB)  [done 1411, left 2578]
2026-07-03 04:12:24  OK Maths Extension 2/Y12-Trial/Hornsby Girls 2021.pdf (427 KB)  [done 1412, left 2577]
2026-07-03 04:12:52  OK Maths Extension 1/Y11-Yearly/North Sydney Boys 2010 w. sol.pdf (226 KB)  [done 1413, left 2576]
2026-07-03 04:13:26  OK English/Y12-Trial-P1/Homebush Boys 2010 P1.pdf (394 KB)  [done 1414, left 2575]
2026-07-03 04:14:01  OK Maths Extension 1/Y12-Trial/Danebank 2023.pdf (623 KB)  [done 1415, left 2574]
2026-07-03 04:14:30  OK Maths Advanced/Y12-Trial/Gosford 2016 w. sol.pdf (225 KB)  [done 1416, left 2573]
2026-07-03 04:15:00  OK Maths Extension 2/Y12-Trial/Hornsby Girls 2022 w. sol.pdf (1088 KB)  [done 1417, left 2572]
2026-07-03 04:15:28  base 5330 throttled -> cooldown 1800s (Maths Extension 1/Y12-HSC/2001 Marking Guidelines.pdf)
2026-07-03 04:15:57  OK Maths Extension 1/Y11-Yearly/North Sydney Boys 2011 w. sol.pdf (506 KB)  [done 1418, left 2571]
2026-07-03 04:16:27  base 5320 throttled -> cooldown 1800s (Maths Advanced/Y12-HSC/2001 Marking Guidelines.pdf)
2026-07-03 04:16:59  OK English/Y12-Trial-P1/Homebush Boys 2012 P1.pdf (1886 KB)  [done 1419, left 2570]
2026-07-03 04:17:28  OK Maths Advanced/Y12-Trial/Gosford 2017 w. sol.pdf (755 KB)  [done 1420, left 2569]
2026-07-03 04:18:02  OK Maths Extension 2/Y12-Trial/Hornsby Girls 2023 w. sol.pdf (2454 KB)  [done 1421, left 2568]
2026-07-03 04:18:30  OK Maths Extension 1/Y12-Trial/Fort St 1994 w. sol.pdf (175 KB)  [done 1422, left 2567]
2026-07-03 04:19:00  OK Maths Extension 1/Y11-Yearly/North Sydney Boys 2012 w. sol.pdf (980 KB)  [done 1423, left 2566]
2026-07-03 04:19:28  base 5340 throttled -> cooldown 1800s (Maths Extension 2/Y12-HSC/2001 Marking Guidelines.pdf)
2026-07-03 04:20:02  OK English/Y12-Trial-P1/Hurlstone 2009 P1.pdf (2803 KB)  [done 1424, left 2565]
2026-07-03 04:20:33  OK Maths Advanced/Y12-Trial/Gosford 2018 w. sol.pdf (2464 KB)  [done 1425, left 2564]
2026-07-03 04:21:03  OK Maths Extension 2/Y12-Trial/Hornsby Girls 2024 w. sol.pdf (937 KB)  [done 1426, left 2563]
2026-07-03 04:21:31  OK Maths Extension 1/Y12-Trial/Fort St 1996.pdf (384 KB)  [done 1427, left 2562]
2026-07-03 04:22:00  OK Maths Extension 1/Y11-Yearly/North Sydney Boys 2013 w. sol.pdf (235 KB)  [done 1428, left 2561]
2026-07-03 04:22:28  base 2720 throttled -> cooldown 1800s (English/Y12-HSC/2001 HSC Paper 1.pdf)
2026-07-03 04:22:58  OK English/Y12-Trial-P1/Hurlstone 2010 P1.pdf (931 KB)  [done 1429, left 2560]
2026-07-03 04:23:28  OK Maths Advanced/Y12-Trial/Gosford 2019 w. sol.pdf (552 KB)  [done 1430, left 2559]
2026-07-03 04:24:01  OK Maths Extension 2/Y12-Trial/Hornsby Girls 2025 w. sol.pdf (1043 KB)  [done 1431, left 2558]
2026-07-03 04:24:29  OK Maths Extension 1/Y12-Trial/Fort St 2000 w. sol.pdf (495 KB)  [done 1432, left 2557]
2026-07-03 04:24:58  OK Maths Extension 1/Y11-Yearly/North Sydney Boys 2014 w. sol.pdf (232 KB)  [done 1433, left 2556]
2026-07-03 04:25:32  OK English/Y12-Trial-P1/Hurlstone 2011 P1.pdf (322 KB)  [done 1434, left 2555]
2026-07-03 04:26:23  base 5228 throttled -> cooldown 1800s (Maths Advanced/Y11-Yearly/Blacktown Boys 2023 w. sol.pdf)
2026-07-03 04:26:57  OK Maths Advanced/Y12-Trial/Gosford 2020 w. sol.pdf (2337 KB)  [done 1435, left 2554]
2026-07-03 04:27:29  OK Maths Extension 2/Y12-Trial/Hunters Hill 2015 w. sol.pdf (514 KB)  [done 1436, left 2553]
2026-07-03 04:27:59  OK Maths Extension 1/Y12-Trial/Fort St 2001 w. sol.pdf (642 KB)  [done 1437, left 2552]
2026-07-03 04:28:29  OK English/Y12-Trial-P1/James Ruse 2009 P1.pdf (617 KB)  [done 1438, left 2551]
2026-07-03 04:28:59  OK Maths Extension 1/Y11-Yearly/North Sydney Boys 2015 w. sol.pdf (319 KB)  [done 1439, left 2550]
2026-07-03 04:29:26  base 6520 throttled -> cooldown 1800s (Physics/Y12-HSC/2013 Marking Guidelines.pdf)
2026-07-03 04:29:59  OK Maths Advanced/Y12-Trial/Gosford 2022 w. sol.pdf (1663 KB)  [done 1440, left 2549]
2026-07-03 04:30:32  OK Maths Extension 2/Y12-Trial/Hunters Hill 2016 w. sol.pdf (1778 KB)  [done 1441, left 2548]
2026-07-03 04:31:01  OK Maths Extension 1/Y12-Trial/Fort St 2002.pdf (450 KB)  [done 1442, left 2547]
2026-07-03 04:31:29  base 5318 throttled -> cooldown 1800s (Maths Standard 2/Y12-Trial/Hornsby Girls 2020 w. sol.pdf)
2026-07-03 04:32:35  OK Maths Extension 1/Y11-Yearly/North Sydney Boys 2016 w. sol.pdf (1531 KB)  [done 1443, left 2546]
2026-07-03 04:33:04  OK English/Y12-Trial-P1/James Ruse 2010 P1.pdf (580 KB)  [done 1444, left 2545]
2026-07-03 04:33:37  OK Maths Advanced/Y12-Trial/Gosford 2023 w. sol.pdf (2244 KB)  [done 1445, left 2544]
2026-07-03 04:34:08  OK Maths Extension 2/Y12-Trial/Hunters Hill 2017 w. sol.pdf (948 KB)  [done 1446, left 2543]
2026-07-03 04:34:40  OK Maths Extension 1/Y12-Trial/Fort St 2003 w. sol.pdf (2554 KB)  [done 1447, left 2542]
2026-07-03 04:35:08  base 5310 throttled -> cooldown 1800s (Maths Standard 2/Y12-HSC/2001 Marking Guidelines.pdf)
2026-07-03 04:35:39  OK Maths Extension 1/Y11-Yearly/North Sydney Boys 2017 w. sol.pdf (879 KB)  [done 1448, left 2541]
2026-07-03 04:36:10  OK English/Y12-Trial-P1/James Ruse 2011 P1.pdf (733 KB)  [done 1449, left 2540]
2026-07-03 04:36:43  OK Maths Advanced/Y12-Trial/Gosford 2024 w. sol.pdf (1344 KB)  [done 1450, left 2539]
2026-07-03 04:37:14  OK Maths Extension 2/Y12-Trial/Hunters Hill 2018 w. sol.pdf (1814 KB)  [done 1451, left 2538]
2026-07-03 04:37:43  OK Maths Extension 1/Y12-Trial/Fort St 2007 w. sol.pdf (520 KB)  [done 1452, left 2537]
2026-07-03 04:38:19  OK Maths Extension 1/Y11-Yearly/North Sydney Boys 2018 w. sol.pdf (1434 KB)  [done 1453, left 2536]
2026-07-03 04:38:49  OK English/Y12-Trial-P1/James Ruse 2013 P1.pdf (595 KB)  [done 1454, left 2535]
2026-07-03 04:39:24  OK Maths Advanced/Y12-Trial/Gosford 2025 w. sol.pdf (4385 KB)  [done 1455, left 2534]
2026-07-03 04:39:54  OK Maths Extension 2/Y12-Trial/Hunters Hill 2020 w. sol.pdf (1097 KB)  [done 1456, left 2533]
2026-07-03 04:40:22  OK Maths Extension 1/Y12-Trial/Fort St 2008.pdf (231 KB)  [done 1457, left 2532]
2026-07-03 04:40:59  OK Maths Extension 1/Y11-Yearly/North Sydney Boys 2022 w. sol.pdf (2113 KB)  [done 1458, left 2531]
2026-07-03 04:41:30  OK English/Y12-Trial-P1/Kincoppal 2009 P1.pdf (1166 KB)  [done 1459, left 2530]
2026-07-03 04:41:58  OK Maths Advanced/Y12-Trial/Hills Grammar 1989.pdf (63 KB)  [done 1460, left 2529]
2026-07-03 04:42:35  OK Maths Extension 2/Y12-Trial/Hunters Hill 2023 w. sol.pdf (1816 KB)  [done 1461, left 2528]
2026-07-03 04:43:05  OK Maths Extension 1/Y12-Trial/Fort St 2009.pdf (431 KB)  [done 1462, left 2527]
2026-07-03 04:43:35  OK Maths Extension 1/Y11-Yearly/North Sydney Boys 2023 w. sol.pdf (734 KB)  [done 1463, left 2526]
2026-07-03 04:44:10  OK English/Y12-Trial-P1/Knox 2009 P1.pdf (1267 KB)  [done 1464, left 2525]
2026-07-03 04:44:39  OK Maths Advanced/Y12-Trial/Hills Grammar 2004 w. sol.pdf (928 KB)  [done 1465, left 2524]
2026-07-03 04:45:22  OK Maths Extension 2/Y12-Trial/Hunters Hill 2024 w. sol.pdf (3183 KB)  [done 1466, left 2523]
2026-07-03 04:45:51  OK Maths Extension 1/Y12-Trial/Fort St 2010 w. sol.pdf (397 KB)  [done 1467, left 2522]
2026-07-03 04:46:18  base 5330 throttled -> cooldown 1800s (Maths Extension 1/Y12-HSC/2001 Marking Guidelines.pdf)
2026-07-03 04:46:48  OK English/Y12-Trial-P1/Knox 2010 P1.pdf (219 KB)  [done 1468, left 2521]
2026-07-03 04:47:15  base 5320 throttled -> cooldown 1800s (Maths Advanced/Y12-HSC/2001 Marking Guidelines.pdf)
2026-07-03 04:47:45  OK Maths Extension 1/Y11-Yearly/North Sydney Girls 2019 w. sol.pdf (770 KB)  [done 1469, left 2520]
2026-07-03 04:48:16  OK Maths Advanced/Y12-Trial/Hills Grammar 2008 w. sol.pdf (1811 KB)  [done 1470, left 2519]
2026-07-03 04:48:47  OK Maths Extension 2/Y12-Trial/Hurlstone 2005 w. sol.pdf (789 KB)  [done 1471, left 2518]
2026-07-03 04:49:16  OK Maths Extension 1/Y12-Trial/Fort St 2011 w. sol.pdf (936 KB)  [done 1472, left 2517]
2026-07-03 04:49:44  base 5340 throttled -> cooldown 1800s (Maths Extension 2/Y12-HSC/2001 Marking Guidelines.pdf)
2026-07-03 04:50:14  OK English/Y12-Trial-P1/Newcastle Grammar 2009 P1.pdf (439 KB)  [done 1473, left 2516]
2026-07-03 04:50:42  OK Maths Extension 1/Y11-Yearly/Penrith 2013 w. sol.pdf (258 KB)  [done 1474, left 2515]
2026-07-03 04:51:11  OK Maths Advanced/Y12-Trial/Hills Grammar 2009.pdf (51 KB)  [done 1475, left 2514]
2026-07-03 04:51:40  OK Maths Extension 2/Y12-Trial/Hurlstone 2008.pdf (285 KB)  [done 1476, left 2513]
2026-07-03 04:52:09  OK Maths Extension 1/Y12-Trial/Fort St 2012 w. sol.pdf (410 KB)  [done 1477, left 2512]
2026-07-03 04:52:37  base 2720 throttled -> cooldown 1800s (English/Y12-HSC/2001 HSC Paper 1.pdf)
2026-07-03 04:53:07  OK English/Y12-Trial-P1/Newcastle Grammar 2010 P1.pdf (360 KB)  [done 1478, left 2511]
2026-07-03 04:53:37  OK Maths Extension 1/Y11-Yearly/Penrith 2016 w. sol.pdf (331 KB)  [done 1479, left 2510]
2026-07-03 04:54:09  OK Maths Advanced/Y12-Trial/Hills Grammar 2010 w. sol.pdf (2137 KB)  [done 1480, left 2509]
2026-07-03 04:54:39  OK Maths Extension 2/Y12-Trial/Hurlstone 2011.pdf (482 KB)  [done 1481, left 2508]
2026-07-03 04:55:08  OK Maths Extension 1/Y12-Trial/Fort St 2013 w. sol.pdf (329 KB)  [done 1482, left 2507]
2026-07-03 04:55:42  OK English/Y12-Trial-P1/Newcastle Grammar 2012 P1.pdf (246 KB)  [done 1483, left 2506]
2026-07-03 04:56:16  OK Maths Extension 1/Y11-Yearly/Penrith 2023 w. sol.pdf (2432 KB)  [done 1484, left 2505]
2026-07-03 04:56:44  base 5228 throttled -> cooldown 1800s (Maths Advanced/Y11-Yearly/Blacktown Boys 2023 w. sol.pdf)
2026-07-03 04:57:14  OK Maths Advanced/Y12-Trial/Hills Grammar 2011 w. sol.pdf (812 KB)  [done 1485, left 2504]
2026-07-03 04:57:45  OK Maths Extension 2/Y12-Trial/Hurlstone 2012 w. sol.pdf (1190 KB)  [done 1486, left 2503]
2026-07-03 04:58:14  OK Maths Extension 1/Y12-Trial/Fort St 2014 w. sol.pdf (360 KB)  [done 1487, left 2502]
2026-07-03 04:58:44  OK English/Y12-Trial-P1/Newington 2009 P1.pdf (810 KB)  [done 1488, left 2501]
2026-07-03 04:59:16  OK Maths Extension 1/Y11-Yearly/Penrith 2024 w. sol.pdf (1175 KB)  [done 1489, left 2500]
2026-07-03 04:59:51  base 6520 throttled -> cooldown 1800s (Physics/Y12-HSC/2013 Marking Guidelines.pdf)
2026-07-03 05:00:22  OK Maths Advanced/Y12-Trial/Hills Grammar 2013 w. sol.pdf (1268 KB)  [done 1490, left 2499]
2026-07-03 05:00:52  OK Maths Extension 2/Y12-Trial/Hurlstone 2013 w. sol.pdf (422 KB)  [done 1491, left 2498]
2026-07-03 05:01:21  OK Maths Extension 1/Y12-Trial/Fort St 2015 w. sol.pdf (497 KB)  [done 1492, left 2497]
2026-07-03 05:01:49  base 5318 throttled -> cooldown 1800s (Maths Standard 2/Y12-Trial/Hornsby Girls 2020 w. sol.pdf)
2026-07-03 05:02:18  OK Maths Extension 1/Y11-Yearly/Penrith 2025.pdf (609 KB)  [done 1493, left 2496]
2026-07-03 05:02:47  OK English/Y12-Trial-P1/North Sydney Girls 2009 P1.pdf (298 KB)  [done 1494, left 2495]
2026-07-03 05:03:46  OK Maths Advanced/Y12-Trial/Hills Grammar 2014 w. sol.pdf (1393 KB)  [done 1495, left 2494]
2026-07-03 05:04:15  OK Maths Extension 2/Y12-Trial/Hurlstone 2014 w. sol.pdf (769 KB)  [done 1496, left 2493]
2026-07-03 05:04:46  OK Maths Extension 1/Y12-Trial/Fort St 2016 w. sol.pdf (315 KB)  [done 1497, left 2492]
2026-07-03 05:05:14  base 5310 throttled -> cooldown 1800s (Maths Standard 2/Y12-HSC/2001 Marking Guidelines.pdf)
2026-07-03 05:05:45  OK Maths Extension 1/Y11-Yearly/Presbyterian 2021 w. sol.pdf (1228 KB)  [done 1498, left 2491]
2026-07-03 05:06:14  OK English/Y12-Trial-P1/North Sydney Girls 2010 P1.pdf (466 KB)  [done 1499, left 2490]
2026-07-03 05:06:44  OK Maths Advanced/Y12-Trial/Hills Grammar 2015 w. sol.pdf (1373 KB)  [done 1500, left 2489]
2026-07-03 05:07:14  OK Maths Extension 2/Y12-Trial/Hurlstone 2015 w. sol.pdf (678 KB)  [done 1501, left 2488]
2026-07-03 05:07:44  OK Maths Extension 1/Y12-Trial/Fort St 2017 w. sol.pdf (573 KB)  [done 1502, left 2487]
2026-07-03 05:08:21  OK Maths Extension 1/Y11-Yearly/Presbyterian 2022 w. sol.pdf (1951 KB)  [done 1503, left 2486]
2026-07-03 05:08:50  OK English/Y12-Trial-P1/Pymble 2009 P1.pdf (786 KB)  [done 1504, left 2485]
2026-07-03 05:09:22  OK Maths Advanced/Y12-Trial/Hills Grammar 2016 w. sol.pdf (1980 KB)  [done 1505, left 2484]
2026-07-03 05:09:52  OK Maths Extension 2/Y12-Trial/Hurlstone 2016 w. sol.pdf (918 KB)  [done 1506, left 2483]
2026-07-03 05:10:22  OK Maths Extension 1/Y12-Trial/Fort St 2018 w. sol.pdf (414 KB)  [done 1507, left 2482]
2026-07-03 05:11:03  OK Maths Extension 1/Y11-Yearly/Presbyterian 2023 w. sol.pdf (5023 KB)  [done 1508, left 2481]
2026-07-03 05:11:32  OK English/Y12-Trial-P1/Pymble 2010 P1.pdf (317 KB)  [done 1509, left 2480]
2026-07-03 05:12:03  OK Maths Advanced/Y12-Trial/Hills Grammar 2025.pdf (934 KB)  [done 1510, left 2479]
2026-07-03 05:12:33  OK Maths Extension 2/Y12-Trial/Hurlstone 2017 w. sol.pdf (669 KB)  [done 1511, left 2478]
2026-07-03 05:13:04  OK Maths Extension 1/Y12-Trial/Fort St 2019 w. sol.pdf (870 KB)  [done 1512, left 2477]
2026-07-03 05:13:38  OK Maths Extension 1/Y11-Yearly/Pymble 2010 w. sol.pdf (345 KB)  [done 1513, left 2476]
2026-07-03 05:14:09  OK English/Y12-Trial-P1/Riverview 2010 P1.pdf (219 KB)  [done 1514, left 2475]
2026-07-03 05:14:38  OK Maths Advanced/Y12-Trial/Hornsby Girls 1999 w. sol.pdf (637 KB)  [done 1515, left 2474]
2026-07-03 05:15:09  OK Maths Extension 2/Y12-Trial/Hurlstone 2018 w. sol.pdf (936 KB)  [done 1516, left 2473]
2026-07-03 05:15:47  OK Maths Extension 1/Y12-Trial/Fort St 2020 w. sol.pdf (2785 KB)  [done 1517, left 2472]
2026-07-03 05:16:16  OK Maths Extension 1/Y11-Yearly/Pymble 2011 w. sol.pdf (186 KB)  [done 1518, left 2471]
2026-07-03 05:16:45  OK English/Y12-Trial-P1/Riverview 2012 P1.pdf (409 KB)  [done 1519, left 2470]
2026-07-03 05:17:13  base 5330 throttled -> cooldown 1800s (Maths Extension 1/Y12-HSC/2001 Marking Guidelines.pdf)
2026-07-03 05:17:43  OK Maths Advanced/Y12-Trial/Hornsby Girls 2001 w. sol.pdf (525 KB)  [done 1520, left 2469]
2026-07-03 05:18:10  base 5320 throttled -> cooldown 1800s (Maths Advanced/Y12-HSC/2001 Marking Guidelines.pdf)
2026-07-03 05:18:42  OK Maths Extension 2/Y12-Trial/Hurlstone 2019 w. sol.pdf (3015 KB)  [done 1521, left 2468]
2026-07-03 05:19:21  OK Maths Extension 1/Y12-Trial/Fort St 2021 w. sol.pdf (749 KB)  [done 1522, left 2467]
2026-07-03 05:19:51  OK Maths Extension 1/Y11-Yearly/Pymble 2012 w. sol.pdf (786 KB)  [done 1523, left 2466]
2026-07-03 05:20:19  OK English/Y12-Trial-P1/St George Girls 2010 P1.pdf (128 KB)  [done 1524, left 2465]
2026-07-03 05:20:47  base 5340 throttled -> cooldown 1800s (Maths Extension 2/Y12-HSC/2001 Marking Guidelines.pdf)
2026-07-03 05:21:22  OK Maths Advanced/Y12-Trial/Hornsby Girls 2007 w. sol.pdf (2685 KB)  [done 1525, left 2464]
2026-07-03 05:21:52  OK Maths Extension 2/Y12-Trial/Hurlstone 2020 w. sol.pdf (1449 KB)  [done 1526, left 2463]
2026-07-03 05:22:31  OK Maths Extension 1/Y12-Trial/Fort St 2022 w. sol.pdf (4044 KB)  [done 1527, left 2462]
2026-07-03 05:23:02  OK Maths Extension 1/Y11-Yearly/Pymble 2017 w. sol.pdf (1642 KB)  [done 1528, left 2461]
2026-07-03 05:23:30  base 2720 throttled -> cooldown 1800s (English/Y12-HSC/2001 HSC Paper 1.pdf)
2026-07-03 05:23:59  OK English/Y12-Trial-P1/St George Girls 2011 P1.pdf (141 KB)  [done 1529, left 2460]
2026-07-03 05:24:27  OK Maths Advanced/Y12-Trial/Hornsby Girls 2008 w. sol.pdf (164 KB)  [done 1530, left 2459]
2026-07-03 05:25:00  OK Maths Extension 2/Y12-Trial/Hurlstone 2021 w. sol.pdf (1633 KB)  [done 1531, left 2458]
2026-07-03 05:25:47  OK Maths Extension 1/Y12-Trial/Fort St 2023 w. sol.pdf (13145 KB)  [done 1532, left 2457]
2026-07-03 05:26:16  OK Maths Extension 1/Y11-Yearly/Pymble 2019 w. sol.pdf (487 KB)  [done 1533, left 2456]
2026-07-03 05:26:45  OK English/Y12-Trial-P1/St George Girls 2012 P1.pdf (124 KB)  [done 1534, left 2455]
2026-07-03 05:27:13  base 5228 throttled -> cooldown 1800s (Maths Advanced/Y11-Yearly/Blacktown Boys 2023 w. sol.pdf)
2026-07-03 05:27:42  OK Maths Advanced/Y12-Trial/Hornsby Girls 2009 w. sol.pdf (522 KB)  [done 1535, left 2454]
2026-07-03 05:28:20  OK Maths Extension 2/Y12-Trial/Hurlstone 2022 w. sol.pdf (3363 KB)  [done 1536, left 2453]
2026-07-03 05:28:58  OK Maths Extension 1/Y12-Trial/Fort St 2024 w. sol.pdf (5520 KB)  [done 1537, left 2452]
2026-07-03 05:29:27  OK English/Y12-Trial-P1/St Ursulas 2010 P1.pdf (585 KB)  [done 1538, left 2451]
2026-07-03 05:29:58  OK Maths Extension 1/Y11-Yearly/Pymble 2021.pdf (547 KB)  [done 1539, left 2450]
2026-07-03 05:30:26  base 6520 throttled -> cooldown 1800s (Physics/Y12-HSC/2013 Marking Guidelines.pdf)
2026-07-03 05:30:55  OK Maths Advanced/Y12-Trial/Hornsby Girls 2010 w. sol.pdf (306 KB)  [done 1540, left 2449]
2026-07-03 05:31:25  OK Maths Extension 2/Y12-Trial/Hurlstone 2023 w. sol.pdf (718 KB)  [done 1541, left 2448]
2026-07-03 05:32:05  OK Maths Extension 1/Y12-Trial/Fort St 2025 w. sol.pdf (4756 KB)  [done 1542, left 2447]
2026-07-03 05:32:34  OK Maths Extension 1/Y11-Yearly/SCEGGS 2003 w. sol.pdf (789 KB)  [done 1543, left 2446]
2026-07-03 05:33:03  OK English/Y12-Trial-P1/Strathfield Girls 2010 P1.pdf (331 KB)  [done 1544, left 2445]
2026-07-03 05:33:31  base 5318 throttled -> cooldown 1800s (Maths Standard 2/Y12-Trial/Hornsby Girls 2020 w. sol.pdf)
2026-07-03 05:34:00  OK Maths Advanced/Y12-Trial/Hornsby Girls 2011 w. sol.pdf (244 KB)  [done 1545, left 2444]
2026-07-03 05:34:33  OK Maths Extension 2/Y12-Trial/Hurlstone 2024 w. sol.pdf (2454 KB)  [done 1546, left 2443]
2026-07-03 05:35:01  OK Maths Extension 1/Y12-Trial/Frensham 2011 w. sol.pdf (172 KB)  [done 1547, left 2442]
2026-07-03 05:35:29  base 5310 throttled -> cooldown 1800s (Maths Standard 2/Y12-HSC/2001 Marking Guidelines.pdf)
2026-07-03 05:36:00  OK Maths Extension 1/Y11-Yearly/SCEGGS 2004 w. sol.pdf (911 KB)  [done 1548, left 2441]
2026-07-03 05:36:30  OK English/Y12-Trial-P1/Sydney Boys 2011 P1.pdf (816 KB)  [done 1549, left 2440]
2026-07-03 05:36:59  OK Maths Advanced/Y12-Trial/Hornsby Girls 2012.pdf (195 KB)  [done 1550, left 2439]
2026-07-03 05:37:34  OK Maths Extension 2/Y12-Trial/Hurlstone 2025 w. sol.pdf (3176 KB)  [done 1551, left 2438]
2026-07-03 05:38:04  OK Maths Extension 1/Y12-Trial/Frensham 2014 w. sol.pdf (468 KB)  [done 1552, left 2437]
2026-07-03 05:38:38  OK Maths Extension 1/Y11-Yearly/SCEGGS 2005 w. sol.pdf (667 KB)  [done 1553, left 2436]
2026-07-03 05:39:06  OK English/Y12-Trial-P1/Sydney Boys 2012 P1.pdf (212 KB)  [done 1554, left 2435]
2026-07-03 05:39:36  OK Maths Advanced/Y12-Trial/Hornsby Girls 2013 w. sol.pdf (966 KB)  [done 1555, left 2434]
2026-07-03 05:40:10  OK Maths Extension 2/Y12-Trial/International Grammar 1999.pdf (211 KB)  [done 1556, left 2433]
2026-07-03 05:40:40  OK Maths Extension 1/Y12-Trial/Frensham 2015 w. sol.pdf (813 KB)  [done 1557, left 2432]
2026-07-03 05:41:15  OK Maths Extension 1/Y11-Yearly/SCEGGS 2006 w. sol.pdf (650 KB)  [done 1558, left 2431]
2026-07-03 05:41:44  OK English/Y12-Trial-P1/Sydney Grammar 2013 P1.pdf (177 KB)  [done 1559, left 2430]
2026-07-03 05:42:13  OK Maths Advanced/Y12-Trial/Hornsby Girls 2016 w. sol.pdf (422 KB)  [done 1560, left 2429]
2026-07-03 05:42:48  OK Maths Extension 2/Y12-Trial/International Grammar 2001 w. sol.pdf (762 KB)  [done 1561, left 2428]
2026-07-03 05:43:26  OK Maths Extension 1/Y12-Trial/Frensham 2021 w. sol.pdf (7075 KB)  [done 1562, left 2427]
2026-07-03 05:43:56  OK Maths Extension 1/Y11-Yearly/SCEGGS 2007 w. sol.pdf (864 KB)  [done 1563, left 2426]
2026-07-03 05:44:25  OK English/Y12-Trial-P1/Sydney Tech 2011 P1.pdf (264 KB)  [done 1564, left 2425]
2026-07-03 05:44:55  OK Maths Advanced/Y12-Trial/Hornsby Girls 2017 w. sol.pdf (496 KB)  [done 1565, left 2424]
2026-07-03 05:45:28  OK Maths Extension 2/Y12-Trial/International Grammar 2003.pdf (199 KB)  [done 1566, left 2423]
2026-07-03 05:46:02  OK Maths Extension 1/Y12-Trial/Girraween 1999.pdf (70 KB)  [done 1567, left 2422]
2026-07-03 05:46:31  OK Maths Extension 1/Y11-Yearly/SCEGGS 2008 w. sol.pdf (586 KB)  [done 1568, left 2421]
2026-07-03 05:47:01  OK English/Y12-Trial-P1/James Ruse 2006 P1.pdf (541 KB)  [done 1569, left 2420]
2026-07-03 05:47:28  base 5330 throttled -> cooldown 1800s (Maths Extension 1/Y12-HSC/2001 Marking Guidelines.pdf)
2026-07-03 05:47:58  OK Maths Advanced/Y12-Trial/Hornsby Girls 2018 w. sol.pdf (739 KB)  [done 1570, left 2419]
2026-07-03 05:48:25  base 5320 throttled -> cooldown 1800s (Maths Advanced/Y12-HSC/2001 Marking Guidelines.pdf)
2026-07-03 05:48:56  OK Maths Extension 2/Y12-Trial/International Grammar 2008 w. sol.pdf (640 KB)  [done 1571, left 2418]
2026-07-03 05:49:25  OK Maths Extension 1/Y12-Trial/Girraween 2006 w. sol.pdf (374 KB)  [done 1572, left 2417]
2026-07-03 05:49:53  OK English/Y12-Trial-P1/Barker 2001 P1.pdf (347 KB)  [done 1573, left 2416]
2026-07-03 05:50:24  OK Maths Extension 1/Y11-Yearly/SCEGGS 2009 w. sol.pdf (968 KB)  [done 1574, left 2415]
2026-07-03 05:50:52  base 5340 throttled -> cooldown 1800s (Maths Extension 2/Y12-HSC/2001 Marking Guidelines.pdf)
2026-07-03 05:51:24  OK Maths Advanced/Y12-Trial/Hornsby Girls 2019 w. sol.pdf (1541 KB)  [done 1575, left 2414]
2026-07-03 05:51:53  OK Maths Extension 2/Y12-Trial/International Grammar 2010 w. sol.pdf (576 KB)  [done 1576, left 2413]
2026-07-03 05:52:22  OK Maths Extension 1/Y12-Trial/Girraween 2007 w. sol.pdf (189 KB)  [done 1577, left 2412]
2026-07-03 05:52:51  OK English/Y12-Trial-P1/Fort St 2003 P1.pdf (409 KB)  [done 1578, left 2411]
2026-07-03 05:53:23  OK Maths Extension 1/Y11-Yearly/SCEGGS 2019 w. sol.pdf (1359 KB)  [done 1579, left 2410]
2026-07-03 05:53:50  base 2720 throttled -> cooldown 1800s (English/Y12-HSC/2001 HSC Paper 1.pdf)
2026-07-03 05:54:23  OK Maths Advanced/Y12-Trial/Hornsby Girls 2020 w. sol.pdf (1441 KB)  [done 1580, left 2409]
2026-07-03 05:54:52  OK Maths Extension 2/Y12-Trial/International Grammar 2011 w. sol.pdf (591 KB)  [done 1581, left 2408]
2026-07-03 05:55:22  OK Maths Extension 1/Y12-Trial/Girraween 2008 w. sol.pdf (434 KB)  [done 1582, left 2407]
2026-07-03 05:55:59  OK Maths Extension 1/Y11-Yearly/SCEGGS 2021 w. sol.pdf (1404 KB)  [done 1583, left 2406]
2026-07-03 05:57:00  OK Maths Advanced/Y12-Trial/Hornsby Girls 2021 w. sol.pdf (1243 KB)  [done 1584, left 2405]
2026-07-03 05:57:33  OK Maths Extension 2/Y12-Trial/International Grammar 2014 w. sol.pdf (693 KB)  [done 1585, left 2404]
2026-07-03 05:58:03  OK Maths Extension 1/Y12-Trial/Girraween 2009 w. sol.pdf (215 KB)  [done 1586, left 2403]
2026-07-03 05:58:31  base 5228 throttled -> cooldown 1800s (Maths Advanced/Y11-Yearly/Blacktown Boys 2023 w. sol.pdf)
2026-07-03 05:59:01  OK Maths Extension 1/Y11-Yearly/SCEGGS 2022.pdf (438 KB)  [done 1587, left 2402]
2026-07-03 05:59:44  OK Maths Advanced/Y12-Trial/Hornsby Girls 2022 w. sol.pdf (5557 KB)  [done 1588, left 2401]
2026-07-03 06:00:15  OK Maths Extension 2/Y12-Trial/International Grammar 2015 w. sol.pdf (532 KB)  [done 1589, left 2400]
2026-07-03 06:00:43  base 6520 throttled -> cooldown 1800s (Physics/Y12-HSC/2013 Marking Guidelines.pdf)
2026-07-03 06:01:12  OK Maths Extension 1/Y12-Trial/Girraween 2010 w. sol.pdf (350 KB)  [done 1590, left 2399]
2026-07-03 06:01:45  OK Maths Extension 1/Y11-Yearly/SCEGGS 2023 w. sol.pdf (1702 KB)  [done 1591, left 2398]
2026-07-03 06:02:26  OK Maths Advanced/Y12-Trial/Hornsby Girls 2023 w. sol.pdf (3188 KB)  [done 1592, left 2397]
2026-07-03 06:02:55  OK Maths Extension 2/Y12-Trial/James Ruse 1989.pdf (223 KB)  [done 1593, left 2396]
2026-07-03 06:03:35  base 5318 throttled -> cooldown 1800s (Maths Standard 2/Y12-Trial/Hornsby Girls 2020 w. sol.pdf)
2026-07-03 06:04:04  OK Maths Extension 1/Y12-Trial/Girraween 2011 w. sol.pdf (194 KB)  [done 1594, left 2395]
2026-07-03 06:04:37  OK Maths Extension 1/Y11-Yearly/Scots 2021.pdf (3861 KB)  [done 1595, left 2394]
2026-07-03 06:05:11  OK Maths Advanced/Y12-Trial/Hornsby Girls 2024 w. sol.pdf (5536 KB)  [done 1596, left 2393]
2026-07-03 06:05:39  base 5310 throttled -> cooldown 1800s (Maths Standard 2/Y12-HSC/2001 Marking Guidelines.pdf)
2026-07-03 06:06:07  OK Maths Extension 2/Y12-Trial/James Ruse 1990.pdf (85 KB)  [done 1597, left 2392]
2026-07-03 06:06:41  OK Maths Extension 1/Y12-Trial/Girraween 2012 w. sol.pdf (345 KB)  [done 1598, left 2391]
2026-07-03 06:07:15  OK Maths Extension 1/Y11-Yearly/St George Girls 2020.pdf (435 KB)  [done 1599, left 2390]
2026-07-03 06:07:58  OK Maths Advanced/Y12-Trial/Hornsby Girls 2025 w. sol.pdf (7872 KB)  [done 1600, left 2389]
2026-07-03 06:08:41  OK Maths Extension 2/Y12-Trial/James Ruse 1999.pdf (310 KB)  [done 1601, left 2388]
2026-07-03 06:09:16  OK Maths Extension 1/Y12-Trial/Girraween 2013 w. sol.pdf (294 KB)  [done 1602, left 2387]
2026-07-03 06:09:49  OK Maths Extension 1/Y11-Yearly/St George Girls 2022.pdf (221 KB)  [done 1603, left 2386]
2026-07-03 06:10:32  OK Maths Advanced/Y12-Trial/Hunters Hill 2016 w. sol.pdf (739 KB)  [done 1604, left 2385]
2026-07-03 06:11:15  OK Maths Extension 2/Y12-Trial/James Ruse 2000.pdf (52 KB)  [done 1605, left 2384]
2026-07-03 06:11:49  OK Maths Extension 1/Y12-Trial/Girraween 2014 w. sol.pdf (479 KB)  [done 1606, left 2383]
2026-07-03 06:12:26  OK Maths Extension 1/Y11-Yearly/Sydney Boys 1991.pdf (1725 KB)  [done 1607, left 2382]
2026-07-03 06:13:07  OK Maths Advanced/Y12-Trial/Hunters Hill 2017 w. sol.pdf (541 KB)  [done 1608, left 2381]
2026-07-03 06:13:49  OK Maths Extension 2/Y12-Trial/James Ruse 2001 w. sol.pdf (415 KB)  [done 1609, left 2380]
2026-07-03 06:14:24  OK Maths Extension 1/Y12-Trial/Girraween 2015 w. sol.pdf (491 KB)  [done 1610, left 2379]
2026-07-03 06:14:59  OK Maths Extension 1/Y11-Yearly/Sydney Boys 2000.pdf (19 KB)  [done 1611, left 2378]
2026-07-03 06:15:43  OK Maths Advanced/Y12-Trial/Hunters Hill 2018 w. sol.pdf (770 KB)  [done 1612, left 2377]
2026-07-03 06:16:29  OK Maths Extension 2/Y12-Trial/James Ruse 2002 w. sol.pdf (4478 KB)  [done 1613, left 2376]
2026-07-03 06:16:59  OK Maths Extension 1/Y12-Trial/Girraween 2016 w. sol.pdf (701 KB)  [done 1614, left 2375]
2026-07-03 06:17:32  base 5330 throttled -> cooldown 1800s (Maths Extension 1/Y12-HSC/2001 Marking Guidelines.pdf)
2026-07-03 06:18:04  OK Maths Extension 1/Y11-Yearly/Sydney Boys 2001 w. sol.pdf (789 KB)  [done 1615, left 2374]
2026-07-03 06:18:43  OK Maths Advanced/Y12-Trial/Hunters Hill 2020 w. sol.pdf (6850 KB)  [done 1616, left 2373]
2026-07-03 06:19:11  base 5320 throttled -> cooldown 1800s (Maths Advanced/Y12-HSC/2001 Marking Guidelines.pdf)
2026-07-03 06:19:46  OK Maths Extension 2/Y12-Trial/James Ruse 2003 w. sol.pdf (1270 KB)  [done 1617, left 2372]
2026-07-03 06:20:15  OK Maths Extension 1/Y12-Trial/Girraween 2017 w. sol.pdf (539 KB)  [done 1618, left 2371]
2026-07-03 06:20:46  OK Maths Extension 1/Y11-Yearly/Sydney Boys 2002 w. sol.pdf (508 KB)  [done 1619, left 2370]
2026-07-03 06:21:13  base 5340 throttled -> cooldown 1800s (Maths Extension 2/Y12-HSC/2001 Marking Guidelines.pdf)
2026-07-03 06:21:44  OK Maths Advanced/Y12-Trial/Hunters Hill 2022 w. sol.pdf (898 KB)  [done 1620, left 2369]
2026-07-03 06:22:22  OK Maths Extension 2/Y12-Trial/James Ruse 2004 w. sol.pdf (938 KB)  [done 1621, left 2368]
2026-07-03 06:22:54  OK Maths Extension 1/Y12-Trial/Girraween 2018 w. sol.pdf (461 KB)  [done 1622, left 2367]
2026-07-03 06:23:24  OK Maths Extension 1/Y11-Yearly/Sydney Boys 2003 w. sol.pdf (400 KB)  [done 1623, left 2366]
2026-07-03 06:23:57  base 2720 throttled -> cooldown 1800s (English/Y12-HSC/2001 HSC Paper 1.pdf)
2026-07-03 06:24:27  OK Maths Advanced/Y12-Trial/Hunters Hill 2023 w. sol.pdf (682 KB)  [done 1624, left 2365]
2026-07-03 06:25:06  OK Maths Extension 2/Y12-Trial/James Ruse 2005 w. sol.pdf (2431 KB)  [done 1625, left 2364]
2026-07-03 06:25:35  OK Maths Extension 1/Y12-Trial/Girraween 2019 w. sol.pdf (305 KB)  [done 1626, left 2363]
2026-07-03 06:26:07  OK Maths Extension 1/Y11-Yearly/Sydney Boys 2004 w. sol.pdf (981 KB)  [done 1627, left 2362]
2026-07-03 06:27:31  OK Maths Advanced/Y12-Trial/Hunters Hill 2024 w. sol.pdf (16210 KB)  [done 1628, left 2361]
2026-07-03 06:28:00  OK Maths Extension 2/Y12-Trial/James Ruse 2006 w. sol.pdf (412 KB)  [done 1629, left 2360]
2026-07-03 06:28:30  OK Maths Extension 1/Y12-Trial/Girraween 2020 w. sol.pdf (588 KB)  [done 1630, left 2359]
2026-07-03 06:29:01  OK Maths Extension 1/Y11-Yearly/Sydney Boys 2005 w. sol.pdf (414 KB)  [done 1631, left 2358]
2026-07-03 06:29:29  base 5228 throttled -> cooldown 1800s (Maths Advanced/Y11-Yearly/Blacktown Boys 2023 w. sol.pdf)
2026-07-03 06:30:07  OK Maths Advanced/Y12-Trial/Hunters Hill 2025 w. sol.pdf (1058 KB)  [done 1632, left 2357]
2026-07-03 06:30:50  OK Maths Extension 2/Y12-Trial/James Ruse 2007 w. sol.pdf (1367 KB)  [done 1633, left 2356]
2026-07-03 06:31:18  base 6520 throttled -> cooldown 1800s (Physics/Y12-HSC/2013 Marking Guidelines.pdf)
2026-07-03 06:31:52  OK Maths Extension 1/Y12-Trial/Girraween 2021 w. sol.pdf (2360 KB)  [done 1634, left 2355]
2026-07-03 06:32:22  OK Maths Extension 1/Y11-Yearly/Sydney Boys 2006 w. sol.pdf (578 KB)  [done 1635, left 2354]
2026-07-03 06:32:53  OK Maths Advanced/Y12-Trial/Hurlstone 2009 w. sol.pdf (1959 KB)  [done 1636, left 2353]
2026-07-03 06:33:28  OK Maths Extension 2/Y12-Trial/James Ruse 2008 w. sol.pdf (599 KB)  [done 1637, left 2352]
2026-07-03 06:33:56  base 5318 throttled -> cooldown 1800s (Maths Standard 2/Y12-Trial/Hornsby Girls 2020 w. sol.pdf)
2026-07-03 06:34:36  OK Maths Extension 1/Y12-Trial/Girraween 2022 w. sol.pdf (3666 KB)  [done 1638, left 2351]
2026-07-03 06:35:07  OK Maths Extension 1/Y11-Yearly/Sydney Boys 2007 w. sol.pdf (1189 KB)  [done 1639, left 2350]
2026-07-03 06:35:36  OK Maths Advanced/Y12-Trial/Hurlstone 2012 w. sol.pdf (572 KB)  [done 1640, left 2349]
2026-07-03 06:36:04  base 5310 throttled -> cooldown 1800s (Maths Standard 2/Y12-HSC/2001 Marking Guidelines.pdf)
2026-07-03 06:36:34  OK Maths Extension 2/Y12-Trial/James Ruse 2009 w. sol.pdf (364 KB)  [done 1641, left 2348]
2026-07-03 06:37:14  OK Maths Extension 1/Y12-Trial/Girraween 2023 w. sol.pdf (2762 KB)  [done 1642, left 2347]
2026-07-03 06:38:15  OK Maths Extension 1/Y11-Yearly/Sydney Boys 2008 w. sol.pdf (668 KB)  [done 1643, left 2346]
2026-07-03 06:38:45  OK Maths Advanced/Y12-Trial/Hurlstone 2013 w. sol.pdf (560 KB)  [done 1644, left 2345]
2026-07-03 06:39:16  OK Maths Extension 2/Y12-Trial/James Ruse 2010 w. sol.pdf (1018 KB)  [done 1645, left 2344]
2026-07-03 06:39:53  OK Maths Extension 1/Y12-Trial/Girraween 2024 w. sol.pdf (1624 KB)  [done 1646, left 2343]
2026-07-03 06:40:50  OK Maths Extension 1/Y11-Yearly/Sydney Boys 2009 w. sol.pdf (429 KB)  [done 1647, left 2342]
2026-07-03 06:41:27  OK Maths Advanced/Y12-Trial/Hurlstone 2014 w. sol.pdf (1675 KB)  [done 1648, left 2341]
2026-07-03 06:41:56  OK Maths Extension 2/Y12-Trial/James Ruse 2011 w. sol.pdf (630 KB)  [done 1649, left 2340]
2026-07-03 06:42:37  OK Maths Extension 1/Y12-Trial/Girraween 2025 w. sol.pdf (4389 KB)  [done 1650, left 2339]
2026-07-03 06:43:23  OK Maths Extension 1/Y11-Yearly/Sydney Boys 2010 w. sol.pdf (148 KB)  [done 1651, left 2338]
2026-07-03 06:44:01  OK Maths Advanced/Y12-Trial/Hurlstone 2015 w. sol.pdf (339 KB)  [done 1652, left 2337]
2026-07-03 06:44:36  OK Maths Extension 2/Y12-Trial/James Ruse 2012 w. sol.pdf (3505 KB)  [done 1653, left 2336]
2026-07-03 06:45:14  OK Maths Extension 1/Y12-Trial/Glenwood 2020 w. sol.pdf (2128 KB)  [done 1654, left 2335]
2026-07-03 06:46:08  OK Maths Extension 1/Y11-Yearly/Sydney Boys 2011 w. sol.pdf (275 KB)  [done 1655, left 2334]
2026-07-03 06:46:41  OK Maths Advanced/Y12-Trial/Hurlstone 2016 w. sol.pdf (2013 KB)  [done 1656, left 2333]
2026-07-03 06:47:10  OK Maths Extension 2/Y12-Trial/James Ruse 2013 w. sol.pdf (666 KB)  [done 1657, left 2332]
2026-07-03 06:47:38  base 5330 throttled -> cooldown 1800s (Maths Extension 1/Y12-HSC/2001 Marking Guidelines.pdf)
2026-07-03 06:48:13  OK Maths Extension 1/Y12-Trial/Glenwood 2021 w. sol.pdf (6707 KB)  [done 1658, left 2331]
2026-07-03 06:48:42  OK Maths Extension 1/Y11-Yearly/Sydney Boys 2012 w. sol.pdf (255 KB)  [done 1659, left 2330]
2026-07-03 06:49:17  OK Maths Advanced/Y12-Trial/Hurlstone 2017 w. sol.pdf (872 KB)  [done 1660, left 2329]
2026-07-03 06:49:45  base 5320 throttled -> cooldown 1800s (Maths Advanced/Y12-HSC/2001 Marking Guidelines.pdf)
2026-07-03 06:50:16  OK Maths Extension 2/Y12-Trial/James Ruse 2014 w. sol.pdf (1891 KB)  [done 1661, left 2328]
2026-07-03 06:50:59  OK Maths Extension 1/Y12-Trial/Glenwood 2022 w. sol.pdf (5941 KB)  [done 1662, left 2327]
2026-07-03 06:51:27  base 5340 throttled -> cooldown 1800s (Maths Extension 2/Y12-HSC/2001 Marking Guidelines.pdf)
2026-07-03 06:51:57  OK Maths Advanced/Y12-Trial/Hurlstone 2018 w. sol.pdf (926 KB)  [done 1663, left 2326]
2026-07-03 06:52:27  OK Maths Extension 1/Y11-Yearly/Sydney Boys 2013 w. sol.pdf (416 KB)  [done 1664, left 2325]
2026-07-03 06:52:58  OK Maths Extension 2/Y12-Trial/James Ruse 2015 w. sol.pdf (682 KB)  [done 1665, left 2324]
2026-07-03 06:53:38  OK Maths Extension 1/Y12-Trial/Glenwood 2023 w. sol.pdf (5606 KB)  [done 1666, left 2323]
2026-07-03 06:54:06  base 2720 throttled -> cooldown 1800s (English/Y12-HSC/2001 HSC Paper 1.pdf)
2026-07-03 06:54:39  OK Maths Advanced/Y12-Trial/Hurlstone 2019 w. sol.pdf (1400 KB)  [done 1667, left 2322]
2026-07-03 06:55:08  OK Maths Extension 1/Y11-Yearly/Sydney Boys 2014 w. sol.pdf (347 KB)  [done 1668, left 2321]
2026-07-03 06:55:39  OK Maths Extension 2/Y12-Trial/James Ruse 2016 w. sol.pdf (1592 KB)  [done 1669, left 2320]
2026-07-03 06:56:14  OK Maths Extension 1/Y12-Trial/Gosford 1997.pdf (698 KB)  [done 1670, left 2319]
2026-07-03 06:57:16  OK Maths Advanced/Y12-Trial/Hurlstone 2020 w. sol.pdf (1138 KB)  [done 1671, left 2318]
2026-07-03 06:57:55  OK Maths Extension 1/Y11-Yearly/Sydney Boys 2019 w. sol.pdf (6562 KB)  [done 1672, left 2317]
2026-07-03 06:58:26  OK Maths Extension 2/Y12-Trial/James Ruse 2017 w. sol.pdf (1704 KB)  [done 1673, left 2316]
2026-07-03 06:58:55  OK Maths Extension 1/Y12-Trial/Gosford 2004 w. sol.pdf (331 KB)  [done 1674, left 2315]
2026-07-03 06:59:32  base 5228 throttled -> cooldown 1800s (Maths Advanced/Y11-Yearly/Blacktown Boys 2023 w. sol.pdf)
2026-07-03 07:00:06  OK Maths Advanced/Y12-Trial/Hurlstone 2021 w. sol.pdf (2598 KB)  [done 1675, left 2314]
2026-07-03 07:00:40  OK Maths Extension 1/Y11-Yearly/Sydney Girls 2015 w. sol.pdf (1959 KB)  [done 1676, left 2313]
2026-07-03 07:01:09  OK Maths Extension 2/Y12-Trial/James Ruse 2018 w. sol.pdf (498 KB)  [done 1677, left 2312]
2026-07-03 07:01:37  base 6520 throttled -> cooldown 1800s (Physics/Y12-HSC/2013 Marking Guidelines.pdf)
2026-07-03 07:02:06  OK Maths Extension 1/Y12-Trial/Gosford 2005 w. sol.pdf (421 KB)  [done 1678, left 2311]
2026-07-03 07:02:46  OK Maths Advanced/Y12-Trial/Hurlstone 2022 w. sol.pdf (2514 KB)  [done 1679, left 2310]
2026-07-03 07:03:20  OK Maths Extension 1/Y11-Yearly/Sydney Girls 2016 w. sol.pdf (5707 KB)  [done 1680, left 2309]
2026-07-03 07:03:52  OK Maths Extension 2/Y12-Trial/James Ruse 2019 w. sol.pdf (1537 KB)  [done 1681, left 2308]
2026-07-03 07:04:19  base 5318 throttled -> cooldown 1800s (Maths Standard 2/Y12-Trial/Hornsby Girls 2020 w. sol.pdf)
2026-07-03 07:04:49  OK Maths Extension 1/Y12-Trial/Gosford 2006 w. sol.pdf (284 KB)  [done 1682, left 2307]
2026-07-03 07:05:29  OK Maths Advanced/Y12-Trial/Hurlstone 2023 w. sol.pdf (1250 KB)  [done 1683, left 2306]
2026-07-03 07:06:03  OK Maths Extension 1/Y11-Yearly/Sydney Girls 2017 w. sol.pdf (2837 KB)  [done 1684, left 2305]
2026-07-03 07:06:31  base 5310 throttled -> cooldown 1800s (Maths Standard 2/Y12-HSC/2001 Marking Guidelines.pdf)
2026-07-03 07:07:07  OK Maths Extension 2/Y12-Trial/James Ruse 2020 w. sol.pdf (4262 KB)  [done 1685, left 2304]
2026-07-03 07:07:37  OK Maths Extension 1/Y12-Trial/Gosford 2007 w. sol.pdf (300 KB)  [done 1686, left 2303]
2026-07-03 07:08:08  OK Maths Advanced/Y12-Trial/Hurlstone 2024 w. sol.pdf (1633 KB)  [done 1687, left 2302]
2026-07-03 07:09:09  OK Maths Extension 1/Y11-Yearly/Sydney Girls 2018 w. sol.pdf (2109 KB)  [done 1688, left 2301]
2026-07-03 07:10:41  OK Maths Extension 2/Y12-Trial/James Ruse 2022 w. sol.pdf (6138 KB)  [done 1689, left 2300]
2026-07-03 07:11:13  OK Maths Advanced/Y12-Trial/Hurlstone 2025 w. sol.pdf (1455 KB)  [done 1690, left 2299]
2026-07-03 07:11:41  OK Maths Extension 1/Y12-Trial/Gosford 2008.pdf (135 KB)  [done 1691, left 2298]
2026-07-03 07:12:14  OK Maths Extension 1/Y11-Yearly/Sydney Girls 2019 w. sol.pdf (3066 KB)  [done 1692, left 2297]
2026-07-03 07:13:46  OK Maths Extension 2/Y12-Trial/James Ruse 2023 w. sol.pdf (7693 KB)  [done 1693, left 2296]
2026-07-03 07:14:17  OK Maths Advanced/Y12-Trial/International Grammar 2008 w. sol.pdf (1368 KB)  [done 1694, left 2295]
2026-07-03 07:14:46  OK Maths Extension 1/Y12-Trial/Gosford 2009 w. sol.pdf (505 KB)  [done 1695, left 2294]
2026-07-03 07:15:22  OK Maths Extension 1/Y11-Yearly/Sydney Girls 2020 w. sol.pdf (4823 KB)  [done 1696, left 2293]
2026-07-03 07:16:33  OK Maths Extension 2/Y12-Trial/James Ruse 2024 w. sol.pdf (2539 KB)  [done 1697, left 2292]
2026-07-03 07:17:08  OK Maths Advanced/Y12-Trial/International Grammar 2010 w. sol.pdf (2148 KB)  [done 1698, left 2291]
2026-07-03 07:17:46  OK Maths Extension 1/Y12-Trial/Gosford 2010 w. sol.pdf (716 KB)  [done 1699, left 2290]
2026-07-03 07:18:18  base 5330 throttled -> cooldown 1800s (Maths Extension 1/Y12-HSC/2001 Marking Guidelines.pdf)
2026-07-03 07:19:25  net-error base 5238: HTTP Error 404: Not Found (cooldown 120s)
2026-07-03 07:21:55  net-error base 5348: HTTP Error 404: Not Found (cooldown 120s)
2026-07-03 07:22:22  base 5320 throttled -> cooldown 1800s (Maths Advanced/Y12-HSC/2001 Marking Guidelines.pdf)
2026-07-03 07:22:51  OK Maths Advanced/Y12-Trial/International Grammar 2011 w. sol.pdf (345 KB)  [done 1700, left 2289]
2026-07-03 07:23:19  base 5340 throttled -> cooldown 1800s (Maths Extension 2/Y12-HSC/2001 Marking Guidelines.pdf)
2026-07-03 07:23:47  OK Maths Extension 1/Y12-Trial/Gosford 2011 w. sol.pdf (336 KB)  [done 1701, left 2288]
2026-07-03 07:24:15  base 2720 throttled -> cooldown 1800s (English/Y12-HSC/2001 HSC Paper 1.pdf)
2026-07-03 07:24:48  OK Maths Extension 1/Y11-Yearly/Sydney Girls 2021 w. sol.pdf (5103 KB)  [done 1702, left 2287]
2026-07-03 07:25:21  OK Maths Extension 2/Y12-Trial/James Ruse 2025 w. sol.pdf (3739 KB)  [done 1703, left 2286]
2026-07-03 07:25:52  OK Maths Advanced/Y12-Trial/International Grammar 2014 w. sol.pdf (2350 KB)  [done 1704, left 2285]
2026-07-03 07:26:26  OK Maths Extension 1/Y12-Trial/Gosford 2012 w. sol.pdf (267 KB)  [done 1705, left 2284]
2026-07-03 07:27:47  OK Maths Extension 1/Y11-Yearly/Sydney Girls 2022 w. sol.pdf (4041 KB)  [done 1706, left 2283]
2026-07-03 07:28:17  OK Maths Extension 2/Y12-Trial/Kambala 2007.pdf (326 KB)  [done 1707, left 2282]
2026-07-03 07:28:46  OK Maths Advanced/Y12-Trial/International Grammar 2015 w. sol.pdf (351 KB)  [done 1708, left 2281]
2026-07-03 07:29:15  OK Maths Extension 1/Y12-Trial/Gosford 2013 w. sol.pdf (436 KB)  [done 1709, left 2280]
2026-07-03 07:29:43  base 5228 throttled -> cooldown 1800s (Maths Advanced/Y11-Yearly/Blacktown Boys 2023 w. sol.pdf)
2026-07-03 07:30:39  OK Maths Extension 1/Y11-Yearly/Sydney Grammar 2011 w. sol.pdf (563 KB)  [done 1710, left 2279]
2026-07-03 07:31:15  OK Maths Extension 2/Y12-Trial/Kambala 2013 w. sol.pdf (738 KB)  [done 1711, left 2278]
2026-07-03 07:32:25  base 6520 throttled -> cooldown 1800s (Physics/Y12-HSC/2013 Marking Guidelines.pdf)
2026-07-03 07:32:57  OK Maths Advanced/Y12-Trial/International Grammar 2016 w. sol.pdf (1257 KB)  [done 1712, left 2277]
2026-07-03 07:33:26  OK Maths Extension 1/Y11-Yearly/Sydney Grammar 2012 w. sol.pdf (203 KB)  [done 1713, left 2276]
2026-07-03 07:33:56  OK Maths Extension 1/Y12-Trial/Gosford 2014 w. sol.pdf (254 KB)  [done 1714, left 2275]
2026-07-03 07:34:29  OK Maths Extension 2/Y12-Trial/Killara 2008 w. sol.pdf (1007 KB)  [done 1715, left 2274]
2026-07-03 07:34:56  base 5318 throttled -> cooldown 1800s (Maths Standard 2/Y12-Trial/Hornsby Girls 2020 w. sol.pdf)
2026-07-03 07:36:06  OK Maths Advanced/Y12-Trial/James Ruse 1992 w. sol.pdf (142 KB)  [done 1716, left 2273]
2026-07-03 07:36:35  OK Maths Extension 1/Y12-Trial/Gosford 2015 w. sol.pdf (334 KB)  [done 1717, left 2272]
2026-07-03 07:37:05  OK Maths Extension 1/Y11-Yearly/Sydney Grammar 2013 w. sol.pdf (659 KB)  [done 1718, left 2271]
2026-07-03 07:37:35  base 5310 throttled -> cooldown 1800s (Maths Standard 2/Y12-HSC/2001 Marking Guidelines.pdf)
2026-07-03 07:38:06  OK Maths Extension 2/Y12-Trial/Killara 2010 w. sol.pdf (266 KB)  [done 1719, left 2270]
2026-07-03 07:38:39  OK Maths Advanced/Y12-Trial/James Ruse 1993 w. sol.pdf (194 KB)  [done 1720, left 2269]
2026-07-03 07:39:16  OK Maths Extension 1/Y12-Trial/Gosford 2016 w. sol.pdf (466 KB)  [done 1721, left 2268]
2026-07-03 07:39:45  OK Maths Extension 1/Y11-Yearly/Sydney Grammar 2014 w. sol.pdf (192 KB)  [done 1722, left 2267]
2026-07-03 07:40:43  OK Maths Extension 2/Y12-Trial/Killara 2016 w. sol.pdf (1631 KB)  [done 1723, left 2266]
2026-07-03 07:41:17  OK Maths Advanced/Y12-Trial/James Ruse 1994 w. sol.pdf (190 KB)  [done 1724, left 2265]
2026-07-03 07:41:51  OK Maths Extension 1/Y12-Trial/Gosford 2017 w. sol.pdf (588 KB)  [done 1725, left 2264]
2026-07-03 07:42:21  OK Maths Extension 1/Y11-Yearly/Sydney Grammar 2015 w. sol.pdf (429 KB)  [done 1726, left 2263]
2026-07-03 07:43:25  OK Maths Extension 2/Y12-Trial/Killara 2017 w. sol.pdf (994 KB)  [done 1727, left 2262]
2026-07-03 07:43:54  OK Maths Advanced/Y12-Trial/James Ruse 1995 w. sol.pdf (203 KB)  [done 1728, left 2261]
2026-07-03 07:44:58  OK Maths Extension 1/Y12-Trial/Gosford 2018 w. sol.pdf (462 KB)  [done 1729, left 2260]
2026-07-03 07:45:29  OK Maths Extension 1/Y11-Yearly/Sydney Grammar 2016 w. sol.pdf (1838 KB)  [done 1730, left 2259]
2026-07-03 07:46:05  OK Maths Extension 2/Y12-Trial/Killara 2018 w. sol.pdf (1646 KB)  [done 1731, left 2258]
2026-07-03 07:46:34  OK Maths Advanced/Y12-Trial/James Ruse 1996 w. sol.pdf (218 KB)  [done 1732, left 2257]
2026-07-03 07:47:32  OK Maths Extension 1/Y12-Trial/Gosford 2019 w. sol.pdf (223 KB)  [done 1733, left 2256]
2026-07-03 07:48:06  OK Maths Extension 1/Y11-Yearly/Sydney Grammar 2018.pdf (108 KB)  [done 1734, left 2255]
2026-07-03 07:48:34  base 5330 throttled -> cooldown 1800s (Maths Extension 1/Y12-HSC/2001 Marking Guidelines.pdf)
2026-07-03 07:49:06  OK Maths Extension 2/Y12-Trial/Killara 2019 w. sol.pdf (1493 KB)  [done 1735, left 2254]
2026-07-03 07:49:35  OK Maths Advanced/Y12-Trial/James Ruse 1997 w. sol.pdf (158 KB)  [done 1736, left 2253]
2026-07-03 07:50:16  OK Maths Extension 1/Y12-Trial/Gosford 2020 w. sol.pdf (3394 KB)  [done 1737, left 2252]
2026-07-03 07:50:46  OK Maths Extension 1/Y11-Yearly/Sydney Grammar 2019 w. sol.pdf (1464 KB)  [done 1738, left 2251]
2026-07-03 07:51:42  OK Maths Extension 2/Y12-Trial/Killara 2020 w. sol.pdf (1145 KB)  [done 1739, left 2250]
2026-07-03 07:52:10  OK Maths Advanced/Y12-Trial/James Ruse 1998 w. sol.pdf (190 KB)  [done 1740, left 2249]
2026-07-03 07:52:38  base 5320 throttled -> cooldown 1800s (Maths Advanced/Y12-HSC/2001 Marking Guidelines.pdf)
2026-07-03 07:53:17  OK Maths Extension 1/Y12-Trial/Gosford 2022 w. sol.pdf (4774 KB)  [done 1741, left 2248]
2026-07-03 07:53:45  OK Maths Extension 1/Y11-Yearly/Sydney Grammar 2021.pdf (76 KB)  [done 1742, left 2247]
2026-07-03 07:54:13  base 5340 throttled -> cooldown 1800s (Maths Extension 2/Y12-HSC/2001 Marking Guidelines.pdf)
2026-07-03 07:54:44  base 2720 throttled -> cooldown 1800s (English/Y12-HSC/2001 HSC Paper 1.pdf)
2026-07-03 07:55:15  OK Maths Extension 2/Y12-Trial/Killara 2021 w. sol.pdf (910 KB)  [done 1743, left 2246]
2026-07-03 07:55:45  OK Maths Advanced/Y12-Trial/James Ruse 1999 w. sol.pdf (96 KB)  [done 1744, left 2245]
2026-07-03 07:56:43  net-error base 5338: HTTP Error 404: Not Found (cooldown 120s)
2026-07-03 07:57:12  OK Maths Extension 1/Y11-Yearly/Sydney Grammar 2023.pdf (144 KB)  [done 1745, left 2244]
2026-07-03 07:57:51  OK Maths Extension 2/Y12-Trial/Killara 2022 w. sol.pdf (1169 KB)  [done 1746, left 2243]
2026-07-03 07:58:20  OK Maths Advanced/Y12-Trial/James Ruse 2000 w. sol.pdf (150 KB)  [done 1747, left 2242]
2026-07-03 07:58:51  OK Maths Extension 1/Y12-Trial/Gosford 2023 w. sol.pdf (1073 KB)  [done 1748, left 2241]
2026-07-03 07:59:47  OK Maths Extension 1/Y11-Yearly/Sydney Tech 2002 w. sol.pdf (1007 KB)  [done 1749, left 2240]
2026-07-03 08:00:15  base 5228 throttled -> cooldown 1800s (Maths Advanced/Y11-Yearly/Blacktown Boys 2023 w. sol.pdf)
2026-07-03 08:01:15  OK Maths Extension 2/Y12-Trial/Killara 2023 w. sol.pdf (1134 KB)  [done 1750, left 2239]
2026-07-03 08:01:46  OK Maths Extension 1/Y12-Trial/Gosford 2024 w. sol.pdf (1118 KB)  [done 1751, left 2238]
2026-07-03 08:02:15  OK Maths Advanced/Y12-Trial/James Ruse 2001 w. sol.pdf (143 KB)  [done 1752, left 2237]
2026-07-03 08:03:11  base 6520 throttled -> cooldown 1800s (Physics/Y12-HSC/2013 Marking Guidelines.pdf)
2026-07-03 08:03:41  OK Maths Extension 1/Y11-Yearly/Sydney Tech 2003 w. sol.pdf (848 KB)  [done 1753, left 2236]
2026-07-03 08:04:12  OK Maths Extension 2/Y12-Trial/Killara 2024 w. sol.pdf (1125 KB)  [done 1754, left 2235]
2026-07-03 08:05:12  OK Maths Extension 1/Y12-Trial/Gosford 2025 w. sol.pdf (2928 KB)  [done 1755, left 2234]
2026-07-03 08:05:40  base 5318 throttled -> cooldown 1800s (Maths Standard 2/Y12-Trial/Hornsby Girls 2020 w. sol.pdf)
2026-07-03 08:06:08  OK Maths Advanced/Y12-Trial/James Ruse 2002 w. sol.pdf (113 KB)  [done 1756, left 2233]
2026-07-03 08:06:37  OK Maths Extension 1/Y11-Yearly/Sydney Tech 2004 w. sol.pdf (146 KB)  [done 1757, left 2232]
2026-07-03 08:08:51  net-error base 5348: HTTP Error 404: Not Found (cooldown 120s)
2026-07-03 08:09:20  OK Maths Extension 1/Y12-Trial/Hills Grammar 1999 w. sol.pdf (373 KB)  [done 1758, left 2231]
2026-07-03 08:09:50  OK Maths Advanced/Y12-Trial/James Ruse 2003 w. sol.pdf (72 KB)  [done 1759, left 2230]
2026-07-03 08:10:18  base 5310 throttled -> cooldown 1800s (Maths Standard 2/Y12-HSC/2001 Marking Guidelines.pdf)
2026-07-03 08:10:46  OK Maths Extension 1/Y11-Yearly/Sydney Tech 2005 w. sol.pdf (144 KB)  [done 1760, left 2229]
2026-07-03 08:11:25  OK Maths Extension 2/Y12-Trial/Killara 2025 w. sol.pdf (4352 KB)  [done 1761, left 2228]
2026-07-03 08:12:07  OK Maths Extension 1/Y12-Trial/Hills Grammar 2003 w. sol.pdf (921 KB)  [done 1762, left 2227]
2026-07-03 08:12:36  OK Maths Advanced/Y12-Trial/James Ruse 2004 w. sol.pdf (400 KB)  [done 1763, left 2226]
2026-07-03 08:13:19  OK Maths Extension 1/Y11-Yearly/Sydney Tech 2006 w. sol.pdf (129 KB)  [done 1764, left 2225]
2026-07-03 08:13:59  OK Maths Extension 2/Y12-Trial/Kincoppal 2001.pdf (288 KB)  [done 1765, left 2224]
2026-07-03 08:15:07  OK Maths Extension 1/Y12-Trial/Hills Grammar 2004 w. sol.pdf (450 KB)  [done 1766, left 2223]
2026-07-03 08:15:36  OK Maths Advanced/Y12-Trial/James Ruse 2005 w. sol.pdf (552 KB)  [done 1767, left 2222]
2026-07-03 08:16:05  OK Maths Extension 1/Y11-Yearly/Sydney Tech 2007 w. sol.pdf (134 KB)  [done 1768, left 2221]
2026-07-03 08:17:03  OK Maths Extension 2/Y12-Trial/Kincoppal 2003.pdf (156 KB)  [done 1769, left 2220]
2026-07-03 08:17:49  OK Maths Extension 1/Y12-Trial/Hills Grammar 2006 w. sol.pdf (467 KB)  [done 1770, left 2219]
2026-07-03 08:18:18  OK Maths Advanced/Y12-Trial/James Ruse 2006 w. sol.pdf (362 KB)  [done 1771, left 2218]
2026-07-03 08:18:45  base 5330 throttled -> cooldown 1800s (Maths Extension 1/Y12-HSC/2001 Marking Guidelines.pdf)
2026-07-03 08:19:59  OK Maths Extension 1/Y11-Yearly/Sydney Tech 2008 w. sol.pdf (174 KB)  [done 1772, left 2217]
2026-07-03 08:20:30  OK Maths Extension 1/Y12-Trial/Hills Grammar 2008 w. sol.pdf (1479 KB)  [done 1773, left 2216]
2026-07-03 08:21:28  OK Maths Extension 2/Y12-Trial/Kincoppal 2004.pdf (590 KB)  [done 1774, left 2215]
2026-07-03 08:21:58  OK Maths Advanced/Y12-Trial/James Ruse 2007 w. sol.pdf (357 KB)  [done 1775, left 2214]
2026-07-03 08:22:33  OK Maths Extension 1/Y11-Yearly/Sydney Tech 2009 w. sol.pdf (222 KB)  [done 1776, left 2213]
2026-07-03 08:23:01  base 5320 throttled -> cooldown 1800s (Maths Advanced/Y12-HSC/2001 Marking Guidelines.pdf)
2026-07-03 08:23:30  OK Maths Extension 1/Y12-Trial/Hills Grammar 2009 w. sol.pdf (75 KB)  [done 1777, left 2212]
2026-07-03 08:24:06  OK Maths Extension 2/Y12-Trial/Kincoppal 2005.pdf (41 KB)  [done 1778, left 2211]
2026-07-03 08:24:34  base 5340 throttled -> cooldown 1800s (Maths Extension 2/Y12-HSC/2001 Marking Guidelines.pdf)
2026-07-03 08:25:03  OK Maths Advanced/Y12-Trial/James Ruse 2008 w. sol.pdf (536 KB)  [done 1779, left 2210]
2026-07-03 08:25:31  base 2720 throttled -> cooldown 1800s (English/Y12-HSC/2001 HSC Paper 1.pdf)
2026-07-03 08:26:01  OK Maths Extension 1/Y11-Yearly/Sydney Tech 2010 w. sol.pdf (396 KB)  [done 1780, left 2209]
2026-07-03 08:26:32  OK Maths Extension 1/Y12-Trial/Hills Grammar 2010 w. sol.pdf (586 KB)  [done 1781, left 2208]
2026-07-03 08:27:00  OK Maths Extension 2/Y12-Trial/Kincoppal 2008 w. sol.pdf (155 KB)  [done 1782, left 2207]
2026-07-03 08:27:37  OK Maths Advanced/Y12-Trial/James Ruse 2009 w. sol.pdf (640 KB)  [done 1783, left 2206]
2026-07-03 08:28:36  OK Maths Extension 1/Y11-Yearly/Sydney Tech 2011 w. sol.pdf (421 KB)  [done 1784, left 2205]
2026-07-03 08:29:09  OK Maths Extension 1/Y12-Trial/Hills Grammar 2011 w. sol.pdf (159 KB)  [done 1785, left 2204]
2026-07-03 08:29:46  OK Maths Extension 2/Y12-Trial/Kincoppal 2009 w. sol.pdf (430 KB)  [done 1786, left 2203]
2026-07-03 08:30:15  OK Maths Advanced/Y12-Trial/James Ruse 2010 w. sol.pdf (726 KB)  [done 1787, left 2202]
2026-07-03 08:30:43  base 5228 throttled -> cooldown 1800s (Maths Advanced/Y11-Yearly/Blacktown Boys 2023 w. sol.pdf)
2026-07-03 08:31:14  OK Maths Extension 1/Y11-Yearly/Sydney Tech 2012 w. sol.pdf (246 KB)  [done 1788, left 2201]
2026-07-03 08:31:47  OK Maths Extension 1/Y12-Trial/Hills Grammar 2013 w. sol.pdf (1942 KB)  [done 1789, left 2200]
2026-07-03 08:32:21  OK Maths Extension 2/Y12-Trial/Kings 1994.pdf (202 KB)  [done 1790, left 2199]
2026-07-03 08:33:02  OK Maths Advanced/Y12-Trial/James Ruse 2011 w. sol.pdf (1033 KB)  [done 1791, left 2198]
2026-07-03 08:33:58  net-error base 6520: HTTP Error 404: Not Found (cooldown 120s)
2026-07-03 08:34:58  OK Maths Extension 1/Y12-Trial/Hills Grammar 2014 w. sol.pdf (1441 KB)  [done 1792, left 2197]
2026-07-03 08:35:57  OK Maths Extension 2/Y12-Trial/Kings 2003 w. sol.pdf (638 KB)  [done 1793, left 2196]
2026-07-03 08:36:26  OK Maths Advanced/Y12-Trial/James Ruse 2012 w. sol.pdf (941 KB)  [done 1794, left 2195]
2026-07-03 08:36:54  base 6520 throttled -> cooldown 1800s (Physics/Y12-HSC/2013 Marking Guidelines.pdf)
2026-07-03 08:37:23  OK Maths Extension 1/Y11-Yearly/Sydney Tech 2013 w. sol.pdf (273 KB)  [done 1795, left 2194]
2026-07-03 08:37:51  base 5318 throttled -> cooldown 1800s (Maths Standard 2/Y12-Trial/Hornsby Girls 2020 w. sol.pdf)
2026-07-03 08:38:21  OK Maths Extension 1/Y12-Trial/Hills Grammar 2015 w. sol.pdf (873 KB)  [done 1796, left 2193]
2026-07-03 08:39:21  OK Maths Extension 2/Y12-Trial/Kings 2004.pdf (617 KB)  [done 1797, left 2192]
2026-07-03 08:39:51  OK Maths Advanced/Y12-Trial/James Ruse 2013 w. sol.pdf (754 KB)  [done 1798, left 2191]
2026-07-03 08:40:20  OK Maths Extension 1/Y11-Yearly/Sydney Tech 2016 w. sol.pdf (310 KB)  [done 1799, left 2190]
2026-07-03 08:40:48  base 5310 throttled -> cooldown 1800s (Maths Standard 2/Y12-HSC/2001 Marking Guidelines.pdf)
2026-07-03 08:41:17  OK Maths Extension 1/Y12-Trial/Hills Grammar 2025.pdf (1211 KB)  [done 1800, left 2189]
2026-07-03 08:41:58  OK Maths Extension 2/Y12-Trial/Kings 2005 w. sol.pdf (838 KB)  [done 1801, left 2188]
2026-07-03 08:42:27  OK Maths Advanced/Y12-Trial/James Ruse 2014 w. sol.pdf (721 KB)  [done 1802, left 2187]
2026-07-03 08:42:58  OK Maths Extension 1/Y11-Yearly/Sydney Tech 2017 w. sol.pdf (650 KB)  [done 1803, left 2186]
2026-07-03 08:43:53  OK Maths Extension 1/Y12-Trial/Hornsby Girls 2007 w. sol.pdf (1272 KB)  [done 1804, left 2185]
2026-07-03 08:44:33  OK Maths Extension 2/Y12-Trial/Kings 2006 w. sol.pdf (1005 KB)  [done 1805, left 2184]
2026-07-03 08:45:35  OK Maths Advanced/Y12-Trial/James Ruse 2015 w. sol.pdf (625 KB)  [done 1806, left 2183]
2026-07-03 08:46:06  OK Maths Extension 1/Y11-Yearly/Sydney Tech 2018 w. sol.pdf (431 KB)  [done 1807, left 2182]
2026-07-03 08:46:41  OK Maths Extension 1/Y12-Trial/Hornsby Girls 2008 w. sol.pdf (2170 KB)  [done 1808, left 2181]
2026-07-03 08:47:21  OK Maths Extension 2/Y12-Trial/Kings 2007 w. sol.pdf (326 KB)  [done 1809, left 2180]
2026-07-03 08:48:11  OK Maths Advanced/Y12-Trial/James Ruse 2016 w. sol.pdf (1071 KB)  [done 1810, left 2179]
2026-07-03 08:48:46  OK Maths Extension 1/Y11-Yearly/Sydney Tech 2019 w. sol.pdf (849 KB)  [done 1811, left 2178]
2026-07-03 08:49:14  base 5330 throttled -> cooldown 1800s (Maths Extension 1/Y12-HSC/2001 Marking Guidelines.pdf)
2026-07-03 08:49:42  OK Maths Extension 1/Y12-Trial/Hornsby Girls 2009 w. sol.pdf (493 KB)  [done 1812, left 2177]
2026-07-03 08:50:41  OK Maths Extension 2/Y12-Trial/Kings 2008 w. sol.pdf (429 KB)  [done 1813, left 2176]
2026-07-03 08:51:11  OK Maths Advanced/Y12-Trial/James Ruse 2017 w. sol.pdf (866 KB)  [done 1814, left 2175]
2026-07-03 08:51:43  OK Maths Extension 1/Y11-Yearly/Sydney Tech 2020 w. sol.pdf (1500 KB)  [done 1815, left 2174]
2026-07-03 08:52:17  OK Maths Extension 1/Y12-Trial/Hornsby Girls 2010 w. sol.pdf (442 KB)  [done 1816, left 2173]
2026-07-03 08:53:04  base 5320 throttled -> cooldown 1800s (Maths Advanced/Y12-HSC/2001 Marking Guidelines.pdf)
2026-07-03 08:53:36  OK Maths Extension 2/Y12-Trial/Kings 2009 w. sol.pdf (265 KB)  [done 1817, left 2172]
2026-07-03 08:54:05  OK Maths Advanced/Y12-Trial/James Ruse 2018 w. sol.pdf (462 KB)  [done 1818, left 2171]
2026-07-03 08:54:35  OK Maths Extension 1/Y11-Yearly/Trinity Grammar 2009 w. sol.pdf (433 KB)  [done 1819, left 2170]
2026-07-03 08:55:03  base 5340 throttled -> cooldown 1800s (Maths Extension 2/Y12-HSC/2001 Marking Guidelines.pdf)
2026-07-03 08:55:32  OK Maths Extension 1/Y12-Trial/Hornsby Girls 2011 w. sol.pdf (309 KB)  [done 1820, left 2169]
2026-07-03 08:56:00  base 2720 throttled -> cooldown 1800s (English/Y12-HSC/2001 HSC Paper 1.pdf)
2026-07-03 08:57:00  OK Maths Extension 2/Y12-Trial/Kings 2010 w. sol.pdf (1091 KB)  [done 1821, left 2168]
2026-07-03 08:57:31  OK Maths Extension 1/Y11-Yearly/Trinity Grammar 2010 w. sol.pdf (421 KB)  [done 1822, left 2167]
2026-07-03 08:58:05  OK Maths Advanced/Y12-Trial/James Ruse 2019 w. sol.pdf (2075 KB)  [done 1823, left 2166]
2026-07-03 08:58:34  OK Maths Extension 1/Y12-Trial/Hornsby Girls 2012 w. sol.pdf (275 KB)  [done 1824, left 2165]
2026-07-03 08:59:35  OK Maths Extension 2/Y12-Trial/Kings 2011 w. sol.pdf (637 KB)  [done 1825, left 2164]
2026-07-03 09:00:12  OK Maths Extension 1/Y11-Yearly/Trinity Grammar 2012 w. sol.pdf (612 KB)  [done 1826, left 2163]
2026-07-03 09:00:47  OK Maths Advanced/Y12-Trial/James Ruse 2020 w. sol.pdf (2860 KB)  [done 1827, left 2162]
2026-07-03 09:01:15  base 5228 throttled -> cooldown 1800s (Maths Advanced/Y11-Yearly/Blacktown Boys 2023 w. sol.pdf)
2026-07-03 09:02:14  OK Maths Extension 1/Y12-Trial/Hornsby Girls 2013 w. sol.pdf (597 KB)  [done 1828, left 2161]
2026-07-03 09:02:45  OK Maths Extension 2/Y12-Trial/Kinross Wolaroi 2015 w. sol.pdf (703 KB)  [done 1829, left 2160]
2026-07-03 09:03:48  OK Maths Extension 1/Y11-Yearly/Trinity Grammar 2013 w. sol.pdf (668 KB)  [done 1830, left 2159]
2026-07-03 09:04:50  OK Maths Advanced/Y12-Trial/James Ruse 2022 w. sol.pdf (3769 KB)  [done 1831, left 2158]
2026-07-03 09:05:25  OK Maths Extension 1/Y12-Trial/Hornsby Girls 2016 w. sol.pdf (221 KB)  [done 1832, left 2157]
2026-07-03 09:06:43  OK Maths Extension 2/Y12-Trial/Kinross Wolaroi 2022 w. sol.pdf (2337 KB)  [done 1833, left 2156]
2026-07-03 09:07:13  OK Maths Extension 1/Y11-Yearly/Trinity Grammar 2014 w. sol.pdf (462 KB)  [done 1834, left 2155]
2026-07-03 09:07:40  base 6520 throttled -> cooldown 1800s (Physics/Y12-HSC/2013 Marking Guidelines.pdf)
2026-07-03 09:08:08  base 5318 throttled -> cooldown 1800s (Maths Standard 2/Y12-Trial/Hornsby Girls 2020 w. sol.pdf)
2026-07-03 09:08:37  OK Maths Extension 1/Y12-Trial/Hornsby Girls 2017 w. sol.pdf (443 KB)  [done 1835, left 2154]
2026-07-03 09:09:23  OK Maths Advanced/Y12-Trial/James Ruse 2023 w. sol.pdf (13796 KB)  [done 1836, left 2153]
2026-07-03 09:09:52  OK Maths Extension 2/Y12-Trial/Kinross Wolaroi 2023.pdf (325 KB)  [done 1837, left 2152]
2026-07-03 09:10:23  OK Maths Extension 1/Y11-Yearly/Trinity Grammar 2015 w. sol.pdf (1547 KB)  [done 1838, left 2151]
2026-07-03 09:10:51  base 5310 throttled -> cooldown 1800s (Maths Standard 2/Y12-HSC/2001 Marking Guidelines.pdf)
2026-07-03 09:11:21  OK Maths Extension 1/Y12-Trial/Hornsby Girls 2018 w. sol.pdf (784 KB)  [done 1839, left 2150]
2026-07-03 09:12:24  OK Maths Advanced/Y12-Trial/James Ruse 2024 w. sol.pdf (8432 KB)  [done 1840, left 2149]
2026-07-03 09:13:24  OK Maths Extension 2/Y12-Trial/Kinross Wolaroi 2025 w. sol.pdf (719 KB)  [done 1841, left 2148]
2026-07-03 09:13:53  OK Maths Extension 1/Y11-Yearly/Trinity Grammar 2016 w. sol.pdf (439 KB)  [done 1842, left 2147]
2026-07-03 09:14:54  OK Maths Extension 1/Y12-Trial/Hornsby Girls 2019 w. sol.pdf (761 KB)  [done 1843, left 2146]
2026-07-03 09:15:38  OK Maths Advanced/Y12-Trial/James Ruse 2025 w. sol.pdf (10499 KB)  [done 1844, left 2145]
2026-07-03 09:16:06  OK Maths Extension 2/Y12-Trial/Knox 1999.pdf (129 KB)  [done 1845, left 2144]
2026-07-03 09:18:25  OK Maths Extension 1/Y12-Trial/Hornsby Girls 2020 w. sol.pdf (1583 KB)  [done 1846, left 2143]
2026-07-03 09:19:04  OK Maths Advanced/Y12-Trial/Kambala 2007 w. sol.pdf (755 KB)  [done 1847, left 2142]
2026-07-03 09:19:33  OK Maths Extension 2/Y12-Trial/Knox 2001 w. sol.pdf (416 KB)  [done 1848, left 2141]
2026-07-03 09:20:01  base 5330 throttled -> cooldown 1800s (Maths Extension 1/Y12-HSC/2001 Marking Guidelines.pdf)
2026-07-03 09:21:14  OK Maths Extension 1/Y12-Trial/Hornsby Girls 2022 w. sol.pdf (549 KB)  [done 1849, left 2140]
2026-07-03 09:21:43  OK Maths Advanced/Y12-Trial/Kambala 2013 w. sol.pdf (288 KB)  [done 1850, left 2139]
2026-07-03 09:22:11  OK Maths Extension 2/Y12-Trial/Knox 2002.pdf (164 KB)  [done 1851, left 2138]
2026-07-03 09:23:15  base 5320 throttled -> cooldown 1800s (Maths Advanced/Y12-HSC/2001 Marking Guidelines.pdf)
2026-07-03 09:24:19  OK Maths Extension 1/Y12-Trial/Hornsby Girls 2023 w. sol.pdf (629 KB)  [done 1852, left 2137]
2026-07-03 09:24:49  OK Maths Advanced/Y12-Trial/Killara 2012 w. sol.pdf (364 KB)  [done 1853, left 2136]
2026-07-03 09:25:18  OK Maths Extension 2/Y12-Trial/Knox 2003.pdf (165 KB)  [done 1854, left 2135]
2026-07-03 09:25:46  base 5340 throttled -> cooldown 1800s (Maths Extension 2/Y12-HSC/2001 Marking Guidelines.pdf)
2026-07-03 09:26:14  base 2720 throttled -> cooldown 1800s (English/Y12-HSC/2001 HSC Paper 1.pdf)
2026-07-03 09:26:56  OK Maths Extension 1/Y12-Trial/Hornsby Girls 2024 w. sol.pdf (1248 KB)  [done 1855, left 2134]
2026-07-03 09:27:28  OK Maths Advanced/Y12-Trial/Killara 2014 w. sol.pdf (1491 KB)  [done 1856, left 2133]
2026-07-03 09:27:58  OK Maths Extension 2/Y12-Trial/Knox 2004 w. sol.pdf (420 KB)  [done 1857, left 2132]
2026-07-03 09:29:32  OK Maths Extension 1/Y12-Trial/Hornsby Girls 2025 w. sol.pdf (1055 KB)  [done 1858, left 2131]
2026-07-03 09:30:10  OK Maths Advanced/Y12-Trial/Killara 2016 w. sol.pdf (1983 KB)  [done 1859, left 2130]
2026-07-03 09:30:40  OK Maths Extension 2/Y12-Trial/Knox 2005 w. sol.pdf (1049 KB)  [done 1860, left 2129]
2026-07-03 09:31:17  base 5228 throttled -> cooldown 1800s (Maths Advanced/Y11-Yearly/Blacktown Boys 2023 w. sol.pdf)
2026-07-03 09:32:06  OK Maths Extension 1/Y12-Trial/Hunters Hill 2015 w. sol.pdf (376 KB)  [done 1861, left 2128]
2026-07-03 09:32:51  OK Maths Advanced/Y12-Trial/Killara 2017 w. sol.pdf (2063 KB)  [done 1862, left 2127]
2026-07-03 09:33:20  OK Maths Extension 2/Y12-Trial/Knox 2008 w. sol.pdf (553 KB)  [done 1863, left 2126]
2026-07-03 09:35:18  OK Maths Extension 1/Y12-Trial/Hunters Hill 2016 w. sol.pdf (1576 KB)  [done 1864, left 2125]
2026-07-03 09:36:17  OK Maths Advanced/Y12-Trial/Killara 2018 w. sol.pdf (2650 KB)  [done 1865, left 2124]
2026-07-03 09:37:17  OK Maths Extension 2/Y12-Trial/Knox 2009 w. sol.pdf (1560 KB)  [done 1866, left 2123]
2026-07-03 09:37:54  base 6520 throttled -> cooldown 1800s (Physics/Y12-HSC/2013 Marking Guidelines.pdf)
2026-07-03 09:39:12  OK Maths Extension 1/Y12-Trial/Hunters Hill 2017 w. sol.pdf (732 KB)  [done 1867, left 2122]
2026-07-03 09:39:49  base 5318 throttled -> cooldown 1800s (Maths Standard 2/Y12-Trial/Hornsby Girls 2020 w. sol.pdf)
2026-07-03 09:41:26  OK Maths Advanced/Y12-Trial/Killara 2019 w. sol.pdf (2260 KB)  [done 1868, left 2121]
2026-07-03 09:42:02  OK Maths Extension 1/Y12-Trial/Hunters Hill 2018 w. sol.pdf (702 KB)  [done 1869, left 2120]
2026-07-03 09:42:30  base 5310 throttled -> cooldown 1800s (Maths Standard 2/Y12-HSC/2001 Marking Guidelines.pdf)
2026-07-03 09:43:02  OK Maths Extension 2/Y12-Trial/Knox 2010 w. sol.pdf (1691 KB)  [done 1870, left 2119]
2026-07-03 09:44:05  OK Maths Advanced/Y12-Trial/Killara 2020 w. sol.pdf (3451 KB)  [done 1871, left 2118]
2026-07-03 09:44:43  OK Maths Extension 1/Y12-Trial/Hunters Hill 2020 w. sol.pdf (924 KB)  [done 1872, left 2117]
2026-07-03 09:45:44  OK Maths Extension 2/Y12-Trial/Knox 2013 w. sol.pdf (1094 KB)  [done 1873, left 2116]
2026-07-03 09:47:10  OK Maths Advanced/Y12-Trial/Killara 2021 w. sol.pdf (4793 KB)  [done 1874, left 2115]
2026-07-03 09:47:47  OK Maths Extension 1/Y12-Trial/Hunters Hill 2022 w. sol.pdf (6819 KB)  [done 1875, left 2114]
2026-07-03 09:48:22  OK Maths Extension 2/Y12-Trial/Knox 2014 w. sol.pdf (979 KB)  [done 1876, left 2113]
2026-07-03 09:49:47  OK Maths Advanced/Y12-Trial/Killara 2022 w. sol.pdf (1770 KB)  [done 1877, left 2112]
2026-07-03 09:50:16  base 5330 throttled -> cooldown 1800s (Maths Extension 1/Y12-HSC/2001 Marking Guidelines.pdf)
2026-07-03 09:50:52  OK Maths Extension 1/Y12-Trial/Hunters Hill 2023 w. sol.pdf (3949 KB)  [done 1878, left 2111]
2026-07-03 09:51:23  OK Maths Extension 2/Y12-Trial/Knox 2015 w. sol.pdf (2364 KB)  [done 1879, left 2110]
2026-07-03 09:52:26  OK Maths Advanced/Y12-Trial/Killara 2023 w. sol.pdf (2793 KB)  [done 1880, left 2109]
2026-07-03 09:53:21  base 5320 throttled -> cooldown 1800s (Maths Advanced/Y12-HSC/2001 Marking Guidelines.pdf)
2026-07-03 09:53:53  OK Maths Extension 1/Y12-Trial/Hunters Hill 2024 w. sol.pdf (2262 KB)  [done 1881, left 2108]
2026-07-03 09:54:25  OK Maths Extension 2/Y12-Trial/Knox 2016 w. sol.pdf (1891 KB)  [done 1882, left 2107]
2026-07-03 09:55:09  OK Maths Advanced/Y12-Trial/Killara 2024 w. sol.pdf (1623 KB)  [done 1883, left 2106]
2026-07-03 09:55:54  base 5340 throttled -> cooldown 1800s (Maths Extension 2/Y12-HSC/2001 Marking Guidelines.pdf)
2026-07-03 09:57:30  base 2720 throttled -> cooldown 1800s (English/Y12-HSC/2001 HSC Paper 1.pdf)
2026-07-03 09:58:19  net-error base 5348: HTTP Error 404: Not Found (cooldown 120s)
2026-07-03 09:59:48  OK Maths Advanced/Y12-Trial/Killara 2025 w. sol.pdf (3153 KB)  [done 1884, left 2105]
2026-07-03 10:00:51  OK Maths Extension 1/Y12-Trial/Hurlstone 1998 w. sol.pdf (160 KB)  [done 1885, left 2104]
2026-07-03 10:01:35  OK Maths Extension 2/Y12-Trial/Knox 2021 w. sol.pdf (11787 KB)  [done 1886, left 2103]
2026-07-03 10:02:10  base 5228 throttled -> cooldown 1800s (Maths Advanced/Y11-Yearly/Blacktown Boys 2023 w. sol.pdf)
2026-07-03 10:03:09  net-error base 5328: HTTP Error 404: Not Found (cooldown 120s)
2026-07-03 10:04:24  OK Maths Extension 1/Y12-Trial/Hurlstone 2004.pdf (167 KB)  [done 1887, left 2102]
2026-07-03 10:05:08  OK Maths Extension 2/Y12-Trial/Knox 2022 w. sol.pdf (2018 KB)  [done 1888, left 2101]
2026-07-03 10:05:40  OK Maths Advanced/Y12-Trial/Kincoppal 2003 w. sol.pdf (370 KB)  [done 1889, left 2100]
2026-07-03 10:07:06  net-error base 5338: HTTP Error 404: Not Found (cooldown 120s)
2026-07-03 10:07:55  OK Maths Extension 2/Y12-Trial/Knox 2023 w. sol.pdf (7858 KB)  [done 1890, left 2099]
2026-07-03 10:08:57  OK Maths Advanced/Y12-Trial/Kincoppal 2004.pdf (157 KB)  [done 1891, left 2098]
2026-07-03 10:09:26  base 6520 throttled -> cooldown 1800s (Physics/Y12-HSC/2013 Marking Guidelines.pdf)
2026-07-03 10:10:29  OK Maths Extension 1/Y12-Trial/Hurlstone 2005.pdf (247 KB)  [done 1892, left 2097]
2026-07-03 10:11:00  OK Maths Extension 2/Y12-Trial/Knox 2024.pdf (1691 KB)  [done 1893, left 2096]
2026-07-03 10:11:51  base 5318 throttled -> cooldown 1800s (Maths Standard 2/Y12-Trial/Hornsby Girls 2020 w. sol.pdf)
2026-07-03 10:12:43  net-error base 5328: HTTP Error 404: Not Found (cooldown 120s)
2026-07-03 10:13:13  OK Maths Extension 1/Y12-Trial/Hurlstone 2008 w. sol.pdf (1293 KB)  [done 1894, left 2095]
2026-07-03 10:13:49  OK Maths Extension 2/Y12-Trial/Knox 2025.pdf (631 KB)  [done 1895, left 2094]
2026-07-03 10:14:16  base 5310 throttled -> cooldown 1800s (Maths Standard 2/Y12-HSC/2001 Marking Guidelines.pdf)
2026-07-03 10:14:51  OK Maths Advanced/Y12-Trial/Kincoppal 2005.pdf (173 KB)  [done 1896, left 2093]
2026-07-03 10:15:48  OK Maths Extension 1/Y12-Trial/Hurlstone 2009 w. sol.pdf (575 KB)  [done 1897, left 2092]
2026-07-03 10:16:52  OK Maths Extension 2/Y12-Trial/Manly 2010 w. sol.pdf (263 KB)  [done 1898, left 2091]
2026-07-03 10:17:33  OK Maths Advanced/Y12-Trial/Kincoppal 2006 w. sol.pdf (189 KB)  [done 1899, left 2090]
2026-07-03 10:18:22  OK Maths Extension 1/Y12-Trial/Hurlstone 2010 w. sol.pdf (507 KB)  [done 1900, left 2089]
2026-07-03 10:19:27  OK Maths Extension 2/Y12-Trial/Manly 2011 w. sol.pdf (715 KB)  [done 1901, left 2088]
2026-07-03 10:20:08  OK Maths Advanced/Y12-Trial/Kincoppal 2008 w. sol.pdf (590 KB)  [done 1902, left 2087]
2026-07-03 10:20:44  base 5330 throttled -> cooldown 1800s (Maths Extension 1/Y12-HSC/2001 Marking Guidelines.pdf)
2026-07-03 10:21:13  OK Maths Extension 1/Y12-Trial/Hurlstone 2011 w. sol.pdf (482 KB)  [done 1903, left 2086]
2026-07-03 10:22:31  OK Maths Extension 2/Y12-Trial/Manly 2012 w. sol.pdf (612 KB)  [done 1904, left 2085]
2026-07-03 10:23:30  OK Maths Advanced/Y12-Trial/Kings 2003 w. sol.pdf (232 KB)  [done 1905, left 2084]
2026-07-03 10:23:57  base 5320 throttled -> cooldown 1800s (Maths Advanced/Y12-HSC/2001 Marking Guidelines.pdf)
2026-07-03 10:24:26  OK Maths Extension 1/Y12-Trial/Hurlstone 2012 w. sol.pdf (614 KB)  [done 1906, left 2083]
2026-07-03 10:25:05  OK Maths Extension 2/Y12-Trial/Manly 2013.pdf (265 KB)  [done 1907, left 2082]
2026-07-03 10:25:57  base 5340 throttled -> cooldown 1800s (Maths Extension 2/Y12-HSC/2001 Marking Guidelines.pdf)
2026-07-03 10:26:29  OK Maths Advanced/Y12-Trial/Kings 2004 w. sol.pdf (425 KB)  [done 1908, left 2081]
2026-07-03 10:27:05  OK Maths Extension 1/Y12-Trial/Hurlstone 2013 w. sol.pdf (462 KB)  [done 1909, left 2080]
2026-07-03 10:27:33  base 2720 throttled -> cooldown 1800s (English/Y12-HSC/2001 HSC Paper 1.pdf)
2026-07-03 10:28:03  OK Maths Extension 2/Y12-Trial/Manly 2014 w. sol.pdf (577 KB)  [done 1910, left 2079]
2026-07-03 10:29:04  OK Maths Advanced/Y12-Trial/Kings 2005 w. sol.pdf (622 KB)  [done 1911, left 2078]
2026-07-03 10:29:42  OK Maths Extension 1/Y12-Trial/Hurlstone 2014 w. sol.pdf (1794 KB)  [done 1912, left 2077]
2026-07-03 10:31:08  OK Maths Extension 2/Y12-Trial/Manly 2015 w. sol.pdf (782 KB)  [done 1913, left 2076]
2026-07-03 10:32:39  OK Maths Advanced/Y12-Trial/Kings 2006 w. sol.pdf (1521 KB)  [done 1914, left 2075]
2026-07-03 10:33:08  OK Maths Extension 1/Y12-Trial/Hurlstone 2015 w. sol.pdf (275 KB)  [done 1915, left 2074]
2026-07-03 10:33:37  base 5228 throttled -> cooldown 1800s (Maths Advanced/Y11-Yearly/Blacktown Boys 2023 w. sol.pdf)
2026-07-03 10:34:07  OK Maths Extension 2/Y12-Trial/Manly 2016 w. sol.pdf (965 KB)  [done 1916, left 2073]
2026-07-03 10:35:20  OK Maths Advanced/Y12-Trial/Kings 2007 w. sol.pdf (310 KB)  [done 1917, left 2072]
2026-07-03 10:35:52  OK Maths Extension 1/Y12-Trial/Hurlstone 2016 w. sol.pdf (1134 KB)  [done 1918, left 2071]
2026-07-03 10:36:44  OK Maths Extension 2/Y12-Trial/Manly 2017 w. sol.pdf (1678 KB)  [done 1919, left 2070]
2026-07-03 10:37:57  OK Maths Advanced/Y12-Trial/Kings 2008 w. sol.pdf (247 KB)  [done 1920, left 2069]
2026-07-03 10:38:35  OK Maths Extension 1/Y12-Trial/Hurlstone 2017 w. sol.pdf (858 KB)  [done 1921, left 2068]
2026-07-03 10:39:49  OK Maths Extension 2/Y12-Trial/Manly 2018 w. sol.pdf (1064 KB)  [done 1922, left 2067]
2026-07-03 10:40:29  base 6520 throttled -> cooldown 1800s (Physics/Y12-HSC/2013 Marking Guidelines.pdf)
2026-07-03 10:40:58  OK Maths Advanced/Y12-Trial/Kings 2009 w. sol.pdf (307 KB)  [done 1923, left 2066]
2026-07-03 10:41:28  OK Maths Extension 1/Y12-Trial/Hurlstone 2018 w. sol.pdf (640 KB)  [done 1924, left 2065]
2026-07-03 10:41:55  base 5318 throttled -> cooldown 1800s (Maths Standard 2/Y12-Trial/Hornsby Girls 2020 w. sol.pdf)
2026-07-03 10:42:30  OK Maths Extension 2/Y12-Trial/Manly 2019 w. sol.pdf (2537 KB)  [done 1925, left 2064]
2026-07-03 10:43:33  OK Maths Advanced/Y12-Trial/Kings 2010 w. sol.pdf (785 KB)  [done 1926, left 2063]
2026-07-03 10:44:02  OK Maths Extension 1/Y12-Trial/Hurlstone 2019 w. sol.pdf (759 KB)  [done 1927, left 2062]
2026-07-03 10:44:30  base 5310 throttled -> cooldown 1800s (Maths Standard 2/Y12-HSC/2001 Marking Guidelines.pdf)
2026-07-03 10:45:05  OK Maths Extension 2/Y12-Trial/Manly 2020 w. sol.pdf (633 KB)  [done 1928, left 2061]
2026-07-03 10:46:23  OK Maths Advanced/Y12-Trial/Kings 2011 w. sol.pdf (495 KB)  [done 1929, left 2060]
2026-07-03 10:47:24  OK Maths Extension 1/Y12-Trial/Hurlstone 2020 w. sol.pdf (2119 KB)  [done 1930, left 2059]
2026-07-03 10:48:14  OK Maths Extension 2/Y12-Trial/Manly 2021 w. sol.pdf (6331 KB)  [done 1931, left 2058]
2026-07-03 10:49:03  OK Maths Advanced/Y12-Trial/Kings 2022 w. sol.pdf (2612 KB)  [done 1932, left 2057]
2026-07-03 10:50:18  OK Maths Extension 1/Y12-Trial/Hurlstone 2021 w. sol.pdf (1737 KB)  [done 1933, left 2056]
2026-07-03 10:50:57  OK Maths Extension 2/Y12-Trial/Manly 2022 w. sol.pdf (1474 KB)  [done 1934, left 2055]
2026-07-03 10:52:04  base 5330 throttled -> cooldown 1800s (Maths Extension 1/Y12-HSC/2001 Marking Guidelines.pdf)
2026-07-03 10:52:51  OK Maths Advanced/Y12-Trial/Kinross Wolaroi 2012 w. sol.pdf (891 KB)  [done 1935, left 2054]
2026-07-03 10:53:44  net-error base 5338: HTTP Error 404: Not Found (cooldown 120s)
2026-07-03 10:55:25  OK Maths Extension 2/Y12-Trial/Manly 2023 w. sol.pdf (2531 KB)  [done 1936, left 2053]
2026-07-03 10:55:55  OK Maths Advanced/Y12-Trial/Kinross Wolaroi 2014 w. sol.pdf (1094 KB)  [done 1937, left 2052]
2026-07-03 10:56:23  base 5340 throttled -> cooldown 1800s (Maths Extension 2/Y12-HSC/2001 Marking Guidelines.pdf)
2026-07-03 10:56:51  base 5320 throttled -> cooldown 1800s (Maths Advanced/Y12-HSC/2001 Marking Guidelines.pdf)
2026-07-03 10:57:21  OK Maths Extension 1/Y12-Trial/Hurlstone 2022 w. sol.pdf (1133 KB)  [done 1938, left 2051]
2026-07-03 10:57:49  base 2720 throttled -> cooldown 1800s (English/Y12-HSC/2001 HSC Paper 1.pdf)
2026-07-03 10:58:25  OK Maths Extension 2/Y12-Trial/Manly 2024 w. sol.pdf (3166 KB)  [done 1939, left 2050]
2026-07-03 10:58:54  OK Maths Advanced/Y12-Trial/Kinross Wolaroi 2015 w. sol.pdf (430 KB)  [done 1940, left 2049]
2026-07-03 10:59:56  OK Maths Extension 1/Y12-Trial/Hurlstone 2023 w. sol.pdf (1120 KB)  [done 1941, left 2048]
2026-07-03 11:01:07  OK Maths Extension 2/Y12-Trial/Manly 2025 w. sol.pdf (2317 KB)  [done 1942, left 2047]
2026-07-03 11:01:38  OK Maths Advanced/Y12-Trial/Kinross Wolaroi 2016 w. sol.pdf (1736 KB)  [done 1943, left 2046]
2026-07-03 11:02:33  OK Maths Extension 1/Y12-Trial/Hurlstone 2024 w. sol.pdf (890 KB)  [done 1944, left 2045]
2026-07-03 11:04:14  base 5228 throttled -> cooldown 1800s (Maths Advanced/Y11-Yearly/Blacktown Boys 2023 w. sol.pdf)
2026-07-03 11:05:19  OK Maths Advanced/Y12-Trial/Kirrawee 2013 w. sol.pdf (398 KB)  [done 1945, left 2044]
2026-07-03 11:07:36  OK Maths Extension 2/Y12-Trial/Masada 2006.pdf (142 KB)  [done 1946, left 2043]
2026-07-03 11:08:12  OK Maths Advanced/Y12-Trial/Kirrawee 2014 w. sol.pdf (465 KB)  [done 1947, left 2042]
2026-07-03 11:08:57  OK Maths Extension 1/Y12-Trial/Hurlstone 2025 w. sol.pdf (1153 KB)  [done 1948, left 2041]
2026-07-03 11:10:39  OK Maths Extension 2/Y12-Trial/Masada 2013.pdf (378 KB)  [done 1949, left 2040]
2026-07-03 11:11:09  base 6520 throttled -> cooldown 1800s (Physics/Y12-HSC/2013 Marking Guidelines.pdf)
2026-07-03 11:11:37  OK Maths Advanced/Y12-Trial/Kirrawee 2015 w. sol.pdf (436 KB)  [done 1950, left 2039]
2026-07-03 11:12:06  base 5318 throttled -> cooldown 1800s (Maths Standard 2/Y12-Trial/Hornsby Girls 2020 w. sol.pdf)
2026-07-03 11:12:35  OK Maths Extension 1/Y12-Trial/International Grammar 2000 w. sol.pdf (337 KB)  [done 1951, left 2038]
2026-07-03 11:13:14  OK Maths Extension 2/Y12-Trial/Masada 2015 w. sol.pdf (657 KB)  [done 1952, left 2037]
2026-07-03 11:14:13  OK Maths Advanced/Y12-Trial/Kirrawee 2016 w. sol.pdf (557 KB)  [done 1953, left 2036]
2026-07-03 11:14:41  base 5310 throttled -> cooldown 1800s (Maths Standard 2/Y12-HSC/2001 Marking Guidelines.pdf)
2026-07-03 11:15:11  OK Maths Extension 1/Y12-Trial/International Grammar 2001 w. sol.pdf (437 KB)  [done 1954, left 2035]
2026-07-03 11:15:48  OK Maths Extension 2/Y12-Trial/Merewether 1999.pdf (260 KB)  [done 1955, left 2034]
2026-07-03 11:16:59  OK Maths Advanced/Y12-Trial/Kirrawee 2017 w. sol.pdf (685 KB)  [done 1956, left 2033]
2026-07-03 11:17:46  OK Maths Extension 1/Y12-Trial/International Grammar 2011 w. sol.pdf (337 KB)  [done 1957, left 2032]
2026-07-03 11:18:25  net-error base 5348: HTTP Error 404: Not Found (cooldown 120s)
2026-07-03 11:19:34  OK Maths Advanced/Y12-Trial/Kirrawee 2018 w. sol.pdf (314 KB)  [done 1958, left 2031]
2026-07-03 11:20:49  OK Maths Extension 1/Y12-Trial/International Grammar 2014.pdf (206 KB)  [done 1959, left 2030]
2026-07-03 11:21:49  OK Maths Extension 2/Y12-Trial/Merewether 2000 w. sol.pdf (439 KB)  [done 1960, left 2029]
2026-07-03 11:22:18  base 5330 throttled -> cooldown 1800s (Maths Extension 1/Y12-HSC/2001 Marking Guidelines.pdf)
2026-07-03 11:22:48  OK Maths Advanced/Y12-Trial/Knox 1991 w. sol.pdf (465 KB)  [done 1961, left 2028]
2026-07-03 11:24:45  OK Maths Extension 1/Y12-Trial/International Grammar 2015 w. sol.pdf (1178 KB)  [done 1962, left 2027]
2026-07-03 11:26:03  OK Maths Extension 2/Y12-Trial/Merewether 2001 w. sol.pdf (270 KB)  [done 1963, left 2026]
2026-07-03 11:27:07  net-error base 5328: HTTP Error 404: Not Found (cooldown 120s)
2026-07-03 11:27:35  base 5340 throttled -> cooldown 1800s (Maths Extension 2/Y12-HSC/2001 Marking Guidelines.pdf)
2026-07-03 11:28:02  base 5320 throttled -> cooldown 1800s (Maths Advanced/Y12-HSC/2001 Marking Guidelines.pdf)
2026-07-03 11:28:30  base 2720 throttled -> cooldown 1800s (English/Y12-HSC/2001 HSC Paper 1.pdf)
2026-07-03 11:28:58  OK Maths Extension 1/Y12-Trial/James Ruse 1992 w. sol.pdf (65 KB)  [done 1964, left 2025]
2026-07-03 11:29:28  OK Maths Extension 2/Y12-Trial/Merewether 2002 w. sol.pdf (466 KB)  [done 1965, left 2024]
2026-07-03 11:30:43  OK Maths Advanced/Y12-Trial/Knox 1994 w. sol.pdf (325 KB)  [done 1966, left 2023]
2026-07-03 11:31:35  OK Maths Extension 1/Y12-Trial/James Ruse 1993 w. sol.pdf (44 KB)  [done 1967, left 2022]
2026-07-03 11:33:00  OK Maths Extension 2/Y12-Trial/Merewether 2003 w. sol.pdf (385 KB)  [done 1968, left 2021]
2026-07-03 11:34:32  OK Maths Advanced/Y12-Trial/Knox 2001 w. sol.pdf (207 KB)  [done 1969, left 2020]
2026-07-03 11:35:01  OK Maths Extension 1/Y12-Trial/James Ruse 1994 w. sol.pdf (40 KB)  [done 1970, left 2019]
2026-07-03 11:35:29  base 5228 throttled -> cooldown 1800s (Maths Advanced/Y11-Yearly/Blacktown Boys 2023 w. sol.pdf)
2026-07-03 11:36:07  OK Maths Extension 2/Y12-Trial/Merewether 2004 w. sol.pdf (576 KB)  [done 1971, left 2018]
2026-07-03 11:37:07  OK Maths Advanced/Y12-Trial/Knox 2003.pdf (443 KB)  [done 1972, left 2017]
2026-07-03 11:37:35  OK Maths Extension 1/Y12-Trial/James Ruse 1995 w. sol.pdf (41 KB)  [done 1973, left 2016]
2026-07-03 11:39:27  OK Maths Extension 2/Y12-Trial/Merewether 2005 w. sol.pdf (605 KB)  [done 1974, left 2015]
2026-07-03 11:40:38  OK Maths Advanced/Y12-Trial/Knox 2004 w. sol.pdf (954 KB)  [done 1975, left 2014]
2026-07-03 11:41:13  OK Maths Extension 1/Y12-Trial/James Ruse 1996 w. sol.pdf (769 KB)  [done 1976, left 2013]
2026-07-03 11:41:41  base 6520 throttled -> cooldown 1800s (Physics/Y12-HSC/2013 Marking Guidelines.pdf)
2026-07-03 11:42:11  OK Maths Extension 2/Y12-Trial/Merewether 2007 w. sol.pdf (580 KB)  [done 1977, left 2012]
2026-07-03 11:42:38  base 5318 throttled -> cooldown 1800s (Maths Standard 2/Y12-Trial/Hornsby Girls 2020 w. sol.pdf)
2026-07-03 11:43:15  OK Maths Advanced/Y12-Trial/Knox 2005 w. sol.pdf (533 KB)  [done 1978, left 2011]
2026-07-03 11:43:49  OK Maths Extension 1/Y12-Trial/James Ruse 1997 w. sol.pdf (54 KB)  [done 1979, left 2010]
2026-07-03 11:45:15  OK Maths Extension 2/Y12-Trial/Merewether 2008 w. sol.pdf (719 KB)  [done 1980, left 2009]
2026-07-03 11:45:43  base 5310 throttled -> cooldown 1800s (Maths Standard 2/Y12-HSC/2001 Marking Guidelines.pdf)
2026-07-03 11:46:12  OK Maths Advanced/Y12-Trial/Knox 2008 w. sol.pdf (474 KB)  [done 1981, left 2008]
2026-07-03 11:46:42  OK Maths Extension 1/Y12-Trial/James Ruse 1998 w. sol.pdf (90 KB)  [done 1982, left 2007]
2026-07-03 11:47:49  OK Maths Extension 2/Y12-Trial/Merewether 2010 w. sol.pdf (534 KB)  [done 1983, left 2006]
2026-07-03 11:48:47  OK Maths Advanced/Y12-Trial/Knox 2010.pdf (440 KB)  [done 1984, left 2005]
2026-07-03 11:49:15  OK Maths Extension 1/Y12-Trial/James Ruse 1999 w. sol.pdf (30 KB)  [done 1985, left 2004]
2026-07-03 11:50:27  OK Maths Extension 2/Y12-Trial/Merewether 2011.pdf (159 KB)  [done 1986, left 2003]
2026-07-03 11:51:52  OK Maths Advanced/Y12-Trial/Knox 2013 w. sol.pdf (548 KB)  [done 1987, left 2002]
2026-07-03 11:52:23  OK Maths Extension 1/Y12-Trial/James Ruse 2000 w. sol.pdf (525 KB)  [done 1988, left 2001]
2026-07-03 11:52:51  base 5330 throttled -> cooldown 1800s (Maths Extension 1/Y12-HSC/2001 Marking Guidelines.pdf)
2026-07-03 11:54:46  OK Maths Extension 2/Y12-Trial/Merewether 2025 w. sol.pdf (18844 KB)  [done 1989, left 2000]
2026-07-03 11:55:44  OK Maths Extension 1/Y12-Trial/James Ruse 2001 w. sol.pdf (350 KB)  [done 1990, left 1999]
2026-07-03 11:56:14  OK Maths Advanced/Y12-Trial/Knox 2014 w. sol.pdf (373 KB)  [done 1991, left 1998]
2026-07-03 11:57:50  OK Maths Extension 2/Y12-Trial/MLC 2016 w. sol.pdf (1412 KB)  [done 1992, left 1997]
2026-07-03 11:58:18  base 5320 throttled -> cooldown 1800s (Maths Advanced/Y12-HSC/2001 Marking Guidelines.pdf)
2026-07-03 11:58:46  base 2720 throttled -> cooldown 1800s (English/Y12-HSC/2001 HSC Paper 1.pdf)
2026-07-03 11:59:13  base 5340 throttled -> cooldown 1800s (Maths Extension 2/Y12-HSC/2001 Marking Guidelines.pdf)
2026-07-03 11:59:43  OK Maths Extension 1/Y12-Trial/James Ruse 2002 w. sol.pdf (330 KB)  [done 1993, left 1996]
2026-07-03 12:01:11  net-error base 5328: HTTP Error 404: Not Found (cooldown 120s)
2026-07-03 12:02:12  net-error base 5348: HTTP Error 404: Not Found (cooldown 120s)
2026-07-03 12:02:57  OK Maths Extension 1/Y12-Trial/James Ruse 2003 w. sol.pdf (140 KB)  [done 1994, left 1995]
2026-07-03 12:03:43  OK Maths Advanced/Y12-Trial/Knox 2015 w. sol.pdf (1300 KB)  [done 1995, left 1994]
2026-07-03 12:04:17  OK Maths Extension 2/Y12-Trial/Moriah 2001 w. sol.pdf (217 KB)  [done 1996, left 1993]
2026-07-03 12:06:35  OK Maths Extension 1/Y12-Trial/James Ruse 2004 w. sol.pdf (608 KB)  [done 1997, left 1992]
2026-07-03 12:07:04  base 5228 throttled -> cooldown 1800s (Maths Advanced/Y11-Yearly/Blacktown Boys 2023 w. sol.pdf)
2026-07-03 12:07:35  OK Maths Extension 2/Y12-Trial/Moriah 2002.pdf (258 KB)  [done 1998, left 1991]
2026-07-03 12:08:06  OK Maths Advanced/Y12-Trial/Knox 2016 w. sol.pdf (2156 KB)  [done 1999, left 1990]
2026-07-03 12:09:10  OK Maths Extension 1/Y12-Trial/James Ruse 2005 w. sol.pdf (354 KB)  [done 2000, left 1989]
2026-07-03 12:10:35  OK Maths Extension 2/Y12-Trial/Moriah 2003 w. sol.pdf (458 KB)  [done 2001, left 1988]
2026-07-03 12:11:35  OK Maths Advanced/Y12-Trial/Knox 2021 w. sol.pdf (643 KB)  [done 2002, left 1987]
2026-07-03 12:12:05  OK Maths Extension 1/Y12-Trial/James Ruse 2006 w. sol.pdf (639 KB)  [done 2003, left 1986]
2026-07-03 12:12:35  base 6520 throttled -> cooldown 1800s (Physics/Y12-HSC/2013 Marking Guidelines.pdf)
2026-07-03 12:13:17  base 5318 throttled -> cooldown 1800s (Maths Standard 2/Y12-Trial/Hornsby Girls 2020 w. sol.pdf)
2026-07-03 12:13:52  OK Maths Extension 2/Y12-Trial/Moriah 2023 w. sol.pdf (1582 KB)  [done 2004, left 1985]
2026-07-03 12:14:32  OK Maths Advanced/Y12-Trial/Knox 2022.pdf (2332 KB)  [done 2005, left 1984]
2026-07-03 12:15:04  OK Maths Extension 1/Y12-Trial/James Ruse 2007 w. sol.pdf (588 KB)  [done 2006, left 1983]
2026-07-03 12:16:16  net-error base 5310: HTTP Error 404: Not Found (cooldown 120s)
2026-07-03 12:17:16  OK Maths Extension 2/Y12-Trial/Newcastle Grammar 2004 w. sol.pdf (900 KB)  [done 2007, left 1982]
2026-07-03 12:18:50  OK Maths Advanced/Y12-Trial/Knox 2023.pdf (903 KB)  [done 2008, left 1981]
2026-07-03 12:19:33  base 5310 throttled -> cooldown 1800s (Maths Standard 2/Y12-HSC/2001 Marking Guidelines.pdf)
2026-07-03 12:20:08  OK Maths Extension 1/Y12-Trial/James Ruse 2008 w. sol.pdf (767 KB)  [done 2009, left 1980]
2026-07-03 12:20:43  OK Maths Extension 2/Y12-Trial/Newcastle Grammar 2011 w. sol.pdf (586 KB)  [done 2010, left 1979]
2026-07-03 12:21:58  OK Maths Advanced/Y12-Trial/Knox 2024 w. sol.pdf (3995 KB)  [done 2011, left 1978]
2026-07-03 12:22:43  OK Maths Extension 1/Y12-Trial/James Ruse 2009 w. sol.pdf (278 KB)  [done 2012, left 1977]
2026-07-03 12:23:12  base 5330 throttled -> cooldown 1800s (Maths Extension 1/Y12-HSC/2001 Marking Guidelines.pdf)
2026-07-03 12:23:40  OK Maths Extension 2/Y12-Trial/Newington 1989.pdf (49 KB)  [done 2013, left 1976]
2026-07-03 12:24:35  OK Maths Advanced/Y12-Trial/Loreto Kirribilli 2001 w. sol.pdf (446 KB)  [done 2014, left 1975]
2026-07-03 12:25:19  OK Maths Extension 1/Y12-Trial/James Ruse 2010 w. sol.pdf (737 KB)  [done 2015, left 1974]
2026-07-03 12:26:15  OK Maths Extension 2/Y12-Trial/Newington 1999 w. sol.pdf (672 KB)  [done 2016, left 1973]
2026-07-03 12:27:09  OK Maths Advanced/Y12-Trial/Manly 2001.pdf (442 KB)  [done 2017, left 1972]
2026-07-03 12:27:54  OK Maths Extension 1/Y12-Trial/James Ruse 2011 w. sol.pdf (620 KB)  [done 2018, left 1971]
2026-07-03 12:28:22  base 5320 throttled -> cooldown 1800s (Maths Advanced/Y12-HSC/2001 Marking Guidelines.pdf)
2026-07-03 12:28:50  base 2720 throttled -> cooldown 1800s (English/Y12-HSC/2001 HSC Paper 1.pdf)
2026-07-03 12:29:20  OK Maths Extension 2/Y12-Trial/Newington 2003.pdf (796 KB)  [done 2019, left 1970]
2026-07-03 12:29:50  OK Maths Advanced/Y12-Trial/Manly 2002.pdf (644 KB)  [done 2020, left 1969]
2026-07-03 12:30:18  base 5340 throttled -> cooldown 1800s (Maths Extension 2/Y12-HSC/2001 Marking Guidelines.pdf)
2026-07-03 12:30:49  OK Maths Extension 1/Y12-Trial/James Ruse 2012 w. sol.pdf (835 KB)  [done 2021, left 1968]
2026-07-03 12:31:53  OK Maths Extension 2/Y12-Trial/Newington 2004 w. sol.pdf (204 KB)  [done 2022, left 1967]
2026-07-03 12:32:28  OK Maths Advanced/Y12-Trial/Manly 2005 w. sol.pdf (863 KB)  [done 2023, left 1966]
2026-07-03 12:33:23  OK Maths Extension 1/Y12-Trial/James Ruse 2013 w. sol.pdf (744 KB)  [done 2024, left 1965]
2026-07-03 12:34:27  OK Maths Extension 2/Y12-Trial/Newington 2005 w. sol.pdf (226 KB)  [done 2025, left 1964]
2026-07-03 12:35:02  OK Maths Advanced/Y12-Trial/Manly 2011 w. sol.pdf (475 KB)  [done 2026, left 1963]
2026-07-03 12:35:58  OK Maths Extension 1/Y12-Trial/James Ruse 2014 w. sol.pdf (829 KB)  [done 2027, left 1962]
2026-07-03 12:37:01  OK Maths Extension 2/Y12-Trial/Newington 2006 w. sol.pdf (240 KB)  [done 2028, left 1961]
2026-07-03 12:37:29  base 5228 throttled -> cooldown 1800s (Maths Advanced/Y11-Yearly/Blacktown Boys 2023 w. sol.pdf)
2026-07-03 12:38:00  OK Maths Advanced/Y12-Trial/Manly 2015 w. sol.pdf (885 KB)  [done 2029, left 1960]
2026-07-03 12:38:35  OK Maths Extension 1/Y12-Trial/James Ruse 2015 w. sol.pdf (692 KB)  [done 2030, left 1959]
2026-07-03 12:39:35  OK Maths Extension 2/Y12-Trial/Newington 2007 w. sol.pdf (396 KB)  [done 2031, left 1958]
2026-07-03 12:40:37  OK Maths Advanced/Y12-Trial/Manly 2016 w. sol.pdf (1399 KB)  [done 2032, left 1957]
2026-07-03 12:41:12  OK Maths Extension 1/Y12-Trial/James Ruse 2016 w. sol.pdf (1460 KB)  [done 2033, left 1956]
2026-07-03 12:42:13  OK Maths Extension 2/Y12-Trial/Newington 2008 w. sol.pdf (1907 KB)  [done 2034, left 1955]
2026-07-03 12:42:41  base 6520 throttled -> cooldown 1800s (Physics/Y12-HSC/2013 Marking Guidelines.pdf)
2026-07-03 12:43:18  OK Maths Advanced/Y12-Trial/Manly 2017 w. sol.pdf (1616 KB)  [done 2035, left 1954]
2026-07-03 12:44:59  base 5318 throttled -> cooldown 1800s (Maths Standard 2/Y12-Trial/Hornsby Girls 2020 w. sol.pdf)
2026-07-03 12:45:47  OK Maths Extension 1/Y12-Trial/James Ruse 2017 w. sol.pdf (608 KB)  [done 2036, left 1953]
2026-07-03 12:46:16  OK Maths Extension 2/Y12-Trial/Newington 2009 w. sol.pdf (285 KB)  [done 2037, left 1952]
2026-07-03 12:46:59  net-error base 5328: HTTP Error 404: Not Found (cooldown 120s)
2026-07-03 12:48:25  OK Maths Extension 1/Y12-Trial/James Ruse 2018 w. sol.pdf (823 KB)  [done 2038, left 1951]
2026-07-03 12:48:54  OK Maths Extension 2/Y12-Trial/Newington 2012.pdf (317 KB)  [done 2039, left 1950]
2026-07-03 12:49:33  OK Maths Advanced/Y12-Trial/Manly 2018 w. sol.pdf (1518 KB)  [done 2040, left 1949]
2026-07-03 12:50:01  base 5310 throttled -> cooldown 1800s (Maths Standard 2/Y12-HSC/2001 Marking Guidelines.pdf)
2026-07-03 12:51:02  OK Maths Extension 1/Y12-Trial/James Ruse 2019 w. sol.pdf (2074 KB)  [done 2041, left 1948]
2026-07-03 12:51:33  OK Maths Extension 2/Y12-Trial/Newington 2025.pdf (843 KB)  [done 2042, left 1947]
2026-07-03 12:52:13  OK Maths Advanced/Y12-Trial/Manly 2019 w. sol.pdf (1576 KB)  [done 2043, left 1946]
2026-07-03 12:53:15  base 5330 throttled -> cooldown 1800s (Maths Extension 1/Y12-HSC/2001 Marking Guidelines.pdf)
2026-07-03 12:53:49  OK Maths Extension 1/Y12-Trial/James Ruse 2020 w. sol.pdf (7935 KB)  [done 2044, left 1945]
2026-07-03 12:54:18  OK Maths Extension 2/Y12-Trial/Normanhurst Boys 2013 w. sol.pdf (390 KB)  [done 2045, left 1944]
2026-07-03 12:54:58  OK Maths Advanced/Y12-Trial/Manly 2020 w. sol.pdf (2117 KB)  [done 2046, left 1943]
2026-07-03 12:56:31  OK Maths Extension 1/Y12-Trial/James Ruse 2022 w. sol.pdf (5284 KB)  [done 2047, left 1942]
2026-07-03 12:57:00  OK Maths Extension 2/Y12-Trial/Normanhurst Boys 2014 w. sol.pdf (362 KB)  [done 2048, left 1941]
2026-07-03 12:57:39  OK Maths Advanced/Y12-Trial/Manly 2021 w. sol.pdf (2034 KB)  [done 2049, left 1940]
2026-07-03 12:58:25  base 5320 throttled -> cooldown 1800s (Maths Advanced/Y12-HSC/2001 Marking Guidelines.pdf)
2026-07-03 12:58:53  base 2720 throttled -> cooldown 1800s (English/Y12-HSC/2001 HSC Paper 1.pdf)
2026-07-03 12:59:35  OK Maths Extension 1/Y12-Trial/James Ruse 2023 w. sol.pdf (9013 KB)  [done 2050, left 1939]
2026-07-03 13:00:05  OK Maths Extension 2/Y12-Trial/Normanhurst Boys 2015 w. sol.pdf (913 KB)  [done 2051, left 1938]
2026-07-03 13:00:42  net-error base 5340: HTTP Error 404: Not Found (cooldown 120s)
2026-07-03 13:01:18  OK Maths Advanced/Y12-Trial/Manly 2022 w. sol.pdf (2558 KB)  [done 2052, left 1937]
2026-07-03 13:02:16  OK Maths Extension 1/Y12-Trial/James Ruse 2024 w. sol.pdf (4517 KB)  [done 2053, left 1936]
2026-07-03 13:02:48  OK Maths Extension 2/Y12-Trial/Normanhurst Boys 2016 w. sol.pdf (1184 KB)  [done 2054, left 1935]
2026-07-03 13:03:16  base 5340 throttled -> cooldown 1800s (Maths Extension 2/Y12-HSC/2001 Marking Guidelines.pdf)
2026-07-03 13:03:59  OK Maths Advanced/Y12-Trial/Manly 2023 w. sol.pdf (2875 KB)  [done 2055, left 1934]
2026-07-03 13:05:45  OK Maths Extension 1/Y12-Trial/James Ruse 2025 w. sol.pdf (7464 KB)  [done 2056, left 1933]
2026-07-03 13:06:34  OK Maths Extension 2/Y12-Trial/Normanhurst Boys 2017 w. sol.pdf (296 KB)  [done 2057, left 1932]
2026-07-03 13:07:15  OK Maths Advanced/Y12-Trial/Manly 2024 w. sol.pdf (1972 KB)  [done 2058, left 1931]
2026-07-03 13:07:43  base 5228 throttled -> cooldown 1800s (Maths Advanced/Y11-Yearly/Blacktown Boys 2023 w. sol.pdf)
2026-07-03 13:08:21  OK Maths Extension 1/Y12-Trial/Kambala 2000 w. sol.pdf (1033 KB)  [done 2059, left 1930]
2026-07-03 13:09:14  OK Maths Extension 2/Y12-Trial/Normanhurst Boys 2018 w. sol.pdf (1558 KB)  [done 2060, left 1929]
2026-07-03 13:09:54  OK Maths Advanced/Y12-Trial/Manly 2025 w. sol.pdf (2565 KB)  [done 2061, left 1928]
2026-07-03 13:12:04  net-error base 5338: HTTP Error 404: Not Found (cooldown 120s)
2026-07-03 13:13:05  OK Maths Extension 2/Y12-Trial/Normanhurst Boys 2019 w. sol.pdf (299 KB)  [done 2062, left 1927]
2026-07-03 13:14:15  OK Maths Advanced/Y12-Trial/Merewether 2025 w. sol.pdf (8972 KB)  [done 2063, left 1926]
2026-07-03 13:14:43  base 6520 throttled -> cooldown 1800s (Physics/Y12-HSC/2013 Marking Guidelines.pdf)
2026-07-03 13:15:11  OK Maths Extension 1/Y12-Trial/Kambala 2007 w. sol.pdf (365 KB)  [done 2064, left 1925]
2026-07-03 13:15:40  OK Maths Extension 2/Y12-Trial/Normanhurst Boys 2020 w. sol.pdf (331 KB)  [done 2065, left 1924]
2026-07-03 13:16:08  base 5318 throttled -> cooldown 1800s (Maths Standard 2/Y12-Trial/Hornsby Girls 2020 w. sol.pdf)
2026-07-03 13:16:56  OK Maths Advanced/Y12-Trial/MLC 2016 w. sol.pdf (1173 KB)  [done 2066, left 1923]
2026-07-03 13:17:47  OK Maths Extension 1/Y12-Trial/Kambala 2013 w. sol.pdf (1065 KB)  [done 2067, left 1922]
2026-07-03 13:18:16  OK Maths Extension 2/Y12-Trial/Normanhurst Boys 2021 w. sol.pdf (305 KB)  [done 2068, left 1921]
2026-07-03 13:19:33  OK Maths Advanced/Y12-Trial/Moriah 2021 w. sol.pdf (866 KB)  [done 2069, left 1920]
2026-07-03 13:20:15  base 5310 throttled -> cooldown 1800s (Maths Standard 2/Y12-HSC/2001 Marking Guidelines.pdf)
2026-07-03 13:20:47  OK Maths Extension 1/Y12-Trial/Kambala 2015.pdf (1428 KB)  [done 2070, left 1919]
2026-07-03 13:21:17  OK Maths Extension 2/Y12-Trial/Normanhurst Boys 2022 w. sol.pdf (405 KB)  [done 2071, left 1918]
2026-07-03 13:22:17  OK Maths Advanced/Y12-Trial/Moriah 2023 w. sol.pdf (3319 KB)  [done 2072, left 1917]
2026-07-03 13:23:17  base 5330 throttled -> cooldown 1800s (Maths Extension 1/Y12-HSC/2001 Marking Guidelines.pdf)
2026-07-03 13:23:46  OK Maths Extension 1/Y12-Trial/Killara 2008 w. sol.pdf (243 KB)  [done 2073, left 1916]
2026-07-03 13:24:21  OK Maths Extension 2/Y12-Trial/Normanhurst Boys 2023 w. sol.pdf (4816 KB)  [done 2074, left 1915]
2026-07-03 13:25:03  OK Maths Advanced/Y12-Trial/Newcastle Grammar 2003 w. sol.pdf (468 KB)  [done 2075, left 1914]
2026-07-03 13:26:36  OK Maths Extension 1/Y12-Trial/Killara 2010 w. sol.pdf (165 KB)  [done 2076, left 1913]
2026-07-03 13:27:05  OK Maths Extension 2/Y12-Trial/Normanhurst Boys 2024 w. sol.pdf (328 KB)  [done 2077, left 1912]
2026-07-03 13:27:40  OK Maths Advanced/Y12-Trial/Newcastle Grammar 2005 w. sol.pdf (585 KB)  [done 2078, left 1911]
2026-07-03 13:28:28  base 5320 throttled -> cooldown 1800s (Maths Advanced/Y12-HSC/2001 Marking Guidelines.pdf)
2026-07-03 13:29:03  base 2720 throttled -> cooldown 1800s (English/Y12-HSC/2001 HSC Paper 1.pdf)
2026-07-03 13:29:32  OK Maths Extension 1/Y12-Trial/Killara 2011 w. sol.pdf (596 KB)  [done 2079, left 1910]
2026-07-03 13:30:01  OK Maths Extension 2/Y12-Trial/Normanhurst Boys 2025 w. sol.pdf (397 KB)  [done 2080, left 1909]
2026-07-03 13:30:31  OK Maths Advanced/Y12-Trial/Newcastle Grammar 2011 w. sol.pdf (1107 KB)  [done 2081, left 1908]
2026-07-03 13:32:05  OK Maths Extension 1/Y12-Trial/Killara 2012 w. sol.pdf (278 KB)  [done 2082, left 1907]
2026-07-03 13:32:42  OK Maths Extension 2/Y12-Trial/North Sydney Boys 2002 w. sol.pdf (2159 KB)  [done 2083, left 1906]
2026-07-03 13:33:11  OK Maths Advanced/Y12-Trial/Newington 1989 w. sol.pdf (370 KB)  [done 2084, left 1905]
2026-07-03 13:34:04  net-error base 5340: HTTP Error 404: Not Found (cooldown 120s)
2026-07-03 13:35:18  net-error base 5338: HTTP Error 404: Not Found (cooldown 120s)
2026-07-03 13:36:17  net-error base 5328: HTTP Error 404: Not Found (cooldown 120s)
2026-07-03 13:37:20  OK Maths Extension 2/Y12-Trial/North Sydney Boys 2004 w. sol.pdf (3017 KB)  [done 2085, left 1904]
2026-07-03 13:38:10  base 5340 throttled -> cooldown 1800s (Maths Extension 2/Y12-HSC/2001 Marking Guidelines.pdf)
2026-07-03 13:39:08  net-error base 5328: HTTP Error 404: Not Found (cooldown 120s)
2026-07-03 13:39:38  OK Maths Extension 1/Y12-Trial/Killara 2014 w. sol.pdf (843 KB)  [done 2086, left 1903]
2026-07-03 13:40:27  OK Maths Extension 2/Y12-Trial/North Sydney Boys 2005.pdf (133 KB)  [done 2087, left 1902]
2026-07-03 13:40:55  base 5228 throttled -> cooldown 1800s (Maths Advanced/Y11-Yearly/Blacktown Boys 2023 w. sol.pdf)
2026-07-03 13:41:24  OK Maths Advanced/Y12-Trial/Newington 1999 w. sol.pdf (559 KB)  [done 2088, left 1901]
2026-07-03 13:42:49  net-error base 5338: HTTP Error 404: Not Found (cooldown 120s)
2026-07-03 13:43:18  OK Maths Extension 2/Y12-Trial/North Sydney Boys 2007 w. sol.pdf (389 KB)  [done 2089, left 1900]
2026-07-03 13:43:58  OK Maths Advanced/Y12-Trial/Newington 2003 w. sol.pdf (384 KB)  [done 2090, left 1899]
2026-07-03 13:44:48  net-error base 6520: HTTP Error 404: Not Found (cooldown 120s)
2026-07-03 13:45:23  OK Maths Extension 1/Y12-Trial/Killara 2015 w. sol.pdf (3079 KB)  [done 2091, left 1898]
2026-07-03 13:46:34  OK Maths Extension 2/Y12-Trial/North Sydney Boys 2009 w. sol.pdf (857 KB)  [done 2092, left 1897]
2026-07-03 13:47:32  net-error base 5318: HTTP Error 404: Not Found (cooldown 120s)
2026-07-03 13:48:10  net-error base 5328: HTTP Error 404: Not Found (cooldown 120s)
2026-07-03 13:48:44  OK Maths Extension 1/Y12-Trial/Killara 2016 w. sol.pdf (1290 KB)  [done 2093, left 1896]
2026-07-03 13:49:54  OK Maths Extension 2/Y12-Trial/North Sydney Boys 2010 w. sol.pdf (1516 KB)  [done 2094, left 1895]
2026-07-03 13:50:23  base 5310 throttled -> cooldown 1800s (Maths Standard 2/Y12-HSC/2001 Marking Guidelines.pdf)
2026-07-03 13:51:22  net-error base 6520: HTTP Error 404: Not Found (cooldown 120s)
2026-07-03 13:52:19  net-error base 5318: HTTP Error 404: Not Found (cooldown 120s)
2026-07-03 13:53:18  net-error base 5328: HTTP Error 404: Not Found (cooldown 120s)
2026-07-03 13:53:46  base 6520 throttled -> cooldown 1800s (Physics/Y12-HSC/2013 Marking Guidelines.pdf)
2026-07-03 13:54:17  OK Maths Extension 2/Y12-Trial/North Sydney Boys 2011 w. sol.pdf (511 KB)  [done 2095, left 1894]
2026-07-03 13:54:44  base 5330 throttled -> cooldown 1800s (Maths Extension 1/Y12-HSC/2001 Marking Guidelines.pdf)
2026-07-03 13:55:12  base 5318 throttled -> cooldown 1800s (Maths Standard 2/Y12-Trial/Hornsby Girls 2020 w. sol.pdf)
2026-07-03 13:55:41  OK Maths Advanced/Y12-Trial/Newington 2004 w. sol.pdf (674 KB)  [done 2096, left 1893]
2026-07-03 13:56:13  OK Maths Extension 1/Y12-Trial/Killara 2017 w. sol.pdf (936 KB)  [done 2097, left 1892]
2026-07-03 13:56:51  OK Maths Extension 2/Y12-Trial/North Sydney Boys 2012 w. sol.pdf (531 KB)  [done 2098, left 1891]
2026-07-03 13:58:15  OK Maths Advanced/Y12-Trial/Newington 2005 w. sol.pdf (304 KB)  [done 2099, left 1890]
2026-07-03 13:58:43  base 5320 throttled -> cooldown 1800s (Maths Advanced/Y12-HSC/2001 Marking Guidelines.pdf)
2026-07-03 13:59:11  base 2720 throttled -> cooldown 1800s (English/Y12-HSC/2001 HSC Paper 1.pdf)
2026-07-03 13:59:45  OK Maths Extension 1/Y12-Trial/Killara 2018 w. sol.pdf (2223 KB)  [done 2100, left 1889]
2026-07-03 14:00:14  OK Maths Extension 2/Y12-Trial/North Sydney Boys 2013 w. sol.pdf (746 KB)  [done 2101, left 1888]
2026-07-03 14:00:50  OK Maths Advanced/Y12-Trial/Newington 2006 w. sol.pdf (359 KB)  [done 2102, left 1887]
2026-07-03 14:02:23  OK Maths Extension 1/Y12-Trial/Killara 2019 w. sol.pdf (1895 KB)  [done 2103, left 1886]
2026-07-03 14:02:53  OK Maths Extension 2/Y12-Trial/North Sydney Boys 2014 w. sol.pdf (204 KB)  [done 2104, left 1885]
2026-07-03 14:03:41  OK Maths Advanced/Y12-Trial/Newington 2007 w. sol.pdf (791 KB)  [done 2105, left 1884]
2026-07-03 14:05:05  OK Maths Extension 1/Y12-Trial/Killara 2020 w. sol.pdf (572 KB)  [done 2106, left 1883]
2026-07-03 14:05:35  OK Maths Extension 2/Y12-Trial/North Sydney Boys 2015 w. sol.pdf (763 KB)  [done 2107, left 1882]
2026-07-03 14:06:18  OK Maths Advanced/Y12-Trial/Newington 2008 w. sol.pdf (528 KB)  [done 2108, left 1881]
2026-07-03 14:08:49  OK Maths Extension 1/Y12-Trial/Killara 2021 w. sol.pdf (2690 KB)  [done 2109, left 1880]
2026-07-03 14:09:19  OK Maths Advanced/Y12-Trial/Newington 2009 w. sol.pdf (807 KB)  [done 2110, left 1879]
2026-07-03 14:09:50  OK Maths Extension 2/Y12-Trial/North Sydney Boys 2016 w. sol.pdf (997 KB)  [done 2111, left 1878]
2026-07-03 14:10:18  base 5340 throttled -> cooldown 1800s (Maths Extension 2/Y12-HSC/2001 Marking Guidelines.pdf)
2026-07-03 14:11:05  base 5228 throttled -> cooldown 1800s (Maths Advanced/Y11-Yearly/Blacktown Boys 2023 w. sol.pdf)
2026-07-03 14:11:37  OK Maths Extension 1/Y12-Trial/Killara 2022 w. sol.pdf (1138 KB)  [done 2112, left 1877]
2026-07-03 14:12:06  OK Maths Advanced/Y12-Trial/Newington 2011 w. sol.pdf (292 KB)  [done 2113, left 1876]
2026-07-03 14:12:36  OK Maths Extension 2/Y12-Trial/North Sydney Boys 2017 w. sol.pdf (522 KB)  [done 2114, left 1875]
2026-07-03 14:14:27  net-error base 5338: HTTP Error 404: Not Found (cooldown 120s)
2026-07-03 14:15:42  net-error base 5328: HTTP Error 404: Not Found (cooldown 120s)
2026-07-03 14:16:13  OK Maths Extension 2/Y12-Trial/North Sydney Boys 2018 w. sol.pdf (1462 KB)  [done 2115, left 1874]
2026-07-03 14:16:45  OK Maths Extension 1/Y12-Trial/Killara 2023 w. sol.pdf (1325 KB)  [done 2116, left 1873]
2026-07-03 14:17:47  OK Maths Advanced/Y12-Trial/Newington 2012 w. sol.pdf (656 KB)  [done 2117, left 1872]
2026-07-03 14:18:50  OK Maths Extension 2/Y12-Trial/North Sydney Boys 2019 w. sol.pdf (2105 KB)  [done 2118, left 1871]
2026-07-03 14:19:23  OK Maths Extension 1/Y12-Trial/Killara 2024 w. sol.pdf (1487 KB)  [done 2119, left 1870]
2026-07-03 14:20:22  OK Maths Advanced/Y12-Trial/Newington 2015 w. sol.pdf (689 KB)  [done 2120, left 1869]
2026-07-03 14:20:50  base 5310 throttled -> cooldown 1800s (Maths Standard 2/Y12-HSC/2001 Marking Guidelines.pdf)
2026-07-03 14:21:27  OK Maths Extension 2/Y12-Trial/North Sydney Boys 2020 w. sol.pdf (2130 KB)  [done 2121, left 1868]
2026-07-03 14:22:05  OK Maths Extension 1/Y12-Trial/Killara 2025 w. sol.pdf (2280 KB)  [done 2122, left 1867]
2026-07-03 14:23:22  OK Maths Advanced/Y12-Trial/Newington 2024.pdf (958 KB)  [done 2123, left 1866]
2026-07-03 14:23:50  base 6520 throttled -> cooldown 1800s (Physics/Y12-HSC/2013 Marking Guidelines.pdf)
2026-07-03 14:24:28  OK Maths Extension 2/Y12-Trial/North Sydney Boys 2021 w. sol.pdf (5413 KB)  [done 2124, left 1865]
2026-07-03 14:24:58  OK Maths Extension 1/Y12-Trial/Kincoppal 2000 w. sol.pdf (803 KB)  [done 2125, left 1864]
2026-07-03 14:25:28  net-error base 5330: HTTP Error 404: Not Found (cooldown 120s)
2026-07-03 14:25:56  base 5318 throttled -> cooldown 1800s (Maths Standard 2/Y12-Trial/Hornsby Girls 2020 w. sol.pdf)
2026-07-03 14:26:26  OK Maths Advanced/Y12-Trial/Normanhurst Boys 2011 w. sol.pdf (352 KB)  [done 2126, left 1863]
2026-07-03 14:27:28  OK Maths Extension 2/Y12-Trial/North Sydney Boys 2022 w. sol.pdf (6918 KB)  [done 2127, left 1862]
2026-07-03 14:27:56  base 5330 throttled -> cooldown 1800s (Maths Extension 1/Y12-HSC/2001 Marking Guidelines.pdf)
2026-07-03 14:28:27  OK Maths Extension 1/Y12-Trial/Kincoppal 2001.pdf (188 KB)  [done 2128, left 1861]
2026-07-03 14:28:59  base 5320 throttled -> cooldown 1800s (Maths Advanced/Y12-HSC/2001 Marking Guidelines.pdf)
2026-07-03 14:29:28  base 2720 throttled -> cooldown 1800s (English/Y12-HSC/2001 HSC Paper 1.pdf)
2026-07-03 14:30:03  OK Maths Advanced/Y12-Trial/Normanhurst Boys 2013 w. sol.pdf (287 KB)  [done 2129, left 1860]
2026-07-03 14:30:50  OK Maths Extension 2/Y12-Trial/North Sydney Boys 2023 w. sol.pdf (1764 KB)  [done 2130, left 1859]
2026-07-03 14:31:22  OK Maths Extension 1/Y12-Trial/Kincoppal 2002 w. sol.pdf (413 KB)  [done 2131, left 1858]
2026-07-03 14:32:37  OK Maths Advanced/Y12-Trial/Normanhurst Boys 2014 w. sol.pdf (428 KB)  [done 2132, left 1857]
2026-07-03 14:33:31  OK Maths Extension 2/Y12-Trial/North Sydney Boys 2024 w. sol.pdf (5087 KB)  [done 2133, left 1856]
2026-07-03 14:33:59  OK Maths Extension 1/Y12-Trial/Kincoppal 2003 w. sol.pdf (168 KB)  [done 2134, left 1855]
2026-07-03 14:35:11  OK Maths Advanced/Y12-Trial/Normanhurst Boys 2015 w. sol.pdf (156 KB)  [done 2135, left 1854]
2026-07-03 14:36:12  OK Maths Extension 2/Y12-Trial/North Sydney Boys 2025 w. sol.pdf (7593 KB)  [done 2136, left 1853]
2026-07-03 14:36:41  OK Maths Extension 1/Y12-Trial/Kincoppal 2004 w. sol.pdf (237 KB)  [done 2137, left 1852]
2026-07-03 14:37:46  OK Maths Advanced/Y12-Trial/Normanhurst Boys 2016 w. sol.pdf (644 KB)  [done 2138, left 1851]
2026-07-03 14:38:47  OK Maths Extension 2/Y12-Trial/North Sydney Girls 1997 w. sol.pdf (611 KB)  [done 2139, left 1850]
2026-07-03 14:39:16  OK Maths Extension 1/Y12-Trial/Kincoppal 2005 w. sol.pdf (83 KB)  [done 2140, left 1849]
2026-07-03 14:41:00  OK Maths Advanced/Y12-Trial/Normanhurst Boys 2017 w. sol.pdf (1155 KB)  [done 2141, left 1848]
2026-07-03 14:41:35  base 5340 throttled -> cooldown 1800s (Maths Extension 2/Y12-HSC/2001 Marking Guidelines.pdf)
2026-07-03 14:43:02  OK Maths Extension 2/Y12-Trial/North Sydney Girls 2006 w. sol.pdf (937 KB)  [done 2142, left 1847]
2026-07-03 14:43:31  base 5228 throttled -> cooldown 1800s (Maths Advanced/Y11-Yearly/Blacktown Boys 2023 w. sol.pdf)
2026-07-03 14:44:15  OK Maths Advanced/Y12-Trial/Normanhurst Boys 2018 w. sol.pdf (633 KB)  [done 2143, left 1846]
2026-07-03 14:44:45  OK Maths Extension 1/Y12-Trial/Kincoppal 2006 w. sol.pdf (271 KB)  [done 2144, left 1845]
2026-07-03 14:45:37  OK Maths Extension 2/Y12-Trial/North Sydney Girls 2007 w. sol.pdf (637 KB)  [done 2145, left 1844]
2026-07-03 14:46:50  OK Maths Advanced/Y12-Trial/Normanhurst Boys 2019 w. sol.pdf (536 KB)  [done 2146, left 1843]
2026-07-03 14:47:33  net-error base 5338: HTTP Error 404: Not Found (cooldown 120s)
2026-07-03 14:48:11  OK Maths Extension 2/Y12-Trial/North Sydney Girls 2008 w. sol.pdf (198 KB)  [done 2147, left 1842]
2026-07-03 14:49:24  OK Maths Advanced/Y12-Trial/Normanhurst Boys 2020 w. sol.pdf (290 KB)  [done 2148, left 1841]
2026-07-03 14:49:52  OK Maths Extension 1/Y12-Trial/Kincoppal 2008 w. sol.pdf (109 KB)  [done 2149, left 1840]
2026-07-03 14:50:45  OK Maths Extension 2/Y12-Trial/North Sydney Girls 2009 w. sol.pdf (246 KB)  [done 2150, left 1839]
2026-07-03 14:51:13  base 5310 throttled -> cooldown 1800s (Maths Standard 2/Y12-HSC/2001 Marking Guidelines.pdf)
2026-07-03 14:51:58  OK Maths Advanced/Y12-Trial/Normanhurst Boys 2021 w. sol.pdf (290 KB)  [done 2151, left 1838]
2026-07-03 14:52:27  OK Maths Extension 1/Y12-Trial/Kincoppal 2009 w. sol.pdf (368 KB)  [done 2152, left 1837]
2026-07-03 14:53:21  OK Maths Extension 2/Y12-Trial/North Sydney Girls 2010 w. sol.pdf (824 KB)  [done 2153, left 1836]
2026-07-03 14:53:53  base 6520 throttled -> cooldown 1800s (Physics/Y12-HSC/2013 Marking Guidelines.pdf)
2026-07-03 14:54:33  OK Maths Advanced/Y12-Trial/Normanhurst Boys 2022 w. sol.pdf (1177 KB)  [done 2154, left 1835]
2026-07-03 14:55:02  OK Maths Extension 1/Y12-Trial/Kings 1999.pdf (65 KB)  [done 2155, left 1834]
2026-07-03 14:55:56  OK Maths Extension 2/Y12-Trial/North Sydney Girls 2011 w. sol.pdf (306 KB)  [done 2156, left 1833]
2026-07-03 14:56:24  base 5318 throttled -> cooldown 1800s (Maths Standard 2/Y12-Trial/Hornsby Girls 2020 w. sol.pdf)
2026-07-03 14:57:16  OK Maths Advanced/Y12-Trial/Normanhurst Boys 2023 w. sol.pdf (4779 KB)  [done 2157, left 1832]
2026-07-03 14:57:45  OK Maths Extension 1/Y12-Trial/Kings 2003 w. sol.pdf (90 KB)  [done 2158, left 1831]
2026-07-03 14:58:12  base 5330 throttled -> cooldown 1800s (Maths Extension 1/Y12-HSC/2001 Marking Guidelines.pdf)
2026-07-03 14:58:42  OK Maths Extension 2/Y12-Trial/North Sydney Girls 2012 w. sol.pdf (311 KB)  [done 2159, left 1830]
2026-07-03 14:59:10  base 5320 throttled -> cooldown 1800s (Maths Advanced/Y12-HSC/2001 Marking Guidelines.pdf)
2026-07-03 14:59:38  base 2720 throttled -> cooldown 1800s (English/Y12-HSC/2001 HSC Paper 1.pdf)
2026-07-03 15:00:18  OK Maths Advanced/Y12-Trial/Normanhurst Boys 2024 w. sol.pdf (5175 KB)  [done 2160, left 1829]
2026-07-03 15:00:47  OK Maths Extension 1/Y12-Trial/Kings 2004 w. sol.pdf (111 KB)  [done 2161, left 1828]
2026-07-03 15:01:21  OK Maths Extension 2/Y12-Trial/North Sydney Girls 2013 w. sol.pdf (344 KB)  [done 2162, left 1827]
2026-07-03 15:02:52  OK Maths Advanced/Y12-Trial/Normanhurst Boys 2025 w. sol.pdf (352 KB)  [done 2163, left 1826]
2026-07-03 15:03:23  OK Maths Extension 1/Y12-Trial/Kings 2005 w. sol.pdf (508 KB)  [done 2164, left 1825]
2026-07-03 15:04:00  OK Maths Extension 2/Y12-Trial/North Sydney Girls 2014 w. sol.pdf (1245 KB)  [done 2165, left 1824]
2026-07-03 15:05:35  net-error base 5328: HTTP Error 404: Not Found (cooldown 120s)
2026-07-03 15:06:49  OK Maths Extension 1/Y12-Trial/Kings 2006 w. sol.pdf (939 KB)  [done 2166, left 1823]
2026-07-03 15:07:25  OK Maths Extension 2/Y12-Trial/North Sydney Girls 2015 w. sol.pdf (361 KB)  [done 2167, left 1822]
2026-07-03 15:07:54  OK Maths Advanced/Y12-Trial/North Sydney Boys 2006 w. sol.pdf (270 KB)  [done 2168, left 1821]
2026-07-03 15:09:29  OK Maths Extension 1/Y12-Trial/Kings 2007 w. sol.pdf (1784 KB)  [done 2169, left 1820]
2026-07-03 15:10:48  net-error base 5348: HTTP Error 404: Not Found (cooldown 120s)
2026-07-03 15:11:18  OK Maths Advanced/Y12-Trial/North Sydney Boys 2007 w. sol.pdf (823 KB)  [done 2170, left 1819]
2026-07-03 15:12:25  base 5340 throttled -> cooldown 1800s (Maths Extension 2/Y12-HSC/2001 Marking Guidelines.pdf)
2026-07-03 15:12:56  OK Maths Extension 1/Y12-Trial/Kings 2008 w. sol.pdf (1044 KB)  [done 2171, left 1818]
2026-07-03 15:13:27  OK Maths Extension 2/Y12-Trial/North Sydney Girls 2016 w. sol.pdf (590 KB)  [done 2172, left 1817]
2026-07-03 15:13:57  OK Maths Advanced/Y12-Trial/North Sydney Boys 2008 w. sol.pdf (140 KB)  [done 2173, left 1816]
2026-07-03 15:14:26  base 5228 throttled -> cooldown 1800s (Maths Advanced/Y11-Yearly/Blacktown Boys 2023 w. sol.pdf)
2026-07-03 15:15:46  OK Maths Extension 1/Y12-Trial/Kings 2009 w. sol.pdf (250 KB)  [done 2174, left 1815]
2026-07-03 15:16:16  OK Maths Extension 2/Y12-Trial/North Sydney Girls 2017 w. sol.pdf (538 KB)  [done 2175, left 1814]
2026-07-03 15:16:46  OK Maths Advanced/Y12-Trial/North Sydney Boys 2009 w. sol.pdf (619 KB)  [done 2176, left 1813]
2026-07-03 15:18:20  OK Maths Extension 1/Y12-Trial/Kings 2010 w. sol.pdf (357 KB)  [done 2177, left 1812]
2026-07-03 15:18:58  OK Maths Extension 2/Y12-Trial/North Sydney Girls 2018 w. sol.pdf (1189 KB)  [done 2178, left 1811]
2026-07-03 15:19:29  OK Maths Advanced/Y12-Trial/North Sydney Boys 2010 w. sol.pdf (683 KB)  [done 2179, left 1810]
2026-07-03 15:20:55  OK Maths Extension 1/Y12-Trial/Kings 2011 w. sol.pdf (496 KB)  [done 2180, left 1809]
2026-07-03 15:21:24  base 5310 throttled -> cooldown 1800s (Maths Standard 2/Y12-HSC/2001 Marking Guidelines.pdf)
2026-07-03 15:21:56  OK Maths Extension 2/Y12-Trial/North Sydney Girls 2019 w. sol.pdf (1697 KB)  [done 2181, left 1808]
2026-07-03 15:22:27  OK Maths Advanced/Y12-Trial/North Sydney Boys 2011 w. sol.pdf (1019 KB)  [done 2182, left 1807]
2026-07-03 15:23:31  OK Maths Extension 1/Y12-Trial/Kings 2012 w. sol.pdf (1287 KB)  [done 2183, left 1806]
2026-07-03 15:24:00  base 6520 throttled -> cooldown 1800s (Physics/Y12-HSC/2013 Marking Guidelines.pdf)
2026-07-03 15:24:47  OK Maths Extension 2/Y12-Trial/North Sydney Girls 2020 w. sol.pdf (9064 KB)  [done 2184, left 1805]
2026-07-03 15:25:18  OK Maths Advanced/Y12-Trial/North Sydney Boys 2012 w. sol.pdf (157 KB)  [done 2185, left 1804]
2026-07-03 15:26:07  OK Maths Extension 1/Y12-Trial/Kings 2013 w. sol.pdf (632 KB)  [done 2186, left 1803]
2026-07-03 15:26:35  base 5318 throttled -> cooldown 1800s (Maths Standard 2/Y12-Trial/Hornsby Girls 2020 w. sol.pdf)
2026-07-03 15:27:28  OK Maths Extension 2/Y12-Trial/North Sydney Girls 2022 w. sol.pdf (4404 KB)  [done 2187, left 1802]
2026-07-03 15:27:56  OK Maths Advanced/Y12-Trial/North Sydney Boys 2013 w. sol.pdf (148 KB)  [done 2188, left 1801]
2026-07-03 15:28:24  base 5330 throttled -> cooldown 1800s (Maths Extension 1/Y12-HSC/2001 Marking Guidelines.pdf)
2026-07-03 15:29:03  OK Maths Extension 1/Y12-Trial/Kings 2021 w. sol.pdf (2266 KB)  [done 2189, left 1800]
2026-07-03 15:29:32  base 5320 throttled -> cooldown 1800s (Maths Advanced/Y12-HSC/2001 Marking Guidelines.pdf)
2026-07-03 15:30:00  base 2720 throttled -> cooldown 1800s (English/Y12-HSC/2001 HSC Paper 1.pdf)
2026-07-03 15:31:10  OK Maths Extension 2/Y12-Trial/North Sydney Girls 2023 w. sol.pdf (1203 KB)  [done 2190, left 1799]
2026-07-03 15:31:40  OK Maths Extension 1/Y12-Trial/Kinross Wolaroi 2012 w. sol.pdf (751 KB)  [done 2191, left 1798]
2026-07-03 15:32:10  OK Maths Advanced/Y12-Trial/North Sydney Boys 2014 w. sol.pdf (681 KB)  [done 2192, left 1797]
2026-07-03 15:34:11  OK Maths Extension 2/Y12-Trial/North Sydney Girls 2024 w. sol.pdf (6797 KB)  [done 2193, left 1796]
2026-07-03 15:35:53  net-error base 5338: HTTP Error 404: Not Found (cooldown 120s)
2026-07-03 15:36:53  net-error base 5328: HTTP Error 404: Not Found (cooldown 120s)
2026-07-03 15:38:12  OK Maths Extension 2/Y12-Trial/North Sydney Girls 2025 w. sol.pdf (1291 KB)  [done 2194, left 1795]
2026-07-03 15:38:57  net-error base 5338: HTTP Error 404: Not Found (cooldown 120s)
2026-07-03 15:41:23  net-error base 5328: HTTP Error 404: Not Found (cooldown 120s)
2026-07-03 15:41:53  OK Maths Extension 2/Y12-Trial/Oxley 1996 w. sol.pdf (333 KB)  [done 2195, left 1794]
2026-07-03 15:42:39  OK Maths Extension 1/Y12-Trial/Kinross Wolaroi 2014 w. sol.pdf (1229 KB)  [done 2196, left 1793]
2026-07-03 15:43:08  base 5340 throttled -> cooldown 1800s (Maths Extension 2/Y12-HSC/2001 Marking Guidelines.pdf)
2026-07-03 15:43:38  OK Maths Advanced/Y12-Trial/North Sydney Boys 2015 w. sol.pdf (465 KB)  [done 2197, left 1792]
2026-07-03 15:44:27  OK Maths Extension 2/Y12-Trial/Penrith 2010 w. sol.pdf (692 KB)  [done 2198, left 1791]
2026-07-03 15:44:56  base 5228 throttled -> cooldown 1800s (Maths Advanced/Y11-Yearly/Blacktown Boys 2023 w. sol.pdf)
2026-07-03 15:45:25  OK Maths Extension 1/Y12-Trial/Kinross Wolaroi 2015 w. sol.pdf (529 KB)  [done 2199, left 1790]
2026-07-03 15:46:14  OK Maths Advanced/Y12-Trial/North Sydney Boys 2016 w. sol.pdf (1058 KB)  [done 2200, left 1789]
2026-07-03 15:47:01  OK Maths Extension 2/Y12-Trial/Penrith 2011 w. sol.pdf (336 KB)  [done 2201, left 1788]
2026-07-03 15:48:01  OK Maths Extension 1/Y12-Trial/Kinross Wolaroi 2023.pdf (821 KB)  [done 2202, left 1787]
2026-07-03 15:48:49  OK Maths Advanced/Y12-Trial/North Sydney Boys 2017 w. sol.pdf (700 KB)  [done 2203, left 1786]
2026-07-03 15:49:38  OK Maths Extension 2/Y12-Trial/Penrith 2012 w. sol.pdf (1910 KB)  [done 2204, left 1785]
2026-07-03 15:52:46  OK Maths Extension 1/Y12-Trial/Knox 2001 w. sol.pdf (426 KB)  [done 2205, left 1784]
2026-07-03 15:53:22  OK Maths Advanced/Y12-Trial/North Sydney Boys 2018 w. sol.pdf (542 KB)  [done 2206, left 1783]
2026-07-03 15:54:03  net-error base 5348: HTTP Error 404: Not Found (cooldown 120s)
2026-07-03 15:54:41  net-error base 6520: HTTP Error 404: Not Found (cooldown 120s)
2026-07-03 15:56:15  base 5310 throttled -> cooldown 1800s (Maths Standard 2/Y12-HSC/2001 Marking Guidelines.pdf)
2026-07-03 15:56:43  base 5318 throttled -> cooldown 1800s (Maths Standard 2/Y12-Trial/Hornsby Girls 2020 w. sol.pdf)
2026-07-03 15:57:13  OK Maths Extension 2/Y12-Trial/Penrith 2013 w. sol.pdf (571 KB)  [done 2207, left 1782]
2026-07-03 15:57:45  OK Maths Advanced/Y12-Trial/North Sydney Boys 2019 w. sol.pdf (1221 KB)  [done 2208, left 1781]
2026-07-03 15:58:15  base 6520 throttled -> cooldown 1800s (Physics/Y12-HSC/2013 Marking Guidelines.pdf)
2026-07-03 15:58:45  base 5330 throttled -> cooldown 1800s (Maths Extension 1/Y12-HSC/2001 Marking Guidelines.pdf)
2026-07-03 15:59:17  OK Maths Extension 1/Y12-Trial/Knox 2002 w. sol.pdf (466 KB)  [done 2209, left 1780]
2026-07-03 15:59:54  base 5320 throttled -> cooldown 1800s (Maths Advanced/Y12-HSC/2001 Marking Guidelines.pdf)
2026-07-03 16:00:24  OK Maths Extension 2/Y12-Trial/Penrith 2014 w. sol.pdf (547 KB)  [done 2210, left 1779]
2026-07-03 16:01:41  OK Maths Advanced/Y12-Trial/North Sydney Boys 2020 w. sol.pdf (1905 KB)  [done 2211, left 1778]
2026-07-03 16:02:12  base 2720 throttled -> cooldown 1800s (English/Y12-HSC/2001 HSC Paper 1.pdf)
2026-07-03 16:04:10  OK Maths Extension 1/Y12-Trial/Knox 2003 w. sol.pdf (160 KB)  [done 2212, left 1777]
2026-07-03 16:04:41  OK Maths Extension 2/Y12-Trial/Penrith 2015 w. sol.pdf (646 KB)  [done 2213, left 1776]
2026-07-03 16:05:25  OK Maths Advanced/Y12-Trial/North Sydney Boys 2021 w. sol.pdf (9948 KB)  [done 2214, left 1775]
2026-07-03 16:06:47  OK Maths Extension 1/Y12-Trial/Knox 2004 w. sol.pdf (225 KB)  [done 2215, left 1774]
2026-07-03 16:07:20  OK Maths Extension 2/Y12-Trial/Penrith 2016 w. sol.pdf (641 KB)  [done 2216, left 1773]
2026-07-03 16:08:06  OK Maths Advanced/Y12-Trial/North Sydney Boys 2022 w. sol.pdf (4373 KB)  [done 2217, left 1772]
2026-07-03 16:09:22  OK Maths Extension 1/Y12-Trial/Knox 2005 w. sol.pdf (650 KB)  [done 2218, left 1771]
2026-07-03 16:09:59  OK Maths Extension 2/Y12-Trial/Penrith 2017 w. sol.pdf (1282 KB)  [done 2219, left 1770]
2026-07-03 16:11:26  net-error base 5328: HTTP Error 404: Not Found (cooldown 120s)
2026-07-03 16:13:54  OK Maths Extension 1/Y12-Trial/Knox 2008 w. sol.pdf (601 KB)  [done 2220, left 1769]
2026-07-03 16:14:28  OK Maths Advanced/Y12-Trial/North Sydney Boys 2023 w. sol.pdf (2421 KB)  [done 2221, left 1768]
2026-07-03 16:14:59  OK Maths Extension 2/Y12-Trial/Penrith 2018 w. sol.pdf (1503 KB)  [done 2222, left 1767]
2026-07-03 16:15:55  net-error base 5228: HTTP Error 404: Not Found (cooldown 120s)
2026-07-03 16:16:23  base 5340 throttled -> cooldown 1800s (Maths Extension 2/Y12-HSC/2001 Marking Guidelines.pdf)
2026-07-03 16:16:55  OK Maths Extension 1/Y12-Trial/Knox 2012 w. sol.pdf (351 KB)  [done 2223, left 1766]
2026-07-03 16:17:36  OK Maths Advanced/Y12-Trial/North Sydney Boys 2024 w. sol.pdf (7047 KB)  [done 2224, left 1765]
2026-07-03 16:18:04  base 5228 throttled -> cooldown 1800s (Maths Advanced/Y11-Yearly/Blacktown Boys 2023 w. sol.pdf)
2026-07-03 16:18:36  OK Maths Extension 2/Y12-Trial/Penrith 2019 w. sol.pdf (917 KB)  [done 2225, left 1764]
2026-07-03 16:19:31  OK Maths Extension 1/Y12-Trial/Knox 2013 w. sol.pdf (915 KB)  [done 2226, left 1763]
2026-07-03 16:20:29  OK Maths Advanced/Y12-Trial/North Sydney Boys 2025 w. sol.pdf (14630 KB)  [done 2227, left 1762]
2026-07-03 16:21:20  OK Maths Extension 2/Y12-Trial/Penrith 2022 w. sol.pdf (5917 KB)  [done 2228, left 1761]
2026-07-03 16:22:06  OK Maths Extension 1/Y12-Trial/Knox 2014 w. sol.pdf (445 KB)  [done 2229, left 1760]
2026-07-03 16:24:09  net-error base 5328: HTTP Error 302: The HTTP server returned a redirect error that would lead to an infinite loop.
The last 30x error message was:
Moved Temporarily (cooldown 120s)
2026-07-03 16:24:53  OK Maths Extension 2/Y12-Trial/Penrith 2023 w. sol.pdf (9124 KB)  [done 2230, left 1759]
2026-07-03 16:25:24  OK Maths Extension 1/Y12-Trial/Knox 2015 w. sol.pdf (1426 KB)  [done 2231, left 1758]
2026-07-03 16:26:14  OK Maths Advanced/Y12-Trial/North Sydney Girls 1989 w. sol.pdf (678 KB)  [done 2232, left 1757]
2026-07-03 16:26:42  base 5310 throttled -> cooldown 1800s (Maths Standard 2/Y12-HSC/2001 Marking Guidelines.pdf)
2026-07-03 16:27:10  base 5318 throttled -> cooldown 1800s (Maths Standard 2/Y12-Trial/Hornsby Girls 2020 w. sol.pdf)
2026-07-03 16:27:42  OK Maths Extension 2/Y12-Trial/Penrith 2024 w. sol.pdf (2262 KB)  [done 2233, left 1756]
2026-07-03 16:28:13  OK Maths Extension 1/Y12-Trial/Knox 2016 w. sol.pdf (945 KB)  [done 2234, left 1755]
2026-07-03 16:28:41  base 6520 throttled -> cooldown 1800s (Physics/Y12-HSC/2013 Marking Guidelines.pdf)
2026-07-03 16:29:11  OK Maths Advanced/Y12-Trial/North Sydney Girls 1990 w. sol.pdf (406 KB)  [done 2235, left 1754]
2026-07-03 16:29:39  base 5330 throttled -> cooldown 1800s (Maths Extension 1/Y12-HSC/2001 Marking Guidelines.pdf)
2026-07-03 16:30:07  base 5320 throttled -> cooldown 1800s (Maths Advanced/Y12-HSC/2001 Marking Guidelines.pdf)
2026-07-03 16:31:03  net-error base 5348: HTTP Error 404: Not Found (cooldown 120s)
2026-07-03 16:31:35  OK Maths Extension 1/Y12-Trial/Knox 2021 w. sol.pdf (1294 KB)  [done 2236, left 1753]
2026-07-03 16:32:18  OK Maths Advanced/Y12-Trial/North Sydney Girls 1999 w. sol.pdf (964 KB)  [done 2237, left 1752]
2026-07-03 16:32:46  base 2720 throttled -> cooldown 1800s (English/Y12-HSC/2001 HSC Paper 1.pdf)
2026-07-03 16:33:24  OK Maths Extension 2/Y12-Trial/Penrith 2025 w. sol.pdf (6053 KB)  [done 2238, left 1751]
2026-07-03 16:34:11  OK Maths Extension 1/Y12-Trial/Knox 2022 w. sol.pdf (842 KB)  [done 2239, left 1750]
2026-07-03 16:34:53  OK Maths Advanced/Y12-Trial/North Sydney Girls 2006 w. sol.pdf (456 KB)  [done 2240, left 1749]
2026-07-03 16:36:00  OK Maths Extension 2/Y12-Trial/PHCS 2016 w. sol.pdf (1011 KB)  [done 2241, left 1748]
2026-07-03 16:36:49  OK Maths Extension 1/Y12-Trial/Knox 2023 w. sol.pdf (1620 KB)  [done 2242, left 1747]
2026-07-03 16:37:28  OK Maths Advanced/Y12-Trial/North Sydney Girls 2007 w. sol.pdf (482 KB)  [done 2243, left 1746]
2026-07-03 16:38:33  OK Maths Extension 2/Y12-Trial/Pittwater House 1992.pdf (40 KB)  [done 2244, left 1745]
2026-07-03 16:39:26  OK Maths Extension 1/Y12-Trial/Knox 2024.pdf (1472 KB)  [done 2245, left 1744]
2026-07-03 16:40:05  OK Maths Advanced/Y12-Trial/North Sydney Girls 2008 w. sol.pdf (1768 KB)  [done 2246, left 1743]
2026-07-03 16:41:07  OK Maths Extension 2/Y12-Trial/Pittwater House 2002.pdf (107 KB)  [done 2247, left 1742]
2026-07-03 16:42:00  OK Maths Extension 1/Y12-Trial/Manly 1999 w. sol.pdf (252 KB)  [done 2248, left 1741]
2026-07-03 16:42:40  OK Maths Advanced/Y12-Trial/North Sydney Girls 2009 w. sol.pdf (1109 KB)  [done 2249, left 1740]
2026-07-03 16:43:41  OK Maths Extension 2/Y12-Trial/Pittwater House 2003.pdf (149 KB)  [done 2250, left 1739]
2026-07-03 16:44:36  OK Maths Extension 1/Y12-Trial/Manly 2001 w. sol.pdf (747 KB)  [done 2251, left 1738]
2026-07-03 16:45:17  OK Maths Advanced/Y12-Trial/North Sydney Girls 2010 w. sol.pdf (171 KB)  [done 2252, left 1737]
2026-07-03 16:46:19  OK Maths Extension 2/Y12-Trial/Pittwater House 2004.pdf (1317 KB)  [done 2253, left 1736]
2026-07-03 16:46:47  base 5340 throttled -> cooldown 1800s (Maths Extension 2/Y12-HSC/2001 Marking Guidelines.pdf)
2026-07-03 16:47:16  OK Maths Extension 1/Y12-Trial/Manly 2002 w. sol.pdf (523 KB)  [done 2254, left 1735]
2026-07-03 16:47:51  OK Maths Advanced/Y12-Trial/North Sydney Girls 2011 w. sol.pdf (202 KB)  [done 2255, left 1734]
2026-07-03 16:48:19  base 5228 throttled -> cooldown 1800s (Maths Advanced/Y11-Yearly/Blacktown Boys 2023 w. sol.pdf)
2026-07-03 16:48:56  OK Maths Extension 2/Y12-Trial/Pittwater House 2005.pdf (1452 KB)  [done 2256, left 1733]
2026-07-03 16:49:55  OK Maths Extension 1/Y12-Trial/Manly 2007 w. sol.pdf (2875 KB)  [done 2257, left 1732]
2026-07-03 16:50:30  OK Maths Advanced/Y12-Trial/North Sydney Girls 2012 w. sol.pdf (224 KB)  [done 2258, left 1731]
2026-07-03 16:51:38  OK Maths Extension 2/Y12-Trial/Pittwater House 2006.pdf (1695 KB)  [done 2259, left 1730]
2026-07-03 16:52:31  OK Maths Extension 1/Y12-Trial/Manly 2010 w. sol.pdf (578 KB)  [done 2260, left 1729]
2026-07-03 16:53:07  OK Maths Advanced/Y12-Trial/North Sydney Girls 2013 w. sol.pdf (337 KB)  [done 2261, left 1728]
2026-07-03 16:54:18  OK Maths Extension 2/Y12-Trial/Presbyterian 2010 w. sol.pdf (556 KB)  [done 2262, left 1727]
2026-07-03 16:55:11  OK Maths Extension 1/Y12-Trial/Manly 2011 w. sol.pdf (343 KB)  [done 2263, left 1726]
2026-07-03 16:55:58  OK Maths Advanced/Y12-Trial/North Sydney Girls 2014 w. sol.pdf (200 KB)  [done 2264, left 1725]
2026-07-03 16:56:46  base 5310 throttled -> cooldown 1800s (Maths Standard 2/Y12-HSC/2001 Marking Guidelines.pdf)
2026-07-03 16:57:16  base 5318 throttled -> cooldown 1800s (Maths Standard 2/Y12-Trial/Hornsby Girls 2020 w. sol.pdf)
2026-07-03 16:57:50  OK Maths Extension 2/Y12-Trial/Presbyterian 2014 w. sol.pdf (759 KB)  [done 2265, left 1724]
2026-07-03 16:58:19  OK Maths Extension 1/Y12-Trial/Manly 2012 w. sol.pdf (245 KB)  [done 2266, left 1723]
2026-07-03 16:58:47  base 6520 throttled -> cooldown 1800s (Physics/Y12-HSC/2013 Marking Guidelines.pdf)
2026-07-03 16:59:26  OK Maths Advanced/Y12-Trial/North Sydney Girls 2015 w. sol.pdf (713 KB)  [done 2267, left 1722]
2026-07-03 16:59:54  base 5330 throttled -> cooldown 1800s (Maths Extension 1/Y12-HSC/2001 Marking Guidelines.pdf)
2026-07-03 17:00:50  base 5320 throttled -> cooldown 1800s (Maths Advanced/Y12-HSC/2001 Marking Guidelines.pdf)
2026-07-03 17:01:29  net-error base 5348: HTTP Error 404: Not Found (cooldown 120s)
2026-07-03 17:02:02  OK Maths Extension 1/Y12-Trial/Manly 2014 w. sol.pdf (717 KB)  [done 2268, left 1721]
2026-07-03 17:02:33  OK Maths Advanced/Y12-Trial/North Sydney Girls 2016 w. sol.pdf (353 KB)  [done 2269, left 1720]
2026-07-03 17:03:01  base 2720 throttled -> cooldown 1800s (English/Y12-HSC/2001 HSC Paper 1.pdf)
2026-07-03 17:03:36  OK Maths Extension 2/Y12-Trial/Pymble 1986.pdf (440 KB)  [done 2270, left 1719]
2026-07-03 17:04:38  OK Maths Extension 1/Y12-Trial/Manly 2015 w. sol.pdf (428 KB)  [done 2271, left 1718]
2026-07-03 17:05:14  OK Maths Advanced/Y12-Trial/North Sydney Girls 2017 w. sol.pdf (446 KB)  [done 2272, left 1717]
2026-07-03 17:06:15  OK Maths Extension 2/Y12-Trial/Pymble 1999 w. sol.pdf (419 KB)  [done 2273, left 1716]
2026-07-03 17:07:15  OK Maths Extension 1/Y12-Trial/Manly 2016 w. sol.pdf (1169 KB)  [done 2274, left 1715]
2026-07-03 17:07:55  OK Maths Advanced/Y12-Trial/North Sydney Girls 2018 w. sol.pdf (1946 KB)  [done 2275, left 1714]
2026-07-03 17:09:15  OK Maths Extension 2/Y12-Trial/Pymble 2001 w. sol.pdf (1622 KB)  [done 2276, left 1713]
2026-07-03 17:09:52  OK Maths Extension 1/Y12-Trial/Manly 2017 w. sol.pdf (1049 KB)  [done 2277, left 1712]
2026-07-03 17:10:33  OK Maths Advanced/Y12-Trial/North Sydney Girls 2019 w. sol.pdf (1944 KB)  [done 2278, left 1711]
2026-07-03 17:11:49  OK Maths Extension 2/Y12-Trial/Pymble 2002 w. sol.pdf (836 KB)  [done 2279, left 1710]
2026-07-03 17:12:29  OK Maths Extension 1/Y12-Trial/Manly 2018 w. sol.pdf (1495 KB)  [done 2280, left 1709]
2026-07-03 17:13:15  OK Maths Advanced/Y12-Trial/North Sydney Girls 2020 w. sol.pdf (6895 KB)  [done 2281, left 1708]
2026-07-03 17:14:52  OK Maths Extension 2/Y12-Trial/Pymble 2004 w. sol.pdf (410 KB)  [done 2282, left 1707]
2026-07-03 17:15:25  OK Maths Extension 1/Y12-Trial/Manly 2019 w. sol.pdf (1615 KB)  [done 2283, left 1706]
2026-07-03 17:15:56  OK Maths Advanced/Y12-Trial/North Sydney Girls 2022 w. sol.pdf (741 KB)  [done 2284, left 1705]
2026-07-03 17:16:50  base 5340 throttled -> cooldown 1800s (Maths Extension 2/Y12-HSC/2001 Marking Guidelines.pdf)
2026-07-03 17:17:26  OK Maths Extension 2/Y12-Trial/Pymble 2005.pdf (151 KB)  [done 2285, left 1704]
2026-07-03 17:18:04  OK Maths Extension 1/Y12-Trial/Manly 2020 w. sol.pdf (543 KB)  [done 2286, left 1703]
2026-07-03 17:18:31  base 5228 throttled -> cooldown 1800s (Maths Advanced/Y11-Yearly/Blacktown Boys 2023 w. sol.pdf)
2026-07-03 17:19:05  OK Maths Advanced/Y12-Trial/North Sydney Girls 2023 w. sol.pdf (4733 KB)  [done 2287, left 1702]
2026-07-03 17:20:02  OK Maths Extension 2/Y12-Trial/Pymble 2011 w. sol.pdf (824 KB)  [done 2288, left 1701]
2026-07-03 17:21:14  net-error base 5338: HTTP Error 404: Not Found (cooldown 120s)
2026-07-03 17:22:16  net-error base 5328: HTTP Error 404: Not Found (cooldown 120s)
2026-07-03 17:23:23  net-error base 5348: HTTP Error 404: Not Found (cooldown 120s)
2026-07-03 17:25:45  net-error base 5338: HTTP Error 404: Not Found (cooldown 120s)
2026-07-03 17:27:03  OK Maths Advanced/Y12-Trial/North Sydney Girls 2024 w. sol.pdf (3128 KB)  [done 2289, left 1700]
2026-07-03 17:27:35  OK Maths Extension 2/Y12-Trial/Pymble 2014 w. sol.pdf (1020 KB)  [done 2290, left 1699]
2026-07-03 17:28:51  OK Maths Extension 1/Y12-Trial/Manly 2021 w. sol.pdf (2389 KB)  [done 2291, left 1698]
2026-07-03 17:29:32  base 5310 throttled -> cooldown 1800s (Maths Standard 2/Y12-HSC/2001 Marking Guidelines.pdf)
2026-07-03 17:30:14  base 5330 throttled -> cooldown 1800s (Maths Extension 1/Y12-HSC/2001 Marking Guidelines.pdf)
2026-07-03 17:30:41  base 6520 throttled -> cooldown 1800s (Physics/Y12-HSC/2013 Marking Guidelines.pdf)
2026-07-03 17:32:08  net-error base 5318: HTTP Error 404: Not Found (cooldown 120s)
2026-07-03 17:33:31  OK Maths Extension 2/Y12-Trial/Pymble 2016 w. sol.pdf (783 KB)  [done 2292, left 1697]
2026-07-03 17:34:02  base 5320 throttled -> cooldown 1800s (Maths Advanced/Y12-HSC/2001 Marking Guidelines.pdf)
2026-07-03 17:34:38  OK Maths Extension 1/Y12-Trial/Manly 2022 w. sol.pdf (2254 KB)  [done 2293, left 1696]
2026-07-03 17:35:06  base 5318 throttled -> cooldown 1800s (Maths Standard 2/Y12-Trial/Hornsby Girls 2020 w. sol.pdf)
2026-07-03 17:35:34  base 2720 throttled -> cooldown 1800s (English/Y12-HSC/2001 HSC Paper 1.pdf)
2026-07-03 17:36:10  OK Maths Advanced/Y12-Trial/North Sydney Girls 2025 w. sol.pdf (2855 KB)  [done 2294, left 1695]
2026-07-03 17:36:40  OK Maths Extension 2/Y12-Trial/Pymble 2022.pdf (408 KB)  [done 2295, left 1694]
2026-07-03 17:37:18  OK Maths Extension 1/Y12-Trial/Manly 2023 w. sol.pdf (1313 KB)  [done 2296, left 1693]
2026-07-03 17:38:47  OK Maths Advanced/Y12-Trial/Penrith 2006.pdf (1929 KB)  [done 2297, left 1692]
2026-07-03 17:39:21  OK Maths Extension 2/Y12-Trial/Pymble 2024 w. sol.pdf (2926 KB)  [done 2298, left 1691]
2026-07-03 17:39:59  OK Maths Extension 1/Y12-Trial/Manly 2024 w. sol.pdf (1605 KB)  [done 2299, left 1690]
2026-07-03 17:41:20  OK Maths Advanced/Y12-Trial/Penrith 2011 w. sol.pdf (223 KB)  [done 2300, left 1689]
2026-07-03 17:42:11  OK Maths Extension 2/Y12-Trial/Pymble 2025 w. sol.pdf (9805 KB)  [done 2301, left 1688]
2026-07-03 17:42:47  OK Maths Extension 1/Y12-Trial/Manly 2025 w. sol.pdf (1943 KB)  [done 2302, left 1687]
2026-07-03 17:43:55  OK Maths Advanced/Y12-Trial/Penrith 2012 w. sol.pdf (289 KB)  [done 2303, left 1686]
2026-07-03 17:44:46  OK Maths Extension 2/Y12-Trial/Ravenswood 1999 w. sol.pdf (367 KB)  [done 2304, left 1685]
2026-07-03 17:45:22  OK Maths Extension 1/Y12-Trial/Merewether 1999 w. sol.pdf (432 KB)  [done 2305, left 1684]
2026-07-03 17:46:29  OK Maths Advanced/Y12-Trial/Penrith 2013 w. sol.pdf (361 KB)  [done 2306, left 1683]
2026-07-03 17:47:25  base 5340 throttled -> cooldown 1800s (Maths Extension 2/Y12-HSC/2001 Marking Guidelines.pdf)
2026-07-03 17:47:54  OK Maths Extension 2/Y12-Trial/Redlands 1999.pdf (251 KB)  [done 2307, left 1682]
2026-07-03 17:49:01  net-error base 5338: HTTP Error 404: Not Found (cooldown 120s)
2026-07-03 17:50:09  OK Maths Advanced/Y12-Trial/Penrith 2014 w. sol.pdf (262 KB)  [done 2308, left 1681]
2026-07-03 17:50:43  OK Maths Extension 2/Y12-Trial/Riverview 1997 w. sol.pdf (3666 KB)  [done 2309, left 1680]
2026-07-03 17:51:19  OK Maths Extension 1/Y12-Trial/Merewether 2018 w. sol.pdf (9098 KB)  [done 2310, left 1679]
2026-07-03 17:51:47  base 5228 throttled -> cooldown 1800s (Maths Advanced/Y11-Yearly/Blacktown Boys 2023 w. sol.pdf)
2026-07-03 17:52:45  OK Maths Advanced/Y12-Trial/Penrith 2015 w. sol.pdf (1531 KB)  [done 2311, left 1678]
2026-07-03 17:53:21  OK Maths Extension 2/Y12-Trial/Riverview 1999 w. sol.pdf (853 KB)  [done 2312, left 1677]
2026-07-03 17:54:01  OK Maths Extension 1/Y12-Trial/Merewether 2020 w. sol.pdf (3531 KB)  [done 2313, left 1676]
2026-07-03 17:55:20  OK Maths Advanced/Y12-Trial/Penrith 2016 w. sol.pdf (362 KB)  [done 2314, left 1675]
2026-07-03 17:55:55  OK Maths Extension 2/Y12-Trial/Riverview 2001.pdf (173 KB)  [done 2315, left 1674]
2026-07-03 17:56:38  OK Maths Extension 1/Y12-Trial/Merewether 2021.pdf (560 KB)  [done 2316, left 1673]
2026-07-03 17:57:54  OK Maths Advanced/Y12-Trial/Penrith 2017 w. sol.pdf (664 KB)  [done 2317, left 1672]
2026-07-03 17:58:29  OK Maths Extension 2/Y12-Trial/Riverview 2002 w. sol.pdf (986 KB)  [done 2318, left 1671]
2026-07-03 17:59:32  OK Maths Extension 1/Y12-Trial/Merewether 2025 w. sol.pdf (9807 KB)  [done 2319, left 1670]
2026-07-03 18:00:00  base 5310 throttled -> cooldown 1800s (Maths Standard 2/Y12-HSC/2001 Marking Guidelines.pdf)
2026-07-03 18:00:32  base 5330 throttled -> cooldown 1800s (Maths Extension 1/Y12-HSC/2001 Marking Guidelines.pdf)
2026-07-03 18:01:00  base 6520 throttled -> cooldown 1800s (Physics/Y12-HSC/2013 Marking Guidelines.pdf)
2026-07-03 18:01:30  OK Maths Advanced/Y12-Trial/Penrith 2018 w. sol.pdf (1015 KB)  [done 2320, left 1669]
2026-07-03 18:02:00  OK Maths Extension 2/Y12-Trial/Riverview 2003 w. sol.pdf (408 KB)  [done 2321, left 1668]
2026-07-03 18:02:30  OK Maths Extension 1/Y12-Trial/MLC 2016 w. sol.pdf (328 KB)  [done 2322, left 1667]
2026-07-03 18:04:04  OK Maths Advanced/Y12-Trial/Penrith 2019 w. sol.pdf (377 KB)  [done 2323, left 1666]
2026-07-03 18:04:32  base 5320 throttled -> cooldown 1800s (Maths Advanced/Y12-HSC/2001 Marking Guidelines.pdf)
2026-07-03 18:05:01  OK Maths Extension 2/Y12-Trial/Riverview 2004 w. sol.pdf (341 KB)  [done 2324, left 1665]
2026-07-03 18:05:33  OK Maths Extension 1/Y12-Trial/Moriah 2021 w. sol.pdf (907 KB)  [done 2325, left 1664]
2026-07-03 18:06:01  base 5318 throttled -> cooldown 1800s (Maths Standard 2/Y12-Trial/Hornsby Girls 2020 w. sol.pdf)
2026-07-03 18:06:29  base 2720 throttled -> cooldown 1800s (English/Y12-HSC/2001 HSC Paper 1.pdf)
2026-07-03 18:07:17  OK Maths Advanced/Y12-Trial/Penrith 2020 w. sol.pdf (6387 KB)  [done 2326, left 1663]
2026-07-03 18:07:47  OK Maths Extension 2/Y12-Trial/Riverview 2006 w. sol.pdf (521 KB)  [done 2327, left 1662]
2026-07-03 18:08:17  OK Maths Extension 1/Y12-Trial/Moriah 2022 w. sol.pdf (713 KB)  [done 2328, left 1661]
2026-07-03 18:10:11  OK Maths Advanced/Y12-Trial/Penrith 2022 w. sol.pdf (8254 KB)  [done 2329, left 1660]
2026-07-03 18:10:40  OK Maths Extension 2/Y12-Trial/Riverview 2007 w. sol.pdf (335 KB)  [done 2330, left 1659]
2026-07-03 18:11:13  OK Maths Extension 1/Y12-Trial/Moriah 2023 w. sol.pdf (1115 KB)  [done 2331, left 1658]
2026-07-03 18:13:07  OK Maths Advanced/Y12-Trial/Penrith 2023 w. sol.pdf (13123 KB)  [done 2332, left 1657]
2026-07-03 18:13:37  OK Maths Extension 2/Y12-Trial/Riverview 2008 w. sol.pdf (688 KB)  [done 2333, left 1656]
2026-07-03 18:14:06  OK Maths Extension 1/Y12-Trial/Newcastle Grammar 2004 w. sol.pdf (514 KB)  [done 2334, left 1655]
2026-07-03 18:16:17  OK Maths Advanced/Y12-Trial/Penrith 2024 w. sol.pdf (10307 KB)  [done 2335, left 1654]
2026-07-03 18:16:47  OK Maths Extension 2/Y12-Trial/Riverview 2009.pdf (691 KB)  [done 2336, left 1653]
2026-07-03 18:17:17  OK Maths Extension 1/Y12-Trial/Newcastle Grammar 2011 w. sol.pdf (258 KB)  [done 2337, left 1652]
2026-07-03 18:17:45  base 5340 throttled -> cooldown 1800s (Maths Extension 2/Y12-HSC/2001 Marking Guidelines.pdf)
2026-07-03 18:19:06  OK Maths Advanced/Y12-Trial/Penrith 2025 w. sol.pdf (12064 KB)  [done 2338, left 1651]
2026-07-03 18:19:35  OK Maths Extension 2/Y12-Trial/Riverview 2010.pdf (208 KB)  [done 2339, left 1650]
2026-07-03 18:20:05  OK Maths Extension 1/Y12-Trial/Newcastle Grammar 2016 w. sol.pdf (656 KB)  [done 2340, left 1649]
2026-07-03 18:21:41  OK Maths Advanced/Y12-Trial/Pittwater House 2004 w. sol.pdf (492 KB)  [done 2341, left 1648]
2026-07-03 18:22:09  base 5228 throttled -> cooldown 1800s (Maths Advanced/Y11-Yearly/Blacktown Boys 2023 w. sol.pdf)
2026-07-03 18:22:43  OK Maths Extension 2/Y12-Trial/Riverview 2025 w. sol.pdf (2030 KB)  [done 2342, left 1647]
2026-07-03 18:23:16  OK Maths Extension 1/Y12-Trial/Newcastle Grammar 2020 w. sol.pdf (2006 KB)  [done 2343, left 1646]
2026-07-03 18:24:15  OK Maths Advanced/Y12-Trial/Port Hacking 2014 w. sol.pdf (282 KB)  [done 2344, left 1645]
2026-07-03 18:25:18  OK Maths Extension 2/Y12-Trial/Roseville 2015 w. sol.pdf (604 KB)  [done 2345, left 1644]
2026-07-03 18:25:52  OK Maths Extension 1/Y12-Trial/Newington 1991 w. sol.pdf (350 KB)  [done 2346, left 1643]
2026-07-03 18:26:50  OK Maths Advanced/Y12-Trial/Presbyterian 2008 w. sol.pdf (448 KB)  [done 2347, left 1642]
2026-07-03 18:27:53  OK Maths Extension 2/Y12-Trial/SCEGGS 2003.pdf (676 KB)  [done 2348, left 1641]
2026-07-03 18:28:28  OK Maths Extension 1/Y12-Trial/Newington 1999 w. sol.pdf (605 KB)  [done 2349, left 1640]
2026-07-03 18:29:33  OK Maths Advanced/Y12-Trial/Presbyterian 2010 w. sol.pdf (437 KB)  [done 2350, left 1639]
2026-07-03 18:30:39  base 5310 throttled -> cooldown 1800s (Maths Standard 2/Y12-HSC/2001 Marking Guidelines.pdf)
2026-07-03 18:31:08  OK Maths Extension 1/Y12-Trial/Newington 2000 w. sol.pdf (406 KB)  [done 2351, left 1638]
2026-07-03 18:31:42  OK Maths Extension 2/Y12-Trial/SCEGGS 2004 w. sol.pdf (547 KB)  [done 2352, left 1637]
2026-07-03 18:32:12  base 5330 throttled -> cooldown 1800s (Maths Extension 1/Y12-HSC/2001 Marking Guidelines.pdf)
2026-07-03 18:32:41  OK Maths Advanced/Y12-Trial/Presbyterian 2011.pdf (244 KB)  [done 2353, left 1636]
2026-07-03 18:33:09  base 6520 throttled -> cooldown 1800s (Physics/Y12-HSC/2013 Marking Guidelines.pdf)
2026-07-03 18:33:46  OK Maths Extension 1/Y12-Trial/Newington 2002.pdf (39 KB)  [done 2354, left 1635]
2026-07-03 18:34:21  OK Maths Extension 2/Y12-Trial/SCEGGS 2005.pdf (150 KB)  [done 2355, left 1634]
2026-07-03 18:34:49  base 5320 throttled -> cooldown 1800s (Maths Advanced/Y12-HSC/2001 Marking Guidelines.pdf)
2026-07-03 18:35:23  OK Maths Advanced/Y12-Trial/Presbyterian 2013 w. sol.pdf (1276 KB)  [done 2356, left 1633]
2026-07-03 18:36:03  base 5318 throttled -> cooldown 1800s (Maths Standard 2/Y12-Trial/Hornsby Girls 2020 w. sol.pdf)
2026-07-03 18:36:32  OK Maths Extension 1/Y12-Trial/Newington 2003 w. sol.pdf (204 KB)  [done 2357, left 1632]
2026-07-03 18:37:00  base 2720 throttled -> cooldown 1800s (English/Y12-HSC/2001 HSC Paper 1.pdf)
2026-07-03 18:37:30  OK Maths Extension 2/Y12-Trial/SCEGGS 2007.pdf (346 KB)  [done 2358, left 1631]
2026-07-03 18:38:00  OK Maths Advanced/Y12-Trial/Presbyterian 2014 w. sol.pdf (636 KB)  [done 2359, left 1630]
2026-07-03 18:39:06  OK Maths Extension 1/Y12-Trial/Newington 2004 w. sol.pdf (134 KB)  [done 2360, left 1629]
2026-07-03 18:40:06  OK Maths Extension 2/Y12-Trial/SCEGGS 2008 w. sol.pdf (741 KB)  [done 2361, left 1628]
2026-07-03 18:40:40  OK Maths Advanced/Y12-Trial/Presbyterian 2015 w. sol.pdf (1561 KB)  [done 2362, left 1627]
2026-07-03 18:41:41  OK Maths Extension 1/Y12-Trial/Newington 2005 w. sol.pdf (164 KB)  [done 2363, left 1626]
2026-07-03 18:42:44  OK Maths Extension 2/Y12-Trial/SCEGGS 2009 w. sol.pdf (1308 KB)  [done 2364, left 1625]
2026-07-03 18:43:21  OK Maths Advanced/Y12-Trial/Presbyterian 2016 w. sol.pdf (1985 KB)  [done 2365, left 1624]
2026-07-03 18:44:15  OK Maths Extension 1/Y12-Trial/Newington 2006 w. sol.pdf (215 KB)  [done 2366, left 1623]
2026-07-03 18:45:18  OK Maths Extension 2/Y12-Trial/SCEGGS 2010 w. sol.pdf (513 KB)  [done 2367, left 1622]
2026-07-03 18:45:57  OK Maths Advanced/Y12-Trial/Presbyterian 2019 w. sol.pdf (624 KB)  [done 2368, left 1621]
2026-07-03 18:46:49  OK Maths Extension 1/Y12-Trial/Newington 2007 w. sol.pdf (412 KB)  [done 2369, left 1620]
2026-07-03 18:47:48  base 5340 throttled -> cooldown 1800s (Maths Extension 2/Y12-HSC/2001 Marking Guidelines.pdf)
2026-07-03 18:48:17  OK Maths Extension 2/Y12-Trial/Scots 1991.pdf (321 KB)  [done 2370, left 1619]
2026-07-03 18:48:47  OK Maths Advanced/Y12-Trial/Presbyterian 2021.pdf (493 KB)  [done 2371, left 1618]
2026-07-03 18:49:23  OK Maths Extension 1/Y12-Trial/Newington 2008 w. sol.pdf (166 KB)  [done 2372, left 1617]
2026-07-03 18:50:52  OK Maths Extension 2/Y12-Trial/Scots 1999 w. sol.pdf (1434 KB)  [done 2373, left 1616]
2026-07-03 18:51:21  OK Maths Advanced/Y12-Trial/Pymble 1997 w. sol.pdf (425 KB)  [done 2374, left 1615]
2026-07-03 18:51:57  OK Maths Extension 1/Y12-Trial/Newington 2009 w. sol.pdf (781 KB)  [done 2375, left 1614]
2026-07-03 18:52:25  base 5228 throttled -> cooldown 1800s (Maths Advanced/Y11-Yearly/Blacktown Boys 2023 w. sol.pdf)
2026-07-03 18:53:28  OK Maths Extension 2/Y12-Trial/Scots 2001 w. sol.pdf (415 KB)  [done 2376, left 1613]
2026-07-03 18:53:57  OK Maths Advanced/Y12-Trial/Pymble 1999 w. sol.pdf (703 KB)  [done 2377, left 1612]
2026-07-03 18:54:31  OK Maths Extension 1/Y12-Trial/Newington 2011.pdf (238 KB)  [done 2378, left 1611]
2026-07-03 18:56:05  OK Maths Extension 2/Y12-Trial/Scots 2002 w. sol.pdf (703 KB)  [done 2379, left 1610]
2026-07-03 18:56:35  OK Maths Advanced/Y12-Trial/Pymble 2002 w. sol.pdf (730 KB)  [done 2380, left 1609]
2026-07-03 18:57:10  OK Maths Extension 1/Y12-Trial/Newington 2012 w. sol.pdf (275 KB)  [done 2381, left 1608]
2026-07-03 18:58:48  net-error base 5348: HTTP Error 404: Not Found (cooldown 120s)
2026-07-03 18:59:18  OK Maths Advanced/Y12-Trial/Pymble 2003 w. sol.pdf (770 KB)  [done 2382, left 1607]
2026-07-03 18:59:49  OK Maths Extension 1/Y12-Trial/Newington 2013 w. sol.pdf (888 KB)  [done 2383, left 1606]
2026-07-03 19:00:42  base 5310 throttled -> cooldown 1800s (Maths Standard 2/Y12-HSC/2001 Marking Guidelines.pdf)
2026-07-03 19:01:11  OK Maths Extension 2/Y12-Trial/Scots 2003.pdf (325 KB)  [done 2384, left 1605]
2026-07-03 19:01:53  OK Maths Advanced/Y12-Trial/Pymble 2004 w. sol.pdf (701 KB)  [done 2385, left 1604]
2026-07-03 19:02:21  base 5330 throttled -> cooldown 1800s (Maths Extension 1/Y12-HSC/2001 Marking Guidelines.pdf)
2026-07-03 19:02:52  OK Maths Extension 1/Y12-Trial/Newington 2021.pdf (563 KB)  [done 2386, left 1603]
2026-07-03 19:03:19  base 6520 throttled -> cooldown 1800s (Physics/Y12-HSC/2013 Marking Guidelines.pdf)
2026-07-03 19:03:49  OK Maths Extension 2/Y12-Trial/Scots 2004.pdf (493 KB)  [done 2387, left 1602]
2026-07-03 19:04:28  OK Maths Advanced/Y12-Trial/Pymble 2005 w. sol.pdf (658 KB)  [done 2388, left 1601]
2026-07-03 19:04:56  base 5320 throttled -> cooldown 1800s (Maths Advanced/Y12-HSC/2001 Marking Guidelines.pdf)
2026-07-03 19:05:34  OK Maths Extension 1/Y12-Trial/Newington 2024 w. sol.pdf (670 KB)  [done 2389, left 1600]
2026-07-03 19:06:07  base 5318 throttled -> cooldown 1800s (Maths Standard 2/Y12-Trial/Hornsby Girls 2020 w. sol.pdf)
2026-07-03 19:06:36  OK Maths Extension 2/Y12-Trial/Scots 2005 w. sol.pdf (279 KB)  [done 2390, left 1599]
2026-07-03 19:07:06  OK Maths Advanced/Y12-Trial/Pymble 2006 w. sol.pdf (744 KB)  [done 2391, left 1598]
2026-07-03 19:07:34  base 2720 throttled -> cooldown 1800s (English/Y12-HSC/2001 HSC Paper 1.pdf)
2026-07-03 19:08:08  OK Maths Extension 1/Y12-Trial/Normanhurst Boys 2013 w. sol.pdf (299 KB)  [done 2392, left 1597]
2026-07-03 19:09:12  OK Maths Extension 2/Y12-Trial/Scots 2006 w. sol.pdf (458 KB)  [done 2393, left 1596]
2026-07-03 19:09:46  OK Maths Advanced/Y12-Trial/Pymble 2008 w. sol.pdf (2421 KB)  [done 2394, left 1595]
2026-07-03 19:11:50  net-error base 5338: HTTP Error 302: The HTTP server returned a redirect error that would lead to an infinite loop.
The last 30x error message was:
Moved Temporarily (cooldown 120s)
2026-07-03 19:12:29  OK Maths Extension 2/Y12-Trial/Scots 2007 w. sol.pdf (405 KB)  [done 2395, left 1594]
2026-07-03 19:13:37  OK Maths Advanced/Y12-Trial/Pymble 2011 w. sol.pdf (2465 KB)  [done 2396, left 1593]
2026-07-03 19:14:08  OK Maths Extension 1/Y12-Trial/Normanhurst Boys 2014 w. sol.pdf (944 KB)  [done 2397, left 1592]
2026-07-03 19:15:04  OK Maths Extension 2/Y12-Trial/Scots 2008 w. sol.pdf (267 KB)  [done 2398, left 1591]
2026-07-03 19:16:12  OK Maths Advanced/Y12-Trial/Pymble 2013 w. sol.pdf (829 KB)  [done 2399, left 1590]
2026-07-03 19:16:48  OK Maths Extension 1/Y12-Trial/Normanhurst Boys 2015 w. sol.pdf (440 KB)  [done 2400, left 1589]
2026-07-03 19:17:39  OK Maths Extension 2/Y12-Trial/Scots 2009 w. sol.pdf (638 KB)  [done 2401, left 1588]
2026-07-03 19:18:07  base 5340 throttled -> cooldown 1800s (Maths Extension 2/Y12-HSC/2001 Marking Guidelines.pdf)
2026-07-03 19:18:49  OK Maths Advanced/Y12-Trial/Pymble 2014 w. sol.pdf (1624 KB)  [done 2402, left 1587]
2026-07-03 19:19:22  OK Maths Extension 1/Y12-Trial/Normanhurst Boys 2016 w. sol.pdf (250 KB)  [done 2403, left 1586]
2026-07-03 19:20:14  OK Maths Extension 2/Y12-Trial/Scots 2010 w. sol.pdf (225 KB)  [done 2404, left 1585]
2026-07-03 19:21:24  OK Maths Advanced/Y12-Trial/Pymble 2015 w. sol.pdf (451 KB)  [done 2405, left 1584]
2026-07-03 19:21:59  OK Maths Extension 1/Y12-Trial/Normanhurst Boys 2017 w. sol.pdf (171 KB)  [done 2406, left 1583]
2026-07-03 19:22:32  base 5228 throttled -> cooldown 1800s (Maths Advanced/Y11-Yearly/Blacktown Boys 2023 w. sol.pdf)
2026-07-03 19:23:03  OK Maths Extension 2/Y12-Trial/Scots 2011 w. sol.pdf (1287 KB)  [done 2407, left 1582]
2026-07-03 19:23:59  OK Maths Advanced/Y12-Trial/Pymble 2016 w. sol.pdf (526 KB)  [done 2408, left 1581]
2026-07-03 19:24:42  OK Maths Extension 1/Y12-Trial/Normanhurst Boys 2018 w. sol.pdf (6551 KB)  [done 2409, left 1580]
2026-07-03 19:25:40  OK Maths Extension 2/Y12-Trial/Scots 2021.pdf (1582 KB)  [done 2410, left 1579]
2026-07-03 19:26:34  OK Maths Advanced/Y12-Trial/Pymble 2017.pdf (339 KB)  [done 2411, left 1578]
2026-07-03 19:27:24  OK Maths Extension 1/Y12-Trial/Normanhurst Boys 2019 w. sol.pdf (3344 KB)  [done 2412, left 1577]
2026-07-03 19:28:13  OK Maths Extension 2/Y12-Trial/Shore 1986.pdf (43 KB)  [done 2413, left 1576]
2026-07-03 19:29:13  OK Maths Advanced/Y12-Trial/Pymble 2022 w. sol.pdf (3045 KB)  [done 2414, left 1575]
2026-07-03 19:30:00  OK Maths Extension 1/Y12-Trial/Normanhurst Boys 2020 w. sol.pdf (838 KB)  [done 2415, left 1574]
2026-07-03 19:30:44  base 5310 throttled -> cooldown 1800s (Maths Standard 2/Y12-HSC/2001 Marking Guidelines.pdf)
2026-07-03 19:31:13  OK Maths Extension 2/Y12-Trial/Shore 1987.pdf (74 KB)  [done 2416, left 1573]
2026-07-03 19:31:50  OK Maths Advanced/Y12-Trial/Pymble 2023 w. sol.pdf (1931 KB)  [done 2417, left 1572]
2026-07-03 19:32:25  base 5330 throttled -> cooldown 1800s (Maths Extension 1/Y12-HSC/2001 Marking Guidelines.pdf)
2026-07-03 19:32:54  OK Maths Extension 1/Y12-Trial/Normanhurst Boys 2021 w. sol.pdf (370 KB)  [done 2418, left 1571]
2026-07-03 19:33:27  base 6520 throttled -> cooldown 1800s (Physics/Y12-HSC/2013 Marking Guidelines.pdf)
2026-07-03 19:33:56  OK Maths Extension 2/Y12-Trial/Shore 1993.pdf (79 KB)  [done 2419, left 1570]
2026-07-03 19:34:30  OK Maths Advanced/Y12-Trial/Pymble 2024 w. sol.pdf (3054 KB)  [done 2420, left 1569]
2026-07-03 19:35:03  base 5320 throttled -> cooldown 1800s (Maths Advanced/Y12-HSC/2001 Marking Guidelines.pdf)
2026-07-03 19:35:34  OK Maths Extension 1/Y12-Trial/Normanhurst Boys 2022 w. sol.pdf (944 KB)  [done 2421, left 1568]
2026-07-03 19:36:10  base 5318 throttled -> cooldown 1800s (Maths Standard 2/Y12-Trial/Hornsby Girls 2020 w. sol.pdf)
2026-07-03 19:36:40  OK Maths Extension 2/Y12-Trial/Shore 2004 w. sol.pdf (563 KB)  [done 2422, left 1567]
2026-07-03 19:37:12  OK Maths Advanced/Y12-Trial/Pymble 2025.pdf (1499 KB)  [done 2423, left 1566]
2026-07-03 19:37:40  base 2720 throttled -> cooldown 1800s (English/Y12-HSC/2001 HSC Paper 1.pdf)
2026-07-03 19:38:10  OK Maths Extension 1/Y12-Trial/Normanhurst Boys 2023 w. sol.pdf (297 KB)  [done 2424, left 1565]
2026-07-03 19:39:24  OK Maths Extension 2/Y12-Trial/Shore 2008 w. sol.pdf (563 KB)  [done 2425, left 1564]
2026-07-03 19:40:42  OK Maths Advanced/Y12-Trial/Ravenswood 2021 w. sol.pdf (5623 KB)  [done 2426, left 1563]
2026-07-03 19:41:13  OK Maths Extension 1/Y12-Trial/Normanhurst Boys 2024 w. sol.pdf (573 KB)  [done 2427, left 1562]
2026-07-03 19:42:01  OK Maths Extension 2/Y12-Trial/Shore 2009 w. sol.pdf (1969 KB)  [done 2428, left 1561]
2026-07-03 19:43:17  OK Maths Advanced/Y12-Trial/Riverview 2001 w. sol.pdf (425 KB)  [done 2429, left 1560]
2026-07-03 19:43:52  OK Maths Extension 1/Y12-Trial/Normanhurst Boys 2025 w. sol.pdf (408 KB)  [done 2430, left 1559]
2026-07-03 19:44:37  OK Maths Extension 2/Y12-Trial/Shore 2010 w. sol.pdf (1280 KB)  [done 2431, left 1558]
2026-07-03 19:45:52  OK Maths Advanced/Y12-Trial/Riverview 2002 w. sol.pdf (433 KB)  [done 2432, left 1557]
2026-07-03 19:46:28  OK Maths Extension 1/Y12-Trial/North Sydney Boys 1998.pdf (419 KB)  [done 2433, left 1556]
2026-07-03 19:47:30  OK Maths Extension 2/Y12-Trial/Shore 2022 w. sol.pdf (1738 KB)  [done 2434, left 1555]
2026-07-03 19:48:21  base 5340 throttled -> cooldown 1800s (Maths Extension 2/Y12-HSC/2001 Marking Guidelines.pdf)
2026-07-03 19:50:29  OK Maths Advanced/Y12-Trial/Riverview 2003.pdf (207 KB)  [done 2435, left 1554]
2026-07-03 19:51:00  OK Maths Extension 1/Y12-Trial/North Sydney Boys 2001.pdf (106 KB)  [done 2436, left 1553]
2026-07-03 19:51:32  OK Maths Extension 2/Y12-Trial/Shore 2023 w. sol.pdf (707 KB)  [done 2437, left 1552]
2026-07-03 19:52:35  base 5228 throttled -> cooldown 1800s (Maths Advanced/Y11-Yearly/Blacktown Boys 2023 w. sol.pdf)
2026-07-03 19:53:08  OK Maths Advanced/Y12-Trial/Riverview 2004 w. sol.pdf (2674 KB)  [done 2438, left 1551]
2026-07-03 19:53:38  OK Maths Extension 1/Y12-Trial/North Sydney Boys 2002 w. sol.pdf (542 KB)  [done 2439, left 1550]
2026-07-03 19:54:09  OK Maths Extension 2/Y12-Trial/Shore 2024.pdf (1273 KB)  [done 2440, left 1549]
2026-07-03 19:55:43  OK Maths Advanced/Y12-Trial/Riverview 2005 w. sol.pdf (545 KB)  [done 2441, left 1548]
2026-07-03 19:56:16  OK Maths Extension 1/Y12-Trial/North Sydney Boys 2003 w. sol.pdf (154 KB)  [done 2442, left 1547]
2026-07-03 19:56:52  OK Maths Extension 2/Y12-Trial/Smiths Hill 2022 w. sol.pdf (3012 KB)  [done 2443, left 1546]
2026-07-03 19:58:18  OK Maths Advanced/Y12-Trial/Riverview 2006 w. sol.pdf (365 KB)  [done 2444, left 1545]
2026-07-03 19:58:51  OK Maths Extension 1/Y12-Trial/North Sydney Boys 2004 w. sol.pdf (113 KB)  [done 2445, left 1544]
2026-07-03 19:59:37  OK Maths Extension 2/Y12-Trial/Smiths Hill 2023 w. sol.pdf (8247 KB)  [done 2446, left 1543]
2026-07-03 20:00:47  base 5310 throttled -> cooldown 1800s (Maths Standard 2/Y12-HSC/2001 Marking Guidelines.pdf)
2026-07-03 20:01:17  OK Maths Advanced/Y12-Trial/Riverview 2007 w. sol.pdf (333 KB)  [done 2447, left 1542]
2026-07-03 20:01:47  OK Maths Extension 1/Y12-Trial/North Sydney Boys 2005 w. sol.pdf (786 KB)  [done 2448, left 1541]
2026-07-03 20:02:17  OK Maths Extension 2/Y12-Trial/St Catherines 1997 w. sol.pdf (921 KB)  [done 2449, left 1540]
2026-07-03 20:02:45  base 5330 throttled -> cooldown 1800s (Maths Extension 1/Y12-HSC/2001 Marking Guidelines.pdf)
2026-07-03 20:03:30  base 6520 throttled -> cooldown 1800s (Physics/Y12-HSC/2013 Marking Guidelines.pdf)
2026-07-03 20:04:01  OK Maths Advanced/Y12-Trial/Riverview 2010 w. sol.pdf (760 KB)  [done 2450, left 1539]
2026-07-03 20:04:30  OK Maths Extension 1/Y12-Trial/North Sydney Boys 2006 w. sol.pdf (139 KB)  [done 2451, left 1538]
2026-07-03 20:05:18  OK Maths Extension 2/Y12-Trial/St Catherines 1999.pdf (230 KB)  [done 2452, left 1537]
2026-07-03 20:05:48  base 5320 throttled -> cooldown 1800s (Maths Advanced/Y12-HSC/2001 Marking Guidelines.pdf)
2026-07-03 20:06:17  base 5318 throttled -> cooldown 1800s (Maths Standard 2/Y12-Trial/Hornsby Girls 2020 w. sol.pdf)
2026-07-03 20:06:48  OK Maths Advanced/Y12-Trial/Riverview 2012 w. sol.pdf (347 KB)  [done 2453, left 1536]
2026-07-03 20:07:19  OK Maths Extension 1/Y12-Trial/North Sydney Boys 2007 w. sol.pdf (732 KB)  [done 2454, left 1535]
2026-07-03 20:07:47  base 2720 throttled -> cooldown 1800s (English/Y12-HSC/2001 HSC Paper 1.pdf)
2026-07-03 20:08:16  OK Maths Extension 2/Y12-Trial/St Catherines 2002.pdf (46 KB)  [done 2455, left 1534]
2026-07-03 20:10:35  OK Maths Advanced/Y12-Trial/Riverview 2013 w. sol.pdf (876 KB)  [done 2456, left 1533]
2026-07-03 20:11:05  OK Maths Extension 1/Y12-Trial/North Sydney Boys 2009 w. sol.pdf (460 KB)  [done 2457, left 1532]
2026-07-03 20:11:39  OK Maths Extension 2/Y12-Trial/St Catherines 2004.pdf (383 KB)  [done 2458, left 1531]
2026-07-03 20:13:16  OK Maths Advanced/Y12-Trial/Riverview 2021 w. sol.pdf (5155 KB)  [done 2459, left 1530]
2026-07-03 20:13:46  OK Maths Extension 1/Y12-Trial/North Sydney Boys 2010 w. sol.pdf (563 KB)  [done 2460, left 1529]
2026-07-03 20:14:53  net-error base 5348: HTTP Error 404: Not Found (cooldown 120s)
2026-07-03 20:16:33  OK Maths Advanced/Y12-Trial/Riverview 2022 w. sol.pdf (3291 KB)  [done 2461, left 1528]
2026-07-03 20:17:02  OK Maths Extension 1/Y12-Trial/North Sydney Boys 2011 w. sol.pdf (168 KB)  [done 2462, left 1527]
2026-07-03 20:17:32  OK Maths Extension 2/Y12-Trial/St Catherines 2005 w. sol.pdf (855 KB)  [done 2463, left 1526]
2026-07-03 20:18:25  base 5340 throttled -> cooldown 1800s (Maths Extension 2/Y12-HSC/2001 Marking Guidelines.pdf)
2026-07-03 20:19:14  OK Maths Advanced/Y12-Trial/Riverview 2023 w. sol.pdf (4481 KB)  [done 2464, left 1525]
2026-07-03 20:19:42  OK Maths Extension 1/Y12-Trial/North Sydney Boys 2012 w. sol.pdf (173 KB)  [done 2465, left 1524]
2026-07-03 20:20:12  OK Maths Extension 2/Y12-Trial/St Catherines 2007 w. sol.pdf (629 KB)  [done 2466, left 1523]
2026-07-03 20:21:52  OK Maths Advanced/Y12-Trial/Riverview 2024 w. sol.pdf (3493 KB)  [done 2467, left 1522]
2026-07-03 20:22:20  OK Maths Extension 1/Y12-Trial/North Sydney Boys 2013 w. sol.pdf (148 KB)  [done 2468, left 1521]
2026-07-03 20:22:48  base 5228 throttled -> cooldown 1800s (Maths Advanced/Y11-Yearly/Blacktown Boys 2023 w. sol.pdf)
2026-07-03 20:23:17  OK Maths Extension 2/Y12-Trial/St Catherines 2008.pdf (345 KB)  [done 2469, left 1520]
2026-07-03 20:24:29  OK Maths Advanced/Y12-Trial/Roseville 1990.pdf (630 KB)  [done 2470, left 1519]
2026-07-03 20:24:58  OK Maths Extension 1/Y12-Trial/North Sydney Boys 2014 w. sol.pdf (277 KB)  [done 2471, left 1518]
2026-07-03 20:25:52  OK Maths Extension 2/Y12-Trial/St Catherines 2011 w. sol.pdf (779 KB)  [done 2472, left 1517]
2026-07-03 20:27:03  OK Maths Advanced/Y12-Trial/Roseville 1995 w. sol.pdf (469 KB)  [done 2473, left 1516]
2026-07-03 20:27:33  OK Maths Extension 1/Y12-Trial/North Sydney Boys 2015 w. sol.pdf (966 KB)  [done 2474, left 1515]
2026-07-03 20:28:27  OK Maths Extension 2/Y12-Trial/St Catherines 2012 w. sol.pdf (1266 KB)  [done 2475, left 1514]
2026-07-03 20:29:37  OK Maths Advanced/Y12-Trial/Roseville 2001 w. sol.pdf (233 KB)  [done 2476, left 1513]
2026-07-03 20:30:13  OK Maths Extension 1/Y12-Trial/North Sydney Boys 2016 w. sol.pdf (1117 KB)  [done 2477, left 1512]
2026-07-03 20:30:50  base 5310 throttled -> cooldown 1800s (Maths Standard 2/Y12-HSC/2001 Marking Guidelines.pdf)
2026-07-03 20:31:21  OK Maths Extension 2/Y12-Trial/St Catherines 2016 w. sol.pdf (1607 KB)  [done 2478, left 1511]
2026-07-03 20:32:11  OK Maths Advanced/Y12-Trial/Roseville 2003 w. sol.pdf (289 KB)  [done 2479, left 1510]
2026-07-03 20:32:48  OK Maths Extension 1/Y12-Trial/North Sydney Boys 2017 w. sol.pdf (419 KB)  [done 2480, left 1509]
2026-07-03 20:33:16  base 5330 throttled -> cooldown 1800s (Maths Extension 1/Y12-HSC/2001 Marking Guidelines.pdf)
2026-07-03 20:33:43  base 6520 throttled -> cooldown 1800s (Physics/Y12-HSC/2013 Marking Guidelines.pdf)
2026-07-03 20:34:16  OK Maths Extension 2/Y12-Trial/St George Girls 1998 w. sol.pdf (1890 KB)  [done 2481, left 1508]
2026-07-03 20:34:51  OK Maths Advanced/Y12-Trial/Roseville 2004 w. sol.pdf (978 KB)  [done 2482, left 1507]
2026-07-03 20:35:25  OK Maths Extension 1/Y12-Trial/North Sydney Boys 2018 w. sol.pdf (617 KB)  [done 2483, left 1506]
2026-07-03 20:35:53  base 5320 throttled -> cooldown 1800s (Maths Advanced/Y12-HSC/2001 Marking Guidelines.pdf)
2026-07-03 20:36:21  base 5318 throttled -> cooldown 1800s (Maths Standard 2/Y12-Trial/Hornsby Girls 2020 w. sol.pdf)
2026-07-03 20:36:51  OK Maths Extension 2/Y12-Trial/St George Girls 1999.pdf (329 KB)  [done 2484, left 1505]
2026-07-03 20:37:27  OK Maths Advanced/Y12-Trial/Roseville 2005 w. sol.pdf (829 KB)  [done 2485, left 1504]
2026-07-03 20:37:55  base 2720 throttled -> cooldown 1800s (English/Y12-HSC/2001 HSC Paper 1.pdf)
2026-07-03 20:38:50  OK Maths Extension 1/Y12-Trial/North Sydney Boys 2019 w. sol.pdf (998 KB)  [done 2486, left 1503]
2026-07-03 20:39:28  OK Maths Extension 2/Y12-Trial/St George Girls 2000 w. sol.pdf (1613 KB)  [done 2487, left 1502]
2026-07-03 20:40:10  OK Maths Advanced/Y12-Trial/Roseville 2022 w. sol.pdf (3742 KB)  [done 2488, left 1501]
2026-07-03 20:41:28  OK Maths Extension 1/Y12-Trial/North Sydney Boys 2020 w. sol.pdf (2721 KB)  [done 2489, left 1500]
2026-07-03 20:42:04  OK Maths Extension 2/Y12-Trial/St George Girls 2001 w. sol.pdf (1802 KB)  [done 2490, left 1499]
2026-07-03 20:42:59  OK Maths Advanced/Y12-Trial/Roseville 2023 w. sol.pdf (10579 KB)  [done 2491, left 1498]
2026-07-03 20:44:03  OK Maths Extension 1/Y12-Trial/North Sydney Boys 2021 w. sol.pdf (998 KB)  [done 2492, left 1497]
2026-07-03 20:44:41  OK Maths Extension 2/Y12-Trial/St George Girls 2002 w. sol.pdf (1808 KB)  [done 2493, left 1496]
2026-07-03 20:45:44  OK Maths Advanced/Y12-Trial/Roseville 2024.pdf (1833 KB)  [done 2494, left 1495]
2026-07-03 20:46:39  OK Maths Extension 1/Y12-Trial/North Sydney Boys 2022 w. sol.pdf (587 KB)  [done 2495, left 1494]
2026-07-03 20:47:17  OK Maths Extension 2/Y12-Trial/St George Girls 2003 w. sol.pdf (1324 KB)  [done 2496, left 1493]
2026-07-03 20:48:19  OK Maths Advanced/Y12-Trial/SCEGGS 2000 w. sol.pdf (863 KB)  [done 2497, left 1492]
2026-07-03 20:48:46  base 5340 throttled -> cooldown 1800s (Maths Extension 2/Y12-HSC/2001 Marking Guidelines.pdf)
2026-07-03 20:49:21  OK Maths Extension 1/Y12-Trial/North Sydney Boys 2023 w. sol.pdf (4171 KB)  [done 2498, left 1491]
2026-07-03 20:49:56  OK Maths Extension 2/Y12-Trial/St George Girls 2004 w. sol.pdf (1263 KB)  [done 2499, left 1490]
2026-07-03 20:50:52  OK Maths Advanced/Y12-Trial/SCEGGS 2001 w. sol.pdf (477 KB)  [done 2500, left 1489]
2026-07-03 20:51:56  OK Maths Extension 1/Y12-Trial/North Sydney Boys 2024 w. sol.pdf (914 KB)  [done 2501, left 1488]
2026-07-03 20:52:33  OK Maths Extension 2/Y12-Trial/St George Girls 2005 w. sol.pdf (1833 KB)  [done 2502, left 1487]
2026-07-03 20:53:00  base 5228 throttled -> cooldown 1800s (Maths Advanced/Y11-Yearly/Blacktown Boys 2023 w. sol.pdf)
2026-07-03 20:53:31  OK Maths Advanced/Y12-Trial/SCEGGS 2002 w. sol.pdf (1101 KB)  [done 2503, left 1486]
2026-07-03 20:54:40  OK Maths Extension 1/Y12-Trial/North Sydney Boys 2025 w. sol.pdf (5399 KB)  [done 2504, left 1485]
2026-07-03 20:55:10  OK Maths Extension 2/Y12-Trial/St George Girls 2006 w. sol.pdf (961 KB)  [done 2505, left 1484]
2026-07-03 20:56:05  OK Maths Advanced/Y12-Trial/SCEGGS 2003 w. sol.pdf (304 KB)  [done 2506, left 1483]
2026-07-03 20:57:15  OK Maths Extension 1/Y12-Trial/North Sydney Girls 1990 w. sol.pdf (619 KB)  [done 2507, left 1482]
2026-07-03 20:57:45  OK Maths Extension 2/Y12-Trial/St George Girls 2007 w. sol.pdf (867 KB)  [done 2508, left 1481]
2026-07-03 20:59:10  OK Maths Advanced/Y12-Trial/SCEGGS 2004 w. sol.pdf (1107 KB)  [done 2509, left 1480]
2026-07-03 20:59:49  OK Maths Extension 1/Y12-Trial/North Sydney Girls 1997 w. sol.pdf (272 KB)  [done 2510, left 1479]
2026-07-03 21:00:24  OK Maths Extension 2/Y12-Trial/St George Girls 2008 w. sol.pdf (584 KB)  [done 2511, left 1478]
2026-07-03 21:00:57  base 5310 throttled -> cooldown 1800s (Maths Standard 2/Y12-HSC/2001 Marking Guidelines.pdf)
2026-07-03 21:01:45  OK Maths Advanced/Y12-Trial/SCEGGS 2005 w. sol.pdf (822 KB)  [done 2512, left 1477]
2026-07-03 21:02:24  OK Maths Extension 1/Y12-Trial/North Sydney Girls 1999 w. sol.pdf (443 KB)  [done 2513, left 1476]
2026-07-03 21:03:03  OK Maths Extension 2/Y12-Trial/St George Girls 2009 w. sol.pdf (2797 KB)  [done 2514, left 1475]
2026-07-03 21:03:31  base 5330 throttled -> cooldown 1800s (Maths Extension 1/Y12-HSC/2001 Marking Guidelines.pdf)
2026-07-03 21:03:59  base 6520 throttled -> cooldown 1800s (Physics/Y12-HSC/2013 Marking Guidelines.pdf)
2026-07-03 21:04:29  OK Maths Advanced/Y12-Trial/SCEGGS 2006 w. sol.pdf (687 KB)  [done 2515, left 1474]
2026-07-03 21:05:00  OK Maths Extension 1/Y12-Trial/North Sydney Girls 2006 w. sol.pdf (858 KB)  [done 2516, left 1473]
2026-07-03 21:05:37  OK Maths Extension 2/Y12-Trial/St George Girls 2010.pdf (456 KB)  [done 2517, left 1472]
2026-07-03 21:06:05  base 5320 throttled -> cooldown 1800s (Maths Advanced/Y12-HSC/2001 Marking Guidelines.pdf)
2026-07-03 21:06:33  base 5318 throttled -> cooldown 1800s (Maths Standard 2/Y12-Trial/Hornsby Girls 2020 w. sol.pdf)
2026-07-03 21:07:07  OK Maths Advanced/Y12-Trial/SCEGGS 2007 w. sol.pdf (579 KB)  [done 2518, left 1471]
2026-07-03 21:07:37  OK Maths Extension 1/Y12-Trial/North Sydney Girls 2007 w. sol.pdf (365 KB)  [done 2519, left 1470]
2026-07-03 21:08:05  base 2720 throttled -> cooldown 1800s (English/Y12-HSC/2001 HSC Paper 1.pdf)
2026-07-03 21:08:36  OK Maths Extension 2/Y12-Trial/St George Girls 2011 w. sol.pdf (1715 KB)  [done 2520, left 1469]
2026-07-03 21:09:42  OK Maths Advanced/Y12-Trial/SCEGGS 2008 w. sol.pdf (600 KB)  [done 2521, left 1468]
2026-07-03 21:10:16  OK Maths Extension 1/Y12-Trial/North Sydney Girls 2008 w. sol.pdf (131 KB)  [done 2522, left 1467]
2026-07-03 21:11:10  OK Maths Extension 2/Y12-Trial/St George Girls 2012 w. sol.pdf (669 KB)  [done 2523, left 1466]
2026-07-03 21:12:18  OK Maths Advanced/Y12-Trial/SCEGGS 2009 w. sol.pdf (898 KB)  [done 2524, left 1465]
2026-07-03 21:12:55  OK Maths Extension 1/Y12-Trial/North Sydney Girls 2009 w. sol.pdf (665 KB)  [done 2525, left 1464]
2026-07-03 21:13:45  OK Maths Extension 2/Y12-Trial/St George Girls 2013 w. sol.pdf (981 KB)  [done 2526, left 1463]
2026-07-03 21:14:55  OK Maths Advanced/Y12-Trial/SCEGGS 2010 w. sol.pdf (1467 KB)  [done 2527, left 1462]
2026-07-03 21:15:30  OK Maths Extension 1/Y12-Trial/North Sydney Girls 2010 w. sol.pdf (638 KB)  [done 2528, left 1461]
2026-07-03 21:16:20  OK Maths Extension 2/Y12-Trial/St George Girls 2014 w. sol.pdf (705 KB)  [done 2529, left 1460]
2026-07-03 21:17:29  OK Maths Advanced/Y12-Trial/Scots 2000 w. sol.pdf (592 KB)  [done 2530, left 1459]
2026-07-03 21:18:04  OK Maths Extension 1/Y12-Trial/North Sydney Girls 2011 w. sol.pdf (524 KB)  [done 2531, left 1458]
2026-07-03 21:18:49  base 5340 throttled -> cooldown 1800s (Maths Extension 2/Y12-HSC/2001 Marking Guidelines.pdf)
2026-07-03 21:19:20  OK Maths Extension 2/Y12-Trial/St George Girls 2015 w. sol.pdf (1783 KB)  [done 2532, left 1457]
2026-07-03 21:20:03  OK Maths Advanced/Y12-Trial/Scots 2003 w. sol.pdf (390 KB)  [done 2533, left 1456]
2026-07-03 21:20:39  OK Maths Extension 1/Y12-Trial/North Sydney Girls 2012 w. sol.pdf (577 KB)  [done 2534, left 1455]
2026-07-03 21:21:56  OK Maths Extension 2/Y12-Trial/St George Girls 2016 w. sol.pdf (1210 KB)  [done 2535, left 1454]
2026-07-03 21:22:37  OK Maths Advanced/Y12-Trial/Scots 2004 w. sol.pdf (299 KB)  [done 2536, left 1453]
2026-07-03 21:23:06  base 5228 throttled -> cooldown 1800s (Maths Advanced/Y11-Yearly/Blacktown Boys 2023 w. sol.pdf)
2026-07-03 21:23:36  OK Maths Extension 1/Y12-Trial/North Sydney Girls 2013 w. sol.pdf (232 KB)  [done 2537, left 1452]
2026-07-03 21:24:32  OK Maths Extension 2/Y12-Trial/St George Girls 2017 w. sol.pdf (1369 KB)  [done 2538, left 1451]
2026-07-03 21:25:12  OK Maths Advanced/Y12-Trial/Scots 2005 w. sol.pdf (241 KB)  [done 2539, left 1450]
2026-07-03 21:26:12  OK Maths Extension 1/Y12-Trial/North Sydney Girls 2014 w. sol.pdf (479 KB)  [done 2540, left 1449]
2026-07-03 21:27:08  OK Maths Extension 2/Y12-Trial/St George Girls 2018 w. sol.pdf (1476 KB)  [done 2541, left 1448]
2026-07-03 21:27:46  OK Maths Advanced/Y12-Trial/Scots 2006 w. sol.pdf (167 KB)  [done 2542, left 1447]
2026-07-03 21:28:45  OK Maths Extension 1/Y12-Trial/North Sydney Girls 2015 w. sol.pdf (230 KB)  [done 2543, left 1446]
2026-07-03 21:29:45  OK Maths Extension 2/Y12-Trial/St George Girls 2019 w. sol.pdf (1654 KB)  [done 2544, left 1445]
2026-07-03 21:30:22  OK Maths Advanced/Y12-Trial/Scots 2007 w. sol.pdf (1359 KB)  [done 2545, left 1444]
2026-07-03 21:31:00  base 5310 throttled -> cooldown 1800s (Maths Standard 2/Y12-HSC/2001 Marking Guidelines.pdf)
2026-07-03 21:31:30  OK Maths Extension 1/Y12-Trial/North Sydney Girls 2016 w. sol.pdf (418 KB)  [done 2546, left 1443]
2026-07-03 21:32:24  OK Maths Extension 2/Y12-Trial/St George Girls 2020 w. sol.pdf (2438 KB)  [done 2547, left 1442]
2026-07-03 21:32:59  OK Maths Advanced/Y12-Trial/Scots 2008 w. sol.pdf (443 KB)  [done 2548, left 1441]
2026-07-03 21:33:34  base 5330 throttled -> cooldown 1800s (Maths Extension 1/Y12-HSC/2001 Marking Guidelines.pdf)
2026-07-03 21:34:07  base 6520 throttled -> cooldown 1800s (Physics/Y12-HSC/2013 Marking Guidelines.pdf)
2026-07-03 21:34:37  OK Maths Extension 1/Y12-Trial/North Sydney Girls 2017 w. sol.pdf (443 KB)  [done 2549, left 1440]
2026-07-03 21:35:12  OK Maths Extension 2/Y12-Trial/St George Girls 2021 w. sol.pdf (3726 KB)  [done 2550, left 1439]
2026-07-03 21:35:43  OK Maths Advanced/Y12-Trial/Scots 2011 w. sol.pdf (1690 KB)  [done 2551, left 1438]
2026-07-03 21:36:11  base 5320 throttled -> cooldown 1800s (Maths Advanced/Y12-HSC/2001 Marking Guidelines.pdf)
2026-07-03 21:36:38  base 5318 throttled -> cooldown 1800s (Maths Standard 2/Y12-Trial/Hornsby Girls 2020 w. sol.pdf)
2026-07-03 21:37:13  OK Maths Extension 1/Y12-Trial/North Sydney Girls 2018 w. sol.pdf (1041 KB)  [done 2552, left 1437]
2026-07-03 21:37:54  OK Maths Extension 2/Y12-Trial/St George Girls 2022 w. sol.pdf (5471 KB)  [done 2553, left 1436]
2026-07-03 21:38:21  base 2720 throttled -> cooldown 1800s (English/Y12-HSC/2001 HSC Paper 1.pdf)
2026-07-03 21:38:51  OK Maths Advanced/Y12-Trial/Shore 2008 w. sol.pdf (516 KB)  [done 2554, left 1435]
2026-07-03 21:39:51  OK Maths Extension 1/Y12-Trial/North Sydney Girls 2019 w. sol.pdf (1340 KB)  [done 2555, left 1434]
2026-07-03 21:40:37  OK Maths Extension 2/Y12-Trial/St George Girls 2023 w. sol.pdf (8293 KB)  [done 2556, left 1433]
2026-07-03 21:41:25  OK Maths Advanced/Y12-Trial/Shore 2010 w. sol.pdf (422 KB)  [done 2557, left 1432]
2026-07-03 21:42:26  OK Maths Extension 1/Y12-Trial/North Sydney Girls 2020 w. sol.pdf (1365 KB)  [done 2558, left 1431]
2026-07-03 21:43:16  OK Maths Extension 2/Y12-Trial/St George Girls 2024 w. sol.pdf (5185 KB)  [done 2559, left 1430]
2026-07-03 21:44:00  OK Maths Advanced/Y12-Trial/Shore 2013 w. sol.pdf (490 KB)  [done 2560, left 1429]
2026-07-03 21:45:02  OK Maths Extension 1/Y12-Trial/North Sydney Girls 2022 w. sol.pdf (2719 KB)  [done 2561, left 1428]
2026-07-03 21:46:02  OK Maths Extension 2/Y12-Trial/St George Girls 2025 w. sol.pdf (7908 KB)  [done 2562, left 1427]
2026-07-03 21:46:37  OK Maths Advanced/Y12-Trial/Shore 2014 w. sol.pdf (426 KB)  [done 2563, left 1426]
2026-07-03 21:47:40  OK Maths Extension 1/Y12-Trial/North Sydney Girls 2023 w. sol.pdf (822 KB)  [done 2564, left 1425]
2026-07-03 21:48:36  OK Maths Extension 2/Y12-Trial/Stella Maris 2005.pdf (319 KB)  [done 2565, left 1424]
2026-07-03 21:49:03  base 5340 throttled -> cooldown 1800s (Maths Extension 2/Y12-HSC/2001 Marking Guidelines.pdf)
2026-07-03 21:49:33  OK Maths Advanced/Y12-Trial/Shore 2015 w. sol.pdf (606 KB)  [done 2566, left 1423]
2026-07-03 21:50:21  OK Maths Extension 1/Y12-Trial/North Sydney Girls 2024 w. sol.pdf (3855 KB)  [done 2567, left 1422]
2026-07-03 21:51:10  OK Maths Extension 2/Y12-Trial/Stella Maris 2008.pdf (67 KB)  [done 2568, left 1421]
2026-07-03 21:52:09  OK Maths Advanced/Y12-Trial/Shore 2016 w. sol.pdf (1368 KB)  [done 2569, left 1420]
2026-07-03 21:53:01  OK Maths Extension 1/Y12-Trial/North Sydney Girls 2025 w. sol.pdf (3037 KB)  [done 2570, left 1419]
2026-07-03 21:53:30  base 5228 throttled -> cooldown 1800s (Maths Advanced/Y11-Yearly/Blacktown Boys 2023 w. sol.pdf)
2026-07-03 21:53:58  OK Maths Extension 2/Y12-Trial/Stella Maris 2009.pdf (53 KB)  [done 2571, left 1418]
2026-07-03 21:54:47  OK Maths Advanced/Y12-Trial/Shore 2017 w. sol.pdf (1097 KB)  [done 2572, left 1417]
2026-07-03 21:55:36  OK Maths Extension 1/Y12-Trial/Oxley 2000 w. sol.pdf (461 KB)  [done 2573, left 1416]
2026-07-03 21:56:32  OK Maths Extension 2/Y12-Trial/Sydney Boys 1986.pdf (72 KB)  [done 2574, left 1415]
2026-07-03 21:57:24  OK Maths Advanced/Y12-Trial/Shore 2018 w. sol.pdf (1745 KB)  [done 2575, left 1414]
2026-07-03 21:58:10  OK Maths Extension 1/Y12-Trial/Penrith 2006.pdf (133 KB)  [done 2576, left 1413]
2026-07-03 21:59:06  OK Maths Extension 2/Y12-Trial/Sydney Boys 1990.pdf (159 KB)  [done 2577, left 1412]
2026-07-03 22:00:03  OK Maths Advanced/Y12-Trial/Shore 2023 w. sol.pdf (5803 KB)  [done 2578, left 1411]
2026-07-03 22:00:44  OK Maths Extension 1/Y12-Trial/Penrith 2008.pdf (335 KB)  [done 2579, left 1410]
2026-07-03 22:01:12  base 5310 throttled -> cooldown 1800s (Maths Standard 2/Y12-HSC/2001 Marking Guidelines.pdf)
2026-07-03 22:01:40  OK Maths Extension 2/Y12-Trial/Sydney Boys 1991.pdf (154 KB)  [done 2580, left 1409]
2026-07-03 22:02:39  OK Maths Advanced/Y12-Trial/Shore 2024.pdf (633 KB)  [done 2581, left 1408]
2026-07-03 22:03:17  OK Maths Extension 1/Y12-Trial/Penrith 2011 w. sol.pdf (220 KB)  [done 2582, left 1407]
2026-07-03 22:03:45  base 5330 throttled -> cooldown 1800s (Maths Extension 1/Y12-HSC/2001 Marking Guidelines.pdf)
2026-07-03 22:04:14  OK Maths Extension 2/Y12-Trial/Sydney Boys 1994.pdf (194 KB)  [done 2583, left 1406]
2026-07-03 22:04:42  base 6520 throttled -> cooldown 1800s (Physics/Y12-HSC/2013 Marking Guidelines.pdf)
2026-07-03 22:05:16  OK Maths Advanced/Y12-Trial/St Catherines 2003 w. sol.pdf (231 KB)  [done 2584, left 1405]
2026-07-03 22:05:52  OK Maths Extension 1/Y12-Trial/Penrith 2012 w. sol.pdf (272 KB)  [done 2585, left 1404]
2026-07-03 22:06:20  base 5320 throttled -> cooldown 1800s (Maths Advanced/Y12-HSC/2001 Marking Guidelines.pdf)
2026-07-03 22:06:48  base 5318 throttled -> cooldown 1800s (Maths Standard 2/Y12-Trial/Hornsby Girls 2020 w. sol.pdf)
2026-07-03 22:07:18  OK Maths Extension 2/Y12-Trial/Sydney Boys 1995.pdf (912 KB)  [done 2586, left 1403]
2026-07-03 22:07:52  OK Maths Advanced/Y12-Trial/St Catherines 2008.pdf (122 KB)  [done 2587, left 1402]
2026-07-03 22:08:25  base 2720 throttled -> cooldown 1800s (English/Y12-HSC/2001 HSC Paper 1.pdf)
2026-07-03 22:08:53  OK Maths Extension 1/Y12-Trial/Penrith 2013 w. sol.pdf (259 KB)  [done 2588, left 1401]
2026-07-03 22:09:53  OK Maths Extension 2/Y12-Trial/Sydney Boys 1997 w. sol.pdf (537 KB)  [done 2589, left 1400]
2026-07-03 22:10:28  OK Maths Advanced/Y12-Trial/St Catherines 2011 w. sol.pdf (1130 KB)  [done 2590, left 1399]
2026-07-03 22:11:29  OK Maths Extension 1/Y12-Trial/Penrith 2014 w. sol.pdf (955 KB)  [done 2591, left 1398]
2026-07-03 22:12:27  OK Maths Extension 2/Y12-Trial/Sydney Boys 1998 w. sol.pdf (578 KB)  [done 2592, left 1397]
2026-07-03 22:13:02  OK Maths Advanced/Y12-Trial/St Catherines 2012 w. sol.pdf (873 KB)  [done 2593, left 1396]
2026-07-03 22:14:03  OK Maths Extension 1/Y12-Trial/Penrith 2015 w. sol.pdf (391 KB)  [done 2594, left 1395]
2026-07-03 22:15:07  OK Maths Extension 2/Y12-Trial/Sydney Boys 1999 w. sol.pdf (1875 KB)  [done 2595, left 1394]
2026-07-03 22:15:37  OK Maths Advanced/Y12-Trial/St Catherines 2014 w. sol.pdf (775 KB)  [done 2596, left 1393]
2026-07-03 22:16:37  OK Maths Extension 1/Y12-Trial/Penrith 2016 w. sol.pdf (387 KB)  [done 2597, left 1392]
2026-07-03 22:17:47  OK Maths Extension 2/Y12-Trial/Sydney Boys 2000 w. sol.pdf (1762 KB)  [done 2598, left 1391]
2026-07-03 22:18:19  OK Maths Advanced/Y12-Trial/St Catherines 2016 w. sol.pdf (1827 KB)  [done 2599, left 1390]
2026-07-03 22:19:06  base 5340 throttled -> cooldown 1800s (Maths Extension 2/Y12-HSC/2001 Marking Guidelines.pdf)
2026-07-03 22:19:36  OK Maths Extension 1/Y12-Trial/Penrith 2017 w. sol.pdf (412 KB)  [done 2600, left 1389]
2026-07-03 22:20:24  OK Maths Extension 2/Y12-Trial/Sydney Boys 2001 w. sol.pdf (1376 KB)  [done 2601, left 1388]
2026-07-03 22:20:54  OK Maths Advanced/Y12-Trial/St George Girls 2002 w. sol.pdf (458 KB)  [done 2602, left 1387]
2026-07-03 22:22:10  OK Maths Extension 1/Y12-Trial/Penrith 2018 w. sol.pdf (628 KB)  [done 2603, left 1386]
2026-07-03 22:22:58  OK Maths Extension 2/Y12-Trial/Sydney Boys 2002 w. sol.pdf (334 KB)  [done 2604, left 1385]
2026-07-03 22:23:33  OK Maths Advanced/Y12-Trial/St George Girls 2005 w. sol.pdf (549 KB)  [done 2605, left 1384]
2026-07-03 22:24:00  base 5228 throttled -> cooldown 1800s (Maths Advanced/Y11-Yearly/Blacktown Boys 2023 w. sol.pdf)
2026-07-03 22:24:44  OK Maths Extension 1/Y12-Trial/Penrith 2019 w. sol.pdf (556 KB)  [done 2606, left 1383]
2026-07-03 22:25:33  OK Maths Extension 2/Y12-Trial/Sydney Boys 2003 w. sol.pdf (582 KB)  [done 2607, left 1382]
2026-07-03 22:26:07  OK Maths Advanced/Y12-Trial/St George Girls 2006 w. sol.pdf (342 KB)  [done 2608, left 1381]
2026-07-03 22:27:19  OK Maths Extension 1/Y12-Trial/Penrith 2020 w. sol.pdf (1113 KB)  [done 2609, left 1380]
2026-07-03 22:28:09  OK Maths Extension 2/Y12-Trial/Sydney Boys 2004 w. sol.pdf (837 KB)  [done 2610, left 1379]
2026-07-03 22:28:44  OK Maths Advanced/Y12-Trial/St George Girls 2007 w. sol.pdf (563 KB)  [done 2611, left 1378]
2026-07-03 22:30:06  OK Maths Extension 1/Y12-Trial/Penrith 2022 w. sol.pdf (9098 KB)  [done 2612, left 1377]
2026-07-03 22:30:51  OK Maths Extension 2/Y12-Trial/Sydney Boys 2005 w. sol.pdf (2062 KB)  [done 2613, left 1376]
2026-07-03 22:31:21  OK Maths Advanced/Y12-Trial/St George Girls 2008 w. sol.pdf (525 KB)  [done 2614, left 1375]
2026-07-03 22:31:49  base 5310 throttled -> cooldown 1800s (Maths Standard 2/Y12-HSC/2001 Marking Guidelines.pdf)
2026-07-03 22:33:00  OK Maths Extension 1/Y12-Trial/Penrith 2023 w. sol.pdf (12780 KB)  [done 2615, left 1374]
2026-07-03 22:33:32  OK Maths Extension 2/Y12-Trial/Sydney Boys 2006 w. sol.pdf (1638 KB)  [done 2616, left 1373]
2026-07-03 22:33:59  base 5330 throttled -> cooldown 1800s (Maths Extension 1/Y12-HSC/2001 Marking Guidelines.pdf)
2026-07-03 22:34:29  OK Maths Advanced/Y12-Trial/St George Girls 2009 w. sol.pdf (796 KB)  [done 2617, left 1372]
2026-07-03 22:34:57  base 6520 throttled -> cooldown 1800s (Physics/Y12-HSC/2013 Marking Guidelines.pdf)
2026-07-03 22:35:38  OK Maths Extension 1/Y12-Trial/Penrith 2024 w. sol.pdf (2783 KB)  [done 2618, left 1371]
2026-07-03 22:36:09  OK Maths Extension 2/Y12-Trial/Sydney Boys 2007 w. sol.pdf (1408 KB)  [done 2619, left 1370]
2026-07-03 22:36:37  base 5320 throttled -> cooldown 1800s (Maths Advanced/Y12-HSC/2001 Marking Guidelines.pdf)
2026-07-03 22:37:06  OK Maths Advanced/Y12-Trial/St George Girls 2010 w. sol.pdf (1380 KB)  [done 2620, left 1369]
2026-07-03 22:37:34  base 5318 throttled -> cooldown 1800s (Maths Standard 2/Y12-Trial/Hornsby Girls 2020 w. sol.pdf)
2026-07-03 22:38:18  OK Maths Extension 1/Y12-Trial/Penrith 2025 w. sol.pdf (3181 KB)  [done 2621, left 1368]
2026-07-03 22:38:50  OK Maths Extension 2/Y12-Trial/Sydney Boys 2008 w. sol.pdf (862 KB)  [done 2622, left 1367]
2026-07-03 22:39:17  base 2720 throttled -> cooldown 1800s (English/Y12-HSC/2001 HSC Paper 1.pdf)
2026-07-03 22:39:49  OK Maths Advanced/Y12-Trial/St George Girls 2011 w. sol.pdf (1808 KB)  [done 2623, left 1366]
2026-07-03 22:40:52  OK Maths Extension 1/Y12-Trial/Presbyterian 2008 w. sol.pdf (404 KB)  [done 2624, left 1365]
2026-07-03 22:41:27  OK Maths Extension 2/Y12-Trial/Sydney Boys 2009 w. sol.pdf (508 KB)  [done 2625, left 1364]
2026-07-03 22:42:25  OK Maths Advanced/Y12-Trial/St George Girls 2012 w. sol.pdf (1346 KB)  [done 2626, left 1363]
2026-07-03 22:43:26  OK Maths Extension 1/Y12-Trial/Presbyterian 2010 w. sol.pdf (359 KB)  [done 2627, left 1362]
2026-07-03 22:44:01  OK Maths Extension 2/Y12-Trial/Sydney Boys 2010 w. sol.pdf (442 KB)  [done 2628, left 1361]
2026-07-03 22:45:00  OK Maths Advanced/Y12-Trial/St George Girls 2013 w. sol.pdf (1363 KB)  [done 2629, left 1360]
2026-07-03 22:46:01  OK Maths Extension 1/Y12-Trial/Presbyterian 2014 w. sol.pdf (501 KB)  [done 2630, left 1359]
2026-07-03 22:46:35  OK Maths Extension 2/Y12-Trial/Sydney Boys 2011 w. sol.pdf (501 KB)  [done 2631, left 1358]
2026-07-03 22:47:36  OK Maths Advanced/Y12-Trial/St George Girls 2014 w. sol.pdf (1367 KB)  [done 2632, left 1357]
2026-07-03 22:48:35  OK Maths Extension 1/Y12-Trial/Pymble 1995 w. sol.pdf (316 KB)  [done 2633, left 1356]
2026-07-03 22:49:16  OK Maths Extension 2/Y12-Trial/Sydney Boys 2012 w. sol.pdf (438 KB)  [done 2634, left 1355]
2026-07-03 22:49:44  base 5340 throttled -> cooldown 1800s (Maths Extension 2/Y12-HSC/2001 Marking Guidelines.pdf)
2026-07-03 22:50:15  OK Maths Advanced/Y12-Trial/St George Girls 2015 w. sol.pdf (957 KB)  [done 2635, left 1354]
2026-07-03 22:51:10  OK Maths Extension 1/Y12-Trial/Pymble 1997 w. sol.pdf (263 KB)  [done 2636, left 1353]
2026-07-03 22:51:53  OK Maths Extension 2/Y12-Trial/Sydney Boys 2013 w. sol.pdf (1472 KB)  [done 2637, left 1352]
2026-07-03 22:52:53  OK Maths Advanced/Y12-Trial/St George Girls 2016 w. sol.pdf (2206 KB)  [done 2638, left 1351]
2026-07-03 22:53:43  OK Maths Extension 1/Y12-Trial/Pymble 1999.pdf (101 KB)  [done 2639, left 1350]
2026-07-03 22:54:11  base 5228 throttled -> cooldown 1800s (Maths Advanced/Y11-Yearly/Blacktown Boys 2023 w. sol.pdf)
2026-07-03 22:54:41  OK Maths Extension 2/Y12-Trial/Sydney Boys 2014 w. sol.pdf (713 KB)  [done 2640, left 1349]
2026-07-03 22:55:29  OK Maths Advanced/Y12-Trial/St George Girls 2017 w. sol.pdf (1277 KB)  [done 2641, left 1348]
2026-07-03 22:56:17  OK Maths Extension 1/Y12-Trial/Pymble 2000 w. sol.pdf (253 KB)  [done 2642, left 1347]
2026-07-03 22:57:20  OK Maths Extension 2/Y12-Trial/Sydney Boys 2015 w. sol.pdf (2935 KB)  [done 2643, left 1346]
2026-07-03 22:58:04  OK Maths Advanced/Y12-Trial/St George Girls 2018 w. sol.pdf (863 KB)  [done 2644, left 1345]
2026-07-03 22:58:57  OK Maths Extension 1/Y12-Trial/Pymble 2001 w. sol.pdf (1614 KB)  [done 2645, left 1344]
2026-07-03 22:59:55  OK Maths Extension 2/Y12-Trial/Sydney Boys 2016 w. sol.pdf (770 KB)  [done 2646, left 1343]
2026-07-03 23:00:43  OK Maths Advanced/Y12-Trial/St George Girls 2019 w. sol.pdf (3521 KB)  [done 2647, left 1342]
2026-07-03 23:01:33  OK Maths Extension 1/Y12-Trial/Pymble 2002 w. sol.pdf (565 KB)  [done 2648, left 1341]
2026-07-03 23:02:00  base 5310 throttled -> cooldown 1800s (Maths Standard 2/Y12-HSC/2001 Marking Guidelines.pdf)
2026-07-03 23:02:32  OK Maths Extension 2/Y12-Trial/Sydney Boys 2017 w. sol.pdf (1877 KB)  [done 2649, left 1340]
2026-07-03 23:03:22  OK Maths Advanced/Y12-Trial/St George Girls 2020 w. sol.pdf (2331 KB)  [done 2650, left 1339]
2026-07-03 23:04:02  base 5330 throttled -> cooldown 1800s (Maths Extension 1/Y12-HSC/2001 Marking Guidelines.pdf)
2026-07-03 23:04:31  OK Maths Extension 1/Y12-Trial/Pymble 2003 w. sol.pdf (168 KB)  [done 2651, left 1338]
2026-07-03 23:05:04  base 6520 throttled -> cooldown 1800s (Physics/Y12-HSC/2013 Marking Guidelines.pdf)
2026-07-03 23:05:40  OK Maths Extension 2/Y12-Trial/Sydney Boys 2018 w. sol.pdf (1774 KB)  [done 2652, left 1337]
2026-07-03 23:06:15  OK Maths Advanced/Y12-Trial/St George Girls 2021 w. sol.pdf (5953 KB)  [done 2653, left 1336]
2026-07-03 23:06:42  base 5320 throttled -> cooldown 1800s (Maths Advanced/Y12-HSC/2001 Marking Guidelines.pdf)
2026-07-03 23:07:12  OK Maths Extension 1/Y12-Trial/Pymble 2004 w. sol.pdf (355 KB)  [done 2654, left 1335]
2026-07-03 23:07:40  base 5318 throttled -> cooldown 1800s (Maths Standard 2/Y12-Trial/Hornsby Girls 2020 w. sol.pdf)
2026-07-03 23:08:20  OK Maths Extension 2/Y12-Trial/Sydney Boys 2019 w. sol.pdf (3800 KB)  [done 2655, left 1334]
2026-07-03 23:08:57  OK Maths Advanced/Y12-Trial/St George Girls 2022 w. sol.pdf (6791 KB)  [done 2656, left 1333]
2026-07-03 23:09:25  base 2720 throttled -> cooldown 1800s (English/Y12-HSC/2001 HSC Paper 1.pdf)
2026-07-03 23:09:53  OK Maths Extension 1/Y12-Trial/Pymble 2005 w. sol.pdf (226 KB)  [done 2657, left 1332]
2026-07-03 23:11:00  OK Maths Extension 2/Y12-Trial/Sydney Boys 2020 w. sol.pdf (4470 KB)  [done 2658, left 1331]
2026-07-03 23:11:42  OK Maths Advanced/Y12-Trial/St George Girls 2023 w. sol.pdf (7402 KB)  [done 2659, left 1330]
2026-07-03 23:12:28  OK Maths Extension 1/Y12-Trial/Pymble 2011 w. sol.pdf (645 KB)  [done 2660, left 1329]
2026-07-03 23:14:06  OK Maths Extension 2/Y12-Trial/Sydney Boys 2022 w. sol.pdf (6478 KB)  [done 2661, left 1328]
2026-07-03 23:14:45  OK Maths Advanced/Y12-Trial/St George Girls 2024 w. sol.pdf (12244 KB)  [done 2662, left 1327]
2026-07-03 23:15:14  OK Maths Extension 1/Y12-Trial/Pymble 2012.pdf (216 KB)  [done 2663, left 1326]
2026-07-03 23:16:48  OK Maths Extension 2/Y12-Trial/Sydney Boys 2023 w. sol.pdf (5717 KB)  [done 2664, left 1325]
2026-07-03 23:17:51  OK Maths Advanced/Y12-Trial/St George Girls 2025 w. sol.pdf (17107 KB)  [done 2665, left 1324]
2026-07-03 23:18:20  OK Maths Extension 1/Y12-Trial/Pymble 2013 w. sol.pdf (606 KB)  [done 2666, left 1323]
2026-07-03 23:19:36  OK Maths Extension 2/Y12-Trial/Sydney Boys 2024 w. sol.pdf (10363 KB)  [done 2667, left 1322]
2026-07-03 23:20:04  base 5340 throttled -> cooldown 1800s (Maths Extension 2/Y12-HSC/2001 Marking Guidelines.pdf)
2026-07-03 23:20:34  OK Maths Advanced/Y12-Trial/Stella Maris 2008 w. sol.pdf (944 KB)  [done 2668, left 1321]
2026-07-03 23:21:04  OK Maths Extension 1/Y12-Trial/Pymble 2014 w. sol.pdf (830 KB)  [done 2669, left 1320]
2026-07-03 23:22:26  OK Maths Extension 2/Y12-Trial/Sydney Boys 2025 w. sol.pdf (10394 KB)  [done 2670, left 1319]
2026-07-03 23:23:09  OK Maths Advanced/Y12-Trial/Stella Maris 2009.pdf (440 KB)  [done 2671, left 1318]
2026-07-03 23:23:43  OK Maths Extension 1/Y12-Trial/Pymble 2015 w. sol.pdf (447 KB)  [done 2672, left 1317]
2026-07-03 23:24:15  base 5228 throttled -> cooldown 1800s (Maths Advanced/Y11-Yearly/Blacktown Boys 2023 w. sol.pdf)
2026-07-03 23:24:59  OK Maths Extension 2/Y12-Trial/Sydney Girls 1986.pdf (42 KB)  [done 2673, left 1316]
2026-07-03 23:25:43  OK Maths Advanced/Y12-Trial/Sydney Boys 1996 w. sol.pdf (342 KB)  [done 2674, left 1315]
2026-07-03 23:26:17  OK Maths Extension 1/Y12-Trial/Pymble 2016 w. sol.pdf (489 KB)  [done 2675, left 1314]
2026-07-03 23:27:44  OK Maths Extension 2/Y12-Trial/Sydney Girls 1991.pdf (272 KB)  [done 2676, left 1313]
2026-07-03 23:28:20  OK Maths Advanced/Y12-Trial/Sydney Boys 2002 w. sol.pdf (1216 KB)  [done 2677, left 1312]
2026-07-03 23:28:58  OK Maths Extension 1/Y12-Trial/Pymble 2019 w. sol.pdf (1848 KB)  [done 2678, left 1311]
2026-07-03 23:30:17  OK Maths Extension 2/Y12-Trial/Sydney Girls 1997.pdf (135 KB)  [done 2679, left 1310]
2026-07-03 23:30:54  OK Maths Advanced/Y12-Trial/Sydney Boys 2003 w. sol.pdf (889 KB)  [done 2680, left 1309]
2026-07-03 23:31:38  OK Maths Extension 1/Y12-Trial/Pymble 2023 w. sol.pdf (3353 KB)  [done 2681, left 1308]
2026-07-03 23:32:06  base 5310 throttled -> cooldown 1800s (Maths Standard 2/Y12-HSC/2001 Marking Guidelines.pdf)
2026-07-03 23:32:51  OK Maths Extension 2/Y12-Trial/Sydney Girls 1998 w. sol.pdf (641 KB)  [done 2682, left 1307]
2026-07-03 23:33:31  OK Maths Advanced/Y12-Trial/Sydney Boys 2004 w. sol.pdf (1014 KB)  [done 2683, left 1306]
2026-07-03 23:34:05  base 5330 throttled -> cooldown 1800s (Maths Extension 1/Y12-HSC/2001 Marking Guidelines.pdf)
2026-07-03 23:34:39  OK Maths Extension 1/Y12-Trial/Pymble 2024 w. sol.pdf (3689 KB)  [done 2684, left 1305]
2026-07-03 23:35:06  base 6520 throttled -> cooldown 1800s (Physics/Y12-HSC/2013 Marking Guidelines.pdf)
2026-07-03 23:35:35  OK Maths Extension 2/Y12-Trial/Sydney Girls 2002 w. sol.pdf (581 KB)  [done 2685, left 1304]
2026-07-03 23:36:17  OK Maths Advanced/Y12-Trial/Sydney Boys 2005 w. sol.pdf (1767 KB)  [done 2686, left 1303]
2026-07-03 23:36:49  base 5320 throttled -> cooldown 1800s (Maths Advanced/Y12-HSC/2001 Marking Guidelines.pdf)
2026-07-03 23:37:32  OK Maths Extension 1/Y12-Trial/Pymble 2025 w. sol.pdf (6920 KB)  [done 2687, left 1302]
2026-07-03 23:37:59  base 5318 throttled -> cooldown 1800s (Maths Standard 2/Y12-Trial/Hornsby Girls 2020 w. sol.pdf)
2026-07-03 23:38:31  OK Maths Extension 2/Y12-Trial/Sydney Girls 2003 w. sol.pdf (1911 KB)  [done 2688, left 1301]
2026-07-03 23:39:00  OK Maths Advanced/Y12-Trial/Sydney Boys 2006 w. sol.pdf (721 KB)  [done 2689, left 1300]
2026-07-03 23:39:28  base 2720 throttled -> cooldown 1800s (English/Y12-HSC/2001 HSC Paper 1.pdf)
2026-07-03 23:40:05  OK Maths Extension 1/Y12-Trial/Ravenswood 2000.pdf (169 KB)  [done 2690, left 1299]
2026-07-03 23:41:06  OK Maths Extension 2/Y12-Trial/Sydney Girls 2004.pdf (847 KB)  [done 2691, left 1298]
2026-07-03 23:41:35  OK Maths Advanced/Y12-Trial/Sydney Boys 2007 w. sol.pdf (474 KB)  [done 2692, left 1297]
2026-07-03 23:42:39  OK Maths Extension 1/Y12-Trial/Redlands 1995 w. sol.pdf (419 KB)  [done 2693, left 1296]
2026-07-03 23:43:41  OK Maths Extension 2/Y12-Trial/Sydney Girls 2005.pdf (281 KB)  [done 2694, left 1295]
2026-07-03 23:44:11  OK Maths Advanced/Y12-Trial/Sydney Boys 2008 w. sol.pdf (611 KB)  [done 2695, left 1294]
2026-07-03 23:45:14  OK Maths Extension 1/Y12-Trial/Redlands 1998 w. sol.pdf (387 KB)  [done 2696, left 1293]
2026-07-03 23:46:15  OK Maths Extension 2/Y12-Trial/Sydney Girls 2006 w. sol.pdf (235 KB)  [done 2697, left 1292]
2026-07-03 23:46:49  OK Maths Advanced/Y12-Trial/Sydney Boys 2009 w. sol.pdf (468 KB)  [done 2698, left 1291]
2026-07-03 23:47:48  OK Maths Extension 1/Y12-Trial/Redlands 1999.pdf (369 KB)  [done 2699, left 1290]
2026-07-03 23:48:50  OK Maths Extension 2/Y12-Trial/Sydney Girls 2007 w. sol.pdf (862 KB)  [done 2700, left 1289]
2026-07-03 23:49:25  OK Maths Advanced/Y12-Trial/Sydney Boys 2010 w. sol.pdf (391 KB)  [done 2701, left 1288]
2026-07-03 23:50:06  base 5340 throttled -> cooldown 1800s (Maths Extension 2/Y12-HSC/2001 Marking Guidelines.pdf)
2026-07-03 23:50:35  OK Maths Extension 1/Y12-Trial/Redlands 2000 w. sol.pdf (417 KB)  [done 2702, left 1287]
2026-07-03 23:51:28  OK Maths Extension 2/Y12-Trial/Sydney Girls 2008 w. sol.pdf (2551 KB)  [done 2703, left 1286]
2026-07-03 23:52:04  OK Maths Advanced/Y12-Trial/Sydney Boys 2011 w. sol.pdf (968 KB)  [done 2704, left 1285]
2026-07-03 23:53:10  OK Maths Extension 1/Y12-Trial/Riverview 1995 w. sol.pdf (480 KB)  [done 2705, left 1284]
2026-07-03 23:54:02  OK Maths Extension 2/Y12-Trial/Sydney Girls 2009 w. sol.pdf (663 KB)  [done 2706, left 1283]
2026-07-03 23:54:30  base 5228 throttled -> cooldown 1800s (Maths Advanced/Y11-Yearly/Blacktown Boys 2023 w. sol.pdf)
2026-07-03 23:54:59  OK Maths Advanced/Y12-Trial/Sydney Boys 2012 w. sol.pdf (291 KB)  [done 2707, left 1282]
2026-07-03 23:55:44  OK Maths Extension 1/Y12-Trial/Riverview 1997.pdf (599 KB)  [done 2708, left 1281]
2026-07-03 23:56:37  OK Maths Extension 2/Y12-Trial/Sydney Girls 2010 w. sol.pdf (663 KB)  [done 2709, left 1280]
2026-07-03 23:57:36  OK Maths Advanced/Y12-Trial/Sydney Boys 2013 w. sol.pdf (1536 KB)  [done 2710, left 1279]
2026-07-03 23:58:19  OK Maths Extension 1/Y12-Trial/Riverview 1999 w. sol.pdf (319 KB)  [done 2711, left 1278]
2026-07-03 23:59:12  OK Maths Extension 2/Y12-Trial/Sydney Girls 2011 w. sol.pdf (506 KB)  [done 2712, left 1277]
2026-07-04 00:00:11  OK Maths Advanced/Y12-Trial/Sydney Boys 2014 w. sol.pdf (748 KB)  [done 2713, left 1276]
2026-07-04 00:00:53  OK Maths Extension 1/Y12-Trial/Riverview 2000 w. sol.pdf (458 KB)  [done 2714, left 1275]
2026-07-04 00:01:47  OK Maths Extension 2/Y12-Trial/Sydney Girls 2012 w. sol.pdf (1068 KB)  [done 2715, left 1274]
2026-07-04 00:02:14  base 5310 throttled -> cooldown 1800s (Maths Standard 2/Y12-HSC/2001 Marking Guidelines.pdf)
2026-07-04 00:02:50  OK Maths Advanced/Y12-Trial/Sydney Boys 2015 w. sol.pdf (2281 KB)  [done 2716, left 1273]
2026-07-04 00:03:27  OK Maths Extension 1/Y12-Trial/Riverview 2001 w. sol.pdf (285 KB)  [done 2717, left 1272]
2026-07-04 00:04:08  base 5330 throttled -> cooldown 1800s (Maths Extension 1/Y12-HSC/2001 Marking Guidelines.pdf)
2026-07-04 00:04:37  OK Maths Extension 2/Y12-Trial/Sydney Girls 2013 w. sol.pdf (434 KB)  [done 2718, left 1271]
2026-07-04 00:05:09  base 6520 throttled -> cooldown 1800s (Physics/Y12-HSC/2013 Marking Guidelines.pdf)
2026-07-04 00:05:41  OK Maths Advanced/Y12-Trial/Sydney Boys 2016 w. sol.pdf (1545 KB)  [done 2719, left 1270]
2026-07-04 00:06:10  OK Maths Extension 1/Y12-Trial/Riverview 2002 w. sol.pdf (305 KB)  [done 2720, left 1269]
2026-07-04 00:06:53  base 5320 throttled -> cooldown 1800s (Maths Advanced/Y12-HSC/2001 Marking Guidelines.pdf)
2026-07-04 00:07:24  OK Maths Extension 2/Y12-Trial/Sydney Girls 2014 w. sol.pdf (1465 KB)  [done 2721, left 1268]
2026-07-04 00:08:02  base 5318 throttled -> cooldown 1800s (Maths Standard 2/Y12-Trial/Hornsby Girls 2020 w. sol.pdf)
2026-07-04 00:08:34  OK Maths Advanced/Y12-Trial/Sydney Boys 2017 w. sol.pdf (1390 KB)  [done 2722, left 1267]
2026-07-04 00:09:02  OK Maths Extension 1/Y12-Trial/Riverview 2003 w. sol.pdf (203 KB)  [done 2723, left 1266]
2026-07-04 00:09:35  base 2720 throttled -> cooldown 1800s (English/Y12-HSC/2001 HSC Paper 1.pdf)
2026-07-04 00:10:10  OK Maths Extension 2/Y12-Trial/Sydney Girls 2015 w. sol.pdf (2693 KB)  [done 2724, left 1265]
2026-07-04 00:11:11  OK Maths Advanced/Y12-Trial/Sydney Boys 2018 w. sol.pdf (2181 KB)  [done 2725, left 1264]
2026-07-04 00:11:40  OK Maths Extension 1/Y12-Trial/Riverview 2004 w. sol.pdf (214 KB)  [done 2726, left 1263]
2026-07-04 00:12:46  OK Maths Extension 2/Y12-Trial/Sydney Girls 2016 w. sol.pdf (1011 KB)  [done 2727, left 1262]
2026-07-04 00:13:50  OK Maths Advanced/Y12-Trial/Sydney Boys 2019 w. sol.pdf (3830 KB)  [done 2728, left 1261]
2026-07-04 00:14:18  OK Maths Extension 1/Y12-Trial/Riverview 2005.pdf (41 KB)  [done 2729, left 1260]
2026-07-04 00:15:24  OK Maths Extension 2/Y12-Trial/Sydney Girls 2017 w. sol.pdf (1149 KB)  [done 2730, left 1259]
2026-07-04 00:16:33  OK Maths Advanced/Y12-Trial/Sydney Boys 2020 w. sol.pdf (6813 KB)  [done 2731, left 1258]
2026-07-04 00:17:02  OK Maths Extension 1/Y12-Trial/Riverview 2006 w. sol.pdf (282 KB)  [done 2732, left 1257]
2026-07-04 00:18:02  OK Maths Extension 2/Y12-Trial/Sydney Girls 2018 w. sol.pdf (4124 KB)  [done 2733, left 1256]
2026-07-04 00:19:18  OK Maths Advanced/Y12-Trial/Sydney Boys 2022 w. sol.pdf (5710 KB)  [done 2734, left 1255]
2026-07-04 00:19:47  OK Maths Extension 1/Y12-Trial/Riverview 2007 w. sol.pdf (166 KB)  [done 2735, left 1254]
2026-07-04 00:20:15  base 5340 throttled -> cooldown 1800s (Maths Extension 2/Y12-HSC/2001 Marking Guidelines.pdf)
2026-07-04 00:20:48  OK Maths Extension 2/Y12-Trial/Sydney Girls 2019 w. sol.pdf (2594 KB)  [done 2736, left 1253]
2026-07-04 00:21:59  OK Maths Advanced/Y12-Trial/Sydney Boys 2023 w. sol.pdf (4641 KB)  [done 2737, left 1252]
2026-07-04 00:22:28  OK Maths Extension 1/Y12-Trial/Riverview 2008 w. sol.pdf (200 KB)  [done 2738, left 1251]
2026-07-04 00:23:30  OK Maths Extension 2/Y12-Trial/Sydney Girls 2020 w. sol.pdf (4934 KB)  [done 2739, left 1250]
2026-07-04 00:24:39  OK Maths Advanced/Y12-Trial/Sydney Boys 2024 w. sol.pdf (5572 KB)  [done 2740, left 1249]
2026-07-04 00:25:09  OK Maths Extension 1/Y12-Trial/Riverview 2012 w. sol.pdf (600 KB)  [done 2741, left 1248]
2026-07-04 00:25:36  base 5228 throttled -> cooldown 1800s (Maths Advanced/Y11-Yearly/Blacktown Boys 2023 w. sol.pdf)
2026-07-04 00:26:10  OK Maths Extension 2/Y12-Trial/Sydney Girls 2021 w. sol.pdf (2675 KB)  [done 2742, left 1247]
2026-07-04 00:27:22  OK Maths Advanced/Y12-Trial/Sydney Boys 2025 w. sol.pdf (7439 KB)  [done 2743, left 1246]
2026-07-04 00:27:55  OK Maths Extension 1/Y12-Trial/Riverview 2020 w. sol.pdf (3264 KB)  [done 2744, left 1245]
2026-07-04 00:28:46  OK Maths Extension 2/Y12-Trial/Sydney Girls 2022 w. sol.pdf (1403 KB)  [done 2745, left 1244]
2026-07-04 00:29:57  OK Maths Advanced/Y12-Trial/Sydney Girls 2000 w. sol.pdf (564 KB)  [done 2746, left 1243]
2026-07-04 00:30:39  OK Maths Extension 1/Y12-Trial/Riverview 2021 w. sol.pdf (5043 KB)  [done 2747, left 1242]
2026-07-04 00:31:27  OK Maths Extension 2/Y12-Trial/Sydney Girls 2023 w. sol.pdf (4725 KB)  [done 2748, left 1241]
2026-07-04 00:32:17  base 5310 throttled -> cooldown 1800s (Maths Standard 2/Y12-HSC/2001 Marking Guidelines.pdf)
2026-07-04 00:32:48  OK Maths Advanced/Y12-Trial/Sydney Girls 2002 w. sol.pdf (1063 KB)  [done 2749, left 1240]
2026-07-04 00:33:24  OK Maths Extension 1/Y12-Trial/Riverview 2022 w. sol.pdf (4254 KB)  [done 2750, left 1239]
2026-07-04 00:34:11  OK Maths Extension 2/Y12-Trial/Sydney Girls 2024 w. sol.pdf (7287 KB)  [done 2751, left 1238]
2026-07-04 00:34:39  base 5330 throttled -> cooldown 1800s (Maths Extension 1/Y12-HSC/2001 Marking Guidelines.pdf)
2026-07-04 00:35:12  base 6520 throttled -> cooldown 1800s (Physics/Y12-HSC/2013 Marking Guidelines.pdf)
2026-07-04 00:35:42  OK Maths Advanced/Y12-Trial/Sydney Girls 2003 w. sol.pdf (349 KB)  [done 2752, left 1237]
2026-07-04 00:36:12  OK Maths Extension 1/Y12-Trial/Riverview 2023 w. sol.pdf (1747 KB)  [done 2753, left 1236]
2026-07-04 00:36:54  OK Maths Extension 2/Y12-Trial/Sydney Girls 2025 w. sol.pdf (9371 KB)  [done 2754, left 1235]
2026-07-04 00:37:22  base 5320 throttled -> cooldown 1800s (Maths Advanced/Y12-HSC/2001 Marking Guidelines.pdf)
2026-07-04 00:38:05  base 5318 throttled -> cooldown 1800s (Maths Standard 2/Y12-Trial/Hornsby Girls 2020 w. sol.pdf)
2026-07-04 00:38:35  OK Maths Advanced/Y12-Trial/Sydney Girls 2006 w. sol.pdf (520 KB)  [done 2755, left 1234]
2026-07-04 00:39:12  OK Maths Extension 1/Y12-Trial/Riverview 2024 w. sol.pdf (4054 KB)  [done 2756, left 1233]
2026-07-04 00:39:40  base 2720 throttled -> cooldown 1800s (English/Y12-HSC/2001 HSC Paper 1.pdf)
2026-07-04 00:40:08  OK Maths Extension 2/Y12-Trial/Sydney Grammar 1992.pdf (128 KB)  [done 2757, left 1232]
2026-07-04 00:41:09  OK Maths Advanced/Y12-Trial/Sydney Girls 2011 w. sol.pdf (515 KB)  [done 2758, left 1231]
2026-07-04 00:41:56  OK Maths Extension 1/Y12-Trial/Riverview 2025 w. sol.pdf (5741 KB)  [done 2759, left 1230]
2026-07-04 00:42:42  OK Maths Extension 2/Y12-Trial/Sydney Grammar 1993.pdf (230 KB)  [done 2760, left 1229]
2026-07-04 00:43:43  OK Maths Advanced/Y12-Trial/Sydney Girls 2012 w. sol.pdf (548 KB)  [done 2761, left 1228]
2026-07-04 00:44:30  OK Maths Extension 1/Y12-Trial/Roseville 1998 w. sol.pdf (447 KB)  [done 2762, left 1227]
2026-07-04 00:45:15  OK Maths Extension 2/Y12-Trial/Sydney Grammar 1994.pdf (341 KB)  [done 2763, left 1226]
2026-07-04 00:46:19  OK Maths Advanced/Y12-Trial/Sydney Girls 2013 w. sol.pdf (675 KB)  [done 2764, left 1225]
2026-07-04 00:47:04  OK Maths Extension 1/Y12-Trial/Roseville 1999.pdf (150 KB)  [done 2765, left 1224]
2026-07-04 00:47:49  OK Maths Extension 2/Y12-Trial/Sydney Grammar 1995.pdf (165 KB)  [done 2766, left 1223]
2026-07-04 00:48:54  OK Maths Advanced/Y12-Trial/Sydney Girls 2014 w. sol.pdf (1748 KB)  [done 2767, left 1222]
2026-07-04 00:49:38  OK Maths Extension 1/Y12-Trial/Roseville 2001 w. sol.pdf (325 KB)  [done 2768, left 1221]
2026-07-04 00:50:18  base 5340 throttled -> cooldown 1800s (Maths Extension 2/Y12-HSC/2001 Marking Guidelines.pdf)
2026-07-04 00:50:50  OK Maths Extension 2/Y12-Trial/Sydney Grammar 1997 w. sol.pdf (937 KB)  [done 2769, left 1220]
2026-07-04 00:51:29  OK Maths Advanced/Y12-Trial/Sydney Girls 2015 w. sol.pdf (996 KB)  [done 2770, left 1219]
2026-07-04 00:52:13  OK Maths Extension 1/Y12-Trial/Roseville 2004 w. sol.pdf (572 KB)  [done 2771, left 1218]
2026-07-04 00:53:24  OK Maths Extension 2/Y12-Trial/Sydney Grammar 1998 w. sol.pdf (728 KB)  [done 2772, left 1217]
2026-07-04 00:54:06  OK Maths Advanced/Y12-Trial/Sydney Girls 2016 w. sol.pdf (2425 KB)  [done 2773, left 1216]
2026-07-04 00:54:47  OK Maths Extension 1/Y12-Trial/Roseville 2005 w. sol.pdf (497 KB)  [done 2774, left 1215]
2026-07-04 00:55:39  base 5228 throttled -> cooldown 1800s (Maths Advanced/Y11-Yearly/Blacktown Boys 2023 w. sol.pdf)
2026-07-04 00:56:08  OK Maths Extension 2/Y12-Trial/Sydney Grammar 1999 w. sol.pdf (507 KB)  [done 2775, left 1214]
2026-07-04 00:56:45  OK Maths Advanced/Y12-Trial/Sydney Girls 2017 w. sol.pdf (1843 KB)  [done 2776, left 1213]
2026-07-04 00:57:23  OK Maths Extension 1/Y12-Trial/Roseville 2025.pdf (423 KB)  [done 2777, left 1212]
2026-07-04 00:58:44  OK Maths Extension 2/Y12-Trial/Sydney Grammar 2000 w. sol.pdf (558 KB)  [done 2778, left 1211]
2026-07-04 01:00:04  OK Maths Advanced/Y12-Trial/Sydney Girls 2018 w. sol.pdf (2632 KB)  [done 2779, left 1210]
2026-07-04 01:00:34  OK Maths Extension 1/Y12-Trial/SCEGGS 1997 w. sol.pdf (321 KB)  [done 2780, left 1209]
2026-07-04 01:01:18  OK Maths Extension 2/Y12-Trial/Sydney Grammar 2001 w. sol.pdf (634 KB)  [done 2781, left 1208]
2026-07-04 01:02:20  base 5310 throttled -> cooldown 1800s (Maths Standard 2/Y12-HSC/2001 Marking Guidelines.pdf)
2026-07-04 01:02:53  OK Maths Advanced/Y12-Trial/Sydney Girls 2019 w. sol.pdf (3366 KB)  [done 2782, left 1207]
2026-07-04 01:03:22  OK Maths Extension 1/Y12-Trial/SCEGGS 2000 w. sol.pdf (219 KB)  [done 2783, left 1206]
2026-07-04 01:03:57  OK Maths Extension 2/Y12-Trial/Sydney Grammar 2002 w. sol.pdf (627 KB)  [done 2784, left 1205]
2026-07-04 01:04:42  base 5330 throttled -> cooldown 1800s (Maths Extension 1/Y12-HSC/2001 Marking Guidelines.pdf)
2026-07-04 01:05:15  base 6520 throttled -> cooldown 1800s (Physics/Y12-HSC/2013 Marking Guidelines.pdf)
2026-07-04 01:05:54  OK Maths Advanced/Y12-Trial/Sydney Girls 2020 w. sol.pdf (6801 KB)  [done 2785, left 1204]
2026-07-04 01:06:23  OK Maths Extension 1/Y12-Trial/SCEGGS 2003 w. sol.pdf (225 KB)  [done 2786, left 1203]
2026-07-04 01:06:56  OK Maths Extension 2/Y12-Trial/Sydney Grammar 2003 w. sol.pdf (3750 KB)  [done 2787, left 1202]
2026-07-04 01:07:29  base 5320 throttled -> cooldown 1800s (Maths Advanced/Y12-HSC/2001 Marking Guidelines.pdf)
2026-07-04 01:08:08  base 5318 throttled -> cooldown 1800s (Maths Standard 2/Y12-Trial/Hornsby Girls 2020 w. sol.pdf)
2026-07-04 01:08:43  OK Maths Advanced/Y12-Trial/Sydney Girls 2021 w. sol.pdf (5094 KB)  [done 2788, left 1201]
2026-07-04 01:09:12  OK Maths Extension 1/Y12-Trial/SCEGGS 2004 w. sol.pdf (196 KB)  [done 2789, left 1200]
2026-07-04 01:09:43  OK Maths Extension 2/Y12-Trial/Sydney Grammar 2004 w. sol.pdf (2081 KB)  [done 2790, left 1199]
2026-07-04 01:10:11  base 2720 throttled -> cooldown 1800s (English/Y12-HSC/2001 HSC Paper 1.pdf)
2026-07-04 01:11:25  OK Maths Advanced/Y12-Trial/Sydney Girls 2022 w. sol.pdf (5320 KB)  [done 2791, left 1198]
2026-07-04 01:11:55  OK Maths Extension 1/Y12-Trial/SCEGGS 2005 w. sol.pdf (417 KB)  [done 2792, left 1197]
2026-07-04 01:12:26  OK Maths Extension 2/Y12-Trial/Sydney Grammar 2005 w. sol.pdf (1706 KB)  [done 2793, left 1196]
2026-07-04 01:14:03  OK Maths Advanced/Y12-Trial/Sydney Girls 2023 w. sol.pdf (2558 KB)  [done 2794, left 1195]
2026-07-04 01:14:33  OK Maths Extension 1/Y12-Trial/SCEGGS 2006 w. sol.pdf (620 KB)  [done 2795, left 1194]
2026-07-04 01:15:04  OK Maths Extension 2/Y12-Trial/Sydney Grammar 2006 w. sol.pdf (1144 KB)  [done 2796, left 1193]
2026-07-04 01:16:42  OK Maths Advanced/Y12-Trial/Sydney Girls 2024 w. sol.pdf (6893 KB)  [done 2797, left 1192]
2026-07-04 01:17:12  OK Maths Extension 1/Y12-Trial/SCEGGS 2007 w. sol.pdf (497 KB)  [done 2798, left 1191]
2026-07-04 01:17:41  OK Maths Extension 2/Y12-Trial/Sydney Grammar 2007 w. sol.pdf (399 KB)  [done 2799, left 1190]
2026-07-04 01:19:25  OK Maths Advanced/Y12-Trial/Sydney Girls 2025 w. sol.pdf (7179 KB)  [done 2800, left 1189]
2026-07-04 01:19:55  OK Maths Extension 1/Y12-Trial/SCEGGS 2008 w. sol.pdf (398 KB)  [done 2801, left 1188]
2026-07-04 01:20:23  base 5340 throttled -> cooldown 1800s (Maths Extension 2/Y12-HSC/2001 Marking Guidelines.pdf)
2026-07-04 01:20:51  OK Maths Extension 2/Y12-Trial/Sydney Grammar 2008 w. sol.pdf (180 KB)  [done 2802, left 1187]
2026-07-04 01:21:59  OK Maths Advanced/Y12-Trial/Sydney Grammar 1995 w. sol.pdf (277 KB)  [done 2803, left 1186]
2026-07-04 01:22:45  OK Maths Extension 1/Y12-Trial/SCEGGS 2009 w. sol.pdf (1477 KB)  [done 2804, left 1185]
2026-07-04 01:23:26  OK Maths Extension 2/Y12-Trial/Sydney Grammar 2009 w. sol.pdf (221 KB)  [done 2805, left 1184]
2026-07-04 01:24:36  OK Maths Advanced/Y12-Trial/Sydney Grammar 1996.pdf (155 KB)  [done 2806, left 1183]
2026-07-04 01:25:22  OK Maths Extension 1/Y12-Trial/SCEGGS 2010 w. sol.pdf (2874 KB)  [done 2807, left 1182]
2026-07-04 01:25:50  base 5228 throttled -> cooldown 1800s (Maths Advanced/Y11-Yearly/Blacktown Boys 2023 w. sol.pdf)
2026-07-04 01:26:20  OK Maths Extension 2/Y12-Trial/Sydney Grammar 2010 w. sol.pdf (735 KB)  [done 2808, left 1181]
2026-07-04 01:27:09  OK Maths Advanced/Y12-Trial/Sydney Grammar 1997 w. sol.pdf (257 KB)  [done 2809, left 1180]
2026-07-04 01:27:58  OK Maths Extension 1/Y12-Trial/Scots 1999 w. sol.pdf (693 KB)  [done 2810, left 1179]
2026-07-04 01:28:55  OK Maths Extension 2/Y12-Trial/Sydney Grammar 2011 w. sol.pdf (471 KB)  [done 2811, left 1178]
2026-07-04 01:29:45  OK Maths Advanced/Y12-Trial/Sydney Grammar 1998 w. sol.pdf (564 KB)  [done 2812, left 1177]
2026-07-04 01:30:32  OK Maths Extension 1/Y12-Trial/Scots 2000 w. sol.pdf (750 KB)  [done 2813, left 1176]
2026-07-04 01:31:30  OK Maths Extension 2/Y12-Trial/Sydney Grammar 2012 w. sol.pdf (410 KB)  [done 2814, left 1175]
2026-07-04 01:32:20  OK Maths Advanced/Y12-Trial/Sydney Grammar 1999 w. sol.pdf (554 KB)  [done 2815, left 1174]
2026-07-04 01:33:20  base 5310 throttled -> cooldown 1800s (Maths Standard 2/Y12-HSC/2001 Marking Guidelines.pdf)
2026-07-04 01:33:50  OK Maths Extension 1/Y12-Trial/Scots 2001 w. sol.pdf (325 KB)  [done 2816, left 1173]
2026-07-04 01:34:18  OK Maths Extension 2/Y12-Trial/Sydney Grammar 2013 w. sol.pdf (292 KB)  [done 2817, left 1172]
2026-07-04 01:34:46  base 5330 throttled -> cooldown 1800s (Maths Extension 1/Y12-HSC/2001 Marking Guidelines.pdf)
2026-07-04 01:35:19  OK Maths Advanced/Y12-Trial/Sydney Grammar 2001 w. sol.pdf (2447 KB)  [done 2818, left 1171]
2026-07-04 01:35:46  base 6520 throttled -> cooldown 1800s (Physics/Y12-HSC/2013 Marking Guidelines.pdf)
2026-07-04 01:36:24  OK Maths Extension 1/Y12-Trial/Scots 2002 w. sol.pdf (326 KB)  [done 2819, left 1170]
2026-07-04 01:36:52  OK Maths Extension 2/Y12-Trial/Sydney Grammar 2014 w. sol.pdf (203 KB)  [done 2820, left 1169]
2026-07-04 01:37:31  base 5320 throttled -> cooldown 1800s (Maths Advanced/Y12-HSC/2001 Marking Guidelines.pdf)
2026-07-04 01:38:01  OK Maths Advanced/Y12-Trial/Sydney Grammar 2002 w. sol.pdf (646 KB)  [done 2821, left 1168]
2026-07-04 01:38:28  base 5318 throttled -> cooldown 1800s (Maths Standard 2/Y12-Trial/Hornsby Girls 2020 w. sol.pdf)
2026-07-04 01:39:02  OK Maths Extension 1/Y12-Trial/Scots 2003 w. sol.pdf (130 KB)  [done 2822, left 1167]
2026-07-04 01:39:30  OK Maths Extension 2/Y12-Trial/Sydney Grammar 2015 w. sol.pdf (181 KB)  [done 2823, left 1166]
2026-07-04 01:40:14  base 2720 throttled -> cooldown 1800s (English/Y12-HSC/2001 HSC Paper 1.pdf)
2026-07-04 01:40:44  OK Maths Advanced/Y12-Trial/Sydney Grammar 2003 w. sol.pdf (651 KB)  [done 2824, left 1165]
2026-07-04 01:41:35  OK Maths Extension 1/Y12-Trial/Scots 2004 w. sol.pdf (173 KB)  [done 2825, left 1164]
2026-07-04 01:42:04  OK Maths Extension 2/Y12-Trial/Sydney Grammar 2016 w. sol.pdf (286 KB)  [done 2826, left 1163]
2026-07-04 01:43:18  OK Maths Advanced/Y12-Trial/Sydney Grammar 2004 w. sol.pdf (289 KB)  [done 2827, left 1162]
2026-07-04 01:44:10  OK Maths Extension 1/Y12-Trial/Scots 2005 w. sol.pdf (954 KB)  [done 2828, left 1161]
2026-07-04 01:44:42  OK Maths Extension 2/Y12-Trial/Sydney Grammar 2017 w. sol.pdf (2408 KB)  [done 2829, left 1160]
2026-07-04 01:45:52  OK Maths Advanced/Y12-Trial/Sydney Grammar 2005 w. sol.pdf (503 KB)  [done 2830, left 1159]
2026-07-04 01:46:44  OK Maths Extension 1/Y12-Trial/Scots 2006 w. sol.pdf (178 KB)  [done 2831, left 1158]
2026-07-04 01:47:21  OK Maths Extension 2/Y12-Trial/Sydney Grammar 2018 w. sol.pdf (2268 KB)  [done 2832, left 1157]
2026-07-04 01:48:26  OK Maths Advanced/Y12-Trial/Sydney Grammar 2006 w. sol.pdf (314 KB)  [done 2833, left 1156]
2026-07-04 01:49:18  OK Maths Extension 1/Y12-Trial/Scots 2007 w. sol.pdf (390 KB)  [done 2834, left 1155]
2026-07-04 01:50:09  OK Maths Extension 2/Y12-Trial/Sydney Grammar 2019 w. sol.pdf (3930 KB)  [done 2835, left 1154]
2026-07-04 01:50:37  base 5340 throttled -> cooldown 1800s (Maths Extension 2/Y12-HSC/2001 Marking Guidelines.pdf)
2026-07-04 01:51:07  OK Maths Advanced/Y12-Trial/Sydney Grammar 2007 w. sol.pdf (604 KB)  [done 2836, left 1153]
2026-07-04 01:51:53  OK Maths Extension 1/Y12-Trial/Scots 2008 w. sol.pdf (557 KB)  [done 2837, left 1152]
2026-07-04 01:52:49  OK Maths Extension 2/Y12-Trial/Sydney Grammar 2020 w. sol.pdf (4799 KB)  [done 2838, left 1151]
2026-07-04 01:53:41  OK Maths Advanced/Y12-Trial/Sydney Grammar 2008 w. sol.pdf (493 KB)  [done 2839, left 1150]
2026-07-04 01:54:27  OK Maths Extension 1/Y12-Trial/Scots 2009 w. sol.pdf (968 KB)  [done 2840, left 1149]
2026-07-04 01:55:31  OK Maths Extension 2/Y12-Trial/Sydney Grammar 2021 w. sol.pdf (5282 KB)  [done 2841, left 1148]
2026-07-04 01:55:59  base 5228 throttled -> cooldown 1800s (Maths Advanced/Y11-Yearly/Blacktown Boys 2023 w. sol.pdf)
2026-07-04 01:56:28  OK Maths Advanced/Y12-Trial/Sydney Grammar 2009 w. sol.pdf (319 KB)  [done 2842, left 1147]
2026-07-04 01:57:03  OK Maths Extension 1/Y12-Trial/Scots 2011 w. sol.pdf (1257 KB)  [done 2843, left 1146]
2026-07-04 01:58:10  OK Maths Extension 2/Y12-Trial/Sydney Grammar 2022 w. sol.pdf (4072 KB)  [done 2844, left 1145]
2026-07-04 01:59:01  OK Maths Advanced/Y12-Trial/Sydney Grammar 2010 w. sol.pdf (337 KB)  [done 2845, left 1144]
2026-07-04 01:59:37  OK Maths Extension 1/Y12-Trial/Scots 2012 w. sol.pdf (768 KB)  [done 2846, left 1143]
2026-07-04 02:00:54  OK Maths Extension 2/Y12-Trial/Sydney Grammar 2023 w. sol.pdf (8170 KB)  [done 2847, left 1142]
2026-07-04 02:01:35  OK Maths Advanced/Y12-Trial/Sydney Grammar 2011 w. sol.pdf (211 KB)  [done 2848, left 1141]
2026-07-04 02:02:12  OK Maths Extension 1/Y12-Trial/Scots 2021.pdf (720 KB)  [done 2849, left 1140]
2026-07-04 02:03:23  base 5310 throttled -> cooldown 1800s (Maths Standard 2/Y12-HSC/2001 Marking Guidelines.pdf)
2026-07-04 02:03:53  OK Maths Extension 2/Y12-Trial/Sydney Grammar 2024 w. sol.pdf (1224 KB)  [done 2850, left 1139]
2026-07-04 02:04:25  OK Maths Advanced/Y12-Trial/Sydney Grammar 2012 w. sol.pdf (460 KB)  [done 2851, left 1138]
2026-07-04 02:04:53  OK Maths Extension 1/Y12-Trial/Shore 2008 w. sol.pdf (305 KB)  [done 2852, left 1137]
2026-07-04 02:05:21  base 5330 throttled -> cooldown 1800s (Maths Extension 1/Y12-HSC/2001 Marking Guidelines.pdf)
2026-07-04 02:05:54  base 6520 throttled -> cooldown 1800s (Physics/Y12-HSC/2013 Marking Guidelines.pdf)
2026-07-04 02:06:35  OK Maths Extension 2/Y12-Trial/Sydney Grammar 2025 w. sol.pdf (7188 KB)  [done 2853, left 1136]
2026-07-04 02:07:06  OK Maths Advanced/Y12-Trial/Sydney Grammar 2013 w. sol.pdf (311 KB)  [done 2854, left 1135]
2026-07-04 02:07:35  OK Maths Extension 1/Y12-Trial/Shore 2010 w. sol.pdf (379 KB)  [done 2855, left 1134]
2026-07-04 02:08:03  base 5320 throttled -> cooldown 1800s (Maths Advanced/Y12-HSC/2001 Marking Guidelines.pdf)
2026-07-04 02:08:36  base 5318 throttled -> cooldown 1800s (Maths Standard 2/Y12-Trial/Hornsby Girls 2020 w. sol.pdf)
2026-07-04 02:09:11  OK Maths Extension 2/Y12-Trial/Sydney Tech 2001 w. sol.pdf (897 KB)  [done 2856, left 1133]
2026-07-04 02:09:44  OK Maths Advanced/Y12-Trial/Sydney Grammar 2014 w. sol.pdf (964 KB)  [done 2857, left 1132]
2026-07-04 02:10:14  OK Maths Extension 1/Y12-Trial/Shore 2011 w. sol.pdf (697 KB)  [done 2858, left 1131]
2026-07-04 02:10:43  base 2720 throttled -> cooldown 1800s (English/Y12-HSC/2001 HSC Paper 1.pdf)
2026-07-04 02:11:46  OK Maths Extension 2/Y12-Trial/Sydney Tech 2002 w. sol.pdf (315 KB)  [done 2859, left 1130]
2026-07-04 02:12:20  OK Maths Advanced/Y12-Trial/Sydney Grammar 2015 w. sol.pdf (386 KB)  [done 2860, left 1129]
2026-07-04 02:12:49  OK Maths Extension 1/Y12-Trial/Shore 2012 w. sol.pdf (346 KB)  [done 2861, left 1128]
2026-07-04 02:14:20  OK Maths Extension 2/Y12-Trial/Sydney Tech 2003 w. sol.pdf (370 KB)  [done 2862, left 1127]
2026-07-04 02:14:55  OK Maths Advanced/Y12-Trial/Sydney Grammar 2016 w. sol.pdf (654 KB)  [done 2863, left 1126]
2026-07-04 02:15:24  OK Maths Extension 1/Y12-Trial/Shore 2013 w. sol.pdf (413 KB)  [done 2864, left 1125]
2026-07-04 02:16:54  OK Maths Extension 2/Y12-Trial/Sydney Tech 2004 w. sol.pdf (322 KB)  [done 2865, left 1124]
2026-07-04 02:17:31  OK Maths Advanced/Y12-Trial/Sydney Grammar 2017 w. sol.pdf (843 KB)  [done 2866, left 1123]
2026-07-04 02:18:01  OK Maths Extension 1/Y12-Trial/Shore 2014 w. sol.pdf (737 KB)  [done 2867, left 1122]
2026-07-04 02:19:28  OK Maths Extension 2/Y12-Trial/Sydney Tech 2005 w. sol.pdf (472 KB)  [done 2868, left 1121]
2026-07-04 02:20:05  OK Maths Advanced/Y12-Trial/Sydney Grammar 2018 w. sol.pdf (716 KB)  [done 2869, left 1120]
2026-07-04 02:20:40  OK Maths Extension 1/Y12-Trial/Shore 2015 w. sol.pdf (1169 KB)  [done 2870, left 1119]
2026-07-04 02:21:08  base 5340 throttled -> cooldown 1800s (Maths Extension 2/Y12-HSC/2001 Marking Guidelines.pdf)
2026-07-04 02:22:04  OK Maths Extension 2/Y12-Trial/Sydney Tech 2006 w. sol.pdf (440 KB)  [done 2871, left 1118]
2026-07-04 02:22:40  OK Maths Advanced/Y12-Trial/Sydney Grammar 2019 w. sol.pdf (905 KB)  [done 2872, left 1117]
2026-07-04 02:23:17  OK Maths Extension 1/Y12-Trial/Shore 2016 w. sol.pdf (1519 KB)  [done 2873, left 1116]
2026-07-04 02:24:38  OK Maths Extension 2/Y12-Trial/Sydney Tech 2007 w. sol.pdf (211 KB)  [done 2874, left 1115]
2026-07-04 02:25:16  OK Maths Advanced/Y12-Trial/Sydney Grammar 2020 w. sol.pdf (1333 KB)  [done 2875, left 1114]
2026-07-04 02:25:53  OK Maths Extension 1/Y12-Trial/Shore 2017 w. sol.pdf (1131 KB)  [done 2876, left 1113]
2026-07-04 02:26:21  base 5228 throttled -> cooldown 1800s (Maths Advanced/Y11-Yearly/Blacktown Boys 2023 w. sol.pdf)
2026-07-04 02:27:23  OK Maths Extension 2/Y12-Trial/Sydney Tech 2008 w. sol.pdf (243 KB)  [done 2877, left 1112]
2026-07-04 02:27:56  OK Maths Advanced/Y12-Trial/Sydney Grammar 2021 w. sol.pdf (3701 KB)  [done 2878, left 1111]
2026-07-04 02:28:31  OK Maths Extension 1/Y12-Trial/Shore 2019.pdf (508 KB)  [done 2879, left 1110]
2026-07-04 02:29:59  OK Maths Extension 2/Y12-Trial/Sydney Tech 2009 w. sol.pdf (1041 KB)  [done 2880, left 1109]
2026-07-04 02:30:39  OK Maths Advanced/Y12-Trial/Sydney Grammar 2022 w. sol.pdf (2745 KB)  [done 2881, left 1108]
2026-07-04 02:31:17  OK Maths Extension 1/Y12-Trial/Shore 2022 w. sol.pdf (1798 KB)  [done 2882, left 1107]
2026-07-04 02:32:34  OK Maths Extension 2/Y12-Trial/Sydney Tech 2010 w. sol.pdf (418 KB)  [done 2883, left 1106]
2026-07-04 02:33:38  OK Maths Advanced/Y12-Trial/Sydney Grammar 2023 w. sol.pdf (5224 KB)  [done 2884, left 1105]
2026-07-04 02:34:05  base 5310 throttled -> cooldown 1800s (Maths Standard 2/Y12-HSC/2001 Marking Guidelines.pdf)
2026-07-04 02:34:41  OK Maths Extension 1/Y12-Trial/Smiths Hill 2025 w. sol.pdf (4961 KB)  [done 2885, left 1104]
2026-07-04 02:35:11  OK Maths Extension 2/Y12-Trial/Sydney Tech 2011 w. sol.pdf (903 KB)  [done 2886, left 1103]
2026-07-04 02:35:38  base 5330 throttled -> cooldown 1800s (Maths Extension 1/Y12-HSC/2001 Marking Guidelines.pdf)
2026-07-04 02:36:06  base 6520 throttled -> cooldown 1800s (Physics/Y12-HSC/2013 Marking Guidelines.pdf)
2026-07-04 02:36:40  OK Maths Advanced/Y12-Trial/Sydney Grammar 2024 w. sol.pdf (4602 KB)  [done 2887, left 1102]
2026-07-04 02:37:14  OK Maths Extension 1/Y12-Trial/St Catherines 1996.pdf (182 KB)  [done 2888, left 1101]
2026-07-04 02:37:49  OK Maths Extension 2/Y12-Trial/Sydney Tech 2012 w. sol.pdf (745 KB)  [done 2889, left 1100]
2026-07-04 02:38:18  base 5320 throttled -> cooldown 1800s (Maths Advanced/Y12-HSC/2001 Marking Guidelines.pdf)
2026-07-04 02:38:56  base 5318 throttled -> cooldown 1800s (Maths Standard 2/Y12-Trial/Hornsby Girls 2020 w. sol.pdf)
2026-07-04 02:39:56  OK Maths Advanced/Y12-Trial/Sydney Grammar 2025 w. sol.pdf (535 KB)  [done 2890, left 1099]
2026-07-04 02:40:26  OK Maths Extension 1/Y12-Trial/St Catherines 1997.pdf (525 KB)  [done 2891, left 1098]
2026-07-04 02:40:55  OK Maths Extension 2/Y12-Trial/Sydney Tech 2013 w. sol.pdf (315 KB)  [done 2892, left 1097]
2026-07-04 02:41:23  base 2720 throttled -> cooldown 1800s (English/Y12-HSC/2001 HSC Paper 1.pdf)
2026-07-04 02:42:30  OK Maths Advanced/Y12-Trial/Sydney Tech 2000 w. sol.pdf (255 KB)  [done 2893, left 1096]
2026-07-04 02:43:04  OK Maths Extension 1/Y12-Trial/St Catherines 1999 w. sol.pdf (359 KB)  [done 2894, left 1095]
2026-07-04 02:43:34  OK Maths Extension 2/Y12-Trial/Sydney Tech 2014 w. sol.pdf (615 KB)  [done 2895, left 1094]
2026-07-04 02:45:04  OK Maths Advanced/Y12-Trial/Sydney Tech 2002 w. sol.pdf (477 KB)  [done 2896, left 1093]
2026-07-04 02:45:38  OK Maths Extension 1/Y12-Trial/St Catherines 2000 w. sol.pdf (226 KB)  [done 2897, left 1092]
2026-07-04 02:46:19  OK Maths Extension 2/Y12-Trial/Sydney Tech 2015 w. sol.pdf (466 KB)  [done 2898, left 1091]
2026-07-04 02:47:38  OK Maths Advanced/Y12-Trial/Sydney Tech 2003 w. sol.pdf (490 KB)  [done 2899, left 1090]
2026-07-04 02:48:13  OK Maths Extension 1/Y12-Trial/St Catherines 2001 w. sol.pdf (284 KB)  [done 2900, left 1089]
2026-07-04 02:48:53  OK Maths Extension 2/Y12-Trial/Sydney Tech 2016 w. sol.pdf (358 KB)  [done 2901, left 1088]
2026-07-04 02:50:23  OK Maths Advanced/Y12-Trial/Sydney Tech 2004 w. sol.pdf (528 KB)  [done 2902, left 1087]
2026-07-04 02:51:10  OK Maths Extension 1/Y12-Trial/St Catherines 2002 w. sol.pdf (402 KB)  [done 2903, left 1086]
2026-07-04 02:51:38  base 5340 throttled -> cooldown 1800s (Maths Extension 2/Y12-HSC/2001 Marking Guidelines.pdf)
2026-07-04 02:52:07  OK Maths Extension 2/Y12-Trial/Sydney Tech 2017 w. sol.pdf (656 KB)  [done 2904, left 1085]
2026-07-04 02:53:32  OK Maths Advanced/Y12-Trial/Sydney Tech 2005 w. sol.pdf (511 KB)  [done 2905, left 1084]
2026-07-04 02:54:02  OK Maths Extension 1/Y12-Trial/St Catherines 2004.pdf (459 KB)  [done 2906, left 1083]
2026-07-04 02:54:41  OK Maths Extension 2/Y12-Trial/Sydney Tech 2018 w. sol.pdf (502 KB)  [done 2907, left 1082]
2026-07-04 02:56:06  OK Maths Advanced/Y12-Trial/Sydney Tech 2006 w. sol.pdf (250 KB)  [done 2908, left 1081]
2026-07-04 02:56:34  base 5228 throttled -> cooldown 1800s (Maths Advanced/Y11-Yearly/Blacktown Boys 2023 w. sol.pdf)
2026-07-04 02:57:02  OK Maths Extension 1/Y12-Trial/St Catherines 2006 w. sol.pdf (254 KB)  [done 2909, left 1080]
2026-07-04 02:57:32  OK Maths Extension 2/Y12-Trial/Sydney Tech 2019 w. sol.pdf (1141 KB)  [done 2910, left 1079]
2026-07-04 02:58:40  OK Maths Advanced/Y12-Trial/Sydney Tech 2007 w. sol.pdf (423 KB)  [done 2911, left 1078]
2026-07-04 02:59:36  OK Maths Extension 1/Y12-Trial/St Catherines 2007.pdf (430 KB)  [done 2912, left 1077]
2026-07-04 03:00:10  OK Maths Extension 2/Y12-Trial/Sydney Tech 2020 w. sol.pdf (675 KB)  [done 2913, left 1076]
2026-07-04 03:01:15  OK Maths Advanced/Y12-Trial/Sydney Tech 2008 w. sol.pdf (685 KB)  [done 2914, left 1075]
2026-07-04 03:02:11  OK Maths Extension 1/Y12-Trial/St Catherines 2008 w. sol.pdf (455 KB)  [done 2915, left 1074]
2026-07-04 03:02:55  OK Maths Extension 2/Y12-Trial/Sydney Tech 2021 w. sol.pdf (5549 KB)  [done 2916, left 1073]
2026-07-04 03:03:50  OK Maths Advanced/Y12-Trial/Sydney Tech 2009 w. sol.pdf (464 KB)  [done 2917, left 1072]
2026-07-04 03:04:18  base 5310 throttled -> cooldown 1800s (Maths Standard 2/Y12-HSC/2001 Marking Guidelines.pdf)
2026-07-04 03:04:51  OK Maths Extension 1/Y12-Trial/St Catherines 2009 w. sol.pdf (892 KB)  [done 2918, left 1071]
2026-07-04 03:05:38  OK Maths Extension 2/Y12-Trial/Sydney Tech 2022 w. sol.pdf (6116 KB)  [done 2919, left 1070]
2026-07-04 03:06:06  base 5330 throttled -> cooldown 1800s (Maths Extension 1/Y12-HSC/2001 Marking Guidelines.pdf)
2026-07-04 03:06:34  OK Maths Advanced/Y12-Trial/Sydney Tech 2010 w. sol.pdf (247 KB)  [done 2920, left 1069]
2026-07-04 03:07:02  base 6520 throttled -> cooldown 1800s (Physics/Y12-HSC/2013 Marking Guidelines.pdf)
2026-07-04 03:07:32  OK Maths Extension 1/Y12-Trial/St Catherines 2010 w. sol.pdf (963 KB)  [done 2921, left 1068]
2026-07-04 03:08:17  OK Maths Extension 2/Y12-Trial/Sydney Tech 2023 w. sol.pdf (2283 KB)  [done 2922, left 1067]
2026-07-04 03:08:51  base 5320 throttled -> cooldown 1800s (Maths Advanced/Y12-HSC/2001 Marking Guidelines.pdf)
2026-07-04 03:09:19  base 5318 throttled -> cooldown 1800s (Maths Standard 2/Y12-Trial/Hornsby Girls 2020 w. sol.pdf)
2026-07-04 03:09:48  OK Maths Advanced/Y12-Trial/Sydney Tech 2011 w. sol.pdf (332 KB)  [done 2923, left 1066]
2026-07-04 03:10:19  OK Maths Extension 1/Y12-Trial/St Catherines 2011 w. sol.pdf (934 KB)  [done 2924, left 1065]
2026-07-04 03:10:56  OK Maths Extension 2/Y12-Trial/Sydney Tech 2024 w. sol.pdf (2111 KB)  [done 2925, left 1064]
2026-07-04 03:11:28  base 2720 throttled -> cooldown 1800s (English/Y12-HSC/2001 HSC Paper 1.pdf)
2026-07-04 03:12:36  net-error base 5328: HTTP Error 404: Not Found (cooldown 120s)
2026-07-04 03:13:08  OK Maths Extension 1/Y12-Trial/St Catherines 2012 w. sol.pdf (602 KB)  [done 2926, left 1063]
2026-07-04 03:13:42  OK Maths Extension 2/Y12-Trial/Sydney Tech 2025 w. sol.pdf (2151 KB)  [done 2927, left 1062]
2026-07-04 03:14:49  OK Maths Advanced/Y12-Trial/Sydney Tech 2012 w. sol.pdf (305 KB)  [done 2928, left 1061]
2026-07-04 03:15:42  OK Maths Extension 1/Y12-Trial/St Catherines 2014 w. sol.pdf (729 KB)  [done 2929, left 1060]
2026-07-04 03:16:16  OK Maths Extension 2/Y12-Trial/Taylors 1998.pdf (251 KB)  [done 2930, left 1059]
2026-07-04 03:17:23  OK Maths Advanced/Y12-Trial/Sydney Tech 2013 w. sol.pdf (246 KB)  [done 2931, left 1058]
2026-07-04 03:18:18  OK Maths Extension 1/Y12-Trial/St Catherines 2016 w. sol.pdf (1472 KB)  [done 2932, left 1057]
2026-07-04 03:19:07  net-error base 5348: HTTP Error 404: Not Found (cooldown 120s)
2026-07-04 03:19:56  OK Maths Advanced/Y12-Trial/Sydney Tech 2014 w. sol.pdf (275 KB)  [done 2933, left 1056]
2026-07-04 03:20:53  OK Maths Extension 1/Y12-Trial/St George Girls 1996 w. sol.pdf (690 KB)  [done 2934, left 1055]
2026-07-04 03:21:21  OK Maths Extension 2/Y12-Trial/Taylors 1999.pdf (199 KB)  [done 2935, left 1054]
2026-07-04 03:21:48  base 5340 throttled -> cooldown 1800s (Maths Extension 2/Y12-HSC/2001 Marking Guidelines.pdf)
2026-07-04 03:22:30  OK Maths Advanced/Y12-Trial/Sydney Tech 2015 w. sol.pdf (358 KB)  [done 2936, left 1053]
2026-07-04 03:23:28  OK Maths Extension 1/Y12-Trial/St George Girls 2001 w. sol.pdf (833 KB)  [done 2937, left 1052]
2026-07-04 03:24:07  OK Maths Extension 2/Y12-Trial/Taylors 2000.pdf (286 KB)  [done 2938, left 1051]
2026-07-04 03:26:34  net-error base 5328: HTTP Error 404: Not Found (cooldown 120s)
2026-07-04 03:27:25  OK Maths Extension 2/Y12-Trial/Taylors 2001.pdf (132 KB)  [done 2939, left 1050]
2026-07-04 03:28:16  OK Maths Extension 1/Y12-Trial/St George Girls 2002 w. sol.pdf (934 KB)  [done 2940, left 1049]
2026-07-04 03:28:44  base 5228 throttled -> cooldown 1800s (Maths Advanced/Y11-Yearly/Blacktown Boys 2023 w. sol.pdf)
2026-07-04 03:29:12  OK Maths Advanced/Y12-Trial/Sydney Tech 2016 w. sol.pdf (345 KB)  [done 2941, left 1048]
2026-07-04 03:29:59  OK Maths Extension 2/Y12-Trial/Taylors 2002.pdf (206 KB)  [done 2942, left 1047]
2026-07-04 03:30:50  OK Maths Extension 1/Y12-Trial/St George Girls 2003 w. sol.pdf (858 KB)  [done 2943, left 1046]
2026-07-04 03:31:47  OK Maths Advanced/Y12-Trial/Sydney Tech 2017 w. sol.pdf (247 KB)  [done 2944, left 1045]
2026-07-04 03:33:37  net-error base 5348: HTTP Error 404: Not Found (cooldown 120s)
2026-07-04 03:35:15  OK Maths Extension 1/Y12-Trial/St George Girls 2004 w. sol.pdf (872 KB)  [done 2945, left 1044]
2026-07-04 03:36:52  OK Maths Extension 2/Y12-Trial/Taylors 2003.pdf (131 KB)  [done 2946, left 1043]
2026-07-04 03:37:23  base 5310 throttled -> cooldown 1800s (Maths Standard 2/Y12-HSC/2001 Marking Guidelines.pdf)
2026-07-04 03:37:50  base 5330 throttled -> cooldown 1800s (Maths Extension 1/Y12-HSC/2001 Marking Guidelines.pdf)
2026-07-04 03:38:18  base 6520 throttled -> cooldown 1800s (Physics/Y12-HSC/2013 Marking Guidelines.pdf)
2026-07-04 03:38:46  OK Maths Advanced/Y12-Trial/Sydney Tech 2018 w. sol.pdf (464 KB)  [done 2947, left 1042]
2026-07-04 03:39:16  OK Maths Extension 1/Y12-Trial/St George Girls 2005 w. sol.pdf (662 KB)  [done 2948, left 1041]
2026-07-04 03:39:49  OK Maths Extension 2/Y12-Trial/Trinity Grammar 2013 w. sol.pdf (1621 KB)  [done 2949, left 1040]
2026-07-04 03:40:17  base 5318 throttled -> cooldown 1800s (Maths Standard 2/Y12-Trial/Hornsby Girls 2020 w. sol.pdf)
2026-07-04 03:42:16  net-error base 5320: HTTP Error 404: Not Found (cooldown 120s)
2026-07-04 03:42:49  OK Maths Extension 2/Y12-Trial/Trinity Grammar 2014 w. sol.pdf (2357 KB)  [done 2950, left 1039]
2026-07-04 03:43:18  OK Maths Advanced/Y12-Trial/Sydney Tech 2019 w. sol.pdf (709 KB)  [done 2951, left 1038]
2026-07-04 03:43:45  base 2720 throttled -> cooldown 1800s (English/Y12-HSC/2001 HSC Paper 1.pdf)
2026-07-04 03:44:17  OK Maths Extension 1/Y12-Trial/St George Girls 2006 w. sol.pdf (2319 KB)  [done 2952, left 1037]
2026-07-04 03:44:45  base 5320 throttled -> cooldown 1800s (Maths Advanced/Y12-HSC/2001 Marking Guidelines.pdf)
2026-07-04 03:45:27  OK Maths Extension 2/Y12-Trial/Trinity Grammar 2015 w. sol.pdf (1695 KB)  [done 2953, left 1036]
2026-07-04 03:46:02  OK Maths Advanced/Y12-Trial/Sydney Tech 2020 w. sol.pdf (4553 KB)  [done 2954, left 1035]
2026-07-04 03:46:52  OK Maths Extension 1/Y12-Trial/St George Girls 2007 w. sol.pdf (997 KB)  [done 2955, left 1034]
2026-07-04 03:49:09  net-error base 5348: HTTP Error 302: The HTTP server returned a redirect error that would lead to an infinite loop.
The last 30x error message was:
Moved Temporarily (cooldown 120s)
2026-07-04 03:50:45  OK Maths Advanced/Y12-Trial/Sydney Tech 2021 w. sol.pdf (5444 KB)  [done 2956, left 1033]
2026-07-04 03:51:19  OK Maths Extension 2/Y12-Trial/Trinity Grammar 2016 w. sol.pdf (1765 KB)  [done 2957, left 1032]
2026-07-04 03:51:50  OK Maths Extension 1/Y12-Trial/St George Girls 2008 w. sol.pdf (1159 KB)  [done 2958, left 1031]
2026-07-04 03:52:18  base 5340 throttled -> cooldown 1800s (Maths Extension 2/Y12-HSC/2001 Marking Guidelines.pdf)
2026-07-04 03:53:20  OK Maths Advanced/Y12-Trial/Sydney Tech 2022 w. sol.pdf (1140 KB)  [done 2959, left 1030]
2026-07-04 03:54:03  OK Maths Extension 2/Y12-Trial/Trinity Grammar 2025 w. sol.pdf (7598 KB)  [done 2960, left 1029]
2026-07-04 03:54:56  net-error base 5338: HTTP Error 404: Not Found (cooldown 120s)
2026-07-04 03:55:56  OK Maths Advanced/Y12-Trial/Sydney Tech 2023 w. sol.pdf (1512 KB)  [done 2961, left 1028]
2026-07-04 03:56:37  OK Maths Extension 2/Y12-Trial/Whitebridge 1999 w. sol.pdf (436 KB)  [done 2962, left 1027]
2026-07-04 03:57:07  OK Maths Extension 1/Y12-Trial/St George Girls 2009 w. sol.pdf (1195 KB)  [done 2963, left 1026]
2026-07-04 03:58:38  OK Maths Advanced/Y12-Trial/Sydney Tech 2024 w. sol.pdf (4399 KB)  [done 2964, left 1025]
2026-07-04 03:59:06  base 5228 throttled -> cooldown 1800s (Maths Advanced/Y11-Yearly/Blacktown Boys 2023 w. sol.pdf)
2026-07-04 03:59:35  OK Maths Extension 2/Y12-Trial/Whitebridge 2003 w. sol.pdf (453 KB)  [done 2965, left 1024]
2026-07-04 04:00:06  OK Maths Extension 1/Y12-Trial/St George Girls 2010 w. sol.pdf (1727 KB)  [done 2966, left 1023]
2026-07-04 04:01:16  OK Maths Advanced/Y12-Trial/Sydney Tech 2025 w. sol.pdf (1565 KB)  [done 2967, left 1022]
2026-07-04 04:02:10  OK Maths Extension 2/Y12-Trial/Whitebridge 2006 w. sol.pdf (395 KB)  [done 2968, left 1021]
2026-07-04 04:02:45  OK Maths Extension 1/Y12-Trial/St George Girls 2012 w. sol.pdf (633 KB)  [done 2969, left 1020]
2026-07-04 04:03:50  OK Maths Advanced/Y12-Trial/Trinity Grammar 1997 w. sol.pdf (150 KB)  [done 2970, left 1019]
2026-07-04 04:04:44  OK Maths Extension 2/Y12-Trial/Whitebridge 2007 w. sol.pdf (350 KB)  [done 2971, left 1018]
2026-07-04 04:05:22  OK Maths Extension 1/Y12-Trial/St George Girls 2013 w. sol.pdf (1531 KB)  [done 2972, left 1017]
2026-07-04 04:06:27  OK Maths Advanced/Y12-Trial/Trinity Grammar 2015 w. sol.pdf (1682 KB)  [done 2973, left 1016]
2026-07-04 04:07:18  OK Maths Extension 2/Y12-Trial/Whitebridge 2008 w. sol.pdf (445 KB)  [done 2974, left 1015]
2026-07-04 04:07:46  base 5310 throttled -> cooldown 1800s (Maths Standard 2/Y12-HSC/2001 Marking Guidelines.pdf)
2026-07-04 04:08:16  OK Maths Extension 1/Y12-Trial/St George Girls 2014 w. sol.pdf (446 KB)  [done 2975, left 1014]
2026-07-04 04:09:11  base 5330 throttled -> cooldown 1800s (Maths Extension 1/Y12-HSC/2001 Marking Guidelines.pdf)
2026-07-04 04:09:39  base 6520 throttled -> cooldown 1800s (Physics/Y12-HSC/2013 Marking Guidelines.pdf)
2026-07-04 04:10:13  OK Maths Advanced/Y12-Trial/Trinity Grammar 2016 w. sol.pdf (2370 KB)  [done 2976, left 1013]
2026-07-04 04:10:41  OK Maths Extension 2/Y12-Trial/Whitebridge 2009 w. sol.pdf (276 KB)  [done 2977, left 1012]
2026-07-04 04:11:10  OK Maths Extension 1/Y12-Trial/St George Girls 2015 w. sol.pdf (582 KB)  [done 2978, left 1011]
2026-07-04 04:11:37  base 5318 throttled -> cooldown 1800s (Maths Standard 2/Y12-Trial/Hornsby Girls 2020 w. sol.pdf)
2026-07-04 04:12:49  OK Maths Advanced/Y12-Trial/Trinity Grammar 2019 w. sol.pdf (1242 KB)  [done 2979, left 1010]
2026-07-04 04:13:18  OK Maths Extension 2/Y12-Trial/Whitebridge 2010 w. sol.pdf (347 KB)  [done 2980, left 1009]
2026-07-04 04:13:50  OK Maths Extension 1/Y12-Trial/St George Girls 2016 w. sol.pdf (1002 KB)  [done 2981, left 1008]
2026-07-04 04:14:17  base 2720 throttled -> cooldown 1800s (English/Y12-HSC/2001 HSC Paper 1.pdf)
2026-07-04 04:14:49  base 5320 throttled -> cooldown 1800s (Maths Advanced/Y12-HSC/2001 Marking Guidelines.pdf)
2026-07-04 04:15:34  OK Maths Advanced/Y12-Trial/Trinity Grammar 2020 w. sol.pdf (5321 KB)  [done 2982, left 1007]
2026-07-04 04:16:03  OK Maths Extension 2/Y12-Trial/Whitebridge 2012 w. sol.pdf (403 KB)  [done 2983, left 1006]
2026-07-04 04:16:33  OK Maths Extension 1/Y12-Trial/St George Girls 2017 w. sol.pdf (1303 KB)  [done 2984, left 1005]
2026-07-04 04:18:13  OK Maths Advanced/Y12-Trial/Trinity Grammar 2022 w. sol.pdf (3556 KB)  [done 2985, left 1004]
2026-07-04 04:19:32  OK Maths Extension 1/Y12-Trial/St George Girls 2018 w. sol.pdf (2350 KB)  [done 2986, left 1003]
2026-07-04 04:20:56  OK Maths Advanced/Y12-Trial/Trinity Grammar 2023 w. sol.pdf (6333 KB)  [done 2987, left 1002]
2026-07-04 04:22:07  OK Maths Extension 1/Y12-Trial/St George Girls 2019 w. sol.pdf (1639 KB)  [done 2988, left 1001]
2026-07-04 04:22:35  base 5340 throttled -> cooldown 1800s (Maths Extension 2/Y12-HSC/2001 Marking Guidelines.pdf)
2026-07-04 04:23:41  OK Maths Advanced/Y12-Trial/Trinity Grammar 2024 w. sol.pdf (6247 KB)  [done 2989, left 1000]
2026-07-04 04:24:54  OK Maths Extension 1/Y12-Trial/St George Girls 2020 w. sol.pdf (3852 KB)  [done 2990, left 999]
2026-07-04 04:26:19  OK Maths Advanced/Y12-Trial/Westfield Sports 2008 w. sol.pdf (1974 KB)  [done 2991, left 998]
2026-07-04 04:27:30  OK Maths Extension 1/Y12-Trial/St George Girls 2021 w. sol.pdf (1229 KB)  [done 2992, left 997]
2026-07-04 04:29:08  base 5228 throttled -> cooldown 1800s (Maths Advanced/Y11-Yearly/Blacktown Boys 2023 w. sol.pdf)
2026-07-04 04:30:13  OK Maths Extension 1/Y12-Trial/St George Girls 2022 w. sol.pdf (5899 KB)  [done 2993, left 996]
2026-07-04 04:33:18  OK Maths Extension 1/Y12-Trial/St George Girls 2023 w. sol.pdf (13577 KB)  [done 2994, left 995]
2026-07-04 04:36:04  OK Maths Extension 1/Y12-Trial/St George Girls 2024 w. sol.pdf (9778 KB)  [done 2995, left 994]
2026-07-04 04:37:49  base 5310 throttled -> cooldown 1800s (Maths Standard 2/Y12-HSC/2001 Marking Guidelines.pdf)
2026-07-04 04:38:45  OK Maths Extension 1/Y12-Trial/St George Girls 2025 w. sol.pdf (7376 KB)  [done 2996, left 993]
2026-07-04 04:39:18  base 5330 throttled -> cooldown 1800s (Maths Extension 1/Y12-HSC/2001 Marking Guidelines.pdf)
2026-07-04 04:39:46  base 6520 throttled -> cooldown 1800s (Physics/Y12-HSC/2013 Marking Guidelines.pdf)
2026-07-04 04:41:18  OK Maths Extension 1/Y12-Trial/Stella Maris 2008.pdf (81 KB)  [done 2997, left 992]
2026-07-04 04:41:46  base 5318 throttled -> cooldown 1800s (Maths Standard 2/Y12-Trial/Hornsby Girls 2020 w. sol.pdf)
2026-07-04 04:43:53  OK Maths Extension 1/Y12-Trial/Stella Maris 2011 w. sol.pdf (921 KB)  [done 2998, left 991]
2026-07-04 04:44:21  base 2720 throttled -> cooldown 1800s (English/Y12-HSC/2001 HSC Paper 1.pdf)
2026-07-04 04:44:53  base 5320 throttled -> cooldown 1800s (Maths Advanced/Y12-HSC/2001 Marking Guidelines.pdf)
2026-07-04 04:46:28  OK Maths Extension 1/Y12-Trial/Sydney Boys 1994.pdf (469 KB)  [done 2999, left 990]
2026-07-04 04:49:02  OK Maths Extension 1/Y12-Trial/Sydney Boys 1995 w. sol.pdf (284 KB)  [done 3000, left 989]
2026-07-04 04:51:38  OK Maths Extension 1/Y12-Trial/Sydney Boys 1996 w. sol.pdf (766 KB)  [done 3001, left 988]
2026-07-04 04:52:38  base 5340 throttled -> cooldown 1800s (Maths Extension 2/Y12-HSC/2001 Marking Guidelines.pdf)
2026-07-04 04:54:15  OK Maths Extension 1/Y12-Trial/Sydney Boys 1998 w. sol.pdf (950 KB)  [done 3002, left 987]
2026-07-04 04:56:52  OK Maths Extension 1/Y12-Trial/Sydney Boys 1999 w. sol.pdf (1087 KB)  [done 3003, left 986]
2026-07-04 04:59:11  base 5228 throttled -> cooldown 1800s (Maths Advanced/Y11-Yearly/Blacktown Boys 2023 w. sol.pdf)
2026-07-04 04:59:45  OK Maths Extension 1/Y12-Trial/Sydney Boys 2000 w. sol.pdf (1922 KB)  [done 3004, left 985]
2026-07-04 05:02:19  OK Maths Extension 1/Y12-Trial/Sydney Boys 2001 w. sol.pdf (663 KB)  [done 3005, left 984]
2026-07-04 05:04:58  OK Maths Extension 1/Y12-Trial/Sydney Boys 2002 w. sol.pdf (2530 KB)  [done 3006, left 983]
2026-07-04 05:07:35  OK Maths Extension 1/Y12-Trial/Sydney Boys 2003 w. sol.pdf (1102 KB)  [done 3007, left 982]
2026-07-04 05:08:02  base 5310 throttled -> cooldown 1800s (Maths Standard 2/Y12-HSC/2001 Marking Guidelines.pdf)
2026-07-04 05:09:21  base 5330 throttled -> cooldown 1800s (Maths Extension 1/Y12-HSC/2001 Marking Guidelines.pdf)
2026-07-04 05:09:55  base 6520 throttled -> cooldown 1800s (Physics/Y12-HSC/2013 Marking Guidelines.pdf)
2026-07-04 05:11:09  net-error base 5338: HTTP Error 404: Not Found (cooldown 120s)
2026-07-04 05:12:19  net-error base 5318: HTTP Error 404: Not Found (cooldown 120s)
2026-07-04 05:13:20  OK Maths Extension 1/Y12-Trial/Sydney Boys 2004 w. sol.pdf (850 KB)  [done 3008, left 981]
2026-07-04 05:14:53  net-error base 5318: HTTP Error 404: Not Found (cooldown 120s)
2026-07-04 05:15:21  base 5320 throttled -> cooldown 1800s (Maths Advanced/Y12-HSC/2001 Marking Guidelines.pdf)
2026-07-04 05:15:50  base 2720 throttled -> cooldown 1800s (English/Y12-HSC/2001 HSC Paper 1.pdf)
2026-07-04 05:16:29  OK Maths Extension 1/Y12-Trial/Sydney Boys 2005 w. sol.pdf (1713 KB)  [done 3009, left 980]
2026-07-04 05:16:56  base 5318 throttled -> cooldown 1800s (Maths Standard 2/Y12-Trial/Hornsby Girls 2020 w. sol.pdf)
2026-07-04 05:19:33  OK Maths Extension 1/Y12-Trial/Sydney Boys 2006 w. sol.pdf (1396 KB)  [done 3010, left 979]
2026-07-04 05:22:42  OK Maths Extension 1/Y12-Trial/Sydney Boys 2007 w. sol.pdf (1307 KB)  [done 3011, left 978]
2026-07-04 05:23:10  base 5340 throttled -> cooldown 1800s (Maths Extension 2/Y12-HSC/2001 Marking Guidelines.pdf)
2026-07-04 05:25:18  OK Maths Extension 1/Y12-Trial/Sydney Boys 2008 w. sol.pdf (1197 KB)  [done 3012, left 977]
2026-07-04 05:27:52  OK Maths Extension 1/Y12-Trial/Sydney Boys 2009 w. sol.pdf (366 KB)  [done 3013, left 976]
2026-07-04 05:29:13  base 5228 throttled -> cooldown 1800s (Maths Advanced/Y11-Yearly/Blacktown Boys 2023 w. sol.pdf)
2026-07-04 05:30:26  OK Maths Extension 1/Y12-Trial/Sydney Boys 2010 w. sol.pdf (215 KB)  [done 3014, left 975]
2026-07-04 05:33:00  OK Maths Extension 1/Y12-Trial/Sydney Boys 2011 w. sol.pdf (313 KB)  [done 3015, left 974]
2026-07-04 05:35:34  OK Maths Extension 1/Y12-Trial/Sydney Boys 2012 w. sol.pdf (343 KB)  [done 3016, left 973]
2026-07-04 05:38:06  base 5310 throttled -> cooldown 1800s (Maths Standard 2/Y12-HSC/2001 Marking Guidelines.pdf)
2026-07-04 05:38:35  OK Maths Extension 1/Y12-Trial/Sydney Boys 2013 w. sol.pdf (272 KB)  [done 3017, left 972]
2026-07-04 05:39:23  base 5330 throttled -> cooldown 1800s (Maths Extension 1/Y12-HSC/2001 Marking Guidelines.pdf)
2026-07-04 05:39:58  base 6520 throttled -> cooldown 1800s (Physics/Y12-HSC/2013 Marking Guidelines.pdf)
2026-07-04 05:41:11  OK Maths Extension 1/Y12-Trial/Sydney Boys 2014 w. sol.pdf (935 KB)  [done 3018, left 971]
2026-07-04 05:43:48  OK Maths Extension 1/Y12-Trial/Sydney Boys 2015 w. sol.pdf (2575 KB)  [done 3019, left 970]
2026-07-04 05:45:24  base 5320 throttled -> cooldown 1800s (Maths Advanced/Y12-HSC/2001 Marking Guidelines.pdf)
2026-07-04 05:45:56  base 2720 throttled -> cooldown 1800s (English/Y12-HSC/2001 HSC Paper 1.pdf)
2026-07-04 05:46:31  OK Maths Extension 1/Y12-Trial/Sydney Boys 2016 w. sol.pdf (2257 KB)  [done 3020, left 969]
2026-07-04 05:47:03  base 5318 throttled -> cooldown 1800s (Maths Standard 2/Y12-Trial/Hornsby Girls 2020 w. sol.pdf)
2026-07-04 05:49:07  OK Maths Extension 1/Y12-Trial/Sydney Boys 2017 w. sol.pdf (1020 KB)  [done 3021, left 968]
2026-07-04 05:51:46  OK Maths Extension 1/Y12-Trial/Sydney Boys 2018 w. sol.pdf (2912 KB)  [done 3022, left 967]
2026-07-04 05:53:13  base 5340 throttled -> cooldown 1800s (Maths Extension 2/Y12-HSC/2001 Marking Guidelines.pdf)
2026-07-04 05:54:26  OK Maths Extension 1/Y12-Trial/Sydney Boys 2019 w. sol.pdf (3960 KB)  [done 3023, left 966]
2026-07-04 05:57:06  OK Maths Extension 1/Y12-Trial/Sydney Boys 2020 w. sol.pdf (5183 KB)  [done 3024, left 965]
2026-07-04 05:59:16  base 5228 throttled -> cooldown 1800s (Maths Advanced/Y11-Yearly/Blacktown Boys 2023 w. sol.pdf)
2026-07-04 05:59:54  OK Maths Extension 1/Y12-Trial/Sydney Boys 2022 w. sol.pdf (5293 KB)  [done 3025, left 964]
2026-07-04 06:02:35  OK Maths Extension 1/Y12-Trial/Sydney Boys 2023 w. sol.pdf (6437 KB)  [done 3026, left 963]
2026-07-04 06:05:20  OK Maths Extension 1/Y12-Trial/Sydney Boys 2024 w. sol.pdf (9209 KB)  [done 3027, left 962]
2026-07-04 06:08:01  OK Maths Extension 1/Y12-Trial/Sydney Boys 2025 w. sol.pdf (5471 KB)  [done 3028, left 961]
2026-07-04 06:08:29  base 5310 throttled -> cooldown 1800s (Maths Standard 2/Y12-HSC/2001 Marking Guidelines.pdf)
2026-07-04 06:09:25  base 5330 throttled -> cooldown 1800s (Maths Extension 1/Y12-HSC/2001 Marking Guidelines.pdf)
2026-07-04 06:10:01  base 6520 throttled -> cooldown 1800s (Physics/Y12-HSC/2013 Marking Guidelines.pdf)
2026-07-04 06:10:35  OK Maths Extension 1/Y12-Trial/Sydney Girls 1993 w. sol.pdf (429 KB)  [done 3029, left 960]
2026-07-04 06:13:09  OK Maths Extension 1/Y12-Trial/Sydney Girls 1996 w. sol.pdf (512 KB)  [done 3030, left 959]
2026-07-04 06:15:26  base 5320 throttled -> cooldown 1800s (Maths Advanced/Y12-HSC/2001 Marking Guidelines.pdf)
2026-07-04 06:15:56  OK Maths Extension 1/Y12-Trial/Sydney Girls 1997 w. sol.pdf (806 KB)  [done 3031, left 958]
2026-07-04 06:16:24  base 2720 throttled -> cooldown 1800s (English/Y12-HSC/2001 HSC Paper 1.pdf)
2026-07-04 06:17:05  base 5318 throttled -> cooldown 1800s (Maths Standard 2/Y12-Trial/Hornsby Girls 2020 w. sol.pdf)
2026-07-04 06:18:30  OK Maths Extension 1/Y12-Trial/Sydney Girls 1999 w. sol.pdf (289 KB)  [done 3032, left 957]
2026-07-04 06:21:06  OK Maths Extension 1/Y12-Trial/Sydney Girls 2000 w. sol.pdf (466 KB)  [done 3033, left 956]
2026-07-04 06:23:16  base 5340 throttled -> cooldown 1800s (Maths Extension 2/Y12-HSC/2001 Marking Guidelines.pdf)
2026-07-04 06:23:46  OK Maths Extension 1/Y12-Trial/Sydney Girls 2001 w. sol.pdf (297 KB)  [done 3034, left 955]
2026-07-04 06:26:28  OK Maths Extension 1/Y12-Trial/Sydney Girls 2003 w. sol.pdf (632 KB)  [done 3035, left 954]
2026-07-04 06:29:01  OK Maths Extension 1/Y12-Trial/Sydney Girls 2004 w. sol.pdf (284 KB)  [done 3036, left 953]
2026-07-04 06:29:29  base 5228 throttled -> cooldown 1800s (Maths Advanced/Y11-Yearly/Blacktown Boys 2023 w. sol.pdf)
2026-07-04 06:31:35  OK Maths Extension 1/Y12-Trial/Sydney Girls 2005 w. sol.pdf (278 KB)  [done 3037, left 952]
2026-07-04 06:34:08  OK Maths Extension 1/Y12-Trial/Sydney Girls 2006 w. sol.pdf (280 KB)  [done 3038, left 951]
2026-07-04 06:36:42  OK Maths Extension 1/Y12-Trial/Sydney Girls 2007 w. sol.pdf (1045 KB)  [done 3039, left 950]
2026-07-04 06:38:32  base 5310 throttled -> cooldown 1800s (Maths Standard 2/Y12-HSC/2001 Marking Guidelines.pdf)
2026-07-04 06:39:20  OK Maths Extension 1/Y12-Trial/Sydney Girls 2008 w. sol.pdf (1987 KB)  [done 3040, left 949]
2026-07-04 06:39:47  base 5330 throttled -> cooldown 1800s (Maths Extension 1/Y12-HSC/2001 Marking Guidelines.pdf)
2026-07-04 06:40:15  base 6520 throttled -> cooldown 1800s (Physics/Y12-HSC/2013 Marking Guidelines.pdf)
2026-07-04 06:41:54  OK Maths Extension 1/Y12-Trial/Sydney Girls 2009 w. sol.pdf (505 KB)  [done 3041, left 948]
2026-07-04 06:44:28  OK Maths Extension 1/Y12-Trial/Sydney Girls 2010 w. sol.pdf (540 KB)  [done 3042, left 947]
2026-07-04 06:45:28  base 5320 throttled -> cooldown 1800s (Maths Advanced/Y12-HSC/2001 Marking Guidelines.pdf)
2026-07-04 06:46:26  base 2720 throttled -> cooldown 1800s (English/Y12-HSC/2001 HSC Paper 1.pdf)
2026-07-04 06:47:02  OK Maths Extension 1/Y12-Trial/Sydney Girls 2011 w. sol.pdf (608 KB)  [done 3043, left 946]
2026-07-04 06:47:29  base 5318 throttled -> cooldown 1800s (Maths Standard 2/Y12-Trial/Hornsby Girls 2020 w. sol.pdf)
2026-07-04 06:49:36  OK Maths Extension 1/Y12-Trial/Sydney Girls 2012 w. sol.pdf (423 KB)  [done 3044, left 945]
2026-07-04 06:52:10  OK Maths Extension 1/Y12-Trial/Sydney Girls 2013 w. sol.pdf (435 KB)  [done 3045, left 944]
2026-07-04 06:53:19  base 5340 throttled -> cooldown 1800s (Maths Extension 2/Y12-HSC/2001 Marking Guidelines.pdf)
2026-07-04 06:54:47  OK Maths Extension 1/Y12-Trial/Sydney Girls 2014 w. sol.pdf (1649 KB)  [done 3046, left 943]
2026-07-04 06:57:23  OK Maths Extension 1/Y12-Trial/Sydney Girls 2015 w. sol.pdf (1915 KB)  [done 3047, left 942]
2026-07-04 06:59:31  base 5228 throttled -> cooldown 1800s (Maths Advanced/Y11-Yearly/Blacktown Boys 2023 w. sol.pdf)
2026-07-04 07:00:02  OK Maths Extension 1/Y12-Trial/Sydney Girls 2016 w. sol.pdf (1851 KB)  [done 3048, left 941]
2026-07-04 07:02:39  OK Maths Extension 1/Y12-Trial/Sydney Girls 2017 w. sol.pdf (1963 KB)  [done 3049, left 940]
2026-07-04 07:05:16  OK Maths Extension 1/Y12-Trial/Sydney Girls 2018 w. sol.pdf (2112 KB)  [done 3050, left 939]
2026-07-04 07:07:56  OK Maths Extension 1/Y12-Trial/Sydney Girls 2019 w. sol.pdf (3188 KB)  [done 3051, left 938]
2026-07-04 07:08:36  base 5310 throttled -> cooldown 1800s (Maths Standard 2/Y12-HSC/2001 Marking Guidelines.pdf)
2026-07-04 07:09:50  base 5330 throttled -> cooldown 1800s (Maths Extension 1/Y12-HSC/2001 Marking Guidelines.pdf)
2026-07-04 07:10:18  base 6520 throttled -> cooldown 1800s (Physics/Y12-HSC/2013 Marking Guidelines.pdf)
2026-07-04 07:10:50  OK Maths Extension 1/Y12-Trial/Sydney Girls 2020 w. sol.pdf (2901 KB)  [done 3052, left 937]
2026-07-04 07:13:36  OK Maths Extension 1/Y12-Trial/Sydney Girls 2021 w. sol.pdf (8615 KB)  [done 3053, left 936]
2026-07-04 07:15:31  base 5320 throttled -> cooldown 1800s (Maths Advanced/Y12-HSC/2001 Marking Guidelines.pdf)
2026-07-04 07:16:14  OK Maths Extension 1/Y12-Trial/Sydney Girls 2022 w. sol.pdf (3179 KB)  [done 3054, left 935]
2026-07-04 07:16:41  base 2720 throttled -> cooldown 1800s (English/Y12-HSC/2001 HSC Paper 1.pdf)
2026-07-04 07:17:32  base 5318 throttled -> cooldown 1800s (Maths Standard 2/Y12-Trial/Hornsby Girls 2020 w. sol.pdf)
2026-07-04 07:18:57  OK Maths Extension 1/Y12-Trial/Sydney Girls 2023 w. sol.pdf (5137 KB)  [done 3055, left 934]
2026-07-04 07:21:35  OK Maths Extension 1/Y12-Trial/Sydney Girls 2024 w. sol.pdf (2355 KB)  [done 3056, left 933]
2026-07-04 07:23:21  base 5340 throttled -> cooldown 1800s (Maths Extension 2/Y12-HSC/2001 Marking Guidelines.pdf)
2026-07-04 07:24:15  OK Maths Extension 1/Y12-Trial/Sydney Girls 2025 w. sol.pdf (5304 KB)  [done 3057, left 932]
2026-07-04 07:26:49  OK Maths Extension 1/Y12-Trial/Sydney Grammar 1990.pdf (879 KB)  [done 3058, left 931]
2026-07-04 07:29:23  OK Maths Extension 1/Y12-Trial/Sydney Grammar 1991 w. sol.pdf (360 KB)  [done 3059, left 930]
2026-07-04 07:29:51  base 5228 throttled -> cooldown 1800s (Maths Advanced/Y11-Yearly/Blacktown Boys 2023 w. sol.pdf)
2026-07-04 07:31:57  OK Maths Extension 1/Y12-Trial/Sydney Grammar 1992 w. sol.pdf (475 KB)  [done 3060, left 929]
2026-07-04 07:34:33  OK Maths Extension 1/Y12-Trial/Sydney Grammar 1994 w. sol.pdf (1464 KB)  [done 3061, left 928]
2026-07-04 07:37:06  OK Maths Extension 1/Y12-Trial/Sydney Grammar 1995 w. sol.pdf (344 KB)  [done 3062, left 927]
2026-07-04 07:38:38  base 5310 throttled -> cooldown 1800s (Maths Standard 2/Y12-HSC/2001 Marking Guidelines.pdf)
2026-07-04 07:39:42  OK Maths Extension 1/Y12-Trial/Sydney Grammar 1996 w. sol.pdf (1011 KB)  [done 3063, left 926]
2026-07-04 07:40:09  base 5330 throttled -> cooldown 1800s (Maths Extension 1/Y12-HSC/2001 Marking Guidelines.pdf)
2026-07-04 07:40:37  base 6520 throttled -> cooldown 1800s (Physics/Y12-HSC/2013 Marking Guidelines.pdf)
2026-07-04 07:42:17  OK Maths Extension 1/Y12-Trial/Sydney Grammar 1997 w. sol.pdf (733 KB)  [done 3064, left 925]
2026-07-04 07:44:51  OK Maths Extension 1/Y12-Trial/Sydney Grammar 1998 w. sol.pdf (382 KB)  [done 3065, left 924]
2026-07-04 07:45:34  base 5320 throttled -> cooldown 1800s (Maths Advanced/Y12-HSC/2001 Marking Guidelines.pdf)
2026-07-04 07:46:44  base 2720 throttled -> cooldown 1800s (English/Y12-HSC/2001 HSC Paper 1.pdf)
2026-07-04 07:47:25  OK Maths Extension 1/Y12-Trial/Sydney Grammar 1999 w. sol.pdf (267 KB)  [done 3066, left 923]
2026-07-04 07:47:52  base 5318 throttled -> cooldown 1800s (Maths Standard 2/Y12-Trial/Hornsby Girls 2020 w. sol.pdf)
2026-07-04 07:49:59  OK Maths Extension 1/Y12-Trial/Sydney Grammar 2000 w. sol.pdf (824 KB)  [done 3067, left 922]
2026-07-04 07:52:33  OK Maths Extension 1/Y12-Trial/Sydney Grammar 2001 w. sol.pdf (375 KB)  [done 3068, left 921]
2026-07-04 07:53:24  base 5340 throttled -> cooldown 1800s (Maths Extension 2/Y12-HSC/2001 Marking Guidelines.pdf)
2026-07-04 07:55:09  OK Maths Extension 1/Y12-Trial/Sydney Grammar 2002 w. sol.pdf (1091 KB)  [done 3069, left 920]
2026-07-04 07:57:46  OK Maths Extension 1/Y12-Trial/Sydney Grammar 2003 w. sol.pdf (782 KB)  [done 3070, left 919]
2026-07-04 07:59:54  base 5228 throttled -> cooldown 1800s (Maths Advanced/Y11-Yearly/Blacktown Boys 2023 w. sol.pdf)
2026-07-04 08:00:24  OK Maths Extension 1/Y12-Trial/Sydney Grammar 2004 w. sol.pdf (976 KB)  [done 3071, left 918]
2026-07-04 08:03:02  OK Maths Extension 1/Y12-Trial/Sydney Grammar 2005 w. sol.pdf (1872 KB)  [done 3072, left 917]
2026-07-04 08:05:38  OK Maths Extension 1/Y12-Trial/Sydney Grammar 2006 w. sol.pdf (469 KB)  [done 3073, left 916]
2026-07-04 08:08:14  OK Maths Extension 1/Y12-Trial/Sydney Grammar 2007 w. sol.pdf (1882 KB)  [done 3074, left 915]
2026-07-04 08:08:41  base 5310 throttled -> cooldown 1800s (Maths Standard 2/Y12-HSC/2001 Marking Guidelines.pdf)
2026-07-04 08:10:12  base 5330 throttled -> cooldown 1800s (Maths Extension 1/Y12-HSC/2001 Marking Guidelines.pdf)
2026-07-04 08:10:40  base 6520 throttled -> cooldown 1800s (Physics/Y12-HSC/2013 Marking Guidelines.pdf)
2026-07-04 08:11:11  OK Maths Extension 1/Y12-Trial/Sydney Grammar 2008 w. sol.pdf (1197 KB)  [done 3075, left 914]
2026-07-04 08:14:15  net-error base 5338: HTTP Error 404: Not Found (cooldown 120s)
2026-07-04 08:15:37  base 5320 throttled -> cooldown 1800s (Maths Advanced/Y12-HSC/2001 Marking Guidelines.pdf)
2026-07-04 08:16:20  OK Maths Extension 1/Y12-Trial/Sydney Grammar 2009 w. sol.pdf (236 KB)  [done 3076, left 913]
2026-07-04 08:16:48  base 2720 throttled -> cooldown 1800s (English/Y12-HSC/2001 HSC Paper 1.pdf)
2026-07-04 08:17:55  base 5318 throttled -> cooldown 1800s (Maths Standard 2/Y12-Trial/Hornsby Girls 2020 w. sol.pdf)
2026-07-04 08:18:54  OK Maths Extension 1/Y12-Trial/Sydney Grammar 2010 w. sol.pdf (237 KB)  [done 3077, left 912]
2026-07-04 08:21:28  OK Maths Extension 1/Y12-Trial/Sydney Grammar 2011 w. sol.pdf (316 KB)  [done 3078, left 911]
2026-07-04 08:23:27  base 5340 throttled -> cooldown 1800s (Maths Extension 2/Y12-HSC/2001 Marking Guidelines.pdf)
2026-07-04 08:24:02  OK Maths Extension 1/Y12-Trial/Sydney Grammar 2012 w. sol.pdf (456 KB)  [done 3079, left 910]
2026-07-04 08:26:36  OK Maths Extension 1/Y12-Trial/Sydney Grammar 2013 w. sol.pdf (161 KB)  [done 3080, left 909]
2026-07-04 08:29:10  OK Maths Extension 1/Y12-Trial/Sydney Grammar 2014 w. sol.pdf (231 KB)  [done 3081, left 908]
2026-07-04 08:29:56  base 5228 throttled -> cooldown 1800s (Maths Advanced/Y11-Yearly/Blacktown Boys 2023 w. sol.pdf)
2026-07-04 08:31:45  OK Maths Extension 1/Y12-Trial/Sydney Grammar 2015 w. sol.pdf (705 KB)  [done 3082, left 907]
2026-07-04 08:34:36  OK Maths Extension 1/Y12-Trial/Sydney Grammar 2016 w. sol.pdf (2360 KB)  [done 3083, left 906]
2026-07-04 08:37:12  OK Maths Extension 1/Y12-Trial/Sydney Grammar 2017 w. sol.pdf (700 KB)  [done 3084, left 905]
2026-07-04 08:38:43  base 5310 throttled -> cooldown 1800s (Maths Standard 2/Y12-HSC/2001 Marking Guidelines.pdf)
2026-07-04 08:39:50  OK Maths Extension 1/Y12-Trial/Sydney Grammar 2018 w. sol.pdf (1654 KB)  [done 3085, left 904]
2026-07-04 08:40:18  base 5330 throttled -> cooldown 1800s (Maths Extension 1/Y12-HSC/2001 Marking Guidelines.pdf)
2026-07-04 08:40:45  base 6520 throttled -> cooldown 1800s (Physics/Y12-HSC/2013 Marking Guidelines.pdf)
2026-07-04 08:42:23  OK Maths Extension 1/Y12-Trial/Sydney Grammar 2019 w. sol.pdf (253 KB)  [done 3086, left 903]
2026-07-04 08:44:58  OK Maths Extension 1/Y12-Trial/Sydney Grammar 2020 w. sol.pdf (445 KB)  [done 3087, left 902]
2026-07-04 08:45:40  base 5320 throttled -> cooldown 1800s (Maths Advanced/Y12-HSC/2001 Marking Guidelines.pdf)
2026-07-04 08:46:50  base 2720 throttled -> cooldown 1800s (English/Y12-HSC/2001 HSC Paper 1.pdf)
2026-07-04 08:47:41  OK Maths Extension 1/Y12-Trial/Sydney Grammar 2021 w. sol.pdf (6538 KB)  [done 3088, left 901]
2026-07-04 08:48:08  base 5318 throttled -> cooldown 1800s (Maths Standard 2/Y12-Trial/Hornsby Girls 2020 w. sol.pdf)
2026-07-04 08:50:14  OK Maths Extension 1/Y12-Trial/Sydney Grammar 2022 w. sol.pdf (334 KB)  [done 3089, left 900]
2026-07-04 08:52:53  OK Maths Extension 1/Y12-Trial/Sydney Grammar 2023 w. sol.pdf (3906 KB)  [done 3090, left 899]
2026-07-04 08:53:29  base 5340 throttled -> cooldown 1800s (Maths Extension 2/Y12-HSC/2001 Marking Guidelines.pdf)
2026-07-04 08:55:36  OK Maths Extension 1/Y12-Trial/Sydney Grammar 2024 w. sol.pdf (8916 KB)  [done 3091, left 898]
2026-07-04 08:58:17  OK Maths Extension 1/Y12-Trial/Sydney Grammar 2025 w. sol.pdf (4103 KB)  [done 3092, left 897]
2026-07-04 08:59:59  base 5228 throttled -> cooldown 1800s (Maths Advanced/Y11-Yearly/Blacktown Boys 2023 w. sol.pdf)
2026-07-04 09:00:49  OK Maths Extension 1/Y12-Trial/Sydney Tech 1991 w. sol.pdf (159 KB)  [done 3093, left 896]
2026-07-04 09:03:23  OK Maths Extension 1/Y12-Trial/Sydney Tech 2002 w. sol.pdf (241 KB)  [done 3094, left 895]
2026-07-04 09:05:57  OK Maths Extension 1/Y12-Trial/Sydney Tech 2003 w. sol.pdf (254 KB)  [done 3095, left 894]
2026-07-04 09:08:31  OK Maths Extension 1/Y12-Trial/Sydney Tech 2004 w. sol.pdf (365 KB)  [done 3096, left 893]
2026-07-04 09:08:59  base 5310 throttled -> cooldown 1800s (Maths Standard 2/Y12-HSC/2001 Marking Guidelines.pdf)
2026-07-04 09:10:21  base 5330 throttled -> cooldown 1800s (Maths Extension 1/Y12-HSC/2001 Marking Guidelines.pdf)
2026-07-04 09:10:49  base 6520 throttled -> cooldown 1800s (Physics/Y12-HSC/2013 Marking Guidelines.pdf)
2026-07-04 09:11:18  OK Maths Extension 1/Y12-Trial/Sydney Tech 2005 w. sol.pdf (620 KB)  [done 3097, left 892]
2026-07-04 09:13:52  OK Maths Extension 1/Y12-Trial/Sydney Tech 2006 w. sol.pdf (202 KB)  [done 3098, left 891]
2026-07-04 09:15:43  base 5320 throttled -> cooldown 1800s (Maths Advanced/Y12-HSC/2001 Marking Guidelines.pdf)
2026-07-04 09:16:26  OK Maths Extension 1/Y12-Trial/Sydney Tech 2007 w. sol.pdf (317 KB)  [done 3099, left 890]
2026-07-04 09:16:53  base 2720 throttled -> cooldown 1800s (English/Y12-HSC/2001 HSC Paper 1.pdf)
2026-07-04 09:18:11  base 5318 throttled -> cooldown 1800s (Maths Standard 2/Y12-Trial/Hornsby Girls 2020 w. sol.pdf)
2026-07-04 09:18:59  OK Maths Extension 1/Y12-Trial/Sydney Tech 2008 w. sol.pdf (211 KB)  [done 3100, left 889]
2026-07-04 09:21:33  OK Maths Extension 1/Y12-Trial/Sydney Tech 2009 w. sol.pdf (497 KB)  [done 3101, left 888]
2026-07-04 09:23:32  base 5340 throttled -> cooldown 1800s (Maths Extension 2/Y12-HSC/2001 Marking Guidelines.pdf)
2026-07-04 09:24:07  OK Maths Extension 1/Y12-Trial/Sydney Tech 2010 w. sol.pdf (281 KB)  [done 3102, left 887]
2026-07-04 09:26:40  OK Maths Extension 1/Y12-Trial/Sydney Tech 2011 w. sol.pdf (268 KB)  [done 3103, left 886]
2026-07-04 09:29:14  OK Maths Extension 1/Y12-Trial/Sydney Tech 2012 w. sol.pdf (258 KB)  [done 3104, left 885]
2026-07-04 09:30:01  base 5228 throttled -> cooldown 1800s (Maths Advanced/Y11-Yearly/Blacktown Boys 2023 w. sol.pdf)
2026-07-04 09:31:48  OK Maths Extension 1/Y12-Trial/Sydney Tech 2013 w. sol.pdf (316 KB)  [done 3105, left 884]
2026-07-04 09:34:22  OK Maths Extension 1/Y12-Trial/Sydney Tech 2014 w. sol.pdf (306 KB)  [done 3106, left 883]
2026-07-04 09:36:56  OK Maths Extension 1/Y12-Trial/Sydney Tech 2015 w. sol.pdf (349 KB)  [done 3107, left 882]
2026-07-04 09:39:02  base 5310 throttled -> cooldown 1800s (Maths Standard 2/Y12-HSC/2001 Marking Guidelines.pdf)
2026-07-04 09:39:30  OK Maths Extension 1/Y12-Trial/Sydney Tech 2016 w. sol.pdf (334 KB)  [done 3108, left 881]
2026-07-04 09:40:23  base 5330 throttled -> cooldown 1800s (Maths Extension 1/Y12-HSC/2001 Marking Guidelines.pdf)
2026-07-04 09:40:56  base 6520 throttled -> cooldown 1800s (Physics/Y12-HSC/2013 Marking Guidelines.pdf)
2026-07-04 09:42:05  OK Maths Extension 1/Y12-Trial/Sydney Tech 2017 w. sol.pdf (309 KB)  [done 3109, left 880]
2026-07-04 09:44:40  OK Maths Extension 1/Y12-Trial/Sydney Tech 2018 w. sol.pdf (353 KB)  [done 3110, left 879]
2026-07-04 09:45:45  base 5320 throttled -> cooldown 1800s (Maths Advanced/Y12-HSC/2001 Marking Guidelines.pdf)
2026-07-04 09:46:55  base 2720 throttled -> cooldown 1800s (English/Y12-HSC/2001 HSC Paper 1.pdf)
2026-07-04 09:47:27  OK Maths Extension 1/Y12-Trial/Sydney Tech 2019 w. sol.pdf (2347 KB)  [done 3111, left 878]
2026-07-04 09:48:14  base 5318 throttled -> cooldown 1800s (Maths Standard 2/Y12-Trial/Hornsby Girls 2020 w. sol.pdf)
2026-07-04 09:50:02  OK Maths Extension 1/Y12-Trial/Sydney Tech 2020 w. sol.pdf (531 KB)  [done 3112, left 877]
2026-07-04 09:52:40  OK Maths Extension 1/Y12-Trial/Sydney Tech 2021 w. sol.pdf (3224 KB)  [done 3113, left 876]
2026-07-04 09:53:34  base 5340 throttled -> cooldown 1800s (Maths Extension 2/Y12-HSC/2001 Marking Guidelines.pdf)
2026-07-04 09:55:22  OK Maths Extension 1/Y12-Trial/Sydney Tech 2022 w. sol.pdf (3918 KB)  [done 3114, left 875]
2026-07-04 09:58:00  OK Maths Extension 1/Y12-Trial/Sydney Tech 2023 w. sol.pdf (1831 KB)  [done 3115, left 874]
2026-07-04 10:00:04  base 5228 throttled -> cooldown 1800s (Maths Advanced/Y11-Yearly/Blacktown Boys 2023 w. sol.pdf)
2026-07-04 10:00:45  OK Maths Extension 1/Y12-Trial/Sydney Tech 2024 w. sol.pdf (4764 KB)  [done 3116, left 873]
2026-07-04 10:03:22  OK Maths Extension 1/Y12-Trial/Sydney Tech 2025 w. sol.pdf (2803 KB)  [done 3117, left 872]
2026-07-04 10:05:57  OK Maths Extension 1/Y12-Trial/Trinity Grammar 2013 w. sol.pdf (937 KB)  [done 3118, left 871]
2026-07-04 10:08:35  OK Maths Extension 1/Y12-Trial/Trinity Grammar 2014 w. sol.pdf (2304 KB)  [done 3119, left 870]
2026-07-04 10:09:07  base 5310 throttled -> cooldown 1800s (Maths Standard 2/Y12-HSC/2001 Marking Guidelines.pdf)
2026-07-04 10:10:26  base 5330 throttled -> cooldown 1800s (Maths Extension 1/Y12-HSC/2001 Marking Guidelines.pdf)
2026-07-04 10:10:59  base 6520 throttled -> cooldown 1800s (Physics/Y12-HSC/2013 Marking Guidelines.pdf)
2026-07-04 10:11:30  OK Maths Extension 1/Y12-Trial/Trinity Grammar 2015 w. sol.pdf (1107 KB)  [done 3120, left 869]
2026-07-04 10:14:05  OK Maths Extension 1/Y12-Trial/Trinity Grammar 2016 w. sol.pdf (795 KB)  [done 3121, left 868]
2026-07-04 10:15:48  base 5320 throttled -> cooldown 1800s (Maths Advanced/Y12-HSC/2001 Marking Guidelines.pdf)
2026-07-04 10:16:55  OK Maths Extension 1/Y12-Trial/Trinity Grammar 2020 w. sol.pdf (2502 KB)  [done 3122, left 867]
2026-07-04 10:17:23  base 2720 throttled -> cooldown 1800s (English/Y12-HSC/2001 HSC Paper 1.pdf)
2026-07-04 10:18:16  base 5318 throttled -> cooldown 1800s (Maths Standard 2/Y12-Trial/Hornsby Girls 2020 w. sol.pdf)
2026-07-04 10:19:32  OK Maths Extension 1/Y12-Trial/Trinity Grammar 2022 w. sol.pdf (2380 KB)  [done 3123, left 866]
2026-07-04 10:22:15  OK Maths Extension 1/Y12-Trial/Trinity Grammar 2023 w. sol.pdf (5567 KB)  [done 3124, left 865]
2026-07-04 10:23:37  base 5340 throttled -> cooldown 1800s (Maths Extension 2/Y12-HSC/2001 Marking Guidelines.pdf)
2026-07-04 10:25:39  OK Maths Extension 1/Y12-Trial/Trinity Grammar 2024 w. sol.pdf (6716 KB)  [done 3125, left 864]
2026-07-04 10:28:14  OK Maths Extension 1/Y12-Trial/Westfield Sports 2008.pdf (323 KB)  [done 3126, left 863]
2026-07-04 10:30:07  base 5228 throttled -> cooldown 1800s (Maths Advanced/Y11-Yearly/Blacktown Boys 2023 w. sol.pdf)
2026-07-04 10:39:09  base 5310 throttled -> cooldown 1800s (Maths Standard 2/Y12-HSC/2001 Marking Guidelines.pdf)
2026-07-04 10:40:29  base 5330 throttled -> cooldown 1800s (Maths Extension 1/Y12-HSC/2001 Marking Guidelines.pdf)
2026-07-04 10:41:02  base 6520 throttled -> cooldown 1800s (Physics/Y12-HSC/2013 Marking Guidelines.pdf)
2026-07-04 10:45:51  base 5320 throttled -> cooldown 1800s (Maths Advanced/Y12-HSC/2001 Marking Guidelines.pdf)
2026-07-04 10:47:25  base 2720 throttled -> cooldown 1800s (English/Y12-HSC/2001 HSC Paper 1.pdf)
2026-07-04 10:48:18  base 5318 throttled -> cooldown 1800s (Maths Standard 2/Y12-Trial/Hornsby Girls 2020 w. sol.pdf)
2026-07-04 10:53:39  base 5340 throttled -> cooldown 1800s (Maths Extension 2/Y12-HSC/2001 Marking Guidelines.pdf)
2026-07-04 11:00:12  base 5228 throttled -> cooldown 1800s (Maths Advanced/Y11-Yearly/Blacktown Boys 2023 w. sol.pdf)
2026-07-04 11:09:12  base 5310 throttled -> cooldown 1800s (Maths Standard 2/Y12-HSC/2001 Marking Guidelines.pdf)
2026-07-04 11:10:31  base 5330 throttled -> cooldown 1800s (Maths Extension 1/Y12-HSC/2001 Marking Guidelines.pdf)
2026-07-04 11:11:05  base 6520 throttled -> cooldown 1800s (Physics/Y12-HSC/2013 Marking Guidelines.pdf)
2026-07-04 11:15:53  base 5320 throttled -> cooldown 1800s (Maths Advanced/Y12-HSC/2001 Marking Guidelines.pdf)
2026-07-04 11:17:39  base 2720 throttled -> cooldown 1800s (English/Y12-HSC/2001 HSC Paper 1.pdf)
2026-07-04 11:18:21  base 5318 throttled -> cooldown 1800s (Maths Standard 2/Y12-Trial/Hornsby Girls 2020 w. sol.pdf)
2026-07-04 11:23:42  base 5340 throttled -> cooldown 1800s (Maths Extension 2/Y12-HSC/2001 Marking Guidelines.pdf)
2026-07-04 11:30:29  base 5228 throttled -> cooldown 1800s (Maths Advanced/Y11-Yearly/Blacktown Boys 2023 w. sol.pdf)
2026-07-04 11:39:14  base 5310 throttled -> cooldown 1800s (Maths Standard 2/Y12-HSC/2001 Marking Guidelines.pdf)
2026-07-04 11:40:33  base 5330 throttled -> cooldown 1800s (Maths Extension 1/Y12-HSC/2001 Marking Guidelines.pdf)
2026-07-04 11:41:07  base 6520 throttled -> cooldown 1800s (Physics/Y12-HSC/2013 Marking Guidelines.pdf)
2026-07-04 11:45:56  base 5320 throttled -> cooldown 1800s (Maths Advanced/Y12-HSC/2001 Marking Guidelines.pdf)
2026-07-04 11:47:42  base 2720 throttled -> cooldown 1800s (English/Y12-HSC/2001 HSC Paper 1.pdf)
2026-07-04 11:48:52  base 5318 throttled -> cooldown 1800s (Maths Standard 2/Y12-Trial/Hornsby Girls 2020 w. sol.pdf)
2026-07-04 11:53:48  base 5340 throttled -> cooldown 1800s (Maths Extension 2/Y12-HSC/2001 Marking Guidelines.pdf)
2026-07-04 12:01:12  base 5228 throttled -> cooldown 1800s (Maths Advanced/Y11-Yearly/Blacktown Boys 2023 w. sol.pdf)
2026-07-04 12:09:24  base 5310 throttled -> cooldown 1800s (Maths Standard 2/Y12-HSC/2001 Marking Guidelines.pdf)
2026-07-04 12:10:35  base 5330 throttled -> cooldown 1800s (Maths Extension 1/Y12-HSC/2001 Marking Guidelines.pdf)
2026-07-04 12:11:10  base 6520 throttled -> cooldown 1800s (Physics/Y12-HSC/2013 Marking Guidelines.pdf)
2026-07-04 12:15:59  base 5320 throttled -> cooldown 1800s (Maths Advanced/Y12-HSC/2001 Marking Guidelines.pdf)
2026-07-04 12:17:44  base 2720 throttled -> cooldown 1800s (English/Y12-HSC/2001 HSC Paper 1.pdf)
2026-07-04 12:18:55  base 5318 throttled -> cooldown 1800s (Maths Standard 2/Y12-Trial/Hornsby Girls 2020 w. sol.pdf)
2026-07-04 12:23:51  base 5340 throttled -> cooldown 1800s (Maths Extension 2/Y12-HSC/2001 Marking Guidelines.pdf)
2026-07-04 12:31:15  base 5228 throttled -> cooldown 1800s (Maths Advanced/Y11-Yearly/Blacktown Boys 2023 w. sol.pdf)
2026-07-04 12:39:27  base 5310 throttled -> cooldown 1800s (Maths Standard 2/Y12-HSC/2001 Marking Guidelines.pdf)
2026-07-04 12:40:48  base 5330 throttled -> cooldown 1800s (Maths Extension 1/Y12-HSC/2001 Marking Guidelines.pdf)
2026-07-04 12:41:16  base 6520 throttled -> cooldown 1800s (Physics/Y12-HSC/2013 Marking Guidelines.pdf)
2026-07-04 12:46:02  base 5320 throttled -> cooldown 1800s (Maths Advanced/Y12-HSC/2001 Marking Guidelines.pdf)
2026-07-04 12:47:47  base 2720 throttled -> cooldown 1800s (English/Y12-HSC/2001 HSC Paper 1.pdf)
2026-07-04 12:48:57  base 5318 throttled -> cooldown 1800s (Maths Standard 2/Y12-Trial/Hornsby Girls 2020 w. sol.pdf)
2026-07-04 12:54:23  net-error base 5340: HTTP Error 404: Not Found (cooldown 120s)
2026-07-04 12:58:39  base 5340 throttled -> cooldown 1800s (Maths Extension 2/Y12-HSC/2001 Marking Guidelines.pdf)
2026-07-04 13:01:17  base 5228 throttled -> cooldown 1800s (Maths Advanced/Y11-Yearly/Blacktown Boys 2023 w. sol.pdf)
2026-07-04 13:09:29  base 5310 throttled -> cooldown 1800s (Maths Standard 2/Y12-HSC/2001 Marking Guidelines.pdf)
2026-07-04 13:10:50  base 5330 throttled -> cooldown 1800s (Maths Extension 1/Y12-HSC/2001 Marking Guidelines.pdf)
2026-07-04 13:11:23  base 6520 throttled -> cooldown 1800s (Physics/Y12-HSC/2013 Marking Guidelines.pdf)
2026-07-04 13:16:04  base 5320 throttled -> cooldown 1800s (Maths Advanced/Y12-HSC/2001 Marking Guidelines.pdf)
2026-07-04 13:17:50  base 2720 throttled -> cooldown 1800s (English/Y12-HSC/2001 HSC Paper 1.pdf)
2026-07-04 13:19:00  base 5318 throttled -> cooldown 1800s (Maths Standard 2/Y12-Trial/Hornsby Girls 2020 w. sol.pdf)
2026-07-04 13:28:43  base 5340 throttled -> cooldown 1800s (Maths Extension 2/Y12-HSC/2001 Marking Guidelines.pdf)
2026-07-04 13:31:20  base 5228 throttled -> cooldown 1800s (Maths Advanced/Y11-Yearly/Blacktown Boys 2023 w. sol.pdf)
2026-07-04 13:39:32  base 5310 throttled -> cooldown 1800s (Maths Standard 2/Y12-HSC/2001 Marking Guidelines.pdf)
2026-07-04 13:41:24  net-error base 5330: HTTP Error 404: Not Found (cooldown 120s)
2026-07-04 13:42:48  net-error base 6520: HTTP Error 404: Not Found (cooldown 120s)
2026-07-04 13:43:27  base 5330 throttled -> cooldown 1800s (Maths Extension 1/Y12-HSC/2001 Marking Guidelines.pdf)
2026-07-04 13:44:51  base 6520 throttled -> cooldown 1800s (Physics/Y12-HSC/2013 Marking Guidelines.pdf)
2026-07-04 13:46:07  base 5320 throttled -> cooldown 1800s (Maths Advanced/Y12-HSC/2001 Marking Guidelines.pdf)
2026-07-04 13:47:52  base 2720 throttled -> cooldown 1800s (English/Y12-HSC/2001 HSC Paper 1.pdf)
2026-07-04 13:49:03  base 5318 throttled -> cooldown 1800s (Maths Standard 2/Y12-Trial/Hornsby Girls 2020 w. sol.pdf)
2026-07-04 13:58:46  base 5340 throttled -> cooldown 1800s (Maths Extension 2/Y12-HSC/2001 Marking Guidelines.pdf)
2026-07-04 14:01:33  base 5228 throttled -> cooldown 1800s (Maths Advanced/Y11-Yearly/Blacktown Boys 2023 w. sol.pdf)
2026-07-04 14:09:53  base 5310 throttled -> cooldown 1800s (Maths Standard 2/Y12-HSC/2001 Marking Guidelines.pdf)
2026-07-04 14:13:30  base 5330 throttled -> cooldown 1800s (Maths Extension 1/Y12-HSC/2001 Marking Guidelines.pdf)
2026-07-04 14:14:53  base 6520 throttled -> cooldown 1800s (Physics/Y12-HSC/2013 Marking Guidelines.pdf)
2026-07-04 14:16:09  base 5320 throttled -> cooldown 1800s (Maths Advanced/Y12-HSC/2001 Marking Guidelines.pdf)
2026-07-04 14:18:55  base 2720 throttled -> cooldown 1800s (English/Y12-HSC/2001 HSC Paper 1.pdf)
2026-07-04 14:19:24  base 5318 throttled -> cooldown 1800s (Maths Standard 2/Y12-Trial/Hornsby Girls 2020 w. sol.pdf)
2026-07-04 14:28:49  base 5340 throttled -> cooldown 1800s (Maths Extension 2/Y12-HSC/2001 Marking Guidelines.pdf)
2026-07-04 14:31:36  base 5228 throttled -> cooldown 1800s (Maths Advanced/Y11-Yearly/Blacktown Boys 2023 w. sol.pdf)
2026-07-04 14:39:56  base 5310 throttled -> cooldown 1800s (Maths Standard 2/Y12-HSC/2001 Marking Guidelines.pdf)
2026-07-04 14:43:33  base 5330 throttled -> cooldown 1800s (Maths Extension 1/Y12-HSC/2001 Marking Guidelines.pdf)
2026-07-04 14:44:56  base 6520 throttled -> cooldown 1800s (Physics/Y12-HSC/2013 Marking Guidelines.pdf)
2026-07-04 14:46:14  base 5320 throttled -> cooldown 1800s (Maths Advanced/Y12-HSC/2001 Marking Guidelines.pdf)
2026-07-04 14:48:58  base 2720 throttled -> cooldown 1800s (English/Y12-HSC/2001 HSC Paper 1.pdf)
2026-07-04 14:49:31  base 5318 throttled -> cooldown 1800s (Maths Standard 2/Y12-Trial/Hornsby Girls 2020 w. sol.pdf)
2026-07-04 14:58:52  base 5340 throttled -> cooldown 1800s (Maths Extension 2/Y12-HSC/2001 Marking Guidelines.pdf)
2026-07-04 15:01:39  base 5228 throttled -> cooldown 1800s (Maths Advanced/Y11-Yearly/Blacktown Boys 2023 w. sol.pdf)
2026-07-04 15:09:58  base 5310 throttled -> cooldown 1800s (Maths Standard 2/Y12-HSC/2001 Marking Guidelines.pdf)
2026-07-04 15:13:36  base 5330 throttled -> cooldown 1800s (Maths Extension 1/Y12-HSC/2001 Marking Guidelines.pdf)
2026-07-04 15:14:59  base 6520 throttled -> cooldown 1800s (Physics/Y12-HSC/2013 Marking Guidelines.pdf)
2026-07-04 15:16:37  base 5320 throttled -> cooldown 1800s (Maths Advanced/Y12-HSC/2001 Marking Guidelines.pdf)
2026-07-04 15:19:02  base 2720 throttled -> cooldown 1800s (English/Y12-HSC/2001 HSC Paper 1.pdf)
2026-07-04 15:19:37  base 5318 throttled -> cooldown 1800s (Maths Standard 2/Y12-Trial/Hornsby Girls 2020 w. sol.pdf)
2026-07-04 15:29:02  base 5340 throttled -> cooldown 1800s (Maths Extension 2/Y12-HSC/2001 Marking Guidelines.pdf)
2026-07-04 15:31:41  base 5228 throttled -> cooldown 1800s (Maths Advanced/Y11-Yearly/Blacktown Boys 2023 w. sol.pdf)
2026-07-04 15:40:08  base 5310 throttled -> cooldown 1800s (Maths Standard 2/Y12-HSC/2001 Marking Guidelines.pdf)
2026-07-04 15:43:39  base 5330 throttled -> cooldown 1800s (Maths Extension 1/Y12-HSC/2001 Marking Guidelines.pdf)
2026-07-04 15:45:02  base 6520 throttled -> cooldown 1800s (Physics/Y12-HSC/2013 Marking Guidelines.pdf)
2026-07-04 15:46:40  base 5320 throttled -> cooldown 1800s (Maths Advanced/Y12-HSC/2001 Marking Guidelines.pdf)
2026-07-04 15:49:05  base 2720 throttled -> cooldown 1800s (English/Y12-HSC/2001 HSC Paper 1.pdf)
2026-07-04 15:49:40  base 5318 throttled -> cooldown 1800s (Maths Standard 2/Y12-Trial/Hornsby Girls 2020 w. sol.pdf)
2026-07-04 15:59:05  base 5340 throttled -> cooldown 1800s (Maths Extension 2/Y12-HSC/2001 Marking Guidelines.pdf)
2026-07-04 16:01:44  base 5228 throttled -> cooldown 1800s (Maths Advanced/Y11-Yearly/Blacktown Boys 2023 w. sol.pdf)
2026-07-04 16:10:11  base 5310 throttled -> cooldown 1800s (Maths Standard 2/Y12-HSC/2001 Marking Guidelines.pdf)
2026-07-04 16:13:41  base 5330 throttled -> cooldown 1800s (Maths Extension 1/Y12-HSC/2001 Marking Guidelines.pdf)
2026-07-04 16:15:05  base 6520 throttled -> cooldown 1800s (Physics/Y12-HSC/2013 Marking Guidelines.pdf)
2026-07-04 16:16:43  base 5320 throttled -> cooldown 1800s (Maths Advanced/Y12-HSC/2001 Marking Guidelines.pdf)
2026-07-04 16:19:08  base 2720 throttled -> cooldown 1800s (English/Y12-HSC/2001 HSC Paper 1.pdf)
2026-07-04 16:19:43  base 5318 throttled -> cooldown 1800s (Maths Standard 2/Y12-Trial/Hornsby Girls 2020 w. sol.pdf)
2026-07-04 16:29:08  base 5340 throttled -> cooldown 1800s (Maths Extension 2/Y12-HSC/2001 Marking Guidelines.pdf)
2026-07-04 16:29:33  === idle 21600s, all bases cooling -> abort. ok=3126 left=863 ===
2026-07-06 11:43:55  === round-robin downloader start (filter=ALL) ===
2026-07-06 11:44:16  resume: 3279 already on disk, 0 direct. 863 to fetch via 8 bases.
2026-07-06 11:44:19  base 5320 throttled -> cooldown 1800s (Maths Advanced/Y12-HSC/2001 Marking Guidelines.pdf)
2026-07-06 11:44:46  base 5228 throttled -> cooldown 1800s (Maths Advanced/Y11-Yearly/Blacktown Boys 2023 w. sol.pdf)
2026-07-06 11:45:14  base 2720 throttled -> cooldown 1800s (English/Y12-HSC/2001 HSC Paper 1.pdf)
2026-07-06 11:45:41  base 5318 throttled -> cooldown 1800s (Maths Standard 2/Y12-Trial/Hornsby Girls 2020 w. sol.pdf)
2026-07-06 11:46:09  base 5330 throttled -> cooldown 1800s (Maths Extension 1/Y12-HSC/2001 Marking Guidelines.pdf)
2026-07-06 11:46:37  base 5340 throttled -> cooldown 1800s (Maths Extension 2/Y12-HSC/2001 Marking Guidelines.pdf)
2026-07-06 11:47:04  base 6520 throttled -> cooldown 1800s (Physics/Y12-HSC/2013 Marking Guidelines.pdf)
2026-07-06 11:47:32  base 5310 throttled -> cooldown 1800s (Maths Standard 2/Y12-HSC/2001 Marking Guidelines.pdf)
2026-07-06 12:10:13  === round-robin downloader start (filter=ALL) ===
2026-07-06 12:10:57  resume: 3279 already on disk, 0 direct. 2023 to fetch via 51 bases.
2026-07-06 12:10:59  base 5320 throttled -> cooldown 1800s (Maths Advanced/Y12-HSC/2001 Marking Guidelines.pdf)
2026-07-06 12:11:27  base 5228 throttled -> cooldown 1800s (Maths Advanced/Y11-Yearly/Blacktown Boys 2023 w. sol.pdf)
2026-07-06 12:11:55  base 2720 throttled -> cooldown 1800s (English/Y12-HSC/2001 HSC Paper 1.pdf)
2026-07-06 12:12:22  base 5318 throttled -> cooldown 1800s (Maths Standard 2/Y12-Trial/Hornsby Girls 2020 w. sol.pdf)
2026-07-06 12:12:50  base 1170 throttled -> cooldown 1800s (Ancient History/Y12-HSC/2001 HSC.pdf)
2026-07-06 12:13:17  base 1370 throttled -> cooldown 1800s (Biology/Y12-HSC/2001 HSC.pdf)
2026-07-06 12:13:45  base 1570 throttled -> cooldown 1800s (Business Studies/Y12-HSC/2001 HSC.pdf)
2026-07-06 12:14:13  base 1820 throttled -> cooldown 1800s (Chemistry/Y12-HSC/2001 HSC.pdf)
2026-07-06 12:14:40  base 2420 throttled -> cooldown 1800s (Earth & Environmental Science/Y12-HSC/2001 HSC.pdf)
2026-07-06 12:15:08  base 2470 throttled -> cooldown 1800s (Economics/Y12-HSC/2001 HSC.pdf)
2026-07-06 12:15:36  base 2670 throttled -> cooldown 1800s (Engineering Studies/Y12-HSC/2001 HSC.pdf)
2026-07-06 12:16:04  base 5020 throttled -> cooldown 1800s (Legal Studies/Y12-HSC/2001 HSC.pdf)
2026-07-06 12:16:32  base 5520 throttled -> cooldown 1800s (Modern History/Y12-HSC/2001 HSC.pdf)
2026-07-06 12:17:02  OK Agriculture/Y12-Trial/Hurlstone 2007.pdf (769 KB)  [done 1, left 2022]
2026-07-06 12:17:31  OK IPT/Y12-Trial/Barker 2001.pdf (97 KB)  [done 2, left 2021]
2026-07-06 12:18:02  OK PDHPE/Y12-Trial/Ascham 2019 w. sol.pdf (1153 KB)  [done 3, left 2020]
2026-07-06 12:18:30  OK Software/Y12-Trial/Asquith Girls 2001.pdf (81 KB)  [done 4, left 2019]
2026-07-06 12:18:58  OK Studies of Religion 1/Y12-Trial/Newington 2003.pdf (132 KB)  [done 5, left 2018]
2026-07-06 12:19:26  base 4620 throttled -> cooldown 1800s (Japanese Continuers/Y12-HSC/2001 HSC.pdf)
2026-07-06 12:19:56  base 4630 throttled -> cooldown 1800s (Japanese Extension/Y12-HSC/2001 HSC (Written Exam).pdf)
2026-07-06 12:20:26  OK Japanese Beginners/Y12-Trial/2010 Japanese Beginners Trials.pdf (251 KB)  [done 6, left 2017]
2026-07-06 12:20:54  OK Japanese Continuers/Y12-Trial/2010 Japanese Continuers Trials.pdf (227 KB)  [done 7, left 2016]
2026-07-06 12:21:23  OK Latin Continuers/Y12-Trial/James Ruse 2021.pdf (207 KB)  [done 8, left 2015]
2026-07-06 12:21:54  OK Biology/Y11-Yearly/Barker 2019.pdf (1035 KB)  [done 9, left 2014]
2026-07-06 12:22:26  OK Chemistry/Y11-Yearly/Barker 2019.pdf (1203 KB)  [done 10, left 2013]
2026-07-06 12:22:55  OK Economics/Y11-Yearly/Fort St 2010 w. sol.pdf (129 KB)  [done 11, left 2012]
2026-07-06 12:23:25  OK Engineering Studies/Y11-Yearly/Girraween 2014 w. sol.pdf (900 KB)  [done 12, left 2011]
2026-07-06 12:23:54  OK IPT/Y11-Yearly/Cherrybrook Tech 2009.pdf (345 KB)  [done 13, left 2010]
2026-07-06 12:24:25  OK Modern History/Y11-Yearly/Cranbrook 2010.pdf (1504 KB)  [done 14, left 2009]
2026-07-06 12:24:54  base 5330 throttled -> cooldown 1800s (Maths Extension 1/Y12-HSC/2001 Marking Guidelines.pdf)
2026-07-06 12:25:22  base 5310 throttled -> cooldown 1800s (Maths Standard 2/Y12-HSC/2001 Marking Guidelines.pdf)
2026-07-06 12:25:52  OK Ancient History/Y12-Trial/Newington 2012.pdf (329 KB)  [done 15, left 2008]
2026-07-06 12:26:22  OK Business Studies/Y12-Trial/Abbotsleigh 2012 w. sol.pdf (965 KB)  [done 16, left 2007]
2026-07-06 12:26:56  OK Earth & Environmental Science/Y12-Trial/Abbotsleigh 2020 w. sol.pdf (3186 KB)  [done 17, left 2006]
2026-07-06 12:27:28  OK Engineering Studies/Y12-Trial/Girraween 2016.pdf (1463 KB)  [done 18, left 2005]
2026-07-06 12:28:14  OK Agriculture/Y12-Trial/Hurlstone 2008.pdf (167 KB)  [done 19, left 2004]
2026-07-06 12:28:43  OK History Extension/Y12-Trial/2004 History Extension Trials.pdf (38 KB)  [done 20, left 2003]
2026-07-06 12:29:13  OK IPT/Y12-Trial/James Ruse 2009 w. sol.pdf (646 KB)  [done 21, left 2002]
2026-07-06 12:29:43  OK Investigating Science/Y12-Trial/Caringbah 2024.pdf (1263 KB)  [done 22, left 2001]
2026-07-06 12:30:20  OK PDHPE/Y12-Trial/Ascham 2020 w. sol.pdf (2952 KB)  [done 23, left 2000]
2026-07-06 12:30:49  OK Society & Culture/Y12-Trial/North Sydney Girls 2018.pdf (108 KB)  [done 24, left 1999]
2026-07-06 12:31:18  OK Software/Y12-Trial/Barker 2001 w. sol.pdf (193 KB)  [done 25, left 1998]
2026-07-06 12:31:47  OK Japanese Beginners/Y12-Trial/2013 Japanese Beginners Trials.pdf (304 KB)  [done 26, left 1997]
2026-07-06 12:32:16  OK Japanese Continuers/Y12-Trial/2011 Japanese Continuers Trials.pdf (534 KB)  [done 27, left 1996]
2026-07-06 12:32:46  OK Latin Extension/Y12-Trial/James Ruse 2021.pdf (268 KB)  [done 28, left 1995]
2026-07-06 12:33:17  OK Biology/Y11-Yearly/Fort St 2022 w. sol.pdf (1394 KB)  [done 29, left 1994]
2026-07-06 12:33:47  OK Business Studies/Y11-Yearly/Hornsby Girls 2021.pdf (127 KB)  [done 30, left 1993]
2026-07-06 12:34:19  OK Chemistry/Y11-Yearly/Baulkham Hills 2008 w. sol.pdf (2276 KB)  [done 31, left 1992]
2026-07-06 12:35:04  OK Earth & Environmental Science/Y11-Yearly/Kings 2018 w. sol.pdf (10557 KB)  [done 32, left 1991]
2026-07-06 12:35:33  OK Economics/Y11-Yearly/Newington 2012 w. sol.pdf (238 KB)  [done 33, left 1990]
2026-07-06 12:36:02  OK Engineering Studies/Y11-Yearly/North Sydney Boys 2016.pdf (536 KB)  [done 34, left 1989]
2026-07-06 12:36:35  OK IPT/Y11-Yearly/Hornsby Girls 2015 w. sol.pdf (2701 KB)  [done 35, left 1988]
2026-07-06 12:37:06  OK Legal Studies/Y11-Yearly/Cranbrook 2005.pdf (1537 KB)  [done 36, left 1987]
2026-07-06 12:37:34  base 5340 throttled -> cooldown 1800s (Maths Extension 2/Y12-HSC/2001 Marking Guidelines.pdf)
2026-07-06 12:38:05  OK Biology/Y12-Trial/Ascham 2005.pdf (678 KB)  [done 37, left 1986]
2026-07-06 12:38:34  OK Chemistry/Y12-Trial/Abbotsleigh 2001.pdf (402 KB)  [done 38, left 1985]
2026-07-06 12:39:03  OK Legal Studies/Y12-Trial/Barker 2005.pdf (32 KB)  [done 39, left 1984]
2026-07-06 12:39:31  OK Agriculture/Y12-Trial/Hurlstone 2009.pdf (166 KB)  [done 40, left 1983]
2026-07-06 12:40:01  OK IPT/Y12-Trial/James Ruse 2011 w. sol.pdf (525 KB)  [done 41, left 1982]
2026-07-06 12:40:35  OK Software/Y12-Trial/James Ruse 2008 w. sol.pdf (2661 KB)  [done 42, left 1981]
2026-07-06 12:41:03  base 4078 throttled -> cooldown 1800s (Investigating Science/Y12-Trial/Fort St 2023 w. sol.pdf)
2026-07-06 12:41:35  OK Engineering Studies/Y12-Trial/Girraween 2018.pdf (2375 KB)  [done 43, left 1980]
2026-07-06 12:42:10  OK Earth & Environmental Science/Y12-Trial/Abbotsleigh 2021.pdf (2564 KB)  [done 44, left 1979]
2026-07-06 12:42:41  OK Business Studies/Y12-Trial/Abbotsleigh 2016.pdf (1320 KB)  [done 45, left 1978]
2026-07-06 12:43:11  OK Ancient History/Y12-Trial/Newington 2013.pdf (495 KB)  [done 46, left 1977]
2026-07-06 12:43:42  OK Biology/Y12-Trial/Ascham 2019 w. sol.pdf (1386 KB)  [done 47, left 1976]
2026-07-06 12:44:10  base 1370 throttled -> cooldown 1800s (Biology/Y12-HSC/2001 HSC.pdf)
2026-07-06 12:44:38  base 1820 throttled -> cooldown 1800s (Chemistry/Y12-HSC/2001 HSC.pdf)
2026-07-06 12:45:06  base 1570 throttled -> cooldown 1800s (Business Studies/Y12-HSC/2001 HSC.pdf)
2026-07-06 12:45:34  base 1170 throttled -> cooldown 1800s (Ancient History/Y12-HSC/2001 HSC.pdf)
2026-07-06 12:46:02  base 5318 throttled -> cooldown 1800s (Maths Standard 2/Y12-Trial/Hornsby Girls 2020 w. sol.pdf)
2026-07-06 12:46:31  base 2720 throttled -> cooldown 1800s (English/Y12-HSC/2001 HSC Paper 1.pdf)
2026-07-06 12:47:01  OK Biology/Y12-Trial/Barker 2002.pdf (554 KB)  [done 48, left 1975]
2026-07-06 12:47:32  OK Earth & Environmental Science/Y12-Trial/Barker 2013.pdf (1187 KB)  [done 49, left 1974]
2026-07-06 12:48:08  OK Engineering Studies/Y12-Trial/Sydney Tech 2022 w. sol.pdf (3438 KB)  [done 50, left 1973]
2026-07-06 12:48:36  OK Modern History/Y12-Trial/Abbotsleigh 2001.pdf (111 KB)  [done 51, left 1972]
2026-07-06 12:49:05  OK Society & Culture/Y12-Trial/North Sydney Girls 2019.pdf (84 KB)  [done 52, left 1971]
2026-07-06 12:49:38  OK Visual Arts/Y12-Trial/Barker 2017.pdf (2492 KB)  [done 53, left 1970]
2026-07-06 12:50:06  base 5520 throttled -> cooldown 1800s (Modern History/Y12-HSC/2001 HSC.pdf)
2026-07-06 12:50:38  OK Software/Y12-Trial/James Ruse 2014 w. sol.pdf (828 KB)  [done 54, left 1969]
2026-07-06 12:51:07  OK Japanese Beginners/Y12-Trial/2014 Japanese Beginners Trials.pdf (300 KB)  [done 55, left 1968]
2026-07-06 12:51:36  OK Japanese Continuers/Y12-Trial/2013 Japanese Continuers Trials.pdf (370 KB)  [done 56, left 1967]
2026-07-06 12:52:11  OK Earth & Environmental Science/Y11-Yearly/Kings 2019 w. sol.pdf (2476 KB)  [done 57, left 1966]
2026-07-06 12:52:41  OK Economics/Y11-Yearly/Newington 2013 w. sol.pdf (397 KB)  [done 58, left 1965]
2026-07-06 12:53:09  base 5320 throttled -> cooldown 1800s (Maths Advanced/Y12-HSC/2001 Marking Guidelines.pdf)
2026-07-06 12:53:38  base 6520 throttled -> cooldown 1800s (Physics/Y12-HSC/2013 Marking Guidelines.pdf)
2026-07-06 12:54:06  base 2420 throttled -> cooldown 1800s (Earth & Environmental Science/Y12-HSC/2001 HSC.pdf)
2026-07-06 12:54:34  base 5020 throttled -> cooldown 1800s (Legal Studies/Y12-HSC/2001 HSC.pdf)
2026-07-06 12:55:02  base 2470 throttled -> cooldown 1800s (Economics/Y12-HSC/2001 HSC.pdf)
2026-07-06 12:55:31  OK Business Studies/Y12-Trial/Barker 2012 w. sol.pdf (232 KB)  [done 59, left 1964]
2026-07-06 12:56:00  OK Legal Studies/Y12-Trial/Barker 2013 w. sol.pdf (227 KB)  [done 60, left 1963]
2026-07-06 12:56:31  OK Software/Y12-Trial/James Ruse 2021 w. sol.pdf (685 KB)  [done 61, left 1962]
2026-07-06 12:57:04  OK Biology/Y11-Yearly/Girraween 2020 w. sol.pdf (1965 KB)  [done 62, left 1961]
2026-07-06 12:57:43  OK IPT/Y11-Yearly/Hornsby Girls 2016 w. sol.pdf (4849 KB)  [done 63, left 1960]
2026-07-06 12:58:14  OK Legal Studies/Y11-Yearly/Cranbrook 2006.pdf (1445 KB)  [done 64, left 1959]
2026-07-06 12:58:44  OK Modern History/Y11-Yearly/Cranbrook 2011.pdf (777 KB)  [done 65, left 1958]
2026-07-06 12:59:12  base 5330 throttled -> cooldown 1800s (Maths Extension 1/Y12-HSC/2001 Marking Guidelines.pdf)
2026-07-06 12:59:40  base 5310 throttled -> cooldown 1800s (Maths Standard 2/Y12-HSC/2001 Marking Guidelines.pdf)
2026-07-06 13:00:11  OK Economics/Y12-Trial/Abbotsleigh 2012 w. sol.pdf (1077 KB)  [done 66, left 1957]
2026-07-06 13:00:42  OK Legal Studies/Y12-Trial/Barker 2016 w. sol.pdf (729 KB)  [done 67, left 1956]
2026-07-06 13:01:15  OK Agriculture/Y12-Trial/Hurlstone 2011 w. sol.pdf (1567 KB)  [done 68, left 1955]
2026-07-06 13:01:47  OK PDHPE/Y12-Trial/Ascham 2021 w. sol.pdf (1487 KB)  [done 69, left 1954]
2026-07-06 13:02:20  OK Biology/Y11-Yearly/Girraween 2022 w. sol.pdf (1716 KB)  [done 70, left 1953]
2026-07-06 13:02:48  OK Business Studies/Y11-Yearly/Moriah 2004.pdf (73 KB)  [done 71, left 1952]
2026-07-06 13:03:20  OK Chemistry/Y11-Yearly/Baulkham Hills 2009 w. sol.pdf (1691 KB)  [done 72, left 1951]
2026-07-06 13:03:48  base 5228 throttled -> cooldown 1800s (Maths Advanced/Y11-Yearly/Blacktown Boys 2023 w. sol.pdf)
2026-07-06 13:04:17  OK Biology/Y12-Trial/Baulkham Hills 2002.pdf (274 KB)  [done 73, left 1950]
2026-07-06 13:04:48  OK Chemistry/Y12-Trial/Abbotsleigh 2010 w. sol.pdf (1201 KB)  [done 74, left 1949]
2026-07-06 13:05:19  OK Economics/Y12-Trial/Abbotsleigh 2013 w. sol.pdf (942 KB)  [done 75, left 1948]
2026-07-06 13:05:49  OK Legal Studies/Y12-Trial/Barker 2017 w. sol.pdf (414 KB)  [done 76, left 1947]
2026-07-06 13:06:25  OK Agriculture/Y12-Trial/Hurlstone 2012 w. sol.pdf (1686 KB)  [done 77, left 1946]
2026-07-06 13:06:54  OK History Extension/Y12-Trial/2006 History Extension Trials.pdf (40 KB)  [done 78, left 1945]
2026-07-06 13:07:31  OK PDHPE/Y12-Trial/Killara 2023.pdf (468 KB)  [done 79, left 1944]
2026-07-06 13:08:06  OK Business Studies/Y12-Trial/Barker 2013 w. sol.pdf (347 KB)  [done 80, left 1943]
2026-07-06 13:08:34  base 2428 throttled -> cooldown 1800s (Earth & Environmental Science/Y12-Trial/Cranbrook 2019.pdf)
2026-07-06 13:09:02  base 2670 throttled -> cooldown 1800s (Engineering Studies/Y12-HSC/2001 HSC.pdf)
2026-07-06 13:09:32  OK Modern History/Y12-Trial/Barker 2019.pdf (300 KB)  [done 81, left 1942]
2026-07-06 13:10:00  base 4630 throttled -> cooldown 1800s (Japanese Extension/Y12-HSC/2001 HSC (Written Exam).pdf)
2026-07-06 13:10:48  OK Biology/Y11-Yearly/Girraween 2023 w. sol.pdf (2923 KB)  [done 82, left 1941]
2026-07-06 13:11:16  base 4078 throttled -> cooldown 1800s (Investigating Science/Y12-Trial/Fort St 2023 w. sol.pdf)
2026-07-06 13:11:46  OK Chemistry/Y11-Yearly/Baulkham Hills 2012 w. sol.pdf (519 KB)  [done 83, left 1940]
2026-07-06 13:12:19  OK Earth & Environmental Science/Y11-Yearly/Pymble 2002.pdf (946 KB)  [done 84, left 1939]
2026-07-06 13:12:47  OK Biology/Y12-Trial/Baulkham Hills 2010.pdf (161 KB)  [done 85, left 1938]
2026-07-06 13:13:18  OK PDHPE/Y12-Trial/Newcastle Grammar 2016.pdf (678 KB)  [done 86, left 1937]
2026-07-06 13:13:50  OK Visual Arts/Y12-Trial/Barker 2022.pdf (1683 KB)  [done 87, left 1936]
2026-07-06 13:14:19  OK Studies of Religion 2/Y12-Trial/Newington 2003.pdf (150 KB)  [done 88, left 1935]
2026-07-06 13:14:48  OK Economics/Y12-Trial/Abbotsleigh 2016.pdf (262 KB)  [done 89, left 1934]
2026-07-06 13:15:17  OK Ancient History/Y12-Trial/St Augustines 2010.pdf (513 KB)  [done 90, left 1933]
2026-07-06 13:15:47  OK Economics/Y11-Yearly/Newington 2014 w. sol.pdf (228 KB)  [done 91, left 1932]
2026-07-06 13:16:19  OK Software/Y12-Trial/James Ruse 2022 w. sol.pdf (1064 KB)  [done 92, left 1931]
2026-07-06 13:16:48  OK Legal Studies/Y12-Trial/Barker 2019.pdf (301 KB)  [done 93, left 1930]
2026-07-06 13:17:18  OK Biology/Y11-Yearly/Hornsby Girls 2020.pdf (633 KB)  [done 94, left 1929]
2026-07-06 13:17:47  OK Business Studies/Y11-Yearly/Moriah 2005 w. sol.pdf (277 KB)  [done 95, left 1928]
2026-07-06 13:18:16  base 5318 throttled -> cooldown 1800s (Maths Standard 2/Y12-Trial/Hornsby Girls 2020 w. sol.pdf)
2026-07-06 13:18:48  base 1170 throttled -> cooldown 1800s (Ancient History/Y12-HSC/2001 HSC.pdf)
2026-07-06 13:19:21  OK Biology/Y12-Trial/Blacktown Boys 2023.pdf (1727 KB)  [done 96, left 1927]
2026-07-06 13:19:52  OK Business Studies/Y12-Trial/Barker 2022 w. sol.pdf (455 KB)  [done 97, left 1926]
2026-07-06 13:20:22  OK Business Studies/Y11-Yearly/Moriah 2006 w. sol.pdf (362 KB)  [done 98, left 1925]
2026-07-06 13:20:50  base 2720 throttled -> cooldown 1800s (English/Y12-HSC/2001 HSC Paper 1.pdf)
2026-07-06 13:21:18  base 5520 throttled -> cooldown 1800s (Modern History/Y12-HSC/2001 HSC.pdf)
2026-07-06 13:21:51  OK Biology/Y11-Yearly/James Ruse 2003 w. sol.pdf (1252 KB)  [done 99, left 1924]
2026-07-06 13:22:22  OK Chemistry/Y11-Yearly/Caringbah 2022.pdf (1393 KB)  [done 100, left 1923]
2026-07-06 13:22:52  OK Earth & Environmental Science/Y11-Yearly/Pymble 2003.pdf (879 KB)  [done 101, left 1922]
2026-07-06 13:23:26  OK Agriculture/Y12-Trial/James Ruse 2007 w. sol.pdf (1819 KB)  [done 102, left 1921]
2026-07-06 13:23:54  OK History Extension/Y12-Trial/Sydney Boys 2010 History Extension Practice Paper 1.pdf (9 KB)  [done 103, left 1920]
2026-07-06 13:24:23  OK PDHPE/Y12-Trial/Newcastle Grammar 2017.pdf (230 KB)  [done 104, left 1919]
2026-07-06 13:24:53  OK Chemistry/Y12-Trial/Abbotsleigh 2020 w. sol.pdf (1146 KB)  [done 105, left 1918]
2026-07-06 13:25:22  base 1370 throttled -> cooldown 1800s (Biology/Y12-HSC/2001 HSC.pdf)
2026-07-06 13:25:50  base 1570 throttled -> cooldown 1800s (Business Studies/Y12-HSC/2001 HSC.pdf)
2026-07-06 13:26:18  base 1820 throttled -> cooldown 1800s (Chemistry/Y12-HSC/2001 HSC.pdf)
2026-07-06 13:26:46  OK Software/Y12-Trial/Scots 2012.pdf (94 KB)  [done 106, left 1917]
2026-07-06 13:27:20  OK Visual Arts/Y12-Trial/Barker 2023 w. sol.pdf (2981 KB)  [done 107, left 1916]
2026-07-06 13:27:48  base 4620 throttled -> cooldown 1800s (Japanese Continuers/Y12-HSC/2001 HSC.pdf)
2026-07-06 13:28:25  OK Modern History/Y11-Yearly/Cranbrook 2012.pdf (1704 KB)  [done 108, left 1915]
2026-07-06 13:28:53  base 2470 throttled -> cooldown 1800s (Economics/Y12-HSC/2001 HSC.pdf)
2026-07-06 13:29:21  base 5330 throttled -> cooldown 1800s (Maths Extension 1/Y12-HSC/2001 Marking Guidelines.pdf)
2026-07-06 13:29:54  base 5310 throttled -> cooldown 1800s (Maths Standard 2/Y12-HSC/2001 Marking Guidelines.pdf)
2026-07-06 13:30:49  OK Biology/Y12-Trial/Caringbah 2021.pdf (7543 KB)  [done 109, left 1914]
2026-07-06 13:31:22  OK Chemistry/Y12-Trial/Abbotsleigh 2021.pdf (767 KB)  [done 110, left 1913]
2026-07-06 13:31:56  OK Visual Arts/Y12-Trial/Barker 2024 w. sol.pdf (2424 KB)  [done 111, left 1912]
2026-07-06 13:32:24  base 5320 throttled -> cooldown 1800s (Maths Advanced/Y12-HSC/2001 Marking Guidelines.pdf)
2026-07-06 13:32:56  OK PDHPE/Y12-Trial/Newcastle Grammar 2022.pdf (467 KB)  [done 112, left 1911]
2026-07-06 13:33:26  OK Software/Y12-Trial/Scots 2013 w. sol.pdf (329 KB)  [done 113, left 1910]
2026-07-06 13:33:58  OK Biology/Y11-Yearly/James Ruse 2004 w. sol.pdf (2651 KB)  [done 114, left 1909]
2026-07-06 13:34:32  OK Business Studies/Y11-Yearly/Moriah 2007 w. sol.pdf (310 KB)  [done 115, left 1908]
2026-07-06 13:35:04  OK Chemistry/Y11-Yearly/Fort St 2019 w. sol.pdf (796 KB)  [done 116, left 1907]
2026-07-06 13:35:35  OK Earth & Environmental Science/Y11-Yearly/Pymble 2004.pdf (959 KB)  [done 117, left 1906]
2026-07-06 13:36:05  OK Chemistry/Y12-Trial/Abbotsleigh 2022 w. sol.pdf (1552 KB)  [done 118, left 1905]
2026-07-06 13:36:35  OK Economics/Y12-Trial/Abbotsleigh 2017 w. sol.pdf (445 KB)  [done 119, left 1904]
2026-07-06 13:37:05  OK Modern History/Y11-Yearly/Sydney Grammar 2016.pdf (415 KB)  [done 120, left 1903]
2026-07-06 13:37:33  base 5228 throttled -> cooldown 1800s (Maths Advanced/Y11-Yearly/Blacktown Boys 2023 w. sol.pdf)
2026-07-06 13:38:01  base 5340 throttled -> cooldown 1800s (Maths Extension 2/Y12-HSC/2001 Marking Guidelines.pdf)
2026-07-06 13:38:30  OK Business Studies/Y12-Trial/Barker 2023.pdf (574 KB)  [done 121, left 1902]
2026-07-06 13:39:00  OK Biology/Y11-Yearly/James Ruse 2005 w. sol.pdf (272 KB)  [done 122, left 1901]
2026-07-06 13:39:28  base 2420 throttled -> cooldown 1800s (Earth & Environmental Science/Y12-HSC/2001 HSC.pdf)
2026-07-06 13:39:59  OK Chemistry/Y11-Yearly/Fort St 2022 w. sol.pdf (999 KB)  [done 123, left 1900]
2026-07-06 13:40:29  OK Earth & Environmental Science/Y11-Yearly/Pymble 2005.pdf (698 KB)  [done 124, left 1899]
2026-07-06 13:41:00  OK Legal Studies/Y12-Trial/Barker 2022.pdf (677 KB)  [done 125, left 1898]
2026-07-06 13:41:31  OK IPT/Y11-Yearly/Hornsby Girls 2020 w. sol.pdf (1062 KB)  [done 126, left 1897]
2026-07-06 13:42:03  OK Legal Studies/Y11-Yearly/Cranbrook 2012.pdf (2170 KB)  [done 127, left 1896]
2026-07-06 13:42:38  base 4078 throttled -> cooldown 1800s (Investigating Science/Y12-Trial/Fort St 2023 w. sol.pdf)
2026-07-06 13:43:09  OK Biology/Y12-Trial/Girraween 2012 w. sol.pdf (543 KB)  [done 128, left 1895]
2026-07-06 13:43:38  OK Chemistry/Y12-Trial/Ascham 2015 w. sol.pdf (454 KB)  [done 129, left 1894]
2026-07-06 13:44:17  OK Economics/Y12-Trial/Abbotsleigh 2021 w. sol.pdf (851 KB)  [done 130, left 1893]
2026-07-06 13:44:45  base 5020 throttled -> cooldown 1800s (Legal Studies/Y12-HSC/2001 HSC.pdf)
2026-07-06 13:45:17  OK IPT/Y11-Yearly/James Ruse 2008 w. sol.pdf (1739 KB)  [done 131, left 1892]
2026-07-06 13:45:50  OK Legal Studies/Y11-Yearly/Cranbrook 2013.pdf (1527 KB)  [done 132, left 1891]
2026-07-06 13:46:27  base 6520 throttled -> cooldown 1800s (Physics/Y12-HSC/2013 Marking Guidelines.pdf)
2026-07-06 13:46:58  OK Business Studies/Y12-Trial/Cherrybrook Tech 2012 w. sol.pdf (861 KB)  [done 133, left 1890]
2026-07-06 13:47:29  OK Chemistry/Y11-Yearly/Girraween 2019.pdf (506 KB)  [done 134, left 1889]
2026-07-06 13:48:01  OK Economics/Y11-Yearly/Newington 2015 w. sol.pdf (313 KB)  [done 135, left 1888]
2026-07-06 13:48:31  OK IPT/Y11-Yearly/James Ruse 2010 w. sol.pdf (624 KB)  [done 136, left 1887]
2026-07-06 13:48:59  base 5318 throttled -> cooldown 1800s (Maths Standard 2/Y12-Trial/Hornsby Girls 2020 w. sol.pdf)
2026-07-06 13:49:35  OK Business Studies/Y11-Yearly/Shore 2022 w. sol.pdf (3074 KB)  [done 137, left 1886]
2026-07-06 13:50:07  OK Business Studies/Y12-Trial/Cherrybrook Tech 2013 w. sol.pdf (1360 KB)  [done 138, left 1885]
2026-07-06 13:50:35  base 2428 throttled -> cooldown 1800s (Earth & Environmental Science/Y12-Trial/Cranbrook 2019.pdf)
2026-07-06 13:51:07  OK Economics/Y12-Trial/Abbotsleigh 2023 w. sol.pdf (1149 KB)  [done 139, left 1884]
2026-07-06 13:51:37  OK Legal Studies/Y12-Trial/Barker 2024.pdf (323 KB)  [done 140, left 1883]
2026-07-06 13:52:21  OK Chemistry/Y12-Trial/Ascham 2019 w. sol.pdf (3239 KB)  [done 141, left 1882]
2026-07-06 13:52:49  base 2670 throttled -> cooldown 1800s (Engineering Studies/Y12-HSC/2001 HSC.pdf)
2026-07-06 13:53:17  base 5520 throttled -> cooldown 1800s (Modern History/Y12-HSC/2001 HSC.pdf)
2026-07-06 13:53:49  OK Modern History/Y12-Trial/Barker 2022.pdf (1136 KB)  [done 142, left 1881]
2026-07-06 13:54:19  OK Agriculture/Y12-Trial/James Ruse 2011.pdf (579 KB)  [done 143, left 1880]
2026-07-06 13:54:48  base 4630 throttled -> cooldown 1800s (Japanese Extension/Y12-HSC/2001 HSC (Written Exam).pdf)
2026-07-06 13:55:20  OK Biology/Y11-Yearly/James Ruse 2006 w. sol.pdf (1277 KB)  [done 144, left 1879]
2026-07-06 13:55:51  OK Chemistry/Y11-Yearly/Girraween 2020 w. sol.pdf (991 KB)  [done 145, left 1878]
2026-07-06 13:56:22  OK Earth & Environmental Science/Y11-Yearly/Pymble 2006.pdf (548 KB)  [done 146, left 1877]
2026-07-06 13:56:51  OK PDHPE/Y12-Trial/Penrith 2021.pdf (326 KB)  [done 147, left 1876]
2026-07-06 13:57:22  OK Visual Arts/Y12-Trial/Shore 2019.pdf (1180 KB)  [done 148, left 1875]
2026-07-06 13:57:49  base 1170 throttled -> cooldown 1800s (Ancient History/Y12-HSC/2001 HSC.pdf)
2026-07-06 13:58:18  base 2720 throttled -> cooldown 1800s (English/Y12-HSC/2001 HSC Paper 1.pdf)
2026-07-06 13:58:51  OK Biology/Y12-Trial/Girraween 2016 w. sol.pdf (3191 KB)  [done 149, left 1874]
2026-07-06 13:59:23  OK Business Studies/Y12-Trial/Cherrybrook Tech 2014 w. sol.pdf (1177 KB)  [done 150, left 1873]
2026-07-06 13:59:52  base 1820 throttled -> cooldown 1800s (Chemistry/Y12-HSC/2001 HSC.pdf)
2026-07-06 14:00:28  OK Chemistry/Y12-Trial/Ascham 2020 w. sol.pdf (3553 KB)  [done 151, left 1872]
2026-07-06 14:00:58  OK Economics/Y12-Trial/Ascham 2018 w. sol.pdf (265 KB)  [done 152, left 1871]
2026-07-06 14:01:26  OK Legal Studies/Y12-Trial/Baulkham Hills 2013.pdf (149 KB)  [done 153, left 1870]
2026-07-06 14:01:54  base 4620 throttled -> cooldown 1800s (Japanese Continuers/Y12-HSC/2001 HSC.pdf)
2026-07-06 14:02:25  OK Biology/Y11-Yearly/James Ruse 2007 w. sol.pdf (273 KB)  [done 154, left 1869]
2026-07-06 14:03:00  OK Chemistry/Y11-Yearly/Girraween 2022 w. sol.pdf (1107 KB)  [done 155, left 1868]
2026-07-06 14:03:30  OK Economics/Y11-Yearly/Penrith 2016.pdf (169 KB)  [done 156, left 1867]
2026-07-06 14:03:59  base 5320 throttled -> cooldown 1800s (Maths Advanced/Y12-HSC/2001 Marking Guidelines.pdf)
2026-07-06 14:04:27  base 5310 throttled -> cooldown 1800s (Maths Standard 2/Y12-HSC/2001 Marking Guidelines.pdf)
2026-07-06 14:05:22  OK Economics/Y12-Trial/Barker 2001.pdf (1017 KB)  [done 157, left 1866]
2026-07-06 14:05:51  base 1570 throttled -> cooldown 1800s (Business Studies/Y12-HSC/2001 HSC.pdf)
2026-07-06 14:06:28  OK Chemistry/Y12-Trial/Ascham 2021 w. sol.pdf (3787 KB)  [done 158, left 1865]
2026-07-06 14:08:23  net-error base 1818: The read operation timed out (cooldown 120s)
2026-07-06 14:08:51  base 1370 throttled -> cooldown 1800s (Biology/Y12-HSC/2001 HSC.pdf)
2026-07-06 14:09:23  OK Business Studies/Y12-Trial/Cherrybrook Tech 2015 w. sol.pdf (540 KB)  [done 159, left 1864]
2026-07-06 14:09:50  base 2420 throttled -> cooldown 1800s (Earth & Environmental Science/Y12-HSC/2001 HSC.pdf)
2026-07-06 14:10:23  OK Agriculture/Y12-Trial/James Ruse 2012.pdf (980 KB)  [done 160, left 1863]
2026-07-06 14:10:52  OK Biology/Y11-Yearly/James Ruse 2009 w. sol.pdf (111 KB)  [done 161, left 1862]
2026-07-06 14:11:30  OK Chemistry/Y12-Trial/Ascham 2023 w. sol.pdf (4816 KB)  [done 162, left 1861]
2026-07-06 14:12:04  base 2470 throttled -> cooldown 1800s (Economics/Y12-HSC/2001 HSC.pdf)
2026-07-06 14:12:36  OK Biology/Y12-Trial/Hornsby Girls 2019.pdf (1035 KB)  [done 163, left 1860]
2026-07-06 14:13:15  OK Agriculture/Y12-Trial/James Ruse 2014.pdf (363 KB)  [done 164, left 1859]
2026-07-06 14:13:46  OK PDHPE/Y12-Trial/Pymble 2023.pdf (511 KB)  [done 165, left 1858]
2026-07-06 14:14:19  OK Biology/Y11-Yearly/Knox 2018.pdf (1070 KB)  [done 166, left 1857]
2026-07-06 14:14:50  OK Modern History/Y12-Trial/Baulkham Hills 2023.pdf (952 KB)  [done 167, left 1856]
2026-07-06 14:15:25  OK Economics/Y11-Yearly/Pymble 2004.pdf (2800 KB)  [done 168, left 1855]
2026-07-06 14:15:52  base 4078 throttled -> cooldown 1800s (Investigating Science/Y12-Trial/Fort St 2023 w. sol.pdf)
2026-07-06 14:16:23  OK Chemistry/Y11-Yearly/Hornsby Girls 2018 w. sol.pdf (740 KB)  [done 169, left 1854]
2026-07-06 14:16:51  base 5330 throttled -> cooldown 1800s (Maths Extension 1/Y12-HSC/2001 Marking Guidelines.pdf)
2026-07-06 14:17:19  base 6520 throttled -> cooldown 1800s (Physics/Y12-HSC/2013 Marking Guidelines.pdf)
2026-07-06 14:17:52  OK Biology/Y12-Trial/Hornsby Girls 2020 w. sol.pdf (2045 KB)  [done 170, left 1853]
2026-07-06 14:18:28  OK Chemistry/Y12-Trial/Barker 2001 w. sol.pdf (2079 KB)  [done 171, left 1852]
2026-07-06 14:18:58  base 5020 throttled -> cooldown 1800s (Legal Studies/Y12-HSC/2001 HSC.pdf)
2026-07-06 14:19:27  OK Legal Studies/Y12-Trial/Baulkham Hills 2014 w. sol.pdf (472 KB)  [done 172, left 1851]
2026-07-06 14:20:09  OK Chemistry/Y11-Yearly/Hurlstone 2018.pdf (801 KB)  [done 173, left 1850]
2026-07-06 14:20:44  OK Economics/Y11-Yearly/Riverview 2019 w. sol.pdf (2026 KB)  [done 174, left 1849]
2026-07-06 14:21:14  OK Modern History/Y12-Trial/Cranbrook 2006.pdf (397 KB)  [done 175, left 1848]
2026-07-06 14:21:44  base 5318 throttled -> cooldown 1800s (Maths Standard 2/Y12-Trial/Hornsby Girls 2020 w. sol.pdf)
2026-07-06 14:22:14  OK Biology/Y12-Trial/Hurlstone 2010 w. sol.pdf (616 KB)  [done 176, left 1847]
2026-07-06 14:22:47  OK Chemistry/Y12-Trial/Barker 2003 w. sol.pdf (1172 KB)  [done 177, left 1846]
2026-07-06 14:23:19  OK Economics/Y12-Trial/Barker 2009 w. sol.pdf (1613 KB)  [done 178, left 1845]
2026-07-06 14:23:46  base 2428 throttled -> cooldown 1800s (Earth & Environmental Science/Y12-Trial/Cranbrook 2019.pdf)
2026-07-06 14:24:14  base 2670 throttled -> cooldown 1800s (Engineering Studies/Y12-HSC/2001 HSC.pdf)
2026-07-06 14:24:45  OK Biology/Y11-Yearly/North Sydney Girls 2014.pdf (720 KB)  [done 179, left 1844]
2026-07-06 14:25:14  base 5520 throttled -> cooldown 1800s (Modern History/Y12-HSC/2001 HSC.pdf)
2026-07-06 14:25:44  OK Modern History/Y12-Trial/Cranbrook 2009.pdf (357 KB)  [done 180, left 1843]
2026-07-06 14:26:15  OK PDHPE/Y12-Trial/Scots Albury 2012.pdf (934 KB)  [done 181, left 1842]
2026-07-06 14:26:44  base 5340 throttled -> cooldown 1800s (Maths Extension 2/Y12-HSC/2001 Marking Guidelines.pdf)
2026-07-06 14:27:14  OK Biology/Y12-Trial/Hurlstone 2011.pdf (544 KB)  [done 182, left 1841]
2026-07-06 14:27:47  OK Chemistry/Y12-Trial/Barker 2004 w. sol.pdf (1044 KB)  [done 183, left 1840]
2026-07-06 14:28:16  OK Economics/Y12-Trial/Barker 2010 w. sol.pdf (139 KB)  [done 184, left 1839]
2026-07-06 14:28:46  OK Modern History/Y12-Trial/Cranbrook 2010.pdf (455 KB)  [done 185, left 1838]
2026-07-06 14:29:15  base 4630 throttled -> cooldown 1800s (Japanese Extension/Y12-HSC/2001 HSC (Written Exam).pdf)
2026-07-06 14:29:48  OK Biology/Y11-Yearly/North Sydney Girls 2019 w. sol.pdf (3322 KB)  [done 186, left 1837]
2026-07-06 14:30:19  OK Chemistry/Y11-Yearly/International Grammar 2019.pdf (704 KB)  [done 187, left 1836]
2026-07-06 14:30:50  OK Economics/Y11-Yearly/Sydney Grammar 2014 w. sol.pdf (1228 KB)  [done 188, left 1835]
2026-07-06 14:31:20  base 5228 throttled -> cooldown 1800s (Maths Advanced/Y11-Yearly/Blacktown Boys 2023 w. sol.pdf)
2026-07-06 14:31:48  base 1170 throttled -> cooldown 1800s (Ancient History/Y12-HSC/2001 HSC.pdf)
2026-07-06 14:32:17  OK Business Studies/Y12-Trial/Cherrybrook Tech 2021.pdf (232 KB)  [done 189, left 1834]
2026-07-06 14:32:49  OK Chemistry/Y12-Trial/Barker 2005 w. sol.pdf (1381 KB)  [done 190, left 1833]
2026-07-06 14:33:29  OK Legal Studies/Y12-Trial/Baulkham Hills 2015 w. sol.pdf (559 KB)  [done 191, left 1832]
2026-07-06 14:34:01  OK PDHPE/Y12-Trial/Scots Albury 2013.pdf (311 KB)  [done 192, left 1831]
2026-07-06 14:34:30  base 4620 throttled -> cooldown 1800s (Japanese Continuers/Y12-HSC/2001 HSC.pdf)
2026-07-06 14:34:58  base 5310 throttled -> cooldown 1800s (Maths Standard 2/Y12-HSC/2001 Marking Guidelines.pdf)
2026-07-06 14:35:28  OK Business Studies/Y12-Trial/Hills Grammar 2012 w. sol.pdf (273 KB)  [done 193, left 1830]
2026-07-06 14:35:56  base 1820 throttled -> cooldown 1800s (Chemistry/Y12-HSC/2001 HSC.pdf)
2026-07-06 14:36:25  OK Economics/Y12-Trial/Barker 2011 w. sol.pdf (145 KB)  [done 194, left 1829]
2026-07-06 14:36:56  OK Modern History/Y12-Trial/Fort St 2021.pdf (452 KB)  [done 195, left 1828]
2026-07-06 14:37:26  OK Biology/Y12-Trial/Hurlstone 2013.pdf (628 KB)  [done 196, left 1827]
2026-07-06 14:37:57  OK Legal Studies/Y12-Trial/Baulkham Hills 2016 w. sol.pdf (406 KB)  [done 197, left 1826]
2026-07-06 14:38:27  OK PDHPE/Y12-Trial/Scots Albury 2015.pdf (716 KB)  [done 198, left 1825]
2026-07-06 14:39:08  OK Biology/Y11-Yearly/North Sydney Girls 2020 w. sol.pdf (5775 KB)  [done 199, left 1824]
2026-07-06 14:39:38  OK Economics/Y12-Trial/Barker 2012 w. sol.pdf (241 KB)  [done 200, left 1823]
2026-07-06 14:40:06  base 2720 throttled -> cooldown 1800s (English/Y12-HSC/2001 HSC Paper 1.pdf)
2026-07-06 14:40:37  OK Biology/Y12-Trial/James Ruse 2001 w. sol.pdf (826 KB)  [done 201, left 1822]
2026-07-06 14:41:06  OK Business Studies/Y12-Trial/Hills Grammar 2013 w. sol.pdf (253 KB)  [done 202, left 1821]
2026-07-06 14:41:34  base 5320 throttled -> cooldown 1800s (Maths Advanced/Y12-HSC/2001 Marking Guidelines.pdf)
2026-07-06 14:42:02  base 1570 throttled -> cooldown 1800s (Business Studies/Y12-HSC/2001 HSC.pdf)
2026-07-06 14:42:32  OK Modern History/Y12-Trial/Knox 2010.pdf (701 KB)  [done 203, left 1820]
2026-07-06 14:43:00  base 2470 throttled -> cooldown 1800s (Economics/Y12-HSC/2001 HSC.pdf)
2026-07-06 14:43:30  OK Economics/Y12-Trial/Barker 2013 w. sol.pdf (362 KB)  [done 204, left 1819]
2026-07-06 14:43:59  OK Legal Studies/Y12-Trial/Baulkham Hills 2017.pdf (173 KB)  [done 205, left 1818]
2026-07-06 14:44:30  OK Economics/Y11-Yearly/Sydney Grammar 2015 w. sol.pdf (1359 KB)  [done 206, left 1817]
2026-07-06 14:45:00  OK Biology/Y12-Trial/James Ruse 2002 w. sol.pdf (1564 KB)  [done 207, left 1816]
2026-07-06 14:45:30  OK Chemistry/Y12-Trial/Barker 2010 w. sol.pdf (916 KB)  [done 208, left 1815]
2026-07-06 14:46:02  OK Modern History/Y12-Trial/Knox 2011.pdf (1362 KB)  [done 209, left 1814]
2026-07-06 14:46:30  base 4078 throttled -> cooldown 1800s (Investigating Science/Y12-Trial/Fort St 2023 w. sol.pdf)
2026-07-06 14:47:00  OK Economics/Y12-Trial/Barker 2020.pdf (689 KB)  [done 210, left 1813]
2026-07-06 14:47:28  base 1370 throttled -> cooldown 1800s (Biology/Y12-HSC/2001 HSC.pdf)
2026-07-06 14:47:57  OK Business Studies/Y12-Trial/Hills Grammar 2014 w. sol.pdf (250 KB)  [done 211, left 1812]
2026-07-06 14:48:25  base 2420 throttled -> cooldown 1800s (Earth & Environmental Science/Y12-HSC/2001 HSC.pdf)
2026-07-06 14:48:55  OK Modern History/Y12-Trial/Knox 2012.pdf (1180 KB)  [done 212, left 1811]
2026-07-06 14:49:25  OK PDHPE/Y12-Trial/Shore 2014 w. sol.pdf (591 KB)  [done 213, left 1810]
2026-07-06 14:49:57  OK Biology/Y11-Yearly/North Sydney Girls 2023 w. sol.pdf (1588 KB)  [done 214, left 1809]
2026-07-06 14:50:30  OK Biology/Y12-Trial/James Ruse 2003 w. sol.pdf (1757 KB)  [done 215, left 1808]
2026-07-06 14:51:15  OK Chemistry/Y12-Trial/Barker 2019 w. sol.pdf (4797 KB)  [done 216, left 1807]
2026-07-06 14:51:43  base 5020 throttled -> cooldown 1800s (Legal Studies/Y12-HSC/2001 HSC.pdf)
2026-07-06 14:52:11  base 6520 throttled -> cooldown 1800s (Physics/Y12-HSC/2013 Marking Guidelines.pdf)
2026-07-06 14:52:40  OK Business Studies/Y12-Trial/Hills Grammar 2015 w. sol.pdf (235 KB)  [done 217, left 1806]
2026-07-06 14:53:11  OK Economics/Y12-Trial/Barker 2022 w. sol.pdf (1054 KB)  [done 218, left 1805]
2026-07-06 14:53:39  OK Economics/Y11-Yearly/Sydney Tech 2011.pdf (69 KB)  [done 219, left 1804]
2026-07-06 14:54:08  OK Legal Studies/Y12-Trial/Baulkham Hills 2018.pdf (193 KB)  [done 220, left 1803]
2026-07-06 14:54:37  OK Modern History/Y12-Trial/Knox 2019.pdf (454 KB)  [done 221, left 1802]
2026-07-06 14:55:07  OK Biology/Y12-Trial/James Ruse 2004 w. sol.pdf (565 KB)  [done 222, left 1801]
2026-07-06 14:55:39  OK Biology/Y11-Yearly/Penrith 2020.pdf (1310 KB)  [done 223, left 1800]
2026-07-06 14:56:07  OK Chemistry/Y11-Yearly/James Ruse 2001 w. sol.pdf (100 KB)  [done 224, left 1799]
2026-07-06 14:56:35  base 5330 throttled -> cooldown 1800s (Maths Extension 1/Y12-HSC/2001 Marking Guidelines.pdf)
2026-07-06 14:57:09  OK Business Studies/Y12-Trial/Killara 2022.pdf (294 KB)  [done 225, left 1798]
2026-07-06 14:57:37  base 2428 throttled -> cooldown 1800s (Earth & Environmental Science/Y12-Trial/Cranbrook 2019.pdf)
2026-07-06 14:58:09  OK Economics/Y12-Trial/Baulkham Hills 2019.pdf (556 KB)  [done 226, left 1797]
2026-07-06 14:58:39  OK Legal Studies/Y12-Trial/Baulkham Hills 2019.pdf (191 KB)  [done 227, left 1796]
2026-07-06 14:59:13  OK Modern History/Y12-Trial/Moriah 2021.pdf (3356 KB)  [done 228, left 1795]
2026-07-06 14:59:41  base 4630 throttled -> cooldown 1800s (Japanese Extension/Y12-HSC/2001 HSC (Written Exam).pdf)
2026-07-06 15:00:25  OK Biology/Y11-Yearly/Penrith 2022.pdf (3138 KB)  [done 229, left 1794]
2026-07-06 15:00:54  OK Chemistry/Y11-Yearly/James Ruse 2002 w. sol.pdf (192 KB)  [done 230, left 1793]
2026-07-06 15:01:25  OK Economics/Y11-Yearly/Sydney Tech 2012 w. sol.pdf (791 KB)  [done 231, left 1792]
2026-07-06 15:01:56  OK Business Studies/Y12-Trial/Knox 2012 w. sol.pdf (70 KB)  [done 232, left 1791]
2026-07-06 15:02:24  base 2670 throttled -> cooldown 1800s (Engineering Studies/Y12-HSC/2001 HSC.pdf)
2026-07-06 15:02:52  base 5340 throttled -> cooldown 1800s (Maths Extension 2/Y12-HSC/2001 Marking Guidelines.pdf)
2026-07-06 15:03:23  OK Biology/Y12-Trial/James Ruse 2005 w. sol.pdf (851 KB)  [done 233, left 1790]
2026-07-06 15:04:04  OK Economics/Y12-Trial/Baulkham Hills 2022 w. sol.pdf (3712 KB)  [done 234, left 1789]
2026-07-06 15:04:33  OK Economics/Y11-Yearly/Sydney Tech 2013 w. sol.pdf (158 KB)  [done 235, left 1788]
2026-07-06 15:05:09  OK Biology/Y11-Yearly/Penrith 2023.pdf (3693 KB)  [done 236, left 1787]
2026-07-06 15:05:37  base 5310 throttled -> cooldown 1800s (Maths Standard 2/Y12-HSC/2001 Marking Guidelines.pdf)
2026-07-06 15:06:09  base 5228 throttled -> cooldown 1800s (Maths Advanced/Y11-Yearly/Blacktown Boys 2023 w. sol.pdf)
2026-07-06 15:06:42  base 1170 throttled -> cooldown 1800s (Ancient History/Y12-HSC/2001 HSC.pdf)
2026-07-06 15:07:23  OK Chemistry/Y12-Trial/Barker 2020 w. sol.pdf (7189 KB)  [done 237, left 1786]
2026-07-06 15:07:52  OK Legal Studies/Y12-Trial/Baulkham Hills 2020 w. sol.pdf (396 KB)  [done 238, left 1785]
2026-07-06 15:08:22  OK Biology/Y12-Trial/James Ruse 2006 w. sol.pdf (601 KB)  [done 239, left 1784]
2026-07-06 15:09:00  OK Economics/Y12-Trial/Baulkham Hills 2023 w. sol.pdf (8596 KB)  [done 240, left 1783]
2026-07-06 15:09:29  base 1820 throttled -> cooldown 1800s (Chemistry/Y12-HSC/2001 HSC.pdf)
2026-07-06 15:10:09  base 5520 throttled -> cooldown 1800s (Modern History/Y12-HSC/2001 HSC.pdf)
2026-07-06 15:10:40  OK PDHPE/Y12-Trial/Shore 2015 w. sol.pdf (705 KB)  [done 241, left 1782]
2026-07-06 15:11:08  base 4620 throttled -> cooldown 1800s (Japanese Continuers/Y12-HSC/2001 HSC.pdf)
2026-07-06 15:11:42  OK Biology/Y11-Yearly/Penrith 2024.pdf (2371 KB)  [done 242, left 1781]
2026-07-06 15:12:17  OK Legal Studies/Y12-Trial/Baulkham Hills 2022 w. sol.pdf (4551 KB)  [done 243, left 1780]
2026-07-06 15:12:44  base 5320 throttled -> cooldown 1800s (Maths Advanced/Y12-HSC/2001 Marking Guidelines.pdf)
2026-07-06 15:13:13  base 5318 throttled -> cooldown 1800s (Maths Standard 2/Y12-Trial/Hornsby Girls 2020 w. sol.pdf)
2026-07-06 15:13:40  base 1570 throttled -> cooldown 1800s (Business Studies/Y12-HSC/2001 HSC.pdf)
2026-07-06 15:14:10  OK Business Studies/Y12-Trial/Knox 2013 w. sol.pdf (244 KB)  [done 244, left 1779]
2026-07-06 15:14:38  base 2470 throttled -> cooldown 1800s (Economics/Y12-HSC/2001 HSC.pdf)
2026-07-06 15:15:12  OK Legal Studies/Y12-Trial/Baulkham Hills 2023 w. sol.pdf (3805 KB)  [done 245, left 1778]
2026-07-06 15:15:41  OK Modern History/Y12-Trial/North Sydney Girls 2014.pdf (133 KB)  [done 246, left 1777]
2026-07-06 15:16:25  base 2720 throttled -> cooldown 1800s (English/Y12-HSC/2001 HSC Paper 1.pdf)
2026-07-06 15:17:05  OK Biology/Y11-Yearly/Presbyterian 2018 w. sol.pdf (923 KB)  [done 247, left 1776]
2026-07-06 15:17:34  OK Chemistry/Y11-Yearly/James Ruse 2003 w. sol.pdf (293 KB)  [done 248, left 1775]
2026-07-06 15:18:02  base 1370 throttled -> cooldown 1800s (Biology/Y12-HSC/2001 HSC.pdf)
2026-07-06 15:18:32  OK Business Studies/Y12-Trial/Knox 2018 w. sol.pdf (1282 KB)  [done 249, left 1774]
2026-07-06 15:19:00  base 2420 throttled -> cooldown 1800s (Earth & Environmental Science/Y12-HSC/2001 HSC.pdf)
2026-07-06 15:19:30  OK PDHPE/Y12-Trial/Shore 2016 w. sol.pdf (723 KB)  [done 250, left 1773]
2026-07-06 15:20:04  OK Biology/Y12-Trial/James Ruse 2007 w. sol.pdf (2689 KB)  [done 251, left 1772]
2026-07-06 15:20:40  OK Economics/Y12-Trial/Baulkham Hills 2024 w. sol.pdf (7364 KB)  [done 252, left 1771]
2026-07-06 15:21:13  OK Legal Studies/Y12-Trial/Baulkham Hills 2024 w. sol.pdf (1871 KB)  [done 253, left 1770]
2026-07-06 15:21:44  OK Chemistry/Y12-Trial/Baulkham Hills 2006.pdf (853 KB)  [done 254, left 1769]
2026-07-06 15:22:15  OK PDHPE/Y12-Trial/Shore 2017 w. sol.pdf (710 KB)  [done 255, left 1768]
2026-07-06 15:22:44  OK Biology/Y12-Trial/James Ruse 2008 w. sol.pdf (508 KB)  [done 256, left 1767]
2026-07-06 15:23:15  OK Chemistry/Y11-Yearly/James Ruse 2004 w. sol.pdf (344 KB)  [done 257, left 1766]
2026-07-06 15:23:43  base 6520 throttled -> cooldown 1800s (Physics/Y12-HSC/2013 Marking Guidelines.pdf)
2026-07-06 15:24:21  OK Economics/Y12-Trial/Baulkham Hills 2025 w. sol.pdf (5242 KB)  [done 258, left 1765]
2026-07-06 15:24:49  base 4078 throttled -> cooldown 1800s (Investigating Science/Y12-Trial/Fort St 2023 w. sol.pdf)
2026-07-06 15:25:23  OK Legal Studies/Y12-Trial/Baulkham Hills 2025 w. sol.pdf (4130 KB)  [done 259, left 1764]
2026-07-06 15:25:54  OK Chemistry/Y11-Yearly/James Ruse 2005 w. sol.pdf (631 KB)  [done 260, left 1763]
2026-07-06 15:26:25  OK PDHPE/Y12-Trial/Shore 2018 w. sol.pdf (1132 KB)  [done 261, left 1762]
2026-07-06 15:26:55  OK Biology/Y11-Yearly/Pymble 2004.pdf (543 KB)  [done 262, left 1761]
2026-07-06 15:27:23  base 5330 throttled -> cooldown 1800s (Maths Extension 1/Y12-HSC/2001 Marking Guidelines.pdf)
2026-07-06 15:27:57  OK Business Studies/Y12-Trial/Knox 2019 w. sol.pdf (2207 KB)  [done 263, left 1760]
2026-07-06 15:28:26  base 2428 throttled -> cooldown 1800s (Earth & Environmental Science/Y12-Trial/Cranbrook 2019.pdf)
2026-07-06 15:28:54  base 5020 throttled -> cooldown 1800s (Legal Studies/Y12-HSC/2001 HSC.pdf)
2026-07-06 15:29:22  OK Modern History/Y12-Trial/Roseville 2001.pdf (101 KB)  [done 264, left 1759]
2026-07-06 15:29:52  OK Chemistry/Y11-Yearly/James Ruse 2006 w. sol.pdf (183 KB)  [done 265, left 1758]
2026-07-06 15:30:21  OK Biology/Y11-Yearly/Pymble 2005.pdf (194 KB)  [done 266, left 1757]
2026-07-06 15:30:51  OK Biology/Y12-Trial/James Ruse 2009 w. sol.pdf (745 KB)  [done 267, left 1756]
2026-07-06 15:31:23  OK Economics/Y12-Trial/Cranbrook 2001.pdf (1583 KB)  [done 268, left 1755]
2026-07-06 15:31:52  OK Legal Studies/Y12-Trial/Cranbrook 2011.pdf (344 KB)  [done 269, left 1754]
2026-07-06 15:32:23  OK PDHPE/Y12-Trial/Shore 2019 w. sol.pdf (968 KB)  [done 270, left 1753]
2026-07-06 15:32:52  OK Chemistry/Y11-Yearly/James Ruse 2007 w. sol.pdf (171 KB)  [done 271, left 1752]
2026-07-06 15:33:19  base 4630 throttled -> cooldown 1800s (Japanese Extension/Y12-HSC/2001 HSC (Written Exam).pdf)
2026-07-06 15:33:50  OK Biology/Y11-Yearly/Pymble 2022.pdf (1551 KB)  [done 272, left 1751]
2026-07-06 15:35:12  base 5340 throttled -> cooldown 1800s (Maths Extension 2/Y12-HSC/2001 Marking Guidelines.pdf)
2026-07-06 15:35:43  OK Chemistry/Y12-Trial/Baulkham Hills 2009 w. sol.pdf (654 KB)  [done 273, left 1750]
2026-07-06 15:36:13  OK PDHPE/Y12-Trial/Shore 2020 w. sol.pdf (638 KB)  [done 274, left 1749]
2026-07-06 15:36:42  base 2670 throttled -> cooldown 1800s (Engineering Studies/Y12-HSC/2001 HSC.pdf)
2026-07-06 15:37:12  OK Legal Studies/Y12-Trial/Cranbrook 2012.pdf (414 KB)  [done 275, left 1748]
2026-07-06 15:37:40  base 5310 throttled -> cooldown 1800s (Maths Standard 2/Y12-HSC/2001 Marking Guidelines.pdf)
2026-07-06 15:38:15  OK Biology/Y11-Yearly/Pymble 2023.pdf (756 KB)  [done 276, left 1747]
2026-07-06 15:38:44  OK Chemistry/Y11-Yearly/James Ruse 2008 w. sol.pdf (196 KB)  [done 277, left 1746]
2026-07-06 15:39:12  base 1170 throttled -> cooldown 1800s (Ancient History/Y12-HSC/2001 HSC.pdf)
2026-07-06 15:39:42  OK Business Studies/Y12-Trial/Knox 2021 w. sol.pdf (517 KB)  [done 278, left 1745]
2026-07-06 15:40:22  OK Chemistry/Y12-Trial/Baulkham Hills 2015 w. sol.pdf (1816 KB)  [done 279, left 1744]
2026-07-06 15:40:53  OK Economics/Y12-Trial/Cranbrook 2021.pdf (1480 KB)  [done 280, left 1743]
2026-07-06 15:41:22  OK Chemistry/Y11-Yearly/James Ruse 2010 w. sol.pdf (245 KB)  [done 281, left 1742]
2026-07-06 15:41:58  OK Modern History/Y12-Trial/St Augustines 2010.pdf (130 KB)  [done 282, left 1741]
2026-07-06 15:42:26  base 4620 throttled -> cooldown 1800s (Japanese Continuers/Y12-HSC/2001 HSC.pdf)
2026-07-06 15:43:00  OK Biology/Y11-Yearly/Ravenswood 2021 w. sol.pdf (867 KB)  [done 283, left 1740]
2026-07-06 15:43:29  OK Legal Studies/Y12-Trial/Cranbrook 2013.pdf (321 KB)  [done 284, left 1739]
2026-07-06 15:43:57  base 5318 throttled -> cooldown 1800s (Maths Standard 2/Y12-Trial/Hornsby Girls 2020 w. sol.pdf)
2026-07-06 15:44:26  base 5320 throttled -> cooldown 1800s (Maths Advanced/Y12-HSC/2001 Marking Guidelines.pdf)
2026-07-06 15:44:54  base 1820 throttled -> cooldown 1800s (Chemistry/Y12-HSC/2001 HSC.pdf)
2026-07-06 15:45:21  base 1570 throttled -> cooldown 1800s (Business Studies/Y12-HSC/2001 HSC.pdf)
2026-07-06 15:45:55  OK Chemistry/Y12-Trial/Baulkham Hills 2019 w. sol.pdf (4280 KB)  [done 285, left 1738]
2026-07-06 15:46:24  OK Economics/Y12-Trial/Fort St 2010.pdf (164 KB)  [done 286, left 1737]
2026-07-06 15:46:54  OK Legal Studies/Y12-Trial/Fort St 2022.pdf (268 KB)  [done 287, left 1736]
2026-07-06 15:47:30  OK Biology/Y12-Trial/James Ruse 2010 w. sol.pdf (387 KB)  [done 288, left 1735]
2026-07-06 15:47:58  base 2720 throttled -> cooldown 1800s (English/Y12-HSC/2001 HSC Paper 1.pdf)
2026-07-06 15:48:28  OK Business Studies/Y12-Trial/Knox 2022 w. sol.pdf (509 KB)  [done 289, left 1734]
2026-07-06 15:48:57  base 2470 throttled -> cooldown 1800s (Economics/Y12-HSC/2001 HSC.pdf)
2026-07-06 15:49:32  OK Modern History/Y12-Trial/St George Girls 2020.pdf (3916 KB)  [done 290, left 1733]
2026-07-06 15:50:07  OK Biology/Y11-Yearly/Sydney Girls 2020 w. sol.pdf (2473 KB)  [done 291, left 1732]
2026-07-06 15:50:39  OK Chemistry/Y11-Yearly/James Ruse 2011 w. sol.pdf (963 KB)  [done 292, left 1731]
2026-07-06 15:51:06  base 5228 throttled -> cooldown 1800s (Maths Advanced/Y11-Yearly/Blacktown Boys 2023 w. sol.pdf)
2026-07-06 15:51:34  base 1370 throttled -> cooldown 1800s (Biology/Y12-HSC/2001 HSC.pdf)
2026-07-06 15:52:06  OK Legal Studies/Y12-Trial/Fort St 2023 w. sol.pdf (1013 KB)  [done 293, left 1730]
2026-07-06 15:52:37  OK Modern History/Y12-Trial/St George Girls 2021.pdf (908 KB)  [done 294, left 1729]
2026-07-06 15:53:10  OK Biology/Y12-Trial/James Ruse 2020 w. sol.pdf (1509 KB)  [done 295, left 1728]
2026-07-06 15:53:46  OK Chemistry/Y12-Trial/Baulkham Hills 2020 w. sol.pdf (5168 KB)  [done 296, left 1727]
2026-07-06 15:54:14  base 2420 throttled -> cooldown 1800s (Earth & Environmental Science/Y12-HSC/2001 HSC.pdf)
2026-07-06 15:54:50  OK Legal Studies/Y12-Trial/Fort St 2024 w. sol.pdf (1007 KB)  [done 297, left 1726]
2026-07-06 15:55:18  base 4078 throttled -> cooldown 1800s (Investigating Science/Y12-Trial/Fort St 2023 w. sol.pdf)
2026-07-06 15:55:57  OK Biology/Y11-Yearly/Sydney Grammar 2018 w. sol.pdf (5569 KB)  [done 298, left 1725]
2026-07-06 15:56:27  OK Chemistry/Y11-Yearly/James Ruse 2012 w. sol.pdf (630 KB)  [done 299, left 1724]
2026-07-06 15:56:58  OK Business Studies/Y12-Trial/Penrith 2012 w. sol.pdf (487 KB)  [done 300, left 1723]
2026-07-06 15:57:27  base 6520 throttled -> cooldown 1800s (Physics/Y12-HSC/2013 Marking Guidelines.pdf)
2026-07-06 15:58:00  OK Legal Studies/Y12-Trial/Hurlstone 2018 w. sol.pdf (1750 KB)  [done 301, left 1722]
2026-07-06 15:58:29  OK Chemistry/Y12-Trial/Caringbah 2010.pdf (350 KB)  [done 302, left 1721]
2026-07-06 15:58:58  base 5020 throttled -> cooldown 1800s (Legal Studies/Y12-HSC/2001 HSC.pdf)
2026-07-06 15:59:36  OK Biology/Y11-Yearly/Sydney Tech 2020 w. sol.pdf (4627 KB)  [done 303, left 1720]
2026-07-06 16:00:08  OK Chemistry/Y11-Yearly/James Ruse 2013 w. sol.pdf (1004 KB)  [done 304, left 1719]
2026-07-06 16:00:37  base 5330 throttled -> cooldown 1800s (Maths Extension 1/Y12-HSC/2001 Marking Guidelines.pdf)
2026-07-06 16:01:17  OK Business Studies/Y12-Trial/Penrith 2020 w. sol.pdf (563 KB)  [done 305, left 1718]
2026-07-06 16:01:49  base 5520 throttled -> cooldown 1800s (Modern History/Y12-HSC/2001 HSC.pdf)
2026-07-06 16:02:25  OK Biology/Y12-Trial/James Ruse 2021 w. sol.pdf (2304 KB)  [done 306, left 1717]
2026-07-06 16:02:53  base 2428 throttled -> cooldown 1800s (Earth & Environmental Science/Y12-Trial/Cranbrook 2019.pdf)
2026-07-06 16:03:22  OK Economics/Y12-Trial/Fort St 2011.pdf (190 KB)  [done 307, left 1716]
2026-07-06 16:03:50  base 4630 throttled -> cooldown 1800s (Japanese Extension/Y12-HSC/2001 HSC (Written Exam).pdf)
2026-07-06 16:04:24  OK Biology/Y11-Yearly/Sydney Tech 2022.pdf (2191 KB)  [done 308, left 1715]
2026-07-06 16:04:55  OK Chemistry/Y12-Trial/Caringbah 2011.pdf (833 KB)  [done 309, left 1714]
2026-07-06 16:05:23  base 5340 throttled -> cooldown 1800s (Maths Extension 2/Y12-HSC/2001 Marking Guidelines.pdf)
2026-07-06 16:05:55  OK Chemistry/Y11-Yearly/James Ruse 2014 w. sol.pdf (844 KB)  [done 310, left 1713]
2026-07-06 16:06:26  OK Biology/Y12-Trial/James Ruse 2022.pdf (1380 KB)  [done 311, left 1712]
2026-07-06 16:06:56  OK Economics/Y12-Trial/Fort St 2012.pdf (222 KB)  [done 312, left 1711]
2026-07-06 16:07:26  OK Legal Studies/Y12-Trial/Hurlstone 2019.pdf (239 KB)  [done 313, left 1710]
2026-07-06 16:07:53  base 5310 throttled -> cooldown 1800s (Maths Standard 2/Y12-HSC/2001 Marking Guidelines.pdf)
2026-07-06 16:08:24  OK Business Studies/Y12-Trial/Penrith 2021 w. sol.pdf (377 KB)  [done 314, left 1709]
2026-07-06 16:08:52  base 2670 throttled -> cooldown 1800s (Engineering Studies/Y12-HSC/2001 HSC.pdf)
2026-07-06 16:09:23  OK Biology/Y11-Yearly/Sydney Tech 2023.pdf (1052 KB)  [done 315, left 1708]
2026-07-06 16:10:13  OK Chemistry/Y11-Yearly/James Ruse 2015 w. sol.pdf (977 KB)  [done 316, left 1707]
2026-07-06 16:10:42  base 1170 throttled -> cooldown 1800s (Ancient History/Y12-HSC/2001 HSC.pdf)
2026-07-06 16:11:13  OK Business Studies/Y12-Trial/Pymble 2012 w. sol.pdf (867 KB)  [done 317, left 1706]
2026-07-06 16:11:43  OK Economics/Y12-Trial/Fort St 2021 w. sol.pdf (615 KB)  [done 318, left 1705]
2026-07-06 16:12:14  OK Chemistry/Y12-Trial/Caringbah 2012.pdf (925 KB)  [done 319, left 1704]
2026-07-06 16:12:49  base 4620 throttled -> cooldown 1800s (Japanese Continuers/Y12-HSC/2001 HSC.pdf)
2026-07-06 16:13:18  OK Biology/Y12-Trial/Kings 2013.pdf (411 KB)  [done 320, left 1703]
2026-07-06 16:13:48  OK Legal Studies/Y12-Trial/Knox 2012.pdf (427 KB)  [done 321, left 1702]
2026-07-06 16:14:18  OK Chemistry/Y11-Yearly/James Ruse 2016 w. sol.pdf (915 KB)  [done 322, left 1701]
2026-07-06 16:14:46  base 5320 throttled -> cooldown 1800s (Maths Advanced/Y12-HSC/2001 Marking Guidelines.pdf)
2026-07-06 16:15:16  OK Economics/Y12-Trial/James Ruse 2017 w. sol.pdf (461 KB)  [done 323, left 1700]
2026-07-06 16:15:44  base 5318 throttled -> cooldown 1800s (Maths Standard 2/Y12-Trial/Hornsby Girls 2020 w. sol.pdf)
2026-07-06 16:16:12  base 1570 throttled -> cooldown 1800s (Business Studies/Y12-HSC/2001 HSC.pdf)
2026-07-06 16:16:40  base 1820 throttled -> cooldown 1800s (Chemistry/Y12-HSC/2001 HSC.pdf)
2026-07-06 16:17:09  OK Legal Studies/Y12-Trial/Knox 2016.pdf (190 KB)  [done 324, left 1699]
2026-07-06 16:17:40  OK Chemistry/Y12-Trial/Caringbah 2017 w. sol.pdf (802 KB)  [done 325, left 1698]
2026-07-06 16:18:09  base 2720 throttled -> cooldown 1800s (English/Y12-HSC/2001 HSC Paper 1.pdf)
2026-07-06 16:18:40  OK Biology/Y12-Trial/Kings 2014.pdf (673 KB)  [done 326, left 1697]
2026-07-06 16:19:09  base 2470 throttled -> cooldown 1800s (Economics/Y12-HSC/2001 HSC.pdf)
2026-07-06 16:19:41  OK Economics/Y12-Trial/James Ruse 2021 w. sol.pdf (705 KB)  [done 327, left 1696]
2026-07-06 16:20:11  OK Chemistry/Y11-Yearly/James Ruse 2018 w. sol.pdf (642 KB)  [done 328, left 1695]
2026-07-06 16:20:41  OK Business Studies/Y12-Trial/Pymble 2013.pdf (235 KB)  [done 329, left 1694]
2026-07-06 16:21:10  OK Legal Studies/Y12-Trial/Knox 2017.pdf (84 KB)  [done 330, left 1693]
2026-07-06 16:21:42  OK Biology/Y12-Trial/Normanhurst Boys 2021.pdf (1351 KB)  [done 331, left 1692]
2026-07-06 16:22:10  base 5228 throttled -> cooldown 1800s (Maths Advanced/Y11-Yearly/Blacktown Boys 2023 w. sol.pdf)
2026-07-06 16:22:46  OK Chemistry/Y12-Trial/Caringbah 2022 w. sol.pdf (2951 KB)  [done 332, left 1691]
2026-07-06 16:23:15  OK Business Studies/Y12-Trial/Pymble 2014 w. sol.pdf (391 KB)  [done 333, left 1690]
2026-07-06 16:23:45  OK Legal Studies/Y12-Trial/Knox 2018 w. sol.pdf (214 KB)  [done 334, left 1689]
2026-07-06 16:24:16  OK Economics/Y12-Trial/Kings 2022 w. sol.pdf (1228 KB)  [done 335, left 1688]
2026-07-06 16:24:44  base 1370 throttled -> cooldown 1800s (Biology/Y12-HSC/2001 HSC.pdf)
2026-07-06 16:25:19  OK Biology/Y12-Trial/North Sydney Girls 2020 w. sol.pdf (2113 KB)  [done 336, left 1687]
2026-07-06 16:25:49  base 4078 throttled -> cooldown 1800s (Investigating Science/Y12-Trial/Fort St 2023 w. sol.pdf)
2026-07-06 16:26:21  OK Chemistry/Y11-Yearly/James Ruse 2019 w. sol.pdf (1840 KB)  [done 337, left 1686]
2026-07-06 16:26:49  base 2420 throttled -> cooldown 1800s (Earth & Environmental Science/Y12-HSC/2001 HSC.pdf)
2026-07-06 16:27:23  OK Chemistry/Y12-Trial/Caringbah 2023 w. sol.pdf (1726 KB)  [done 338, left 1685]
2026-07-06 16:27:52  OK Economics/Y12-Trial/Knox 2012 w. sol.pdf (169 KB)  [done 339, left 1684]
2026-07-06 16:28:21  OK Legal Studies/Y12-Trial/Knox 2019.pdf (135 KB)  [done 340, left 1683]
2026-07-06 16:28:57  OK Biology/Y12-Trial/North Sydney Girls 2021 w. sol.pdf (2905 KB)  [done 341, left 1682]
2026-07-06 16:29:28  OK Business Studies/Y12-Trial/Pymble 2015 w. sol.pdf (671 KB)  [done 342, left 1681]
2026-07-06 16:29:56  base 5020 throttled -> cooldown 1800s (Legal Studies/Y12-HSC/2001 HSC.pdf)
2026-07-06 16:30:26  OK Chemistry/Y12-Trial/Cheltenham Girls 2008 w. sol.pdf (649 KB)  [done 343, left 1680]
2026-07-06 16:30:54  base 5330 throttled -> cooldown 1800s (Maths Extension 1/Y12-HSC/2001 Marking Guidelines.pdf)
2026-07-06 16:31:26  OK Economics/Y12-Trial/Knox 2013 w. sol.pdf (1297 KB)  [done 344, left 1679]
2026-07-06 16:31:57  OK Legal Studies/Y12-Trial/Knox 2022.pdf (216 KB)  [done 345, left 1678]
2026-07-06 16:32:29  base 5520 throttled -> cooldown 1800s (Modern History/Y12-HSC/2001 HSC.pdf)
2026-07-06 16:33:01  OK Chemistry/Y11-Yearly/James Ruse 2020 w. sol.pdf (1137 KB)  [done 346, left 1677]
2026-07-06 16:33:29  base 6520 throttled -> cooldown 1800s (Physics/Y12-HSC/2013 Marking Guidelines.pdf)
2026-07-06 16:34:00  OK Business Studies/Y12-Trial/Ravenswood 2012 w. sol.pdf (1182 KB)  [done 347, left 1676]
2026-07-06 16:34:28  base 2428 throttled -> cooldown 1800s (Earth & Environmental Science/Y12-Trial/Cranbrook 2019.pdf)
2026-07-06 16:34:57  OK Legal Studies/Y12-Trial/Knox 2024.pdf (161 KB)  [done 348, left 1675]
2026-07-06 16:35:27  OK Chemistry/Y12-Trial/Cheltenham Girls 2009 w. sol.pdf (633 KB)  [done 349, left 1674]
2026-07-06 16:35:55  base 5340 throttled -> cooldown 1800s (Maths Extension 2/Y12-HSC/2001 Marking Guidelines.pdf)
2026-07-06 16:36:27  OK Chemistry/Y11-Yearly/James Ruse 2021 w. sol.pdf (1137 KB)  [done 350, left 1673]
2026-07-06 16:36:58  OK Biology/Y12-Trial/North Sydney Girls 2024.pdf (1097 KB)  [done 351, left 1672]
2026-07-06 16:37:29  OK Business Studies/Y12-Trial/Ravenswood 2014.pdf (968 KB)  [done 352, left 1671]
2026-07-06 16:37:58  OK Legal Studies/Y12-Trial/Pymble 2011.pdf (190 KB)  [done 353, left 1670]
2026-07-06 16:38:26  base 4630 throttled -> cooldown 1800s (Japanese Extension/Y12-HSC/2001 HSC (Written Exam).pdf)
2026-07-06 16:38:54  base 5310 throttled -> cooldown 1800s (Maths Standard 2/Y12-HSC/2001 Marking Guidelines.pdf)
2026-07-06 16:39:30  OK Economics/Y12-Trial/Knox 2020 w. sol.pdf (3649 KB)  [done 354, left 1669]
2026-07-06 16:39:58  base 2670 throttled -> cooldown 1800s (Engineering Studies/Y12-HSC/2001 HSC.pdf)
2026-07-06 16:40:31  OK Chemistry/Y11-Yearly/Killara 2024 w. sol.pdf (1144 KB)  [done 355, left 1668]
2026-07-06 16:40:59  base 1170 throttled -> cooldown 1800s (Ancient History/Y12-HSC/2001 HSC.pdf)
2026-07-06 16:41:29  OK Business Studies/Y12-Trial/Ravenswood 2015.pdf (358 KB)  [done 356, left 1667]
2026-07-06 16:42:01  OK Biology/Y12-Trial/Penrith 2019 w. sol.pdf (1742 KB)  [done 357, left 1666]
2026-07-06 16:42:32  OK Economics/Y12-Trial/Knox 2021 w. sol.pdf (1337 KB)  [done 358, left 1665]
2026-07-06 16:43:00  base 4620 throttled -> cooldown 1800s (Japanese Continuers/Y12-HSC/2001 HSC.pdf)
2026-07-06 16:43:30  OK Chemistry/Y12-Trial/Cheltenham Girls 2010 w. sol.pdf (480 KB)  [done 359, left 1664]
2026-07-06 16:44:01  OK Legal Studies/Y12-Trial/Pymble 2012.pdf (120 KB)  [done 360, left 1663]
2026-07-06 16:44:31  OK Chemistry/Y11-Yearly/Knox 2009.pdf (540 KB)  [done 361, left 1662]
2026-07-06 16:44:59  base 5320 throttled -> cooldown 1800s (Maths Advanced/Y12-HSC/2001 Marking Guidelines.pdf)
2026-07-06 16:45:33  OK Business Studies/Y12-Trial/Riverview 2012 w. sol.pdf (465 KB)  [done 362, left 1661]
2026-07-06 16:46:02  OK Economics/Y12-Trial/Knox 2022.pdf (314 KB)  [done 363, left 1660]
2026-07-06 16:46:31  OK Chemistry/Y12-Trial/Cheltenham Girls 2011 w. sol.pdf (397 KB)  [done 364, left 1659]
2026-07-06 16:47:00  base 1570 throttled -> cooldown 1800s (Business Studies/Y12-HSC/2001 HSC.pdf)
2026-07-06 16:47:29  OK Legal Studies/Y12-Trial/Pymble 2014.pdf (240 KB)  [done 365, left 1658]
2026-07-06 16:47:58  base 1820 throttled -> cooldown 1800s (Chemistry/Y12-HSC/2001 HSC.pdf)
2026-07-06 16:48:27  base 2720 throttled -> cooldown 1800s (English/Y12-HSC/2001 HSC Paper 1.pdf)
2026-07-06 16:48:59  OK Biology/Y12-Trial/Penrith 2020.pdf (1262 KB)  [done 366, left 1657]
2026-07-06 16:49:27  base 2470 throttled -> cooldown 1800s (Economics/Y12-HSC/2001 HSC.pdf)
2026-07-06 16:49:58  OK Economics/Y12-Trial/Knox 2023.pdf (658 KB)  [done 367, left 1656]
2026-07-06 16:50:30  OK Chemistry/Y11-Yearly/North Sydney Girls 2019 w. sol.pdf (1904 KB)  [done 368, left 1655]
2026-07-06 16:50:58  base 5318 throttled -> cooldown 1800s (Maths Standard 2/Y12-Trial/Hornsby Girls 2020 w. sol.pdf)
2026-07-06 16:51:32  OK Chemistry/Y12-Trial/Cheltenham Girls 2019 w. sol.pdf (1254 KB)  [done 369, left 1654]
2026-07-06 16:52:01  OK Legal Studies/Y12-Trial/Pymble 2015.pdf (244 KB)  [done 370, left 1653]
2026-07-06 16:52:29  base 5228 throttled -> cooldown 1800s (Maths Advanced/Y11-Yearly/Blacktown Boys 2023 w. sol.pdf)
2026-07-06 16:53:01  OK Business Studies/Y12-Trial/Riverview 2014 w. sol.pdf (1671 KB)  [done 371, left 1652]
2026-07-06 16:53:33  OK Chemistry/Y11-Yearly/North Sydney Girls 2020 w. sol.pdf (820 KB)  [done 372, left 1651]
2026-07-06 16:54:07  OK Biology/Y12-Trial/Penrith 2021 w. sol.pdf (2223 KB)  [done 373, left 1650]
2026-07-06 16:54:40  OK Economics/Y12-Trial/Knox 2024 w. sol.pdf (2184 KB)  [done 374, left 1649]
2026-07-06 16:55:10  OK Legal Studies/Y12-Trial/Pymble 2017.pdf (247 KB)  [done 375, left 1648]
2026-07-06 16:55:38  base 1370 throttled -> cooldown 1800s (Biology/Y12-HSC/2001 HSC.pdf)
2026-07-06 16:56:06  base 4078 throttled -> cooldown 1800s (Investigating Science/Y12-Trial/Fort St 2023 w. sol.pdf)
2026-07-06 16:56:37  OK Chemistry/Y11-Yearly/North Sydney Girls 2022 w. sol.pdf (1293 KB)  [done 376, left 1647]
2026-07-06 16:57:13  OK Biology/Y12-Trial/Penrith 2024.pdf (3345 KB)  [done 377, left 1646]
2026-07-06 16:57:49  OK Chemistry/Y12-Trial/Cheltenham Girls 2020 w. sol.pdf (3895 KB)  [done 378, left 1645]
2026-07-06 16:58:40  OK Economics/Y12-Trial/Knox 2025 w. sol.pdf (14056 KB)  [done 379, left 1644]
2026-07-06 16:59:11  OK Business Studies/Y12-Trial/Riverview 2017.pdf (602 KB)  [done 380, left 1643]
2026-07-06 16:59:41  OK Legal Studies/Y12-Trial/Pymble 2018.pdf (287 KB)  [done 381, left 1642]
2026-07-06 17:00:09  base 2420 throttled -> cooldown 1800s (Earth & Environmental Science/Y12-HSC/2001 HSC.pdf)
2026-07-06 17:00:38  base 5020 throttled -> cooldown 1800s (Legal Studies/Y12-HSC/2001 HSC.pdf)
2026-07-06 17:01:11  OK Chemistry/Y11-Yearly/North Sydney Girls 2023 w. sol.pdf (1944 KB)  [done 382, left 1641]
2026-07-06 17:01:38  base 5330 throttled -> cooldown 1800s (Maths Extension 1/Y12-HSC/2001 Marking Guidelines.pdf)
2026-07-06 17:02:08  OK Business Studies/Y12-Trial/Roseville 2012 w. sol.pdf (612 KB)  [done 383, left 1640]
2026-07-06 17:02:39  OK Economics/Y12-Trial/Manly 2018 w. sol.pdf (711 KB)  [done 384, left 1639]
2026-07-06 17:03:08  base 5520 throttled -> cooldown 1800s (Modern History/Y12-HSC/2001 HSC.pdf)
2026-07-06 17:03:37  base 6520 throttled -> cooldown 1800s (Physics/Y12-HSC/2013 Marking Guidelines.pdf)
2026-07-06 17:04:12  OK Chemistry/Y12-Trial/Cheltenham Girls 2022 w. sol.pdf (2477 KB)  [done 385, left 1638]
2026-07-06 17:04:42  OK Legal Studies/Y12-Trial/Pymble 2022.pdf (239 KB)  [done 386, left 1637]
2026-07-06 17:05:13  OK Chemistry/Y11-Yearly/North Sydney Girls 2024 w. sol.pdf (811 KB)  [done 387, left 1636]
2026-07-06 17:05:43  OK Biology/Y12-Trial/Pymble 2007 w. sol.pdf (280 KB)  [done 388, left 1635]
2026-07-06 17:06:13  OK Business Studies/Y12-Trial/Scots 2012.pdf (173 KB)  [done 389, left 1634]
2026-07-06 17:06:41  base 5340 throttled -> cooldown 1800s (Maths Extension 2/Y12-HSC/2001 Marking Guidelines.pdf)
2026-07-06 17:07:09  base 2428 throttled -> cooldown 1800s (Earth & Environmental Science/Y12-Trial/Cranbrook 2019.pdf)
2026-07-06 17:07:44  OK Legal Studies/Y12-Trial/Riverview 2024.pdf (971 KB)  [done 390, left 1633]
2026-07-06 17:08:16  OK Chemistry/Y12-Trial/Cranbrook 2001 w. sol.pdf (779 KB)  [done 391, left 1632]
2026-07-06 17:08:44  base 4630 throttled -> cooldown 1800s (Japanese Extension/Y12-HSC/2001 HSC (Written Exam).pdf)
2026-07-06 17:09:14  base 5310 throttled -> cooldown 1800s (Maths Standard 2/Y12-HSC/2001 Marking Guidelines.pdf)
2026-07-06 17:09:48  OK Biology/Y12-Trial/Pymble 2020 w. sol.pdf (2116 KB)  [done 392, left 1631]
2026-07-06 17:10:18  OK Economics/Y12-Trial/Newington 2003.pdf (306 KB)  [done 393, left 1630]
2026-07-06 17:10:51  OK Legal Studies/Y12-Trial/Roseville 2015.pdf (1311 KB)  [done 394, left 1629]
2026-07-06 17:11:22  OK Chemistry/Y11-Yearly/Penrith 2010.pdf (700 KB)  [done 395, left 1628]
2026-07-06 17:11:50  base 1170 throttled -> cooldown 1800s (Ancient History/Y12-HSC/2001 HSC.pdf)
2026-07-06 17:12:19  base 2670 throttled -> cooldown 1800s (Engineering Studies/Y12-HSC/2001 HSC.pdf)
2026-07-06 17:12:51  OK Biology/Y12-Trial/Pymble 2021 w. sol.pdf (1390 KB)  [done 396, left 1627]
2026-07-06 17:13:19  base 4620 throttled -> cooldown 1800s (Japanese Continuers/Y12-HSC/2001 HSC.pdf)
2026-07-06 17:13:49  OK Business Studies/Y12-Trial/Shore 2009 w. sol.pdf (314 KB)  [done 397, left 1626]
2026-07-06 17:14:19  OK Economics/Y12-Trial/Newington 2004 w. sol.pdf (415 KB)  [done 398, left 1625]
2026-07-06 17:14:47  OK Legal Studies/Y12-Trial/St Catherines 2014 w. sol.pdf (87 KB)  [done 399, left 1624]
2026-07-06 17:15:18  OK Chemistry/Y11-Yearly/Presbyterian 2018 w. sol.pdf (1120 KB)  [done 400, left 1623]
2026-07-06 17:15:46  base 5320 throttled -> cooldown 1800s (Maths Advanced/Y12-HSC/2001 Marking Guidelines.pdf)
2026-07-06 17:16:16  OK Chemistry/Y12-Trial/Cranbrook 2002.pdf (601 KB)  [done 401, left 1622]
2026-07-06 17:16:49  OK Biology/Y12-Trial/Pymble 2022 w. sol.pdf (1478 KB)  [done 402, left 1621]
2026-07-06 17:17:17  base 1570 throttled -> cooldown 1800s (Business Studies/Y12-HSC/2001 HSC.pdf)
2026-07-06 17:17:47  OK Economics/Y12-Trial/Newington 2005 w. sol.pdf (69 KB)  [done 403, left 1620]
2026-07-06 17:18:16  base 1820 throttled -> cooldown 1800s (Chemistry/Y12-HSC/2001 HSC.pdf)
2026-07-06 17:18:46  OK Legal Studies/Y12-Trial/Sydney Tech 2021.pdf (336 KB)  [done 404, left 1619]
2026-07-06 17:19:15  OK Chemistry/Y11-Yearly/Pymble 2002.pdf (138 KB)  [done 405, left 1618]
2026-07-06 17:19:47  OK Biology/Y12-Trial/Pymble 2023 w. sol.pdf (2095 KB)  [done 406, left 1617]
2026-07-06 17:20:16  OK Business Studies/Y12-Trial/Shore 2012 w. sol.pdf (167 KB)  [done 407, left 1616]
2026-07-06 17:20:47  base 2470 throttled -> cooldown 1800s (Economics/Y12-HSC/2001 HSC.pdf)
2026-07-06 17:21:17  OK Economics/Y12-Trial/Newington 2006 w. sol.pdf (418 KB)  [done 408, left 1615]
2026-07-06 17:21:46  base 2720 throttled -> cooldown 1800s (English/Y12-HSC/2001 HSC Paper 1.pdf)
2026-07-06 17:22:16  OK Chemistry/Y12-Trial/Cranbrook 2008.pdf (481 KB)  [done 409, left 1614]
2026-07-06 17:22:48  OK Biology/Y12-Trial/Ravenswood 2024 w. sol.pdf (2186 KB)  [done 410, left 1613]
2026-07-06 17:23:17  OK Chemistry/Y11-Yearly/Pymble 2003.pdf (115 KB)  [done 411, left 1612]
2026-07-06 17:23:47  base 5318 throttled -> cooldown 1800s (Maths Standard 2/Y12-Trial/Hornsby Girls 2020 w. sol.pdf)
2026-07-06 17:24:16  OK Economics/Y12-Trial/Newington 2007 w. sol.pdf (477 KB)  [done 412, left 1611]
2026-07-06 17:24:44  base 5228 throttled -> cooldown 1800s (Maths Advanced/Y11-Yearly/Blacktown Boys 2023 w. sol.pdf)
2026-07-06 17:25:15  OK Chemistry/Y12-Trial/Cranbrook 2012.pdf (687 KB)  [done 413, left 1610]
2026-07-06 17:25:45  OK Business Studies/Y12-Trial/Shore 2013.pdf (612 KB)  [done 414, left 1609]
2026-07-06 17:26:20  OK Biology/Y12-Trial/Riverview 2022.pdf (3099 KB)  [done 415, left 1608]
2026-07-06 17:26:52  base 4078 throttled -> cooldown 1800s (Investigating Science/Y12-Trial/Fort St 2023 w. sol.pdf)
2026-07-06 17:27:22  OK Chemistry/Y11-Yearly/Pymble 2006.pdf (213 KB)  [done 416, left 1607]
2026-07-06 17:27:55  base 1370 throttled -> cooldown 1800s (Biology/Y12-HSC/2001 HSC.pdf)
2026-07-06 17:28:30  OK Chemistry/Y12-Trial/Cranbrook 2014 w. sol.pdf (523 KB)  [done 417, left 1606]
2026-07-06 17:28:59  OK Economics/Y12-Trial/Newington 2013 w. sol.pdf (184 KB)  [done 418, left 1605]
2026-07-06 17:29:29  OK Business Studies/Y12-Trial/Shore 2015 w. sol.pdf (1136 KB)  [done 419, left 1604]
2026-07-06 17:29:59  OK Biology/Y12-Trial/SCEGGS 2004 w. sol.pdf (870 KB)  [done 420, left 1603]
2026-07-06 17:30:31  OK Chemistry/Y11-Yearly/Pymble 2018 w. sol.pdf (689 KB)  [done 421, left 1602]
2026-07-06 17:31:04  base 2420 throttled -> cooldown 1800s (Earth & Environmental Science/Y12-HSC/2001 HSC.pdf)
2026-07-06 17:31:33  base 5020 throttled -> cooldown 1800s (Legal Studies/Y12-HSC/2001 HSC.pdf)
2026-07-06 17:32:05  OK Economics/Y12-Trial/Newington 2016 w. sol.pdf (1011 KB)  [done 422, left 1601]
2026-07-06 17:32:34  OK Biology/Y12-Trial/SCEGGS 2007.pdf (397 KB)  [done 423, left 1600]
2026-07-06 17:33:09  OK Business Studies/Y12-Trial/Shore 2019 w. sol.pdf (4495 KB)  [done 424, left 1599]
2026-07-06 17:33:40  OK Chemistry/Y11-Yearly/Pymble 2020.pdf (580 KB)  [done 425, left 1598]
2026-07-06 17:34:08  base 5330 throttled -> cooldown 1800s (Maths Extension 1/Y12-HSC/2001 Marking Guidelines.pdf)
2026-07-06 17:34:41  OK Chemistry/Y12-Trial/Cranbrook 2019 w. sol.pdf (1315 KB)  [done 426, left 1597]
2026-07-06 17:35:12  OK Economics/Y12-Trial/Newington 2017 w. sol.pdf (446 KB)  [done 427, left 1596]
2026-07-06 17:35:40  base 6520 throttled -> cooldown 1800s (Physics/Y12-HSC/2013 Marking Guidelines.pdf)
2026-07-06 17:36:16  OK Business Studies/Y12-Trial/Shore 2020 w. sol.pdf (3316 KB)  [done 428, left 1595]
2026-07-06 17:36:49  OK Biology/Y12-Trial/Shore 2008 w. sol.pdf (3322 KB)  [done 429, left 1594]
2026-07-06 17:37:17  base 5340 throttled -> cooldown 1800s (Maths Extension 2/Y12-HSC/2001 Marking Guidelines.pdf)
2026-07-06 17:37:45  base 2428 throttled -> cooldown 1800s (Earth & Environmental Science/Y12-Trial/Cranbrook 2019.pdf)
2026-07-06 17:38:17  OK Chemistry/Y12-Trial/Cranbrook 2020 w. sol.pdf (1092 KB)  [done 430, left 1593]
2026-07-06 17:38:48  OK Economics/Y12-Trial/Newington 2025 w. sol.pdf (853 KB)  [done 431, left 1592]
2026-07-06 17:39:16  base 4630 throttled -> cooldown 1800s (Japanese Extension/Y12-HSC/2001 HSC (Written Exam).pdf)
2026-07-06 17:39:44  base 5310 throttled -> cooldown 1800s (Maths Standard 2/Y12-HSC/2001 Marking Guidelines.pdf)
2026-07-06 17:40:22  OK Biology/Y12-Trial/Shore 2017 w. sol.pdf (3536 KB)  [done 432, left 1591]
2026-07-06 17:40:55  OK Chemistry/Y12-Trial/Cranbrook 2021 w. sol.pdf (1093 KB)  [done 433, left 1590]
2026-07-06 17:41:25  base 5520 throttled -> cooldown 1800s (Modern History/Y12-HSC/2001 HSC.pdf)
2026-07-06 17:41:55  OK Business Studies/Y12-Trial/Sydney Boys 2013 w. sol.pdf (314 KB)  [done 434, left 1589]
2026-07-06 17:42:23  base 1170 throttled -> cooldown 1800s (Ancient History/Y12-HSC/2001 HSC.pdf)
2026-07-06 17:42:54  OK Chemistry/Y11-Yearly/Pymble 2023 w. sol.pdf (1033 KB)  [done 435, left 1588]
2026-07-06 17:43:31  OK Biology/Y12-Trial/Shore 2019 w. sol.pdf (5879 KB)  [done 436, left 1587]
2026-07-06 17:44:00  base 4620 throttled -> cooldown 1800s (Japanese Continuers/Y12-HSC/2001 HSC.pdf)
2026-07-06 17:44:28  base 2670 throttled -> cooldown 1800s (Engineering Studies/Y12-HSC/2001 HSC.pdf)
2026-07-06 17:44:58  OK Business Studies/Y12-Trial/Sydney Boys 2014 w. sol.pdf (790 KB)  [done 437, left 1586]
2026-07-06 17:45:31  OK Chemistry/Y12-Trial/Fort St 2019 w. sol.pdf (1943 KB)  [done 438, left 1585]
2026-07-06 17:46:02  OK Chemistry/Y11-Yearly/Riverview 2018.pdf (800 KB)  [done 439, left 1584]
2026-07-06 17:46:29  base 5320 throttled -> cooldown 1800s (Maths Advanced/Y12-HSC/2001 Marking Guidelines.pdf)
2026-07-06 17:46:59  OK Economics/Y12-Trial/Normanhurst Boys 2021.pdf (178 KB)  [done 440, left 1583]
2026-07-06 17:47:30  OK Biology/Y12-Trial/Shore 2020 w. sol.pdf (1427 KB)  [done 441, left 1582]
2026-07-06 17:47:58  OK Business Studies/Y12-Trial/Sydney Tech 2007 w. sol.pdf (49 KB)  [done 442, left 1581]
2026-07-06 17:48:26  base 1820 throttled -> cooldown 1800s (Chemistry/Y12-HSC/2001 HSC.pdf)
2026-07-06 17:48:59  OK Chemistry/Y11-Yearly/Shore 2023 w. sol.pdf (1925 KB)  [done 443, left 1580]
2026-07-06 17:49:27  base 1570 throttled -> cooldown 1800s (Business Studies/Y12-HSC/2001 HSC.pdf)
2026-07-06 17:49:56  OK Economics/Y12-Trial/North Sydney Girls 2009.pdf (191 KB)  [done 444, left 1579]
2026-07-06 17:50:40  OK Biology/Y12-Trial/Smiths Hill 2023 w. sol.pdf (6993 KB)  [done 445, left 1578]
2026-07-06 17:51:08  OK Business Studies/Y12-Trial/Sydney Tech 2008.pdf (34 KB)  [done 446, left 1577]
2026-07-06 17:51:38  base 2470 throttled -> cooldown 1800s (Economics/Y12-HSC/2001 HSC.pdf)
2026-07-06 17:52:11  OK Chemistry/Y11-Yearly/Smiths Hill 2022.pdf (1130 KB)  [done 447, left 1576]
2026-07-06 17:52:39  base 2720 throttled -> cooldown 1800s (English/Y12-HSC/2001 HSC Paper 1.pdf)
2026-07-06 17:53:09  OK Economics/Y12-Trial/North Sydney Girls 2010.pdf (260 KB)  [done 448, left 1575]
2026-07-06 17:53:46  OK Biology/Y12-Trial/Smiths Hill 2024 w. sol.pdf (2996 KB)  [done 449, left 1574]
2026-07-06 17:54:14  base 5318 throttled -> cooldown 1800s (Maths Standard 2/Y12-Trial/Hornsby Girls 2020 w. sol.pdf)
2026-07-06 17:54:43  OK Business Studies/Y12-Trial/Sydney Tech 2009 w. sol.pdf (80 KB)  [done 450, left 1573]
2026-07-06 17:55:14  OK Chemistry/Y11-Yearly/St Aloysius 2022 w. sol.pdf (962 KB)  [done 451, left 1572]
2026-07-06 17:55:42  base 5228 throttled -> cooldown 1800s (Maths Advanced/Y11-Yearly/Blacktown Boys 2023 w. sol.pdf)
2026-07-06 17:56:11  OK Economics/Y12-Trial/North Sydney Girls 2011.pdf (185 KB)  [done 452, left 1571]
2026-07-06 17:56:40  OK Biology/Y12-Trial/Sydney Boys 2002.pdf (319 KB)  [done 453, left 1570]
2026-07-06 17:57:07  base 4078 throttled -> cooldown 1800s (Investigating Science/Y12-Trial/Fort St 2023 w. sol.pdf)
2026-07-06 17:57:39  OK Business Studies/Y12-Trial/Sydney Tech 2013 w. sol.pdf (1140 KB)  [done 454, left 1569]
2026-07-06 17:58:08  OK Chemistry/Y11-Yearly/Strathfield Girls 2004.pdf (224 KB)  [done 455, left 1568]
2026-07-06 17:58:36  base 1370 throttled -> cooldown 1800s (Biology/Y12-HSC/2001 HSC.pdf)
2026-07-06 17:59:08  OK Economics/Y12-Trial/Pymble 2001.pdf (1519 KB)  [done 456, left 1567]
2026-07-06 17:59:38  OK Biology/Y12-Trial/Sydney Boys 2006.pdf (645 KB)  [done 457, left 1566]
2026-07-06 18:00:09  OK Chemistry/Y12-Trial/Fort St 2020.pdf (1215 KB)  [done 458, left 1565]
2026-07-06 18:00:43  OK Chemistry/Y11-Yearly/Strathfield Girls 2006.pdf (451 KB)  [done 459, left 1564]
2026-07-06 18:01:12  base 2420 throttled -> cooldown 1800s (Earth & Environmental Science/Y12-HSC/2001 HSC.pdf)
2026-07-06 18:01:40  base 5020 throttled -> cooldown 1800s (Legal Studies/Y12-HSC/2001 HSC.pdf)
2026-07-06 18:02:10  OK Economics/Y12-Trial/Pymble 2006 w. sol.pdf (187 KB)  [done 460, left 1563]
2026-07-06 18:02:41  OK Biology/Y12-Trial/Sydney Boys 2008 w. sol.pdf (1485 KB)  [done 461, left 1562]
2026-07-06 18:03:17  OK Chemistry/Y12-Trial/Fort St 2024 w. sol.pdf (1747 KB)  [done 462, left 1561]
2026-07-06 18:03:48  OK Chemistry/Y11-Yearly/Strathfield Girls 2011 w. sol.pdf (760 KB)  [done 463, left 1560]
2026-07-06 18:04:16  base 5330 throttled -> cooldown 1800s (Maths Extension 1/Y12-HSC/2001 Marking Guidelines.pdf)
2026-07-06 18:04:49  OK Economics/Y12-Trial/Pymble 2021.pdf (1106 KB)  [done 464, left 1559]
2026-07-06 18:05:28  OK Biology/Y12-Trial/Sydney Boys 2019.pdf (3979 KB)  [done 465, left 1558]
2026-07-06 18:05:56  base 6520 throttled -> cooldown 1800s (Physics/Y12-HSC/2013 Marking Guidelines.pdf)
2026-07-06 18:06:27  OK Chemistry/Y11-Yearly/Strathfield Girls 2012.pdf (831 KB)  [done 466, left 1557]
2026-07-06 18:06:59  OK Chemistry/Y12-Trial/Girraween 2011 w. sol.pdf (1474 KB)  [done 467, left 1556]
2026-07-06 18:07:29  OK Economics/Y12-Trial/Ravenswood 2012 w. sol.pdf (711 KB)  [done 468, left 1555]
2026-07-06 18:07:58  base 5340 throttled -> cooldown 1800s (Maths Extension 2/Y12-HSC/2001 Marking Guidelines.pdf)
2026-07-06 18:08:26  base 2428 throttled -> cooldown 1800s (Earth & Environmental Science/Y12-Trial/Cranbrook 2019.pdf)
2026-07-06 18:08:56  OK Biology/Y12-Trial/Sydney Boys 2020 w. sol.pdf (1398 KB)  [done 469, left 1554]
2026-07-06 18:09:25  OK Chemistry/Y11-Yearly/Sydney Boys 2004.pdf (72 KB)  [done 470, left 1553]
2026-07-06 18:09:56  OK Chemistry/Y12-Trial/Girraween 2012 w. sol.pdf (2292 KB)  [done 471, left 1552]
2026-07-06 18:10:25  base 4630 throttled -> cooldown 1800s (Japanese Extension/Y12-HSC/2001 HSC (Written Exam).pdf)
2026-07-06 18:10:54  base 5310 throttled -> cooldown 1800s (Maths Standard 2/Y12-HSC/2001 Marking Guidelines.pdf)
2026-07-06 18:11:23  OK Economics/Y12-Trial/Ravenswood 2014.pdf (524 KB)  [done 472, left 1551]
2026-07-06 18:11:55  OK Biology/Y12-Trial/Sydney Boys 2021 w. sol.pdf (1037 KB)  [done 473, left 1550]
2026-07-06 18:12:25  OK Chemistry/Y11-Yearly/Sydney Boys 2018 w. sol.pdf (559 KB)  [done 474, left 1549]
2026-07-06 18:12:56  OK Chemistry/Y12-Trial/Girraween 2013 w. sol.pdf (1765 KB)  [done 475, left 1548]
2026-07-06 18:13:25  base 5520 throttled -> cooldown 1800s (Modern History/Y12-HSC/2001 HSC.pdf)
2026-07-06 18:13:53  base 1170 throttled -> cooldown 1800s (Ancient History/Y12-HSC/2001 HSC.pdf)
2026-07-06 18:14:22  base 4620 throttled -> cooldown 1800s (Japanese Continuers/Y12-HSC/2001 HSC.pdf)
2026-07-06 18:14:50  base 2670 throttled -> cooldown 1800s (Engineering Studies/Y12-HSC/2001 HSC.pdf)
2026-07-06 18:15:26  OK Biology/Y12-Trial/Sydney Boys 2022 w. sol.pdf (954 KB)  [done 476, left 1547]
2026-07-06 18:15:56  OK Economics/Y12-Trial/Riverview 2005.pdf (503 KB)  [done 477, left 1546]
2026-07-06 18:16:27  OK Chemistry/Y11-Yearly/Sydney Boys 2019.pdf (469 KB)  [done 478, left 1545]
2026-07-06 18:16:55  base 5320 throttled -> cooldown 1800s (Maths Advanced/Y12-HSC/2001 Marking Guidelines.pdf)
2026-07-06 18:17:29  OK Chemistry/Y12-Trial/Girraween 2016 w. sol.pdf (1901 KB)  [done 479, left 1544]
2026-07-06 18:18:05  OK Biology/Y12-Trial/Sydney Boys 2023 w. sol.pdf (1090 KB)  [done 480, left 1543]
2026-07-06 18:18:35  OK Economics/Y12-Trial/Riverview 2006.pdf (339 KB)  [done 481, left 1542]
2026-07-06 18:19:03  base 1820 throttled -> cooldown 1800s (Chemistry/Y12-HSC/2001 HSC.pdf)
2026-07-06 18:19:32  OK Chemistry/Y11-Yearly/Sydney Boys 2020.pdf (516 KB)  [done 482, left 1541]
2026-07-06 18:20:00  base 1570 throttled -> cooldown 1800s (Business Studies/Y12-HSC/2001 HSC.pdf)
2026-07-06 18:20:32  OK Chemistry/Y12-Trial/Girraween 2019 w. sol.pdf (1619 KB)  [done 483, left 1540]
2026-07-06 18:21:02  OK Biology/Y12-Trial/Sydney Girls 2002.pdf (553 KB)  [done 484, left 1539]
2026-07-06 18:21:31  OK Economics/Y12-Trial/Riverview 2007.pdf (428 KB)  [done 485, left 1538]
2026-07-06 18:22:00  base 2470 throttled -> cooldown 1800s (Economics/Y12-HSC/2001 HSC.pdf)
2026-07-06 18:22:29  OK Chemistry/Y11-Yearly/Sydney Boys 2022.pdf (210 KB)  [done 486, left 1537]
2026-07-06 18:22:57  base 2720 throttled -> cooldown 1800s (English/Y12-HSC/2001 HSC Paper 1.pdf)
2026-07-06 18:23:29  OK Chemistry/Y12-Trial/Girraween 2020 w. sol.pdf (1271 KB)  [done 487, left 1536]
2026-07-06 18:24:01  OK Biology/Y12-Trial/Sydney Girls 2003.pdf (888 KB)  [done 488, left 1535]
2026-07-06 18:24:32  OK Economics/Y12-Trial/Riverview 2009 w. sol.pdf (719 KB)  [done 489, left 1534]
2026-07-06 18:25:01  base 5318 throttled -> cooldown 1800s (Maths Standard 2/Y12-Trial/Hornsby Girls 2020 w. sol.pdf)
2026-07-06 18:25:30  OK Chemistry/Y11-Yearly/Sydney Girls 2001.pdf (26 KB)  [done 490, left 1533]
2026-07-06 18:25:58  base 5228 throttled -> cooldown 1800s (Maths Advanced/Y11-Yearly/Blacktown Boys 2023 w. sol.pdf)
2026-07-06 18:26:33  OK Chemistry/Y12-Trial/Girraween 2022 w. sol.pdf (1838 KB)  [done 491, left 1532]
2026-07-06 18:27:03  OK Biology/Y12-Trial/Sydney Girls 2007.pdf (335 KB)  [done 492, left 1531]
2026-07-06 18:27:38  base 4078 throttled -> cooldown 1800s (Investigating Science/Y12-Trial/Fort St 2023 w. sol.pdf)
2026-07-06 18:28:08  OK Economics/Y12-Trial/Riverview 2010 w. sol.pdf (723 KB)  [done 493, left 1530]
2026-07-06 18:28:39  OK Chemistry/Y11-Yearly/Sydney Girls 2019 w. sol.pdf (769 KB)  [done 494, left 1529]
2026-07-06 18:29:07  base 1370 throttled -> cooldown 1800s (Biology/Y12-HSC/2001 HSC.pdf)
2026-07-06 18:29:46  OK Chemistry/Y12-Trial/Gosford 2019 w. sol.pdf (4728 KB)  [done 495, left 1528]
2026-07-06 18:30:19  OK Biology/Y12-Trial/Sydney Girls 2019 w. sol.pdf (2771 KB)  [done 496, left 1527]
2026-07-06 18:30:50  OK Economics/Y12-Trial/Riverview 2011 w. sol.pdf (878 KB)  [done 497, left 1526]
2026-07-06 18:31:18  base 2420 throttled -> cooldown 1800s (Earth & Environmental Science/Y12-HSC/2001 HSC.pdf)
2026-07-06 18:31:49  OK Chemistry/Y11-Yearly/Sydney Girls 2020 w. sol.pdf (674 KB)  [done 498, left 1525]
2026-07-06 18:32:18  base 5020 throttled -> cooldown 1800s (Legal Studies/Y12-HSC/2001 HSC.pdf)
2026-07-06 18:32:54  OK Chemistry/Y12-Trial/Gosford 2021 w. sol.pdf (2436 KB)  [done 499, left 1524]
2026-07-06 18:33:27  OK Biology/Y12-Trial/Sydney Girls 2020.pdf (1164 KB)  [done 500, left 1523]
2026-07-06 18:33:57  OK Economics/Y12-Trial/Riverview 2012 w. sol.pdf (176 KB)  [done 501, left 1522]
2026-07-06 18:34:26  base 5330 throttled -> cooldown 1800s (Maths Extension 1/Y12-HSC/2001 Marking Guidelines.pdf)
2026-07-06 18:34:58  OK Chemistry/Y11-Yearly/Sydney Girls 2023 w. sol.pdf (1921 KB)  [done 502, left 1521]
2026-07-06 18:35:35  OK Chemistry/Y12-Trial/Hornsby Girls 2012.pdf (998 KB)  [done 503, left 1520]
2026-07-06 18:36:20  OK Biology/Y12-Trial/Sydney Girls 2022 w. sol.pdf (6291 KB)  [done 504, left 1519]
2026-07-06 18:36:49  base 6520 throttled -> cooldown 1800s (Physics/Y12-HSC/2013 Marking Guidelines.pdf)
2026-07-06 18:37:20  OK Economics/Y12-Trial/Riverview 2013 w. sol.pdf (1229 KB)  [done 505, left 1518]
2026-07-06 18:37:51  OK Chemistry/Y11-Yearly/Sydney Girls 2024 w. sol.pdf (774 KB)  [done 506, left 1517]
2026-07-06 18:38:29  OK Chemistry/Y12-Trial/Hornsby Girls 2019.pdf (4950 KB)  [done 507, left 1516]
2026-07-06 18:38:58  base 5340 throttled -> cooldown 1800s (Maths Extension 2/Y12-HSC/2001 Marking Guidelines.pdf)
2026-07-06 18:39:25  base 2428 throttled -> cooldown 1800s (Earth & Environmental Science/Y12-Trial/Cranbrook 2019.pdf)
2026-07-06 18:40:05  OK Biology/Y12-Trial/Sydney Girls 2023 w. sol.pdf (3608 KB)  [done 508, left 1515]
2026-07-06 18:40:40  OK Economics/Y12-Trial/Riverview 2015 w. sol.pdf (1026 KB)  [done 509, left 1514]
2026-07-06 18:41:08  base 4630 throttled -> cooldown 1800s (Japanese Extension/Y12-HSC/2001 HSC (Written Exam).pdf)
2026-07-06 18:41:41  OK Chemistry/Y11-Yearly/Sydney Grammar 2014 w. sol.pdf (2346 KB)  [done 510, left 1513]
2026-07-06 18:42:09  base 5310 throttled -> cooldown 1800s (Maths Standard 2/Y12-HSC/2001 Marking Guidelines.pdf)
2026-07-06 18:42:41  OK Chemistry/Y12-Trial/Hornsby Girls 2020 w. sol.pdf (1718 KB)  [done 511, left 1512]
2026-07-06 18:43:11  OK Biology/Y12-Trial/Sydney Grammar 2003 w. sol.pdf (737 KB)  [done 512, left 1511]
2026-07-06 18:43:40  base 5520 throttled -> cooldown 1800s (Modern History/Y12-HSC/2001 HSC.pdf)
2026-07-06 18:44:09  base 1170 throttled -> cooldown 1800s (Ancient History/Y12-HSC/2001 HSC.pdf)
2026-07-06 18:44:41  OK Chemistry/Y11-Yearly/Sydney Grammar 2016 w. sol.pdf (2447 KB)  [done 513, left 1510]
2026-07-06 18:45:11  OK Economics/Y12-Trial/Riverview 2017.pdf (461 KB)  [done 514, left 1509]
2026-07-06 18:45:39  base 2670 throttled -> cooldown 1800s (Engineering Studies/Y12-HSC/2001 HSC.pdf)
2026-07-06 18:46:12  base 4620 throttled -> cooldown 1800s (Japanese Continuers/Y12-HSC/2001 HSC.pdf)
2026-07-06 18:46:43  OK Chemistry/Y12-Trial/Hornsby Girls 2021.pdf (896 KB)  [done 515, left 1508]
2026-07-06 18:47:11  base 5320 throttled -> cooldown 1800s (Maths Advanced/Y12-HSC/2001 Marking Guidelines.pdf)
2026-07-06 18:47:47  OK Chemistry/Y11-Yearly/Sydney Grammar 2017 w. sol.pdf (5837 KB)  [done 516, left 1507]
2026-07-06 18:48:16  OK Biology/Y12-Trial/Sydney Grammar 2004.pdf (393 KB)  [done 517, left 1506]
2026-07-06 18:48:52  OK Economics/Y12-Trial/Riverview 2021 w. sol.pdf (483 KB)  [done 518, left 1505]
2026-07-06 18:49:20  base 1820 throttled -> cooldown 1800s (Chemistry/Y12-HSC/2001 HSC.pdf)
2026-07-06 18:49:54  OK Chemistry/Y12-Trial/Hurlstone 2007 w. sol.pdf (3782 KB)  [done 519, left 1504]
2026-07-06 18:50:22  base 1570 throttled -> cooldown 1800s (Business Studies/Y12-HSC/2001 HSC.pdf)
2026-07-06 18:50:56  OK Chemistry/Y11-Yearly/Sydney Grammar 2018 w. sol.pdf (4250 KB)  [done 520, left 1503]
2026-07-06 18:51:27  OK Biology/Y12-Trial/Sydney Grammar 2006 w. sol.pdf (1109 KB)  [done 521, left 1502]
2026-07-06 18:51:58  OK Economics/Y12-Trial/Riverview 2024 w. sol.pdf (1205 KB)  [done 522, left 1501]
2026-07-06 18:52:27  base 2470 throttled -> cooldown 1800s (Economics/Y12-HSC/2001 HSC.pdf)
2026-07-06 18:53:01  OK Chemistry/Y12-Trial/Hurlstone 2008 w. sol.pdf (1372 KB)  [done 523, left 1500]
2026-07-06 18:53:30  base 2720 throttled -> cooldown 1800s (English/Y12-HSC/2001 HSC Paper 1.pdf)
2026-07-06 18:54:03  OK Chemistry/Y11-Yearly/Sydney Grammar 2020 w. sol.pdf (3214 KB)  [done 524, left 1499]
2026-07-06 18:54:38  OK Biology/Y12-Trial/Sydney Grammar 2019.pdf (2372 KB)  [done 525, left 1498]
2026-07-06 18:55:08  OK Economics/Y12-Trial/SCEGGS 2016 w. sol.pdf (288 KB)  [done 526, left 1497]
2026-07-06 18:55:35  base 5318 throttled -> cooldown 1800s (Maths Standard 2/Y12-Trial/Hornsby Girls 2020 w. sol.pdf)
2026-07-06 18:56:10  OK Chemistry/Y12-Trial/Hurlstone 2009 w. sol.pdf (3044 KB)  [done 527, left 1496]
2026-07-06 18:56:39  base 5228 throttled -> cooldown 1800s (Maths Advanced/Y11-Yearly/Blacktown Boys 2023 w. sol.pdf)
2026-07-06 18:57:17  OK Chemistry/Y11-Yearly/Sydney Grammar 2021 w. sol.pdf (7044 KB)  [done 528, left 1495]
2026-07-06 18:57:52  OK Biology/Y12-Trial/Sydney Grammar 2020 w. sol.pdf (5727 KB)  [done 529, left 1494]
2026-07-06 18:58:21  base 4078 throttled -> cooldown 1800s (Investigating Science/Y12-Trial/Fort St 2023 w. sol.pdf)
2026-07-06 18:58:59  OK Chemistry/Y12-Trial/Hurlstone 2010 w. sol.pdf (2833 KB)  [done 530, left 1493]
2026-07-06 18:59:28  OK Economics/Y12-Trial/Scots 2012.pdf (118 KB)  [done 531, left 1492]
2026-07-06 18:59:55  base 1370 throttled -> cooldown 1800s (Biology/Y12-HSC/2001 HSC.pdf)
2026-07-06 19:00:38  OK Chemistry/Y11-Yearly/Sydney Grammar 2022 w. sol.pdf (3116 KB)  [done 532, left 1491]
2026-07-06 19:01:14  OK Biology/Y12-Trial/Sydney Grammar 2021.pdf (2548 KB)  [done 533, left 1490]
2026-07-06 19:01:44  base 2420 throttled -> cooldown 1800s (Earth & Environmental Science/Y12-HSC/2001 HSC.pdf)
2026-07-06 19:02:14  OK Chemistry/Y12-Trial/Hurlstone 2011 w. sol.pdf (258 KB)  [done 534, left 1489]
2026-07-06 19:02:43  base 5020 throttled -> cooldown 1800s (Legal Studies/Y12-HSC/2001 HSC.pdf)
2026-07-06 19:03:16  OK Economics/Y12-Trial/Shore 2001.pdf (1145 KB)  [done 535, left 1488]
2026-07-06 19:03:54  OK Chemistry/Y11-Yearly/Sydney Grammar 2023 w. sol.pdf (4227 KB)  [done 536, left 1487]
2026-07-06 19:04:35  OK Biology/Y12-Trial/Sydney Grammar 2022 w. sol.pdf (7220 KB)  [done 537, left 1486]
2026-07-06 19:05:07  OK Chemistry/Y12-Trial/Hurlstone 2013 w. sol.pdf (1761 KB)  [done 538, left 1485]
2026-07-06 19:05:34  base 5330 throttled -> cooldown 1800s (Maths Extension 1/Y12-HSC/2001 Marking Guidelines.pdf)
2026-07-06 19:06:03  OK Economics/Y12-Trial/Shore 2012 w. sol.pdf (117 KB)  [done 539, left 1484]
2026-07-06 19:06:52  base 6520 throttled -> cooldown 1800s (Physics/Y12-HSC/2013 Marking Guidelines.pdf)
2026-07-06 19:07:23  OK Biology/Y12-Trial/Sydney Tech 2006.pdf (640 KB)  [done 540, left 1483]
2026-07-06 19:07:55  OK Chemistry/Y12-Trial/James Ruse 2001 w. sol.pdf (1483 KB)  [done 541, left 1482]
2026-07-06 19:08:38  OK Economics/Y12-Trial/Shore 2013 w. sol.pdf (644 KB)  [done 542, left 1481]
2026-07-06 19:09:06  base 5340 throttled -> cooldown 1800s (Maths Extension 2/Y12-HSC/2001 Marking Guidelines.pdf)
2026-07-06 19:09:34  base 2428 throttled -> cooldown 1800s (Earth & Environmental Science/Y12-Trial/Cranbrook 2019.pdf)
2026-07-06 19:10:04  OK Biology/Y12-Trial/Sydney Tech 2009.pdf (367 KB)  [done 543, left 1480]
2026-07-06 19:10:35  OK Chemistry/Y12-Trial/James Ruse 2002 w. sol.pdf (144 KB)  [done 544, left 1479]
2026-07-06 19:11:14  OK Economics/Y12-Trial/Shore 2018 w. sol.pdf (521 KB)  [done 545, left 1478]
2026-07-06 19:11:42  base 4630 throttled -> cooldown 1800s (Japanese Extension/Y12-HSC/2001 HSC (Written Exam).pdf)
2026-07-06 19:12:15  base 5310 throttled -> cooldown 1800s (Maths Standard 2/Y12-HSC/2001 Marking Guidelines.pdf)
2026-07-06 19:12:45  OK Biology/Y12-Trial/Sydney Tech 2012.pdf (449 KB)  [done 546, left 1477]
2026-07-06 19:13:14  OK Chemistry/Y12-Trial/James Ruse 2003 w. sol.pdf (314 KB)  [done 547, left 1476]
2026-07-06 19:13:48  base 5520 throttled -> cooldown 1800s (Modern History/Y12-HSC/2001 HSC.pdf)
2026-07-06 19:14:15  base 1170 throttled -> cooldown 1800s (Ancient History/Y12-HSC/2001 HSC.pdf)
2026-07-06 19:14:46  OK Economics/Y12-Trial/Sydney Boys 2020 w. sol.pdf (564 KB)  [done 548, left 1475]
2026-07-06 19:15:21  OK Biology/Y12-Trial/Sydney Tech 2013 w. sol.pdf (625 KB)  [done 549, left 1474]
2026-07-06 19:15:49  base 2670 throttled -> cooldown 1800s (Engineering Studies/Y12-HSC/2001 HSC.pdf)
2026-07-06 19:16:18  OK Chemistry/Y12-Trial/James Ruse 2004 w. sol.pdf (136 KB)  [done 550, left 1473]
2026-07-06 19:16:46  base 4620 throttled -> cooldown 1800s (Japanese Continuers/Y12-HSC/2001 HSC.pdf)
2026-07-06 19:17:20  base 5320 throttled -> cooldown 1800s (Maths Advanced/Y12-HSC/2001 Marking Guidelines.pdf)
2026-07-06 19:17:50  OK Economics/Y12-Trial/Sydney Boys 2021.pdf (411 KB)  [done 551, left 1472]
2026-07-06 19:18:53  OK Chemistry/Y12-Trial/James Ruse 2005 w. sol.pdf (265 KB)  [done 552, left 1471]
2026-07-06 19:19:26  base 1820 throttled -> cooldown 1800s (Chemistry/Y12-HSC/2001 HSC.pdf)
2026-07-06 19:20:25  OK Economics/Y12-Trial/Sydney Boys 2022 w. sol.pdf (857 KB)  [done 553, left 1470]
2026-07-06 19:20:53  base 1570 throttled -> cooldown 1800s (Business Studies/Y12-HSC/2001 HSC.pdf)
2026-07-06 19:21:27  OK Chemistry/Y12-Trial/James Ruse 2006 w. sol.pdf (322 KB)  [done 554, left 1469]
2026-07-06 19:22:30  base 2470 throttled -> cooldown 1800s (Economics/Y12-HSC/2001 HSC.pdf)
2026-07-06 19:23:05  OK Economics/Y12-Trial/Sydney Boys 2025 w. sol.pdf (985 KB)  [done 555, left 1468]
2026-07-06 19:23:33  base 2720 throttled -> cooldown 1800s (English/Y12-HSC/2001 HSC Paper 1.pdf)
2026-07-06 19:24:03  OK Chemistry/Y12-Trial/James Ruse 2007 w. sol.pdf (824 KB)  [done 556, left 1467]
2026-07-06 19:25:41  OK Economics/Y12-Trial/Sydney Grammar 2008.pdf (279 KB)  [done 557, left 1466]
2026-07-06 19:26:09  base 5318 throttled -> cooldown 1800s (Maths Standard 2/Y12-Trial/Hornsby Girls 2020 w. sol.pdf)
2026-07-06 19:26:39  OK Chemistry/Y12-Trial/James Ruse 2008 w. sol.pdf (360 KB)  [done 558, left 1465]
2026-07-06 19:27:07  base 5228 throttled -> cooldown 1800s (Maths Advanced/Y11-Yearly/Blacktown Boys 2023 w. sol.pdf)
2026-07-06 19:28:16  OK Economics/Y12-Trial/Sydney Grammar 2016.pdf (235 KB)  [done 559, left 1464]
2026-07-06 19:28:44  base 4078 throttled -> cooldown 1800s (Investigating Science/Y12-Trial/Fort St 2023 w. sol.pdf)
2026-07-06 19:29:14  OK Chemistry/Y12-Trial/James Ruse 2009 w. sol.pdf (375 KB)  [done 560, left 1463]
2026-07-06 19:29:59  base 1370 throttled -> cooldown 1800s (Biology/Y12-HSC/2001 HSC.pdf)
2026-07-06 19:30:56  OK Economics/Y12-Trial/Sydney Grammar 2017 w. sol.pdf (2600 KB)  [done 561, left 1462]
2026-07-06 19:31:49  OK Chemistry/Y12-Trial/James Ruse 2010 w. sol.pdf (249 KB)  [done 562, left 1461]
2026-07-06 19:32:17  base 2420 throttled -> cooldown 1800s (Earth & Environmental Science/Y12-HSC/2001 HSC.pdf)
2026-07-06 19:32:50  base 5020 throttled -> cooldown 1800s (Legal Studies/Y12-HSC/2001 HSC.pdf)
2026-07-06 19:33:33  OK Economics/Y12-Trial/Sydney Grammar 2019 w. sol.pdf (1922 KB)  [done 563, left 1460]
2026-07-06 19:34:25  OK Chemistry/Y12-Trial/James Ruse 2011 w. sol.pdf (1093 KB)  [done 564, left 1459]
2026-07-06 19:35:37  base 5330 throttled -> cooldown 1800s (Maths Extension 1/Y12-HSC/2001 Marking Guidelines.pdf)
2026-07-06 19:36:16  OK Economics/Y12-Trial/Sydney Grammar 2020 w. sol.pdf (4235 KB)  [done 565, left 1458]
2026-07-06 19:36:55  base 6520 throttled -> cooldown 1800s (Physics/Y12-HSC/2013 Marking Guidelines.pdf)
2026-07-06 19:37:26  OK Chemistry/Y12-Trial/James Ruse 2012 w. sol.pdf (918 KB)  [done 566, left 1457]
2026-07-06 19:38:54  OK Economics/Y12-Trial/Sydney Grammar 2021 w. sol.pdf (2441 KB)  [done 567, left 1456]
2026-07-06 19:39:22  base 5340 throttled -> cooldown 1800s (Maths Extension 2/Y12-HSC/2001 Marking Guidelines.pdf)
2026-07-06 19:39:50  base 2428 throttled -> cooldown 1800s (Earth & Environmental Science/Y12-Trial/Cranbrook 2019.pdf)
2026-07-06 19:40:22  OK Chemistry/Y12-Trial/James Ruse 2013 w. sol.pdf (652 KB)  [done 568, left 1455]
2026-07-06 19:41:29  OK Economics/Y12-Trial/Sydney Grammar 2025.pdf (310 KB)  [done 569, left 1454]
2026-07-06 19:41:57  base 4630 throttled -> cooldown 1800s (Japanese Extension/Y12-HSC/2001 HSC (Written Exam).pdf)
2026-07-06 19:42:25  base 5310 throttled -> cooldown 1800s (Maths Standard 2/Y12-HSC/2001 Marking Guidelines.pdf)
2026-07-06 19:43:00  OK Chemistry/Y12-Trial/James Ruse 2014 w. sol.pdf (604 KB)  [done 570, left 1453]
2026-07-06 19:43:50  base 5520 throttled -> cooldown 1800s (Modern History/Y12-HSC/2001 HSC.pdf)
2026-07-06 19:44:18  base 1170 throttled -> cooldown 1800s (Ancient History/Y12-HSC/2001 HSC.pdf)
2026-07-06 19:44:48  OK Economics/Y12-Trial/Sydney Tech 2011 w. sol.pdf (469 KB)  [done 571, left 1452]
2026-07-06 19:45:35  OK Chemistry/Y12-Trial/James Ruse 2015 w. sol.pdf (1234 KB)  [done 572, left 1451]
2026-07-06 19:46:03  base 2670 throttled -> cooldown 1800s (Engineering Studies/Y12-HSC/2001 HSC.pdf)
2026-07-06 19:46:49  base 4620 throttled -> cooldown 1800s (Japanese Continuers/Y12-HSC/2001 HSC.pdf)
2026-07-06 19:47:24  OK Economics/Y12-Trial/Sydney Tech 2013 w. sol.pdf (689 KB)  [done 573, left 1450]
2026-07-06 19:47:53  base 5320 throttled -> cooldown 1800s (Maths Advanced/Y12-HSC/2001 Marking Guidelines.pdf)
2026-07-06 19:48:25  OK Chemistry/Y12-Trial/James Ruse 2016 w. sol.pdf (1106 KB)  [done 574, left 1449]
2026-07-06 19:49:29  base 1820 throttled -> cooldown 1800s (Chemistry/Y12-HSC/2001 HSC.pdf)
2026-07-06 19:50:00  OK Economics/Y12-Trial/Sydney Tech 2014 w. sol.pdf (910 KB)  [done 575, left 1448]
2026-07-06 19:50:56  base 1570 throttled -> cooldown 1800s (Business Studies/Y12-HSC/2001 HSC.pdf)
2026-07-06 19:51:30  OK Chemistry/Y12-Trial/James Ruse 2019 w. sol.pdf (1835 KB)  [done 576, left 1447]
2026-07-06 19:52:33  base 2470 throttled -> cooldown 1800s (Economics/Y12-HSC/2001 HSC.pdf)
2026-07-06 19:53:37  base 2720 throttled -> cooldown 1800s (English/Y12-HSC/2001 HSC Paper 1.pdf)
2026-07-06 19:54:11  OK Chemistry/Y12-Trial/James Ruse 2020 w. sol.pdf (2624 KB)  [done 577, left 1446]
2026-07-06 19:56:12  base 5318 throttled -> cooldown 1800s (Maths Standard 2/Y12-Trial/Hornsby Girls 2020 w. sol.pdf)
2026-07-06 19:56:47  FAIL Chemistry/Y12-Trial/James Ruse 2021 w. sol.pdf: no-jsonp
2026-07-06 19:57:15  base 5228 throttled -> cooldown 1800s (Maths Advanced/Y11-Yearly/Blacktown Boys 2023 w. sol.pdf)
2026-07-06 19:58:47  base 4078 throttled -> cooldown 1800s (Investigating Science/Y12-Trial/Fort St 2023 w. sol.pdf)
2026-07-06 19:59:30  OK Chemistry/Y12-Trial/James Ruse 2022 w. sol.pdf (3404 KB)  [done 578, left 1444]
2026-07-06 20:00:02  base 1370 throttled -> cooldown 1800s (Biology/Y12-HSC/2001 HSC.pdf)
2026-07-06 20:02:09  OK Chemistry/Y12-Trial/James Ruse 2023 w. sol.pdf (1775 KB)  [done 579, left 1443]
2026-07-06 20:02:37  base 2420 throttled -> cooldown 1800s (Earth & Environmental Science/Y12-HSC/2001 HSC.pdf)
2026-07-06 20:03:05  base 5020 throttled -> cooldown 1800s (Legal Studies/Y12-HSC/2001 HSC.pdf)
2026-07-06 20:04:56  OK Chemistry/Y12-Trial/James Ruse 2024 w. sol.pdf (6367 KB)  [done 580, left 1442]
2026-07-06 20:05:40  base 5330 throttled -> cooldown 1800s (Maths Extension 1/Y12-HSC/2001 Marking Guidelines.pdf)
2026-07-06 20:06:59  base 6520 throttled -> cooldown 1800s (Physics/Y12-HSC/2013 Marking Guidelines.pdf)
2026-07-06 20:07:41  OK Chemistry/Y12-Trial/James Ruse 2025 w. sol.pdf (7001 KB)  [done 581, left 1441]
2026-07-06 20:09:24  base 5340 throttled -> cooldown 1800s (Maths Extension 2/Y12-HSC/2001 Marking Guidelines.pdf)
2026-07-06 20:09:59  base 2428 throttled -> cooldown 1800s (Earth & Environmental Science/Y12-Trial/Cranbrook 2019.pdf)
2026-07-06 20:10:31  OK Chemistry/Y12-Trial/Killara 2016 w. sol.pdf (730 KB)  [done 582, left 1440]
2026-07-06 20:12:01  base 4630 throttled -> cooldown 1800s (Japanese Extension/Y12-HSC/2001 HSC (Written Exam).pdf)
2026-07-06 20:12:29  base 5310 throttled -> cooldown 1800s (Maths Standard 2/Y12-HSC/2001 Marking Guidelines.pdf)
2026-07-06 20:13:06  OK Chemistry/Y12-Trial/Kincoppal 2008 w. sol.pdf (1083 KB)  [done 583, left 1439]
2026-07-06 20:13:54  base 5520 throttled -> cooldown 1800s (Modern History/Y12-HSC/2001 HSC.pdf)
2026-07-06 20:14:21  base 1170 throttled -> cooldown 1800s (Ancient History/Y12-HSC/2001 HSC.pdf)
2026-07-06 20:15:40  OK Chemistry/Y12-Trial/Kings 2013.pdf (483 KB)  [done 584, left 1438]
2026-07-06 20:16:08  base 2670 throttled -> cooldown 1800s (Engineering Studies/Y12-HSC/2001 HSC.pdf)
2026-07-06 20:16:52  base 4620 throttled -> cooldown 1800s (Japanese Continuers/Y12-HSC/2001 HSC.pdf)
2026-07-06 20:17:55  base 5320 throttled -> cooldown 1800s (Maths Advanced/Y12-HSC/2001 Marking Guidelines.pdf)
2026-07-06 20:18:25  OK Chemistry/Y12-Trial/Kings 2014.pdf (421 KB)  [done 585, left 1437]
2026-07-06 20:19:33  base 1820 throttled -> cooldown 1800s (Chemistry/Y12-HSC/2001 HSC.pdf)
2026-07-06 20:21:01  OK Chemistry/Y12-Trial/Kings 2016.pdf (934 KB)  [done 586, left 1436]
2026-07-06 20:21:29  base 1570 throttled -> cooldown 1800s (Business Studies/Y12-HSC/2001 HSC.pdf)
2026-07-06 20:22:36  base 2470 throttled -> cooldown 1800s (Economics/Y12-HSC/2001 HSC.pdf)
2026-07-06 20:23:37  OK Chemistry/Y12-Trial/Knox 2006.pdf (633 KB)  [done 587, left 1435]
2026-07-06 20:24:05  base 2720 throttled -> cooldown 1800s (English/Y12-HSC/2001 HSC Paper 1.pdf)
2026-07-06 20:26:11  OK Chemistry/Y12-Trial/Knox 2007.pdf (432 KB)  [done 588, left 1434]
2026-07-06 20:26:40  base 5318 throttled -> cooldown 1800s (Maths Standard 2/Y12-Trial/Hornsby Girls 2020 w. sol.pdf)
2026-07-06 20:27:18  base 5228 throttled -> cooldown 1800s (Maths Advanced/Y11-Yearly/Blacktown Boys 2023 w. sol.pdf)
2026-07-06 20:28:47  OK Chemistry/Y12-Trial/Knox 2019 w. sol.pdf (781 KB)  [done 589, left 1433]
2026-07-06 20:29:16  base 4078 throttled -> cooldown 1800s (Investigating Science/Y12-Trial/Fort St 2023 w. sol.pdf)
2026-07-06 20:30:05  base 1370 throttled -> cooldown 1800s (Biology/Y12-HSC/2001 HSC.pdf)
2026-07-06 20:31:26  OK Chemistry/Y12-Trial/Knox 2020 w. sol.pdf (2606 KB)  [done 590, left 1432]
2026-07-06 20:32:40  base 2420 throttled -> cooldown 1800s (Earth & Environmental Science/Y12-HSC/2001 HSC.pdf)
2026-07-06 20:33:14  base 5020 throttled -> cooldown 1800s (Legal Studies/Y12-HSC/2001 HSC.pdf)
2026-07-06 20:34:03  OK Chemistry/Y12-Trial/Loreto Normanhurst 2019 w. sol.pdf (1146 KB)  [done 591, left 1431]
2026-07-06 20:35:43  base 5330 throttled -> cooldown 1800s (Maths Extension 1/Y12-HSC/2001 Marking Guidelines.pdf)
2026-07-06 20:36:44  OK Chemistry/Y12-Trial/Manly 2023 w. sol.pdf (4064 KB)  [done 592, left 1430]
2026-07-06 20:37:12  base 6520 throttled -> cooldown 1800s (Physics/Y12-HSC/2013 Marking Guidelines.pdf)
2026-07-06 20:39:41  OK Chemistry/Y12-Trial/Merewether 2019 w. sol.pdf (12712 KB)  [done 593, left 1429]
2026-07-06 20:40:09  base 2428 throttled -> cooldown 1800s (Earth & Environmental Science/Y12-Trial/Cranbrook 2019.pdf)
2026-07-06 20:40:37  base 5340 throttled -> cooldown 1800s (Maths Extension 2/Y12-HSC/2001 Marking Guidelines.pdf)
2026-07-06 20:42:04  base 4630 throttled -> cooldown 1800s (Japanese Extension/Y12-HSC/2001 HSC (Written Exam).pdf)
2026-07-06 20:42:43  OK Chemistry/Y12-Trial/Merewether 2020 w. sol.pdf (5147 KB)  [done 594, left 1428]
2026-07-06 20:43:11  base 5310 throttled -> cooldown 1800s (Maths Standard 2/Y12-HSC/2001 Marking Guidelines.pdf)
2026-07-06 20:43:56  base 5520 throttled -> cooldown 1800s (Modern History/Y12-HSC/2001 HSC.pdf)
2026-07-06 20:44:24  base 1170 throttled -> cooldown 1800s (Ancient History/Y12-HSC/2001 HSC.pdf)
2026-07-06 20:45:17  OK Chemistry/Y12-Trial/Newington 2001.pdf (60 KB)  [done 595, left 1427]
2026-07-06 20:46:10  base 2670 throttled -> cooldown 1800s (Engineering Studies/Y12-HSC/2001 HSC.pdf)
2026-07-06 20:46:55  base 4620 throttled -> cooldown 1800s (Japanese Continuers/Y12-HSC/2001 HSC.pdf)
2026-07-06 20:47:52  OK Chemistry/Y12-Trial/Newington 2012 w. sol.pdf (799 KB)  [done 596, left 1426]
2026-07-06 20:48:21  base 5320 throttled -> cooldown 1800s (Maths Advanced/Y12-HSC/2001 Marking Guidelines.pdf)
2026-07-06 20:49:36  base 1820 throttled -> cooldown 1800s (Chemistry/Y12-HSC/2001 HSC.pdf)
2026-07-06 20:50:26  OK Chemistry/Y12-Trial/Newington 2014 w. sol.pdf (471 KB)  [done 597, left 1425]
2026-07-06 20:51:33  base 1570 throttled -> cooldown 1800s (Business Studies/Y12-HSC/2001 HSC.pdf)
2026-07-06 20:52:39  base 2470 throttled -> cooldown 1800s (Economics/Y12-HSC/2001 HSC.pdf)
2026-07-06 20:53:09  OK Chemistry/Y12-Trial/Newington 2015 w. sol.pdf (510 KB)  [done 598, left 1424]
2026-07-06 20:54:10  base 2720 throttled -> cooldown 1800s (English/Y12-HSC/2001 HSC Paper 1.pdf)
2026-07-06 20:55:50  OK Chemistry/Y12-Trial/Normanhurst Boys 2019 w. sol.pdf (2421 KB)  [done 599, left 1423]
2026-07-06 20:56:44  base 5318 throttled -> cooldown 1800s (Maths Standard 2/Y12-Trial/Hornsby Girls 2020 w. sol.pdf)
2026-07-06 20:57:21  base 5228 throttled -> cooldown 1800s (Maths Advanced/Y11-Yearly/Blacktown Boys 2023 w. sol.pdf)
2026-07-06 20:58:41  OK Chemistry/Y12-Trial/Normanhurst Boys 2021 w. sol.pdf (7606 KB)  [done 600, left 1422]
2026-07-06 20:59:19  base 4078 throttled -> cooldown 1800s (Investigating Science/Y12-Trial/Fort St 2023 w. sol.pdf)
2026-07-06 21:00:08  base 1370 throttled -> cooldown 1800s (Biology/Y12-HSC/2001 HSC.pdf)
2026-07-06 21:01:37  OK Chemistry/Y12-Trial/Normanhurst Boys 2022 w. sol.pdf (22286 KB)  [done 601, left 1421]
2026-07-06 21:02:43  base 2420 throttled -> cooldown 1800s (Earth & Environmental Science/Y12-HSC/2001 HSC.pdf)
2026-07-06 21:03:17  base 5020 throttled -> cooldown 1800s (Legal Studies/Y12-HSC/2001 HSC.pdf)
2026-07-06 21:04:29  OK Chemistry/Y12-Trial/Normanhurst Boys 2023 w. sol.pdf (18924 KB)  [done 602, left 1420]
2026-07-06 21:05:46  base 5330 throttled -> cooldown 1800s (Maths Extension 1/Y12-HSC/2001 Marking Guidelines.pdf)
2026-07-06 21:07:05  OK Chemistry/Y12-Trial/North Sydney Boys 2016.pdf (427 KB)  [done 603, left 1419]
2026-07-06 21:07:33  base 6520 throttled -> cooldown 1800s (Physics/Y12-HSC/2013 Marking Guidelines.pdf)
2026-07-06 21:09:44  OK Chemistry/Y12-Trial/North Sydney Boys 2019 w. sol.pdf (3400 KB)  [done 604, left 1418]
2026-07-06 21:10:17  base 2428 throttled -> cooldown 1800s (Earth & Environmental Science/Y12-Trial/Cranbrook 2019.pdf)
2026-07-06 21:10:45  base 5340 throttled -> cooldown 1800s (Maths Extension 2/Y12-HSC/2001 Marking Guidelines.pdf)
2026-07-06 21:12:07  base 4630 throttled -> cooldown 1800s (Japanese Extension/Y12-HSC/2001 HSC (Written Exam).pdf)
2026-07-06 21:12:39  OK Chemistry/Y12-Trial/North Sydney Boys 2022.pdf (1731 KB)  [done 605, left 1417]
2026-07-06 21:13:14  base 5310 throttled -> cooldown 1800s (Maths Standard 2/Y12-HSC/2001 Marking Guidelines.pdf)
2026-07-06 21:13:59  base 5520 throttled -> cooldown 1800s (Modern History/Y12-HSC/2001 HSC.pdf)
2026-07-06 21:14:32  base 1170 throttled -> cooldown 1800s (Ancient History/Y12-HSC/2001 HSC.pdf)
2026-07-06 21:15:15  OK Chemistry/Y12-Trial/North Sydney Girls 2019 w. sol.pdf (809 KB)  [done 606, left 1416]
2026-07-06 21:16:13  base 2670 throttled -> cooldown 1800s (Engineering Studies/Y12-HSC/2001 HSC.pdf)
2026-07-06 21:16:58  base 4620 throttled -> cooldown 1800s (Japanese Continuers/Y12-HSC/2001 HSC.pdf)
2026-07-06 21:17:55  OK Chemistry/Y12-Trial/North Sydney Girls 2020 w. sol.pdf (3059 KB)  [done 607, left 1415]
2026-07-06 21:18:28  base 5320 throttled -> cooldown 1800s (Maths Advanced/Y12-HSC/2001 Marking Guidelines.pdf)
2026-07-06 21:19:39  base 1820 throttled -> cooldown 1800s (Chemistry/Y12-HSC/2001 HSC.pdf)
2026-07-06 21:20:37  OK Chemistry/Y12-Trial/North Sydney Girls 2021.pdf (4732 KB)  [done 608, left 1414]
2026-07-06 21:21:36  base 1570 throttled -> cooldown 1800s (Business Studies/Y12-HSC/2001 HSC.pdf)
2026-07-06 21:22:42  base 2470 throttled -> cooldown 1800s (Economics/Y12-HSC/2001 HSC.pdf)
2026-07-06 21:23:15  OK Chemistry/Y12-Trial/North Sydney Girls 2022 w. sol.pdf (1631 KB)  [done 609, left 1413]
2026-07-06 21:24:13  base 2720 throttled -> cooldown 1800s (English/Y12-HSC/2001 HSC Paper 1.pdf)
2026-07-06 21:25:50  OK Chemistry/Y12-Trial/North Sydney Girls 2023.pdf (468 KB)  [done 610, left 1412]
2026-07-06 21:26:46  base 5318 throttled -> cooldown 1800s (Maths Standard 2/Y12-Trial/Hornsby Girls 2020 w. sol.pdf)
2026-07-06 21:27:25  base 5228 throttled -> cooldown 1800s (Maths Advanced/Y11-Yearly/Blacktown Boys 2023 w. sol.pdf)
2026-07-06 21:28:27  OK Chemistry/Y12-Trial/North Sydney Girls 2024 w. sol.pdf (2403 KB)  [done 611, left 1411]
2026-07-06 21:29:22  base 4078 throttled -> cooldown 1800s (Investigating Science/Y12-Trial/Fort St 2023 w. sol.pdf)
2026-07-06 21:30:10  base 1370 throttled -> cooldown 1800s (Biology/Y12-HSC/2001 HSC.pdf)
2026-07-06 21:31:17  OK Chemistry/Y12-Trial/Penrith 2019 w. sol.pdf (5008 KB)  [done 612, left 1410]
2026-07-06 21:32:46  base 2420 throttled -> cooldown 1800s (Earth & Environmental Science/Y12-HSC/2001 HSC.pdf)
2026-07-06 21:33:20  base 5020 throttled -> cooldown 1800s (Legal Studies/Y12-HSC/2001 HSC.pdf)
2026-07-06 21:33:59  OK Chemistry/Y12-Trial/Penrith 2020 w. sol.pdf (1542 KB)  [done 613, left 1409]
2026-07-06 21:35:49  base 5330 throttled -> cooldown 1800s (Maths Extension 1/Y12-HSC/2001 Marking Guidelines.pdf)
2026-07-06 21:36:37  OK Chemistry/Y12-Trial/Penrith 2021.pdf (1915 KB)  [done 614, left 1408]
2026-07-06 21:37:37  base 6520 throttled -> cooldown 1800s (Physics/Y12-HSC/2013 Marking Guidelines.pdf)
2026-07-06 21:39:13  OK Chemistry/Y12-Trial/Penrith 2022 w. sol.pdf (935 KB)  [done 615, left 1407]
2026-07-06 21:40:20  base 2428 throttled -> cooldown 1800s (Earth & Environmental Science/Y12-Trial/Cranbrook 2019.pdf)
2026-07-06 21:40:53  base 5340 throttled -> cooldown 1800s (Maths Extension 2/Y12-HSC/2001 Marking Guidelines.pdf)
2026-07-06 21:41:50  OK Chemistry/Y12-Trial/Penrith 2023 w. sol.pdf (1305 KB)  [done 616, left 1406]
2026-07-06 21:42:18  base 4630 throttled -> cooldown 1800s (Japanese Extension/Y12-HSC/2001 HSC (Written Exam).pdf)
2026-07-06 21:43:17  base 5310 throttled -> cooldown 1800s (Maths Standard 2/Y12-HSC/2001 Marking Guidelines.pdf)
2026-07-06 21:44:02  base 5520 throttled -> cooldown 1800s (Modern History/Y12-HSC/2001 HSC.pdf)
2026-07-06 21:44:33  OK Chemistry/Y12-Trial/Penrith 2024.pdf (977 KB)  [done 617, left 1405]
2026-07-06 21:45:00  base 1170 throttled -> cooldown 1800s (Ancient History/Y12-HSC/2001 HSC.pdf)
2026-07-06 21:46:17  base 2670 throttled -> cooldown 1800s (Engineering Studies/Y12-HSC/2001 HSC.pdf)
2026-07-06 21:47:00  base 4620 throttled -> cooldown 1800s (Japanese Continuers/Y12-HSC/2001 HSC.pdf)
2026-07-06 21:47:30  OK Chemistry/Y12-Trial/Pymble 2002.pdf (369 KB)  [done 618, left 1404]
2026-07-06 21:48:32  base 5320 throttled -> cooldown 1800s (Maths Advanced/Y12-HSC/2001 Marking Guidelines.pdf)
2026-07-06 21:49:42  base 1820 throttled -> cooldown 1800s (Chemistry/Y12-HSC/2001 HSC.pdf)
2026-07-06 21:50:12  OK Chemistry/Y12-Trial/Pymble 2003.pdf (845 KB)  [done 619, left 1403]
2026-07-06 21:51:39  base 1570 throttled -> cooldown 1800s (Business Studies/Y12-HSC/2001 HSC.pdf)
2026-07-06 21:52:48  OK Chemistry/Y12-Trial/Pymble 2007.pdf (1201 KB)  [done 620, left 1402]
2026-07-06 21:53:16  base 2470 throttled -> cooldown 1800s (Economics/Y12-HSC/2001 HSC.pdf)
2026-07-06 21:54:16  base 2720 throttled -> cooldown 1800s (English/Y12-HSC/2001 HSC Paper 1.pdf)
2026-07-06 21:55:25  OK Chemistry/Y12-Trial/Pymble 2019 w. sol.pdf (1377 KB)  [done 621, left 1401]
2026-07-06 21:56:49  base 5318 throttled -> cooldown 1800s (Maths Standard 2/Y12-Trial/Hornsby Girls 2020 w. sol.pdf)
2026-07-06 21:57:27  base 5228 throttled -> cooldown 1800s (Maths Advanced/Y11-Yearly/Blacktown Boys 2023 w. sol.pdf)
2026-07-06 21:58:04  OK Chemistry/Y12-Trial/Pymble 2022 w. sol.pdf (1377 KB)  [done 622, left 1400]
2026-07-06 21:59:25  base 4078 throttled -> cooldown 1800s (Investigating Science/Y12-Trial/Fort St 2023 w. sol.pdf)
2026-07-06 22:00:14  base 1370 throttled -> cooldown 1800s (Biology/Y12-HSC/2001 HSC.pdf)
2026-07-06 22:00:48  OK Chemistry/Y12-Trial/Pymble 2023 w. sol.pdf (1849 KB)  [done 623, left 1399]
2026-07-06 22:02:49  base 2420 throttled -> cooldown 1800s (Earth & Environmental Science/Y12-HSC/2001 HSC.pdf)
2026-07-06 22:03:25  OK Chemistry/Y12-Trial/Pymble 2024.pdf (1011 KB)  [done 624, left 1398]
2026-07-06 22:03:53  base 5020 throttled -> cooldown 1800s (Legal Studies/Y12-HSC/2001 HSC.pdf)
2026-07-06 22:05:52  base 5330 throttled -> cooldown 1800s (Maths Extension 1/Y12-HSC/2001 Marking Guidelines.pdf)
2026-07-06 22:06:22  OK Chemistry/Y12-Trial/Riverview 2022.pdf (409 KB)  [done 625, left 1397]
2026-07-06 22:07:40  base 6520 throttled -> cooldown 1800s (Physics/Y12-HSC/2013 Marking Guidelines.pdf)
2026-07-06 22:08:59  OK Chemistry/Y12-Trial/Scots 2004 w. sol.pdf (2610 KB)  [done 626, left 1396]
2026-07-06 22:10:23  base 2428 throttled -> cooldown 1800s (Earth & Environmental Science/Y12-Trial/Cranbrook 2019.pdf)
2026-07-06 22:10:56  base 5340 throttled -> cooldown 1800s (Maths Extension 2/Y12-HSC/2001 Marking Guidelines.pdf)
2026-07-06 22:11:45  OK Chemistry/Y12-Trial/Shore 2019 w. sol.pdf (6571 KB)  [done 627, left 1395]
2026-07-06 22:12:21  base 4630 throttled -> cooldown 1800s (Japanese Extension/Y12-HSC/2001 HSC (Written Exam).pdf)
2026-07-06 22:13:20  base 5310 throttled -> cooldown 1800s (Maths Standard 2/Y12-HSC/2001 Marking Guidelines.pdf)
2026-07-06 22:14:05  base 5520 throttled -> cooldown 1800s (Modern History/Y12-HSC/2001 HSC.pdf)
2026-07-06 22:14:37  OK Chemistry/Y12-Trial/Shore 2020 w. sol.pdf (1294 KB)  [done 628, left 1394]
2026-07-06 22:15:05  base 1170 throttled -> cooldown 1800s (Ancient History/Y12-HSC/2001 HSC.pdf)
2026-07-06 22:16:20  base 2670 throttled -> cooldown 1800s (Engineering Studies/Y12-HSC/2001 HSC.pdf)
2026-07-06 22:17:03  base 4620 throttled -> cooldown 1800s (Japanese Continuers/Y12-HSC/2001 HSC.pdf)
2026-07-06 22:17:35  OK Chemistry/Y12-Trial/Shore 2021 w. sol.pdf (1119 KB)  [done 629, left 1393]
2026-07-06 22:18:34  base 5320 throttled -> cooldown 1800s (Maths Advanced/Y12-HSC/2001 Marking Guidelines.pdf)
2026-07-06 22:19:44  base 1820 throttled -> cooldown 1800s (Chemistry/Y12-HSC/2001 HSC.pdf)
2026-07-06 22:20:15  OK Chemistry/Y12-Trial/Shore 2022.pdf (553 KB)  [done 630, left 1392]
2026-07-06 22:21:42  base 1570 throttled -> cooldown 1800s (Business Studies/Y12-HSC/2001 HSC.pdf)
2026-07-06 22:22:51  OK Chemistry/Y12-Trial/Smiths Hill 2022 w. sol.pdf (1395 KB)  [done 631, left 1391]
2026-07-06 22:23:19  base 2470 throttled -> cooldown 1800s (Economics/Y12-HSC/2001 HSC.pdf)
2026-07-06 22:24:19  base 2720 throttled -> cooldown 1800s (English/Y12-HSC/2001 HSC Paper 1.pdf)
2026-07-06 22:25:27  OK Chemistry/Y12-Trial/St George Girls 2019.pdf (803 KB)  [done 632, left 1390]
2026-07-06 22:26:52  base 5318 throttled -> cooldown 1800s (Maths Standard 2/Y12-Trial/Hornsby Girls 2020 w. sol.pdf)
2026-07-06 22:27:30  base 5228 throttled -> cooldown 1800s (Maths Advanced/Y11-Yearly/Blacktown Boys 2023 w. sol.pdf)
2026-07-06 22:28:04  OK Chemistry/Y12-Trial/Strathfield Girls 2005 w. sol.pdf (180 KB)  [done 633, left 1389]
2026-07-06 22:29:28  base 4078 throttled -> cooldown 1800s (Investigating Science/Y12-Trial/Fort St 2023 w. sol.pdf)
2026-07-06 22:30:17  base 1370 throttled -> cooldown 1800s (Biology/Y12-HSC/2001 HSC.pdf)
2026-07-06 22:30:47  OK Chemistry/Y12-Trial/Strathfield Girls 2007 w. sol.pdf (317 KB)  [done 634, left 1388]
2026-07-06 22:32:51  base 2420 throttled -> cooldown 1800s (Earth & Environmental Science/Y12-HSC/2001 HSC.pdf)
2026-07-06 22:33:27  OK Chemistry/Y12-Trial/Strathfield Girls 2008 w. sol.pdf (567 KB)  [done 635, left 1387]
2026-07-06 22:34:00  base 5020 throttled -> cooldown 1800s (Legal Studies/Y12-HSC/2001 HSC.pdf)
2026-07-06 22:35:55  base 5330 throttled -> cooldown 1800s (Maths Extension 1/Y12-HSC/2001 Marking Guidelines.pdf)
2026-07-06 22:36:25  OK Chemistry/Y12-Trial/Strathfield Girls 2009 w. sol.pdf (439 KB)  [done 636, left 1386]
2026-07-06 22:37:43  base 6520 throttled -> cooldown 1800s (Physics/Y12-HSC/2013 Marking Guidelines.pdf)
2026-07-06 22:39:01  OK Chemistry/Y12-Trial/Strathfield Girls 2020 w. sol.pdf (2089 KB)  [done 637, left 1385]
2026-07-06 22:40:26  base 2428 throttled -> cooldown 1800s (Earth & Environmental Science/Y12-Trial/Cranbrook 2019.pdf)
2026-07-06 22:40:59  base 5340 throttled -> cooldown 1800s (Maths Extension 2/Y12-HSC/2001 Marking Guidelines.pdf)
2026-07-06 22:41:38  OK Chemistry/Y12-Trial/Strathfield Girls 2022 w. sol.pdf (2789 KB)  [done 638, left 1384]
2026-07-06 22:42:23  base 4630 throttled -> cooldown 1800s (Japanese Extension/Y12-HSC/2001 HSC (Written Exam).pdf)
2026-07-06 22:43:23  base 5310 throttled -> cooldown 1800s (Maths Standard 2/Y12-HSC/2001 Marking Guidelines.pdf)
2026-07-06 22:44:08  base 5520 throttled -> cooldown 1800s (Modern History/Y12-HSC/2001 HSC.pdf)
2026-07-06 22:44:39  OK Chemistry/Y12-Trial/Sydney Boys 2001.pdf (879 KB)  [done 639, left 1383]
2026-07-06 22:45:11  base 1170 throttled -> cooldown 1800s (Ancient History/Y12-HSC/2001 HSC.pdf)
2026-07-06 22:46:24  base 2670 throttled -> cooldown 1800s (Engineering Studies/Y12-HSC/2001 HSC.pdf)
2026-07-06 22:47:06  base 4620 throttled -> cooldown 1800s (Japanese Continuers/Y12-HSC/2001 HSC.pdf)
2026-07-06 22:47:37  OK Chemistry/Y12-Trial/Sydney Boys 2008 w. sol.pdf (1304 KB)  [done 640, left 1382]
2026-07-06 22:48:37  base 5320 throttled -> cooldown 1800s (Maths Advanced/Y12-HSC/2001 Marking Guidelines.pdf)
2026-07-06 22:49:47  base 1820 throttled -> cooldown 1800s (Chemistry/Y12-HSC/2001 HSC.pdf)
2026-07-06 22:50:19  OK Chemistry/Y12-Trial/Sydney Boys 2019 w. sol.pdf (2403 KB)  [done 641, left 1381]
2026-07-06 22:51:45  base 1570 throttled -> cooldown 1800s (Business Studies/Y12-HSC/2001 HSC.pdf)
2026-07-06 22:52:56  OK Chemistry/Y12-Trial/Sydney Boys 2020 w. sol.pdf (1333 KB)  [done 642, left 1380]
2026-07-06 22:53:23  base 2470 throttled -> cooldown 1800s (Economics/Y12-HSC/2001 HSC.pdf)
2026-07-06 22:54:22  base 2720 throttled -> cooldown 1800s (English/Y12-HSC/2001 HSC Paper 1.pdf)
2026-07-06 22:55:33  OK Chemistry/Y12-Trial/Sydney Boys 2022 w. sol.pdf (3033 KB)  [done 643, left 1379]
2026-07-06 22:56:55  base 5318 throttled -> cooldown 1800s (Maths Standard 2/Y12-Trial/Hornsby Girls 2020 w. sol.pdf)
2026-07-06 22:57:33  base 5228 throttled -> cooldown 1800s (Maths Advanced/Y11-Yearly/Blacktown Boys 2023 w. sol.pdf)
2026-07-06 22:58:10  OK Chemistry/Y12-Trial/Sydney Boys 2023 w. sol.pdf (1616 KB)  [done 644, left 1378]
2026-07-06 22:59:31  base 4078 throttled -> cooldown 1800s (Investigating Science/Y12-Trial/Fort St 2023 w. sol.pdf)
2026-07-06 23:00:20  base 1370 throttled -> cooldown 1800s (Biology/Y12-HSC/2001 HSC.pdf)
2026-07-06 23:00:49  OK Chemistry/Y12-Trial/Sydney Girls 2001.pdf (71 KB)  [done 645, left 1377]
2026-07-06 23:02:55  base 2420 throttled -> cooldown 1800s (Earth & Environmental Science/Y12-HSC/2001 HSC.pdf)
2026-07-06 23:03:27  OK Chemistry/Y12-Trial/Sydney Girls 2002.pdf (73 KB)  [done 646, left 1376]
2026-07-06 23:04:03  base 5020 throttled -> cooldown 1800s (Legal Studies/Y12-HSC/2001 HSC.pdf)
2026-07-06 23:05:58  base 5330 throttled -> cooldown 1800s (Maths Extension 1/Y12-HSC/2001 Marking Guidelines.pdf)
2026-07-06 23:06:27  OK Chemistry/Y12-Trial/Sydney Girls 2006 w. sol.pdf (221 KB)  [done 647, left 1375]
2026-07-06 23:07:45  base 6520 throttled -> cooldown 1800s (Physics/Y12-HSC/2013 Marking Guidelines.pdf)
2026-07-06 23:09:06  OK Chemistry/Y12-Trial/Sydney Girls 2019.pdf (3331 KB)  [done 648, left 1374]
2026-07-06 23:10:28  base 2428 throttled -> cooldown 1800s (Earth & Environmental Science/Y12-Trial/Cranbrook 2019.pdf)
2026-07-06 23:11:02  base 5340 throttled -> cooldown 1800s (Maths Extension 2/Y12-HSC/2001 Marking Guidelines.pdf)
2026-07-06 23:11:42  OK Chemistry/Y12-Trial/Sydney Girls 2020.pdf (1252 KB)  [done 649, left 1373]
2026-07-06 23:12:27  base 4630 throttled -> cooldown 1800s (Japanese Extension/Y12-HSC/2001 HSC (Written Exam).pdf)
2026-07-06 23:13:26  base 5310 throttled -> cooldown 1800s (Maths Standard 2/Y12-HSC/2001 Marking Guidelines.pdf)
2026-07-06 23:14:10  base 5520 throttled -> cooldown 1800s (Modern History/Y12-HSC/2001 HSC.pdf)
2026-07-06 23:14:40  OK Chemistry/Y12-Trial/Sydney Grammar 2001.pdf (705 KB)  [done 650, left 1372]
2026-07-06 23:15:14  base 1170 throttled -> cooldown 1800s (Ancient History/Y12-HSC/2001 HSC.pdf)
2026-07-06 23:16:26  base 2670 throttled -> cooldown 1800s (Engineering Studies/Y12-HSC/2001 HSC.pdf)
2026-07-06 23:17:08  base 4620 throttled -> cooldown 1800s (Japanese Continuers/Y12-HSC/2001 HSC.pdf)
2026-07-06 23:17:40  OK Chemistry/Y12-Trial/Sydney Grammar 2003 w. sol.pdf (894 KB)  [done 651, left 1371]
2026-07-06 23:18:40  base 5320 throttled -> cooldown 1800s (Maths Advanced/Y12-HSC/2001 Marking Guidelines.pdf)
2026-07-06 23:19:49  base 1820 throttled -> cooldown 1800s (Chemistry/Y12-HSC/2001 HSC.pdf)
2026-07-06 23:20:21  OK Chemistry/Y12-Trial/Sydney Grammar 2004 w. sol.pdf (1733 KB)  [done 652, left 1370]
2026-07-06 23:21:48  base 1570 throttled -> cooldown 1800s (Business Studies/Y12-HSC/2001 HSC.pdf)
2026-07-06 23:22:56  OK Chemistry/Y12-Trial/Sydney Grammar 2006 w. sol.pdf (1144 KB)  [done 653, left 1369]
2026-07-06 23:23:29  base 2470 throttled -> cooldown 1800s (Economics/Y12-HSC/2001 HSC.pdf)
2026-07-06 23:24:24  base 2720 throttled -> cooldown 1800s (English/Y12-HSC/2001 HSC Paper 1.pdf)
2026-07-06 23:25:31  OK Chemistry/Y12-Trial/Sydney Grammar 2007 w. sol.pdf (686 KB)  [done 654, left 1368]
2026-07-06 23:26:57  base 5318 throttled -> cooldown 1800s (Maths Standard 2/Y12-Trial/Hornsby Girls 2020 w. sol.pdf)
2026-07-06 23:27:36  base 5228 throttled -> cooldown 1800s (Maths Advanced/Y11-Yearly/Blacktown Boys 2023 w. sol.pdf)
2026-07-06 23:28:06  OK Chemistry/Y12-Trial/Sydney Grammar 2009 w. sol.pdf (1067 KB)  [done 655, left 1367]
2026-07-06 23:29:34  base 4078 throttled -> cooldown 1800s (Investigating Science/Y12-Trial/Fort St 2023 w. sol.pdf)
2026-07-06 23:30:23  base 1370 throttled -> cooldown 1800s (Biology/Y12-HSC/2001 HSC.pdf)
2026-07-06 23:30:52  OK Chemistry/Y12-Trial/Sydney Grammar 2010.pdf (456 KB)  [done 656, left 1366]
2026-07-06 23:32:57  base 2420 throttled -> cooldown 1800s (Earth & Environmental Science/Y12-HSC/2001 HSC.pdf)
2026-07-06 23:33:38  OK Chemistry/Y12-Trial/Sydney Grammar 2014 w. sol.pdf (2718 KB)  [done 657, left 1365]
2026-07-06 23:34:06  base 5020 throttled -> cooldown 1800s (Legal Studies/Y12-HSC/2001 HSC.pdf)
2026-07-06 23:36:00  base 5330 throttled -> cooldown 1800s (Maths Extension 1/Y12-HSC/2001 Marking Guidelines.pdf)
2026-07-06 23:36:31  OK Chemistry/Y12-Trial/Sydney Grammar 2015 w. sol.pdf (1859 KB)  [done 658, left 1364]
2026-07-06 23:37:48  base 6520 throttled -> cooldown 1800s (Physics/Y12-HSC/2013 Marking Guidelines.pdf)
2026-07-06 23:39:07  OK Chemistry/Y12-Trial/Sydney Grammar 2016 w. sol.pdf (1242 KB)  [done 659, left 1363]
2026-07-06 23:40:34  base 2428 throttled -> cooldown 1800s (Earth & Environmental Science/Y12-Trial/Cranbrook 2019.pdf)
2026-07-06 23:41:06  base 5340 throttled -> cooldown 1800s (Maths Extension 2/Y12-HSC/2001 Marking Guidelines.pdf)
2026-07-06 23:41:43  OK Chemistry/Y12-Trial/Sydney Grammar 2017 w. sol.pdf (1752 KB)  [done 660, left 1362]
2026-07-06 23:42:29  base 4630 throttled -> cooldown 1800s (Japanese Extension/Y12-HSC/2001 HSC (Written Exam).pdf)
2026-07-06 23:43:28  base 5310 throttled -> cooldown 1800s (Maths Standard 2/Y12-HSC/2001 Marking Guidelines.pdf)
2026-07-06 23:44:13  base 5520 throttled -> cooldown 1800s (Modern History/Y12-HSC/2001 HSC.pdf)
2026-07-06 23:44:48  OK Chemistry/Y12-Trial/Sydney Grammar 2019 w. sol.pdf (2410 KB)  [done 661, left 1361]
2026-07-06 23:45:20  base 1170 throttled -> cooldown 1800s (Ancient History/Y12-HSC/2001 HSC.pdf)
2026-07-06 23:46:29  base 2670 throttled -> cooldown 1800s (Engineering Studies/Y12-HSC/2001 HSC.pdf)
2026-07-06 23:47:11  base 4620 throttled -> cooldown 1800s (Japanese Continuers/Y12-HSC/2001 HSC.pdf)
2026-07-06 23:47:47  OK Chemistry/Y12-Trial/Sydney Grammar 2020 w. sol.pdf (4917 KB)  [done 662, left 1360]
2026-07-06 23:48:42  base 5320 throttled -> cooldown 1800s (Maths Advanced/Y12-HSC/2001 Marking Guidelines.pdf)
2026-07-06 23:49:52  base 1820 throttled -> cooldown 1800s (Chemistry/Y12-HSC/2001 HSC.pdf)
2026-07-06 23:50:36  OK Chemistry/Y12-Trial/Sydney Grammar 2021 w. sol.pdf (5899 KB)  [done 663, left 1359]
2026-07-06 23:51:51  base 1570 throttled -> cooldown 1800s (Business Studies/Y12-HSC/2001 HSC.pdf)
2026-07-06 23:53:21  OK Chemistry/Y12-Trial/Sydney Grammar 2022 w. sol.pdf (7898 KB)  [done 664, left 1358]
2026-07-06 23:53:48  base 2470 throttled -> cooldown 1800s (Economics/Y12-HSC/2001 HSC.pdf)
2026-07-06 23:54:27  base 2720 throttled -> cooldown 1800s (English/Y12-HSC/2001 HSC Paper 1.pdf)
2026-07-06 23:56:02  OK Chemistry/Y12-Trial/Sydney Grammar 2023 w. sol.pdf (5192 KB)  [done 665, left 1357]
2026-07-06 23:57:00  base 5318 throttled -> cooldown 1800s (Maths Standard 2/Y12-Trial/Hornsby Girls 2020 w. sol.pdf)
2026-07-06 23:57:39  base 5228 throttled -> cooldown 1800s (Maths Advanced/Y11-Yearly/Blacktown Boys 2023 w. sol.pdf)
2026-07-06 23:58:42  OK Chemistry/Y12-Trial/Sydney Grammar 2024 w. sol.pdf (2512 KB)  [done 666, left 1356]
2026-07-06 23:59:37  base 4078 throttled -> cooldown 1800s (Investigating Science/Y12-Trial/Fort St 2023 w. sol.pdf)
2026-07-07 00:00:25  base 1370 throttled -> cooldown 1800s (Biology/Y12-HSC/2001 HSC.pdf)
2026-07-07 00:01:22  OK Chemistry/Y12-Trial/Sydney Grammar 2025 w. sol.pdf (2897 KB)  [done 667, left 1355]
2026-07-07 00:03:00  base 2420 throttled -> cooldown 1800s (Earth & Environmental Science/Y12-HSC/2001 HSC.pdf)
2026-07-07 00:04:01  OK Chemistry/Y12-Trial/Sydney Tech 2012 w. sol.pdf (1598 KB)  [done 668, left 1354]
2026-07-07 00:04:29  base 5020 throttled -> cooldown 1800s (Legal Studies/Y12-HSC/2001 HSC.pdf)
2026-07-07 00:06:03  base 5330 throttled -> cooldown 1800s (Maths Extension 1/Y12-HSC/2001 Marking Guidelines.pdf)
2026-07-07 00:06:40  OK Chemistry/Y12-Trial/Sydney Tech 2013 w. sol.pdf (1012 KB)  [done 669, left 1353]
2026-07-07 00:07:51  base 6520 throttled -> cooldown 1800s (Physics/Y12-HSC/2013 Marking Guidelines.pdf)
2026-07-07 00:09:20  OK Chemistry/Y12-Trial/Sydney Tech 2021 w. sol.pdf (3810 KB)  [done 670, left 1352]
2026-07-07 00:10:36  base 2428 throttled -> cooldown 1800s (Earth & Environmental Science/Y12-Trial/Cranbrook 2019.pdf)
2026-07-07 00:11:09  base 5340 throttled -> cooldown 1800s (Maths Extension 2/Y12-HSC/2001 Marking Guidelines.pdf)
2026-07-07 00:12:32  base 4630 throttled -> cooldown 1800s (Japanese Extension/Y12-HSC/2001 HSC (Written Exam).pdf)
2026-07-07 00:13:31  base 5310 throttled -> cooldown 1800s (Maths Standard 2/Y12-HSC/2001 Marking Guidelines.pdf)
2026-07-07 00:14:16  base 5520 throttled -> cooldown 1800s (Modern History/Y12-HSC/2001 HSC.pdf)
2026-07-07 00:15:23  base 1170 throttled -> cooldown 1800s (Ancient History/Y12-HSC/2001 HSC.pdf)
2026-07-07 00:16:32  base 2670 throttled -> cooldown 1800s (Engineering Studies/Y12-HSC/2001 HSC.pdf)
2026-07-07 00:17:13  base 4620 throttled -> cooldown 1800s (Japanese Continuers/Y12-HSC/2001 HSC.pdf)
2026-07-07 00:18:45  base 5320 throttled -> cooldown 1800s (Maths Advanced/Y12-HSC/2001 Marking Guidelines.pdf)
2026-07-07 00:19:54  base 1820 throttled -> cooldown 1800s (Chemistry/Y12-HSC/2001 HSC.pdf)
2026-07-07 00:21:53  base 1570 throttled -> cooldown 1800s (Business Studies/Y12-HSC/2001 HSC.pdf)
2026-07-07 00:23:51  base 2470 throttled -> cooldown 1800s (Economics/Y12-HSC/2001 HSC.pdf)
2026-07-07 00:24:30  base 2720 throttled -> cooldown 1800s (English/Y12-HSC/2001 HSC Paper 1.pdf)
2026-07-07 00:27:02  base 5318 throttled -> cooldown 1800s (Maths Standard 2/Y12-Trial/Hornsby Girls 2020 w. sol.pdf)
2026-07-07 00:27:42  base 5228 throttled -> cooldown 1800s (Maths Advanced/Y11-Yearly/Blacktown Boys 2023 w. sol.pdf)
2026-07-07 00:29:40  base 4078 throttled -> cooldown 1800s (Investigating Science/Y12-Trial/Fort St 2023 w. sol.pdf)
2026-07-07 00:30:28  base 1370 throttled -> cooldown 1800s (Biology/Y12-HSC/2001 HSC.pdf)
2026-07-07 00:33:03  base 2420 throttled -> cooldown 1800s (Earth & Environmental Science/Y12-HSC/2001 HSC.pdf)
2026-07-07 00:34:31  base 5020 throttled -> cooldown 1800s (Legal Studies/Y12-HSC/2001 HSC.pdf)
2026-07-07 00:36:06  base 5330 throttled -> cooldown 1800s (Maths Extension 1/Y12-HSC/2001 Marking Guidelines.pdf)
2026-07-07 00:37:53  base 6520 throttled -> cooldown 1800s (Physics/Y12-HSC/2013 Marking Guidelines.pdf)
2026-07-07 00:40:39  base 2428 throttled -> cooldown 1800s (Earth & Environmental Science/Y12-Trial/Cranbrook 2019.pdf)
2026-07-07 00:41:12  base 5340 throttled -> cooldown 1800s (Maths Extension 2/Y12-HSC/2001 Marking Guidelines.pdf)
2026-07-07 00:42:34  base 4630 throttled -> cooldown 1800s (Japanese Extension/Y12-HSC/2001 HSC (Written Exam).pdf)
2026-07-07 00:43:33  base 5310 throttled -> cooldown 1800s (Maths Standard 2/Y12-HSC/2001 Marking Guidelines.pdf)
2026-07-07 00:44:18  base 5520 throttled -> cooldown 1800s (Modern History/Y12-HSC/2001 HSC.pdf)
2026-07-07 00:45:25  base 1170 throttled -> cooldown 1800s (Ancient History/Y12-HSC/2001 HSC.pdf)
2026-07-07 00:46:34  base 2670 throttled -> cooldown 1800s (Engineering Studies/Y12-HSC/2001 HSC.pdf)
2026-07-07 00:47:16  base 4620 throttled -> cooldown 1800s (Japanese Continuers/Y12-HSC/2001 HSC.pdf)
2026-07-07 00:49:17  base 5320 throttled -> cooldown 1800s (Maths Advanced/Y12-HSC/2001 Marking Guidelines.pdf)
2026-07-07 00:49:57  base 1820 throttled -> cooldown 1800s (Chemistry/Y12-HSC/2001 HSC.pdf)
2026-07-07 00:51:56  base 1570 throttled -> cooldown 1800s (Business Studies/Y12-HSC/2001 HSC.pdf)
2026-07-07 00:53:54  base 2470 throttled -> cooldown 1800s (Economics/Y12-HSC/2001 HSC.pdf)
2026-07-07 00:54:32  base 2720 throttled -> cooldown 1800s (English/Y12-HSC/2001 HSC Paper 1.pdf)
2026-07-07 00:57:10  base 5318 throttled -> cooldown 1800s (Maths Standard 2/Y12-Trial/Hornsby Girls 2020 w. sol.pdf)
2026-07-07 00:57:45  base 5228 throttled -> cooldown 1800s (Maths Advanced/Y11-Yearly/Blacktown Boys 2023 w. sol.pdf)
2026-07-07 00:59:43  base 4078 throttled -> cooldown 1800s (Investigating Science/Y12-Trial/Fort St 2023 w. sol.pdf)
2026-07-07 01:00:30  base 1370 throttled -> cooldown 1800s (Biology/Y12-HSC/2001 HSC.pdf)
2026-07-07 01:03:05  base 2420 throttled -> cooldown 1800s (Earth & Environmental Science/Y12-HSC/2001 HSC.pdf)
2026-07-07 01:04:34  base 5020 throttled -> cooldown 1800s (Legal Studies/Y12-HSC/2001 HSC.pdf)
2026-07-07 01:06:08  base 5330 throttled -> cooldown 1800s (Maths Extension 1/Y12-HSC/2001 Marking Guidelines.pdf)
2026-07-07 01:07:56  base 6520 throttled -> cooldown 1800s (Physics/Y12-HSC/2013 Marking Guidelines.pdf)
2026-07-07 01:10:41  base 2428 throttled -> cooldown 1800s (Earth & Environmental Science/Y12-Trial/Cranbrook 2019.pdf)
2026-07-07 01:11:14  base 5340 throttled -> cooldown 1800s (Maths Extension 2/Y12-HSC/2001 Marking Guidelines.pdf)
2026-07-07 01:12:37  base 4630 throttled -> cooldown 1800s (Japanese Extension/Y12-HSC/2001 HSC (Written Exam).pdf)
2026-07-07 01:13:36  base 5310 throttled -> cooldown 1800s (Maths Standard 2/Y12-HSC/2001 Marking Guidelines.pdf)
2026-07-07 01:14:21  base 5520 throttled -> cooldown 1800s (Modern History/Y12-HSC/2001 HSC.pdf)
2026-07-07 01:15:28  base 1170 throttled -> cooldown 1800s (Ancient History/Y12-HSC/2001 HSC.pdf)
2026-07-07 01:16:37  base 2670 throttled -> cooldown 1800s (Engineering Studies/Y12-HSC/2001 HSC.pdf)
2026-07-07 01:17:19  base 4620 throttled -> cooldown 1800s (Japanese Continuers/Y12-HSC/2001 HSC.pdf)
2026-07-07 01:19:20  base 5320 throttled -> cooldown 1800s (Maths Advanced/Y12-HSC/2001 Marking Guidelines.pdf)
2026-07-07 01:19:59  base 1820 throttled -> cooldown 1800s (Chemistry/Y12-HSC/2001 HSC.pdf)
2026-07-07 01:21:58  base 1570 throttled -> cooldown 1800s (Business Studies/Y12-HSC/2001 HSC.pdf)
2026-07-07 01:23:56  base 2470 throttled -> cooldown 1800s (Economics/Y12-HSC/2001 HSC.pdf)
2026-07-07 01:24:35  base 2720 throttled -> cooldown 1800s (English/Y12-HSC/2001 HSC Paper 1.pdf)
2026-07-07 01:27:12  base 5318 throttled -> cooldown 1800s (Maths Standard 2/Y12-Trial/Hornsby Girls 2020 w. sol.pdf)
2026-07-07 01:27:47  base 5228 throttled -> cooldown 1800s (Maths Advanced/Y11-Yearly/Blacktown Boys 2023 w. sol.pdf)
2026-07-07 01:29:45  base 4078 throttled -> cooldown 1800s (Investigating Science/Y12-Trial/Fort St 2023 w. sol.pdf)
2026-07-07 01:30:33  base 1370 throttled -> cooldown 1800s (Biology/Y12-HSC/2001 HSC.pdf)
2026-07-07 01:33:08  base 2420 throttled -> cooldown 1800s (Earth & Environmental Science/Y12-HSC/2001 HSC.pdf)
2026-07-07 01:34:36  base 5020 throttled -> cooldown 1800s (Legal Studies/Y12-HSC/2001 HSC.pdf)
2026-07-07 01:36:10  base 5330 throttled -> cooldown 1800s (Maths Extension 1/Y12-HSC/2001 Marking Guidelines.pdf)
2026-07-07 01:37:59  base 6520 throttled -> cooldown 1800s (Physics/Y12-HSC/2013 Marking Guidelines.pdf)
2026-07-07 01:40:44  base 2428 throttled -> cooldown 1800s (Earth & Environmental Science/Y12-Trial/Cranbrook 2019.pdf)
2026-07-07 01:41:17  base 5340 throttled -> cooldown 1800s (Maths Extension 2/Y12-HSC/2001 Marking Guidelines.pdf)
2026-07-07 01:42:39  base 4630 throttled -> cooldown 1800s (Japanese Extension/Y12-HSC/2001 HSC (Written Exam).pdf)
2026-07-07 01:43:38  base 5310 throttled -> cooldown 1800s (Maths Standard 2/Y12-HSC/2001 Marking Guidelines.pdf)
2026-07-07 01:44:23  base 5520 throttled -> cooldown 1800s (Modern History/Y12-HSC/2001 HSC.pdf)
2026-07-07 01:45:30  base 1170 throttled -> cooldown 1800s (Ancient History/Y12-HSC/2001 HSC.pdf)
2026-07-07 01:46:41  base 2670 throttled -> cooldown 1800s (Engineering Studies/Y12-HSC/2001 HSC.pdf)
2026-07-07 01:47:22  base 4620 throttled -> cooldown 1800s (Japanese Continuers/Y12-HSC/2001 HSC.pdf)
2026-07-07 01:49:23  base 5320 throttled -> cooldown 1800s (Maths Advanced/Y12-HSC/2001 Marking Guidelines.pdf)
2026-07-07 01:50:02  base 1820 throttled -> cooldown 1800s (Chemistry/Y12-HSC/2001 HSC.pdf)
2026-07-07 01:52:01  base 1570 throttled -> cooldown 1800s (Business Studies/Y12-HSC/2001 HSC.pdf)
2026-07-07 01:53:59  base 2470 throttled -> cooldown 1800s (Economics/Y12-HSC/2001 HSC.pdf)
2026-07-07 01:54:37  base 2720 throttled -> cooldown 1800s (English/Y12-HSC/2001 HSC Paper 1.pdf)
2026-07-07 01:57:15  base 5318 throttled -> cooldown 1800s (Maths Standard 2/Y12-Trial/Hornsby Girls 2020 w. sol.pdf)
2026-07-07 01:57:50  base 5228 throttled -> cooldown 1800s (Maths Advanced/Y11-Yearly/Blacktown Boys 2023 w. sol.pdf)
2026-07-07 01:59:48  base 4078 throttled -> cooldown 1800s (Investigating Science/Y12-Trial/Fort St 2023 w. sol.pdf)
2026-07-07 02:00:36  base 1370 throttled -> cooldown 1800s (Biology/Y12-HSC/2001 HSC.pdf)
2026-07-07 02:03:11  base 2420 throttled -> cooldown 1800s (Earth & Environmental Science/Y12-HSC/2001 HSC.pdf)
2026-07-07 02:04:39  base 5020 throttled -> cooldown 1800s (Legal Studies/Y12-HSC/2001 HSC.pdf)
2026-07-07 02:06:13  base 5330 throttled -> cooldown 1800s (Maths Extension 1/Y12-HSC/2001 Marking Guidelines.pdf)
2026-07-07 02:08:04  base 6520 throttled -> cooldown 1800s (Physics/Y12-HSC/2013 Marking Guidelines.pdf)
2026-07-07 02:10:47  base 2428 throttled -> cooldown 1800s (Earth & Environmental Science/Y12-Trial/Cranbrook 2019.pdf)
2026-07-07 02:11:19  base 5340 throttled -> cooldown 1800s (Maths Extension 2/Y12-HSC/2001 Marking Guidelines.pdf)
2026-07-07 02:12:42  base 4630 throttled -> cooldown 1800s (Japanese Extension/Y12-HSC/2001 HSC (Written Exam).pdf)
2026-07-07 02:13:41  base 5310 throttled -> cooldown 1800s (Maths Standard 2/Y12-HSC/2001 Marking Guidelines.pdf)
2026-07-07 02:14:26  base 5520 throttled -> cooldown 1800s (Modern History/Y12-HSC/2001 HSC.pdf)
2026-07-07 02:15:33  base 1170 throttled -> cooldown 1800s (Ancient History/Y12-HSC/2001 HSC.pdf)
2026-07-07 02:16:44  base 2670 throttled -> cooldown 1800s (Engineering Studies/Y12-HSC/2001 HSC.pdf)
2026-07-07 02:17:24  base 4620 throttled -> cooldown 1800s (Japanese Continuers/Y12-HSC/2001 HSC.pdf)
2026-07-07 02:19:26  base 5320 throttled -> cooldown 1800s (Maths Advanced/Y12-HSC/2001 Marking Guidelines.pdf)
2026-07-07 02:20:05  base 1820 throttled -> cooldown 1800s (Chemistry/Y12-HSC/2001 HSC.pdf)
2026-07-07 02:22:04  base 1570 throttled -> cooldown 1800s (Business Studies/Y12-HSC/2001 HSC.pdf)
2026-07-07 02:24:02  base 2470 throttled -> cooldown 1800s (Economics/Y12-HSC/2001 HSC.pdf)
2026-07-07 02:24:40  base 2720 throttled -> cooldown 1800s (English/Y12-HSC/2001 HSC Paper 1.pdf)
2026-07-07 02:27:18  base 5318 throttled -> cooldown 1800s (Maths Standard 2/Y12-Trial/Hornsby Girls 2020 w. sol.pdf)
2026-07-07 02:27:52  base 5228 throttled -> cooldown 1800s (Maths Advanced/Y11-Yearly/Blacktown Boys 2023 w. sol.pdf)
2026-07-07 02:29:51  base 4078 throttled -> cooldown 1800s (Investigating Science/Y12-Trial/Fort St 2023 w. sol.pdf)
2026-07-07 02:30:39  base 1370 throttled -> cooldown 1800s (Biology/Y12-HSC/2001 HSC.pdf)
2026-07-07 02:33:13  base 2420 throttled -> cooldown 1800s (Earth & Environmental Science/Y12-HSC/2001 HSC.pdf)
2026-07-07 02:34:42  base 5020 throttled -> cooldown 1800s (Legal Studies/Y12-HSC/2001 HSC.pdf)
2026-07-07 02:36:16  base 5330 throttled -> cooldown 1800s (Maths Extension 1/Y12-HSC/2001 Marking Guidelines.pdf)
2026-07-07 02:38:07  base 6520 throttled -> cooldown 1800s (Physics/Y12-HSC/2013 Marking Guidelines.pdf)
2026-07-07 02:40:49  base 2428 throttled -> cooldown 1800s (Earth & Environmental Science/Y12-Trial/Cranbrook 2019.pdf)
2026-07-07 02:41:22  base 5340 throttled -> cooldown 1800s (Maths Extension 2/Y12-HSC/2001 Marking Guidelines.pdf)
2026-07-07 02:42:44  base 4630 throttled -> cooldown 1800s (Japanese Extension/Y12-HSC/2001 HSC (Written Exam).pdf)
2026-07-07 02:43:44  base 5310 throttled -> cooldown 1800s (Maths Standard 2/Y12-HSC/2001 Marking Guidelines.pdf)
2026-07-07 02:44:29  base 5520 throttled -> cooldown 1800s (Modern History/Y12-HSC/2001 HSC.pdf)
2026-07-07 02:45:38  base 1170 throttled -> cooldown 1800s (Ancient History/Y12-HSC/2001 HSC.pdf)
2026-07-07 02:46:47  base 2670 throttled -> cooldown 1800s (Engineering Studies/Y12-HSC/2001 HSC.pdf)
2026-07-07 02:47:27  base 4620 throttled -> cooldown 1800s (Japanese Continuers/Y12-HSC/2001 HSC.pdf)
2026-07-07 02:49:29  base 5320 throttled -> cooldown 1800s (Maths Advanced/Y12-HSC/2001 Marking Guidelines.pdf)
2026-07-07 02:50:08  base 1820 throttled -> cooldown 1800s (Chemistry/Y12-HSC/2001 HSC.pdf)
2026-07-07 02:52:07  base 1570 throttled -> cooldown 1800s (Business Studies/Y12-HSC/2001 HSC.pdf)
2026-07-07 02:54:04  base 2470 throttled -> cooldown 1800s (Economics/Y12-HSC/2001 HSC.pdf)
2026-07-07 02:54:42  base 2720 throttled -> cooldown 1800s (English/Y12-HSC/2001 HSC Paper 1.pdf)
2026-07-07 02:57:21  base 5318 throttled -> cooldown 1800s (Maths Standard 2/Y12-Trial/Hornsby Girls 2020 w. sol.pdf)
2026-07-07 02:57:55  base 5228 throttled -> cooldown 1800s (Maths Advanced/Y11-Yearly/Blacktown Boys 2023 w. sol.pdf)
2026-07-07 02:59:54  base 4078 throttled -> cooldown 1800s (Investigating Science/Y12-Trial/Fort St 2023 w. sol.pdf)
2026-07-07 03:00:42  base 1370 throttled -> cooldown 1800s (Biology/Y12-HSC/2001 HSC.pdf)
2026-07-07 03:03:16  base 2420 throttled -> cooldown 1800s (Earth & Environmental Science/Y12-HSC/2001 HSC.pdf)
2026-07-07 03:04:48  base 5020 throttled -> cooldown 1800s (Legal Studies/Y12-HSC/2001 HSC.pdf)
2026-07-07 03:06:19  base 5330 throttled -> cooldown 1800s (Maths Extension 1/Y12-HSC/2001 Marking Guidelines.pdf)
2026-07-07 03:08:10  base 6520 throttled -> cooldown 1800s (Physics/Y12-HSC/2013 Marking Guidelines.pdf)
2026-07-07 03:10:51  base 2428 throttled -> cooldown 1800s (Earth & Environmental Science/Y12-Trial/Cranbrook 2019.pdf)
2026-07-07 03:11:25  base 5340 throttled -> cooldown 1800s (Maths Extension 2/Y12-HSC/2001 Marking Guidelines.pdf)
2026-07-07 03:12:47  base 4630 throttled -> cooldown 1800s (Japanese Extension/Y12-HSC/2001 HSC (Written Exam).pdf)
2026-07-07 03:13:48  base 5310 throttled -> cooldown 1800s (Maths Standard 2/Y12-HSC/2001 Marking Guidelines.pdf)
2026-07-07 03:14:32  base 5520 throttled -> cooldown 1800s (Modern History/Y12-HSC/2001 HSC.pdf)
2026-07-07 03:15:41  base 1170 throttled -> cooldown 1800s (Ancient History/Y12-HSC/2001 HSC.pdf)
2026-07-07 03:16:50  base 2670 throttled -> cooldown 1800s (Engineering Studies/Y12-HSC/2001 HSC.pdf)
2026-07-07 03:17:30  base 4620 throttled -> cooldown 1800s (Japanese Continuers/Y12-HSC/2001 HSC.pdf)
2026-07-07 03:19:31  base 5320 throttled -> cooldown 1800s (Maths Advanced/Y12-HSC/2001 Marking Guidelines.pdf)
2026-07-07 03:20:10  base 1820 throttled -> cooldown 1800s (Chemistry/Y12-HSC/2001 HSC.pdf)
2026-07-07 03:22:09  base 1570 throttled -> cooldown 1800s (Business Studies/Y12-HSC/2001 HSC.pdf)
2026-07-07 03:24:07  base 2470 throttled -> cooldown 1800s (Economics/Y12-HSC/2001 HSC.pdf)
2026-07-07 03:24:45  base 2720 throttled -> cooldown 1800s (English/Y12-HSC/2001 HSC Paper 1.pdf)
2026-07-07 03:27:24  base 5318 throttled -> cooldown 1800s (Maths Standard 2/Y12-Trial/Hornsby Girls 2020 w. sol.pdf)
2026-07-07 03:27:58  base 5228 throttled -> cooldown 1800s (Maths Advanced/Y11-Yearly/Blacktown Boys 2023 w. sol.pdf)
2026-07-07 03:29:57  base 4078 throttled -> cooldown 1800s (Investigating Science/Y12-Trial/Fort St 2023 w. sol.pdf)
2026-07-07 03:30:44  base 1370 throttled -> cooldown 1800s (Biology/Y12-HSC/2001 HSC.pdf)
2026-07-07 03:33:19  base 2420 throttled -> cooldown 1800s (Earth & Environmental Science/Y12-HSC/2001 HSC.pdf)
2026-07-07 03:34:51  base 5020 throttled -> cooldown 1800s (Legal Studies/Y12-HSC/2001 HSC.pdf)
2026-07-07 03:36:22  base 5330 throttled -> cooldown 1800s (Maths Extension 1/Y12-HSC/2001 Marking Guidelines.pdf)
2026-07-07 03:38:13  base 6520 throttled -> cooldown 1800s (Physics/Y12-HSC/2013 Marking Guidelines.pdf)
2026-07-07 03:40:55  base 2428 throttled -> cooldown 1800s (Earth & Environmental Science/Y12-Trial/Cranbrook 2019.pdf)
2026-07-07 03:41:28  base 5340 throttled -> cooldown 1800s (Maths Extension 2/Y12-HSC/2001 Marking Guidelines.pdf)
2026-07-07 03:42:50  base 4630 throttled -> cooldown 1800s (Japanese Extension/Y12-HSC/2001 HSC (Written Exam).pdf)
2026-07-07 03:43:51  base 5310 throttled -> cooldown 1800s (Maths Standard 2/Y12-HSC/2001 Marking Guidelines.pdf)
2026-07-07 03:44:35  base 5520 throttled -> cooldown 1800s (Modern History/Y12-HSC/2001 HSC.pdf)
2026-07-07 03:45:44  base 1170 throttled -> cooldown 1800s (Ancient History/Y12-HSC/2001 HSC.pdf)
2026-07-07 03:46:52  base 2670 throttled -> cooldown 1800s (Engineering Studies/Y12-HSC/2001 HSC.pdf)
2026-07-07 03:47:33  base 4620 throttled -> cooldown 1800s (Japanese Continuers/Y12-HSC/2001 HSC.pdf)
2026-07-07 03:49:35  base 5320 throttled -> cooldown 1800s (Maths Advanced/Y12-HSC/2001 Marking Guidelines.pdf)
2026-07-07 03:50:13  base 1820 throttled -> cooldown 1800s (Chemistry/Y12-HSC/2001 HSC.pdf)
2026-07-07 03:52:12  base 1570 throttled -> cooldown 1800s (Business Studies/Y12-HSC/2001 HSC.pdf)
2026-07-07 03:54:10  base 2470 throttled -> cooldown 1800s (Economics/Y12-HSC/2001 HSC.pdf)
2026-07-07 03:54:48  base 2720 throttled -> cooldown 1800s (English/Y12-HSC/2001 HSC Paper 1.pdf)
2026-07-07 03:57:27  base 5318 throttled -> cooldown 1800s (Maths Standard 2/Y12-Trial/Hornsby Girls 2020 w. sol.pdf)
2026-07-07 03:58:01  base 5228 throttled -> cooldown 1800s (Maths Advanced/Y11-Yearly/Blacktown Boys 2023 w. sol.pdf)
2026-07-07 04:00:01  base 4078 throttled -> cooldown 1800s (Investigating Science/Y12-Trial/Fort St 2023 w. sol.pdf)
2026-07-07 04:00:47  base 1370 throttled -> cooldown 1800s (Biology/Y12-HSC/2001 HSC.pdf)
2026-07-07 04:03:21  base 2420 throttled -> cooldown 1800s (Earth & Environmental Science/Y12-HSC/2001 HSC.pdf)
2026-07-07 04:04:53  base 5020 throttled -> cooldown 1800s (Legal Studies/Y12-HSC/2001 HSC.pdf)
2026-07-07 04:06:25  base 5330 throttled -> cooldown 1800s (Maths Extension 1/Y12-HSC/2001 Marking Guidelines.pdf)
2026-07-07 04:08:16  base 6520 throttled -> cooldown 1800s (Physics/Y12-HSC/2013 Marking Guidelines.pdf)
2026-07-07 04:10:57  base 2428 throttled -> cooldown 1800s (Earth & Environmental Science/Y12-Trial/Cranbrook 2019.pdf)
2026-07-07 04:11:31  base 5340 throttled -> cooldown 1800s (Maths Extension 2/Y12-HSC/2001 Marking Guidelines.pdf)
2026-07-07 04:12:53  base 4630 throttled -> cooldown 1800s (Japanese Extension/Y12-HSC/2001 HSC (Written Exam).pdf)
2026-07-07 04:13:58  base 5310 throttled -> cooldown 1800s (Maths Standard 2/Y12-HSC/2001 Marking Guidelines.pdf)
2026-07-07 04:14:37  base 5520 throttled -> cooldown 1800s (Modern History/Y12-HSC/2001 HSC.pdf)
2026-07-07 04:15:47  base 1170 throttled -> cooldown 1800s (Ancient History/Y12-HSC/2001 HSC.pdf)
2026-07-07 04:16:55  base 2670 throttled -> cooldown 1800s (Engineering Studies/Y12-HSC/2001 HSC.pdf)
2026-07-07 04:17:37  base 4620 throttled -> cooldown 1800s (Japanese Continuers/Y12-HSC/2001 HSC.pdf)
2026-07-07 04:19:37  base 5320 throttled -> cooldown 1800s (Maths Advanced/Y12-HSC/2001 Marking Guidelines.pdf)
2026-07-07 04:20:16  base 1820 throttled -> cooldown 1800s (Chemistry/Y12-HSC/2001 HSC.pdf)
2026-07-07 04:22:15  base 1570 throttled -> cooldown 1800s (Business Studies/Y12-HSC/2001 HSC.pdf)
2026-07-07 04:24:12  base 2470 throttled -> cooldown 1800s (Economics/Y12-HSC/2001 HSC.pdf)
2026-07-07 04:24:51  base 2720 throttled -> cooldown 1800s (English/Y12-HSC/2001 HSC Paper 1.pdf)
2026-07-07 04:27:31  base 5318 throttled -> cooldown 1800s (Maths Standard 2/Y12-Trial/Hornsby Girls 2020 w. sol.pdf)
2026-07-07 04:28:03  base 5228 throttled -> cooldown 1800s (Maths Advanced/Y11-Yearly/Blacktown Boys 2023 w. sol.pdf)
2026-07-07 04:30:04  base 4078 throttled -> cooldown 1800s (Investigating Science/Y12-Trial/Fort St 2023 w. sol.pdf)
2026-07-07 04:30:50  base 1370 throttled -> cooldown 1800s (Biology/Y12-HSC/2001 HSC.pdf)
2026-07-07 04:33:24  base 2420 throttled -> cooldown 1800s (Earth & Environmental Science/Y12-HSC/2001 HSC.pdf)
2026-07-07 04:34:56  base 5020 throttled -> cooldown 1800s (Legal Studies/Y12-HSC/2001 HSC.pdf)
2026-07-07 04:36:28  base 5330 throttled -> cooldown 1800s (Maths Extension 1/Y12-HSC/2001 Marking Guidelines.pdf)
2026-07-07 04:38:19  base 6520 throttled -> cooldown 1800s (Physics/Y12-HSC/2013 Marking Guidelines.pdf)
2026-07-07 04:41:01  base 2428 throttled -> cooldown 1800s (Earth & Environmental Science/Y12-Trial/Cranbrook 2019.pdf)
2026-07-07 04:41:34  base 5340 throttled -> cooldown 1800s (Maths Extension 2/Y12-HSC/2001 Marking Guidelines.pdf)
2026-07-07 04:42:55  base 4630 throttled -> cooldown 1800s (Japanese Extension/Y12-HSC/2001 HSC (Written Exam).pdf)
2026-07-07 04:44:00  base 5310 throttled -> cooldown 1800s (Maths Standard 2/Y12-HSC/2001 Marking Guidelines.pdf)
2026-07-07 04:44:40  base 5520 throttled -> cooldown 1800s (Modern History/Y12-HSC/2001 HSC.pdf)
2026-07-07 04:45:50  base 1170 throttled -> cooldown 1800s (Ancient History/Y12-HSC/2001 HSC.pdf)
2026-07-07 04:46:57  base 2670 throttled -> cooldown 1800s (Engineering Studies/Y12-HSC/2001 HSC.pdf)
2026-07-07 04:47:39  base 4620 throttled -> cooldown 1800s (Japanese Continuers/Y12-HSC/2001 HSC.pdf)
2026-07-07 04:49:40  base 5320 throttled -> cooldown 1800s (Maths Advanced/Y12-HSC/2001 Marking Guidelines.pdf)
2026-07-07 04:50:19  base 1820 throttled -> cooldown 1800s (Chemistry/Y12-HSC/2001 HSC.pdf)
2026-07-07 04:52:19  base 1570 throttled -> cooldown 1800s (Business Studies/Y12-HSC/2001 HSC.pdf)
2026-07-07 04:54:15  base 2470 throttled -> cooldown 1800s (Economics/Y12-HSC/2001 HSC.pdf)
2026-07-07 04:54:53  base 2720 throttled -> cooldown 1800s (English/Y12-HSC/2001 HSC Paper 1.pdf)
2026-07-07 04:57:34  base 5318 throttled -> cooldown 1800s (Maths Standard 2/Y12-Trial/Hornsby Girls 2020 w. sol.pdf)
2026-07-07 04:58:06  base 5228 throttled -> cooldown 1800s (Maths Advanced/Y11-Yearly/Blacktown Boys 2023 w. sol.pdf)
2026-07-07 05:00:07  base 4078 throttled -> cooldown 1800s (Investigating Science/Y12-Trial/Fort St 2023 w. sol.pdf)
2026-07-07 05:00:53  base 1370 throttled -> cooldown 1800s (Biology/Y12-HSC/2001 HSC.pdf)
2026-07-07 05:03:27  base 2420 throttled -> cooldown 1800s (Earth & Environmental Science/Y12-HSC/2001 HSC.pdf)
2026-07-07 05:04:59  base 5020 throttled -> cooldown 1800s (Legal Studies/Y12-HSC/2001 HSC.pdf)
2026-07-07 05:06:31  base 5330 throttled -> cooldown 1800s (Maths Extension 1/Y12-HSC/2001 Marking Guidelines.pdf)
2026-07-07 05:08:22  base 6520 throttled -> cooldown 1800s (Physics/Y12-HSC/2013 Marking Guidelines.pdf)
2026-07-07 05:11:03  base 2428 throttled -> cooldown 1800s (Earth & Environmental Science/Y12-Trial/Cranbrook 2019.pdf)
2026-07-07 05:11:37  base 5340 throttled -> cooldown 1800s (Maths Extension 2/Y12-HSC/2001 Marking Guidelines.pdf)
2026-07-07 05:12:58  base 4630 throttled -> cooldown 1800s (Japanese Extension/Y12-HSC/2001 HSC (Written Exam).pdf)
2026-07-07 05:14:03  base 5310 throttled -> cooldown 1800s (Maths Standard 2/Y12-HSC/2001 Marking Guidelines.pdf)
2026-07-07 05:14:43  base 5520 throttled -> cooldown 1800s (Modern History/Y12-HSC/2001 HSC.pdf)
2026-07-07 05:15:52  base 1170 throttled -> cooldown 1800s (Ancient History/Y12-HSC/2001 HSC.pdf)
2026-07-07 05:17:00  base 2670 throttled -> cooldown 1800s (Engineering Studies/Y12-HSC/2001 HSC.pdf)
2026-07-07 05:17:42  base 4620 throttled -> cooldown 1800s (Japanese Continuers/Y12-HSC/2001 HSC.pdf)
2026-07-07 05:19:43  base 5320 throttled -> cooldown 1800s (Maths Advanced/Y12-HSC/2001 Marking Guidelines.pdf)
2026-07-07 05:20:22  base 1820 throttled -> cooldown 1800s (Chemistry/Y12-HSC/2001 HSC.pdf)
2026-07-07 05:22:23  base 1570 throttled -> cooldown 1800s (Business Studies/Y12-HSC/2001 HSC.pdf)
2026-07-07 05:24:18  base 2470 throttled -> cooldown 1800s (Economics/Y12-HSC/2001 HSC.pdf)
2026-07-07 05:24:56  base 2720 throttled -> cooldown 1800s (English/Y12-HSC/2001 HSC Paper 1.pdf)
2026-07-07 05:27:37  base 5318 throttled -> cooldown 1800s (Maths Standard 2/Y12-Trial/Hornsby Girls 2020 w. sol.pdf)
2026-07-07 05:28:10  base 5228 throttled -> cooldown 1800s (Maths Advanced/Y11-Yearly/Blacktown Boys 2023 w. sol.pdf)
2026-07-07 05:30:11  base 4078 throttled -> cooldown 1800s (Investigating Science/Y12-Trial/Fort St 2023 w. sol.pdf)
2026-07-07 05:30:56  base 1370 throttled -> cooldown 1800s (Biology/Y12-HSC/2001 HSC.pdf)
2026-07-07 05:33:30  base 2420 throttled -> cooldown 1800s (Earth & Environmental Science/Y12-HSC/2001 HSC.pdf)
2026-07-07 05:35:02  base 5020 throttled -> cooldown 1800s (Legal Studies/Y12-HSC/2001 HSC.pdf)
2026-07-07 05:36:34  base 5330 throttled -> cooldown 1800s (Maths Extension 1/Y12-HSC/2001 Marking Guidelines.pdf)
2026-07-07 05:38:24  base 6520 throttled -> cooldown 1800s (Physics/Y12-HSC/2013 Marking Guidelines.pdf)
2026-07-07 05:41:06  base 2428 throttled -> cooldown 1800s (Earth & Environmental Science/Y12-Trial/Cranbrook 2019.pdf)
2026-07-07 05:41:40  base 5340 throttled -> cooldown 1800s (Maths Extension 2/Y12-HSC/2001 Marking Guidelines.pdf)
2026-07-07 05:43:01  base 4630 throttled -> cooldown 1800s (Japanese Extension/Y12-HSC/2001 HSC (Written Exam).pdf)
2026-07-07 05:44:06  base 5310 throttled -> cooldown 1800s (Maths Standard 2/Y12-HSC/2001 Marking Guidelines.pdf)
2026-07-07 05:44:46  base 5520 throttled -> cooldown 1800s (Modern History/Y12-HSC/2001 HSC.pdf)
2026-07-07 05:45:55  base 1170 throttled -> cooldown 1800s (Ancient History/Y12-HSC/2001 HSC.pdf)
2026-07-07 05:47:03  base 2670 throttled -> cooldown 1800s (Engineering Studies/Y12-HSC/2001 HSC.pdf)
2026-07-07 05:47:46  base 4620 throttled -> cooldown 1800s (Japanese Continuers/Y12-HSC/2001 HSC.pdf)
2026-07-07 05:49:45  base 5320 throttled -> cooldown 1800s (Maths Advanced/Y12-HSC/2001 Marking Guidelines.pdf)
2026-07-07 05:50:26  base 1820 throttled -> cooldown 1800s (Chemistry/Y12-HSC/2001 HSC.pdf)
2026-07-07 05:52:26  base 1570 throttled -> cooldown 1800s (Business Studies/Y12-HSC/2001 HSC.pdf)
2026-07-07 05:54:21  base 2470 throttled -> cooldown 1800s (Economics/Y12-HSC/2001 HSC.pdf)
2026-07-07 05:54:59  base 2720 throttled -> cooldown 1800s (English/Y12-HSC/2001 HSC Paper 1.pdf)
2026-07-07 05:57:40  base 5318 throttled -> cooldown 1800s (Maths Standard 2/Y12-Trial/Hornsby Girls 2020 w. sol.pdf)
2026-07-07 05:58:13  base 5228 throttled -> cooldown 1800s (Maths Advanced/Y11-Yearly/Blacktown Boys 2023 w. sol.pdf)
2026-07-07 06:00:13  base 4078 throttled -> cooldown 1800s (Investigating Science/Y12-Trial/Fort St 2023 w. sol.pdf)
2026-07-07 06:01:01  base 1370 throttled -> cooldown 1800s (Biology/Y12-HSC/2001 HSC.pdf)
2026-07-07 06:03:34  base 2420 throttled -> cooldown 1800s (Earth & Environmental Science/Y12-HSC/2001 HSC.pdf)
2026-07-07 06:05:05  base 5020 throttled -> cooldown 1800s (Legal Studies/Y12-HSC/2001 HSC.pdf)
2026-07-07 06:06:37  base 5330 throttled -> cooldown 1800s (Maths Extension 1/Y12-HSC/2001 Marking Guidelines.pdf)
2026-07-07 06:08:28  base 6520 throttled -> cooldown 1800s (Physics/Y12-HSC/2013 Marking Guidelines.pdf)
2026-07-07 06:10:53  === idle 21600s, all bases cooling -> abort. ok=670 left=1352 ===
2026-07-08 00:22:40  === round-robin downloader start (filter=ALL) ===
2026-07-08 00:23:21  resume: 3949 already on disk, 0 direct. 1353 to fetch via 22 bases.
2026-07-08 00:23:57  base 5320 throttled -> cooldown 1800s (Maths Advanced/Y12-HSC/2001 Marking Guidelines.pdf)
2026-07-08 00:24:26  base 5228 throttled -> cooldown 1800s (Maths Advanced/Y11-Yearly/Blacktown Boys 2023 w. sol.pdf)
2026-07-08 00:24:57  net-error base 2720: HTTP Error 404: Not Found (cooldown 120s)
2026-07-08 00:25:50  base 5318 throttled -> cooldown 1800s (Maths Standard 2/Y12-Trial/Hornsby Girls 2020 w. sol.pdf)
2026-07-08 00:26:44  base 1170 throttled -> cooldown 1800s (Ancient History/Y12-HSC/2001 HSC.pdf)
2026-07-08 00:27:13  base 1370 throttled -> cooldown 1800s (Biology/Y12-HSC/2001 HSC.pdf)
2026-07-08 00:27:41  base 1820 throttled -> cooldown 1800s (Chemistry/Y12-HSC/2001 HSC.pdf)
2026-07-08 00:28:10  base 2420 throttled -> cooldown 1800s (Earth & Environmental Science/Y12-HSC/2001 HSC.pdf)
2026-07-08 00:28:38  base 2470 throttled -> cooldown 1800s (Economics/Y12-HSC/2001 HSC.pdf)
2026-07-08 00:29:17  base 5020 throttled -> cooldown 1800s (Legal Studies/Y12-HSC/2001 HSC.pdf)
2026-07-08 00:29:58  === round-robin downloader start (filter=ALL) ===
2026-07-08 00:30:30  resume: 3949 already on disk, 0 direct. 1353 to fetch via 22 bases.
2026-07-08 00:30:48  net-error base 5320: HTTP Error 404: Not Found (cooldown 120s)
2026-07-08 00:31:15  base 5228 throttled -> cooldown 1800s, rotated (Maths Advanced/Y11-Yearly/Blacktown Boys 2023 w. sol.pdf, hit 1)
2026-07-08 00:31:44  base 2720 throttled -> cooldown 1800s, rotated (English/Y12-HSC/2001 HSC Paper 1.pdf, hit 1)
2026-07-08 00:32:12  base 5318 throttled -> cooldown 1800s, rotated (Maths Standard 2/Y12-Trial/Hornsby Girls 2020 w. sol.pdf, hit 1)
2026-07-08 00:32:39  base 1170 throttled -> cooldown 1800s, rotated (Ancient History/Y12-HSC/2001 HSC.pdf, hit 1)
2026-07-08 00:33:10  base 1370 throttled -> cooldown 1800s, rotated (Biology/Y12-HSC/2001 HSC.pdf, hit 1)
2026-07-08 00:36:14  === round-robin downloader start (filter=ALL) ===
2026-07-08 00:36:44  resume: 3949 already on disk, 0 direct. 1353 to fetch via 22 bases.
2026-07-08 00:36:47  base 5320 throttled -> cooldown 1800s, rotated (Maths Advanced/Y12-HSC/2001 Marking Guidelines.pdf, hit 1)
2026-07-08 00:37:33  base 5228 throttled -> cooldown 1800s, rotated (Maths Advanced/Y11-Yearly/Blacktown Boys 2023 w. sol.pdf, hit 1)
2026-07-08 00:38:02  base 2720 throttled -> cooldown 1800s, rotated (English/Y12-HSC/2001 HSC Paper 1.pdf, hit 1)
2026-07-08 00:38:32  base 5318 throttled -> cooldown 1800s, rotated (Maths Standard 2/Y12-Trial/Hornsby Girls 2020 w. sol.pdf, hit 1)
2026-07-08 00:39:39  base 1170 throttled -> cooldown 1800s, rotated (Ancient History/Y12-HSC/2001 HSC.pdf, hit 1)
2026-07-08 00:40:40  base 1570 throttled -> cooldown 1800s, rotated (Business Studies/Y12-HSC/2001 HSC.pdf, hit 1)
2026-07-08 00:41:12  FAIL Chemistry/Y12-Trial/James Ruse 2021 w. sol.pdf: no-jsonp
2026-07-08 00:42:05  base 2428 throttled -> cooldown 1800s, rotated (Earth & Environmental Science/Y12-Trial/Cranbrook 2019.pdf, hit 1)
2026-07-08 00:42:33  base 2670 throttled -> cooldown 1800s, rotated (Engineering Studies/Y12-HSC/2001 HSC.pdf, hit 1)
2026-07-08 00:43:01  base 5520 throttled -> cooldown 1800s, rotated (Modern History/Y12-HSC/2001 HSC.pdf, hit 1)
2026-07-08 00:43:29  base 4620 throttled -> cooldown 1800s, rotated (Japanese Continuers/Y12-HSC/2001 HSC.pdf, hit 1)
2026-07-08 00:43:56  base 5330 throttled -> cooldown 1800s, rotated (Maths Extension 1/Y12-HSC/2001 Marking Guidelines.pdf, hit 1)
2026-07-08 00:44:54  net-error base 5340: HTTP Error 404: Not Found (cooldown 120s, rotated hit 1)
2026-07-08 00:45:57  net-error base 2420: HTTP Error 404: Not Found (cooldown 120s, rotated hit 1)
2026-07-08 00:48:25  net-error base 4078: HTTP Error 404: Not Found (cooldown 120s, rotated hit 1)
2026-07-08 00:49:17  net-error base 2470: HTTP Error 404: Not Found (cooldown 120s, rotated hit 1)
2026-07-08 00:49:48  base 6520 throttled -> cooldown 1800s, rotated (Physics/Y12-HSC/2013 Marking Guidelines.pdf, hit 1)
2026-07-08 00:51:38  base 1820 throttled -> cooldown 1800s, rotated (Chemistry/Y12-HSC/2001 HSC.pdf, hit 1)
2026-07-08 00:52:23  base 1370 throttled -> cooldown 1800s, rotated (Biology/Y12-HSC/2001 HSC.pdf, hit 1)
2026-07-08 00:52:51  base 4078 throttled -> cooldown 1800s, rotated (Investigating Science/Y12-Trial/Fort St 2024 w. sol.pdf, hit 1)
2026-07-08 00:53:42  net-error base 2420: HTTP Error 404: Not Found (cooldown 120s, rotated hit 1)
2026-07-08 00:54:13  OK Maths Extension 2/Y12-HSC/2002 HSC.pdf (102 KB)  [done 1, left 1351]
2026-07-08 00:55:47  net-error base 5020: HTTP Error 404: Not Found (cooldown 120s, rotated hit 1)
2026-07-08 00:56:38  base 4630 throttled -> cooldown 1800s, rotated (Japanese Extension/Y12-HSC/2001 HSC (Written Exam).pdf, hit 1)
2026-07-08 00:57:09  base 5310 throttled -> cooldown 1800s, rotated (Maths Standard 2/Y12-HSC/2001 Marking Guidelines.pdf, hit 1)
2026-07-08 00:57:36  base 2420 throttled -> cooldown 1800s, rotated (Earth & Environmental Science/Y12-HSC/2002 HSC.pdf, hit 1)
2026-07-08 00:58:04  base 5020 throttled -> cooldown 1800s, rotated (Legal Studies/Y12-HSC/2001 Marking Guidelines.pdf, hit 1)
2026-07-08 00:58:31  base 2470 throttled -> cooldown 1800s, rotated (Economics/Y12-HSC/2001 Marking Guidelines.pdf, hit 1)
2026-07-08 00:58:59  base 5340 throttled -> cooldown 1800s, rotated (Maths Extension 2/Y12-HSC/2002 Marking Guidelines.pdf, hit 1)
2026-07-08 01:06:57  OK Maths Advanced/Y12-HSC/2002 HSC.pdf (125 KB)  [done 2, left 1350]
2026-07-08 01:08:13  OK Maths Advanced/Y11-Yearly/Caringbah 2010 w. sol.pdf (963 KB)  [done 3, left 1349]
2026-07-08 01:08:55  net-error base 5318: HTTP Error 404: Not Found (cooldown 120s, rotated hit 1)
2026-07-08 01:09:23  base 2720 throttled -> cooldown 1800s, rotated (English/Y12-HSC/2001 HSC Paper 2 (Advanced).pdf, hit 1)
2026-07-08 01:09:50  base 1170 throttled -> cooldown 1800s, rotated (Ancient History/Y12-HSC/2001 Marking Guidelines.pdf, hit 1)
2026-07-08 01:10:18  base 5320 throttled -> cooldown 1800s, rotated (Maths Advanced/Y12-HSC/2002 Marking Guidelines.pdf, hit 1)
2026-07-08 01:10:45  base 1570 throttled -> cooldown 1800s, rotated (Business Studies/Y12-HSC/2001 Marking Guidelines.pdf, hit 1)
2026-07-08 01:11:16  OK Maths Advanced/Y11-Yearly/Caringbah 2014 w. sol.pdf (432 KB)  [done 4, left 1348]
2026-07-08 01:11:49  OK Maths Standard 2/Y12-Trial/Hornsby Girls 2025 w. sol.pdf (2801 KB)  [done 5, left 1347]
2026-07-08 01:12:32  OK Earth & Environmental Science/Y12-Trial/Fort St 2023 w. sol.pdf (11000 KB)  [done 6, left 1346]
2026-07-08 01:12:59  base 2670 throttled -> cooldown 1800s, rotated (Engineering Studies/Y12-HSC/2001 Marking Guidelines.pdf, hit 1)
2026-07-08 01:13:56  base 5520 throttled -> cooldown 1800s, rotated (Modern History/Y12-HSC/2001 Marking Guidelines.pdf, hit 1)
2026-07-08 01:14:26  OK Maths Advanced/Y11-Yearly/Caringbah 2015 w. sol.pdf (567 KB)  [done 7, left 1345]
2026-07-08 01:14:58  OK Maths Extension 1/Y12-HSC/2002 HSC.pdf (67 KB)  [done 8, left 1344]
2026-07-08 01:15:39  OK Earth & Environmental Science/Y12-Trial/Fort St 2024 w. sol.pdf (6786 KB)  [done 9, left 1343]
2026-07-08 01:16:13  OK Maths Standard 2/Y12-Trial/Hunters Hill 2020 w. sol.pdf (1968 KB)  [done 10, left 1342]
2026-07-08 01:16:41  base 4620 throttled -> cooldown 1800s, rotated (Japanese Continuers/Y12-HSC/2001 Listening Transcript.pdf, hit 1)
2026-07-08 01:17:36  OK Maths Advanced/Y11-Yearly/Caringbah 2016 w. sol.pdf (1050 KB)  [done 11, left 1341]
2026-07-08 01:18:04  base 5330 throttled -> cooldown 1800s, rotated (Maths Extension 1/Y12-HSC/2002 Marking Guidelines.pdf, hit 1)
2026-07-08 01:18:37  OK Earth & Environmental Science/Y12-Trial/Fort St 2025 w. sol.pdf (3691 KB)  [done 12, left 1340]
2026-07-08 01:19:55  net-error base 5318: HTTP Error 404: Not Found (cooldown 120s, rotated hit 1)
2026-07-08 01:20:35  OK Maths Advanced/Y11-Yearly/Caringbah 2017 w. sol.pdf (189 KB)  [done 13, left 1339]
2026-07-08 01:21:33  net-error base 6520: HTTP Error 404: Not Found (cooldown 120s, rotated hit 1)
2026-07-08 01:22:01  base 1820 throttled -> cooldown 1800s, rotated (Chemistry/Y12-HSC/2001 Marking Guidelines.pdf, hit 1)
2026-07-08 01:22:31  OK Earth & Environmental Science/Y12-Trial/Pymble 2004.pdf (1199 KB)  [done 14, left 1338]
2026-07-08 01:23:03  OK Maths Standard 2/Y12-Trial/Hunters Hill 2023 w. sol.pdf (2162 KB)  [done 15, left 1337]
2026-07-08 01:23:31  base 1370 throttled -> cooldown 1800s, rotated (Biology/Y12-HSC/2001 Marking Guidelines.pdf, hit 1)
2026-07-08 01:23:59  base 4078 throttled -> cooldown 1800s, rotated (Investigating Science/Y12-Trial/Fort St 2025 w. sol.pdf, hit 1)
2026-07-08 01:24:56  net-error base 6520: HTTP Error 404: Not Found (cooldown 120s, rotated hit 1)
2026-07-08 01:25:56  net-error base 5228: HTTP Error 404: Not Found (cooldown 120s, rotated hit 1)
2026-07-08 01:27:06  net-error base 2428: HTTP Error 404: Not Found (cooldown 120s, rotated hit 1)
2026-07-08 01:28:04  net-error base 6520: HTTP Error 404: Not Found (cooldown 120s, rotated hit 1)
2026-07-08 01:28:35  OK Maths Standard 2/Y12-HSC/2002 HSC.pdf (189 KB)  [done 16, left 1336]
2026-07-08 01:29:02  base 4630 throttled -> cooldown 1800s, rotated (Japanese Extension/Y12-HSC/2001 HSC (Oral Exam).pdf, hit 1)
2026-07-08 01:29:36  OK Maths Advanced/Y11-Yearly/Caringbah 2020 w. sol.pdf (3268 KB)  [done 17, left 1335]
2026-07-08 01:30:04  base 2470 throttled -> cooldown 1800s, rotated (Economics/Y12-HSC/2002 HSC.pdf, hit 1)
2026-07-08 01:30:31  base 5020 throttled -> cooldown 1800s, rotated (Legal Studies/Y12-HSC/2002 HSC.pdf, hit 1)
2026-07-08 01:31:05  OK Maths Standard 2/Y12-Trial/Hunters Hill 2024 w. sol.pdf (2348 KB)  [done 18, left 1334]
2026-07-08 01:31:41  net-error base 5340: HTTP Error 404: Not Found (cooldown 120s, rotated hit 1)
2026-07-08 01:32:10  base 6520 throttled -> cooldown 1800s, rotated (Physics/Y12-HSC/2017 Marking Guidelines.pdf, hit 1)
2026-07-08 01:32:39  base 5310 throttled -> cooldown 1800s, rotated (Maths Standard 2/Y12-HSC/2002 Marking Guidelines.pdf, hit 1)
2026-07-08 01:33:07  base 2420 throttled -> cooldown 1800s, rotated (Earth & Environmental Science/Y12-HSC/2002 Marking Guidelines.pdf, hit 1)
2026-07-08 01:33:36  OK Earth & Environmental Science/Y12-Trial/Pymble 2006.pdf (355 KB)  [done 19, left 1333]
2026-07-08 01:34:05  OK Maths Advanced/Y11-Yearly/Cheltenham Girls 2009 w. sol.pdf (177 KB)  [done 20, left 1332]
2026-07-08 01:34:33  base 5340 throttled -> cooldown 1800s, rotated (Maths Extension 2/Y12-HSC/2003 Marking Guidelines.pdf, hit 1)
2026-07-08 01:35:04  OK Maths Standard 2/Y12-Trial/Hunters Hill 2025 w. sol.pdf (1528 KB)  [done 21, left 1331]
2026-07-08 01:36:16  OK Earth & Environmental Science/Y12-Trial/Sydney Grammar 2024.pdf (3796 KB)  [done 22, left 1330]
2026-07-08 01:36:44  OK Maths Advanced/Y11-Yearly/Cheltenham Girls 2010 w. sol.pdf (72 KB)  [done 23, left 1329]
2026-07-08 01:37:45  OK Maths Standard 2/Y12-Trial/Hurlstone 2020 w. sol.pdf (4135 KB)  [done 24, left 1328]
2026-07-08 01:38:49  base 2428 throttled -> cooldown 1800s, rotated (Earth & Environmental Science/Y12-Trial/Cranbrook 2019.pdf, hit 2)
2026-07-08 01:39:42  OK Maths Advanced/Y11-Yearly/Cherrybrook Tech 2007.pdf (2105 KB)  [done 25, left 1327]
2026-07-08 01:40:25  net-error base 2720: HTTP Error 404: Not Found (cooldown 120s, rotated hit 1)
2026-07-08 01:41:39  net-error base 5318: HTTP Error 404: Not Found (cooldown 120s, rotated hit 1)
2026-07-08 01:42:07  base 1170 throttled -> cooldown 1800s, rotated (Ancient History/Y12-HSC/2002 HSC.pdf, hit 1)
2026-07-08 01:42:34  base 1570 throttled -> cooldown 1800s, rotated (Business Studies/Y12-HSC/2002 HSC.pdf, hit 1)
2026-07-08 01:43:04  OK Maths Advanced/Y12-HSC/2003 HSC.pdf (194 KB)  [done 26, left 1326]
2026-07-08 01:43:33  base 2720 throttled -> cooldown 1800s, rotated (English/Y12-HSC/2001 Marking Guidelines.pdf, hit 1)
2026-07-08 01:44:04  base 2670 throttled -> cooldown 1800s, rotated (Engineering Studies/Y12-HSC/2002 HSC.pdf, hit 1)
2026-07-08 01:45:14  OK Maths Advanced/Y11-Yearly/Cherrybrook Tech 2016 w. sol.pdf (990 KB)  [done 27, left 1325]
2026-07-08 01:45:53  OK Maths Standard 2/Y12-Trial/Hurlstone 2023 w. sol.pdf (3571 KB)  [done 28, left 1324]
2026-07-08 01:46:21  base 5520 throttled -> cooldown 1800s, rotated (Modern History/Y12-HSC/2002 HSC.pdf, hit 1)
2026-07-08 01:46:52  base 5320 throttled -> cooldown 1800s, rotated (Maths Advanced/Y12-HSC/2003 Marking Guidelines.pdf, hit 1)
2026-07-08 01:47:22  base 4620 throttled -> cooldown 1800s, rotated (Japanese Continuers/Y12-HSC/2001 Marking Guidelines.pdf, hit 1)
2026-07-08 01:48:04  net-error base 5228: HTTP Error 404: Not Found (cooldown 120s, rotated hit 1)
2026-07-08 01:49:01  net-error base 5318: HTTP Error 404: Not Found (cooldown 120s, rotated hit 1)
2026-07-08 01:49:55  OK Maths Extension 1/Y12-HSC/2003 HSC.pdf (88 KB)  [done 29, left 1323]
2026-07-08 01:50:42  OK Maths Advanced/Y11-Yearly/Cherrybrook Tech 2018 w. sol.pdf (2351 KB)  [done 30, left 1322]
2026-07-08 01:51:16  OK Maths Standard 2/Y12-Trial/Hurlstone 2025 w. sol.pdf (2608 KB)  [done 31, left 1321]
2026-07-08 01:52:04  base 1820 throttled -> cooldown 1800s, rotated (Chemistry/Y12-HSC/2002 HSC.pdf, hit 1)
2026-07-08 01:53:03  base 5330 throttled -> cooldown 1800s, rotated (Maths Extension 1/Y12-HSC/2003 Marking Guidelines.pdf, hit 1)
2026-07-08 01:53:55  net-error base 5228: HTTP Error 404: Not Found (cooldown 120s, rotated hit 1)
2026-07-08 01:54:53  net-error base 1370: HTTP Error 404: Not Found (cooldown 120s, rotated hit 1)
2026-07-08 01:55:23  OK Investigating Science/Y12-Trial/Pymble 2019.pdf (941 KB)  [done 32, left 1320]
2026-07-08 01:55:52  OK Maths Standard 2/Y12-Trial/Kambala 2019 w. sol.pdf (171 KB)  [done 33, left 1319]
2026-07-08 01:56:33  OK Maths Advanced/Y11-Yearly/Cherrybrook Tech 2020 w. sol.pdf (6308 KB)  [done 34, left 1318]
2026-07-08 01:57:01  base 1370 throttled -> cooldown 1800s, rotated (Biology/Y12-HSC/2002 Marking Guidelines.pdf, hit 1)
2026-07-08 01:58:29  net-error base 4078: HTTP Error 404: Not Found (cooldown 120s, rotated hit 1)
2026-07-08 01:59:56  OK Maths Standard 2/Y12-Trial/Kambala 2020 w. sol.pdf (256 KB)  [done 35, left 1317]
2026-07-08 02:01:10  net-error base 4630: HTTP Error 404: Not Found (cooldown 120s, rotated hit 1)
2026-07-08 02:02:25  net-error base 5228: HTTP Error 404: Not Found (cooldown 120s, rotated hit 1)
2026-07-08 02:02:54  OK Maths Standard 2/Y12-HSC/2003 HSC.pdf (246 KB)  [done 36, left 1316]
2026-07-08 02:03:27  OK Investigating Science/Y12-Trial/SSC Blackwattle Bay 2020 w. sol.pdf (1839 KB)  [done 37, left 1315]
2026-07-08 02:03:54  base 2470 throttled -> cooldown 1800s, rotated (Economics/Y12-HSC/2002 Marking Guidelines.pdf, hit 1)
2026-07-08 02:04:22  base 2420 throttled -> cooldown 1800s, rotated (Earth & Environmental Science/Y12-HSC/2003 HSC.pdf, hit 1)
2026-07-08 02:04:50  base 4630 throttled -> cooldown 1800s, rotated (Japanese Extension/Y12-HSC/2002 HSC (Written Exam).pdf, hit 1)
2026-07-08 02:05:17  base 5020 throttled -> cooldown 1800s, rotated (Legal Studies/Y12-HSC/2002 Marking Guidelines.pdf, hit 1)
2026-07-08 02:05:49  OK Maths Advanced/Y11-Yearly/Cherrybrook Tech 2022 w. sol.pdf (1787 KB)  [done 38, left 1314]
2026-07-08 02:06:23  base 5310 throttled -> cooldown 1800s, rotated (Maths Standard 2/Y12-HSC/2003 Marking Guidelines.pdf, hit 1)
2026-07-08 02:06:57  OK Maths Standard 2/Y12-Trial/Kambala 2021 w. sol.pdf (3526 KB)  [done 39, left 1313]
2026-07-08 02:07:26  OK Maths Extension 2/Y12-HSC/2004 HSC.pdf (88 KB)  [done 40, left 1312]
2026-07-08 02:07:59  OK Investigating Science/Y12-Trial/SSC Blackwattle Bay 2023 w. sol.pdf (1804 KB)  [done 41, left 1311]
2026-07-08 02:08:28  OK Maths Advanced/Y11-Yearly/Cranbrook 2008 w. sol.pdf (677 KB)  [done 42, left 1310]
2026-07-08 02:09:07  net-error base 2428: HTTP Error 404: Not Found (cooldown 120s, rotated hit 2)
2026-07-08 02:09:37  base 6520 throttled -> cooldown 1800s, rotated (Physics/Y12-HSC/2018 HSC.pdf, hit 1)
2026-07-08 02:10:42  base 5340 throttled -> cooldown 1800s, rotated (Maths Extension 2/Y12-HSC/2004 Marking Guidelines.pdf, hit 1)
2026-07-08 02:11:38  OK Maths Standard 2/Y12-Trial/Kambala 2022 w. sol.pdf (204 KB)  [done 43, left 1309]
2026-07-08 02:12:08  OK Investigating Science/Y12-Trial/Pymble 2006.pdf (409 KB)  [done 44, left 1308]
2026-07-08 02:12:38  OK Maths Advanced/Y11-Yearly/Cranbrook 2009 w. sol.pdf (380 KB)  [done 45, left 1307]
2026-07-08 02:13:05  base 1570 throttled -> cooldown 1800s, rotated (Business Studies/Y12-HSC/2002 Marking Guidelines.pdf, hit 1)
2026-07-08 02:13:43  base 1170 throttled -> cooldown 1800s, rotated (Ancient History/Y12-HSC/2002 Marking Guidelines.pdf, hit 1)
2026-07-08 02:14:41  base 2720 throttled -> cooldown 1800s, rotated (English/Y12-HSC/2002 HSC Paper 1.pdf, hit 1)
2026-07-08 02:15:09  base 2670 throttled -> cooldown 1800s, rotated (Engineering Studies/Y12-HSC/2002 Marking Guidelines.pdf, hit 1)
2026-07-08 02:15:52  OK Investigating Science/Y12-Trial/Pymble 2007.pdf (188 KB)  [done 46, left 1306]
2026-07-08 02:16:39  OK Maths Advanced/Y11-Yearly/Cranbrook 2010 w. sol.pdf (1166 KB)  [done 47, left 1305]
2026-07-08 02:17:08  OK Maths Standard 2/Y12-Trial/Kambala 2023 w. sol.pdf (210 KB)  [done 48, left 1304]
2026-07-08 02:17:35  base 5520 throttled -> cooldown 1800s, rotated (Modern History/Y12-HSC/2002 Marking Guidelines.pdf, hit 1)
2026-07-08 02:18:03  OK Maths Advanced/Y12-HSC/2004 HSC.pdf (85 KB)  [done 49, left 1303]
2026-07-08 02:19:22  net-error base 4078: HTTP Error 404: Not Found (cooldown 120s, rotated hit 1)
2026-07-08 02:21:26  OK Maths Standard 2/Y12-Trial/Killara 2022 w. sol.pdf (1778 KB)  [done 50, left 1302]
2026-07-08 02:21:56  OK Investigating Science/Y12-Trial/Pymble 2014 w. sol.pdf (1039 KB)  [done 51, left 1301]
2026-07-08 02:22:31  base 4620 throttled -> cooldown 1800s, rotated (Japanese Continuers/Y12-HSC/2002 HSC.pdf, hit 1)
2026-07-08 02:23:32  base 5320 throttled -> cooldown 1800s, rotated (Maths Advanced/Y12-HSC/2004 Marking Guidelines.pdf, hit 1)
2026-07-08 02:24:03  OK Maths Advanced/Y11-Yearly/Cranbrook 2017 w. sol.pdf (2118 KB)  [done 52, left 1300]
2026-07-08 02:24:31  base 1820 throttled -> cooldown 1800s, rotated (Chemistry/Y12-HSC/2002 Marking Guidelines.pdf, hit 1)
2026-07-08 02:24:59  base 4078 throttled -> cooldown 1800s, rotated (Investigating Science/Y12-Trial/Fort St 2023 w. sol.pdf, hit 2)
2026-07-08 02:25:27  OK Maths Extension 1/Y12-HSC/2004 HSC.pdf (61 KB)  [done 53, left 1299]
2026-07-08 02:25:55  base 2428 throttled -> cooldown 1800s, rotated (Earth & Environmental Science/Y12-Trial/Cranbrook 2019.pdf, hit 3)
2026-07-08 02:26:30  OK Maths Standard 2/Y12-Trial/Killara 2023 w. sol.pdf (3734 KB)  [done 54, left 1298]
2026-07-08 02:27:00  OK Maths Advanced/Y11-Yearly/Epping Boys 2012 w. sol.pdf (390 KB)  [done 55, left 1297]
2026-07-08 02:27:28  base 1370 throttled -> cooldown 1800s, rotated (Biology/Y12-HSC/2003 HSC.pdf, hit 1)
2026-07-08 02:28:00  base 5330 throttled -> cooldown 1800s, rotated (Maths Extension 1/Y12-HSC/2004 Marking Guidelines.pdf, hit 1)
2026-07-08 02:29:10  OK Maths Standard 2/Y12-Trial/Killara 2024 w. sol.pdf (3606 KB)  [done 56, left 1296]
2026-07-08 02:29:41  OK Maths Advanced/Y11-Yearly/Fort St 2011 w. sol.pdf (1182 KB)  [done 57, left 1295]
2026-07-08 02:32:26  net-error base 5318: HTTP Error 404: Not Found (cooldown 120s, rotated hit 1)
2026-07-08 02:33:26  net-error base 5228: HTTP Error 404: Not Found (cooldown 120s, rotated hit 1)
2026-07-08 02:34:30  net-error base 2470: HTTP Error 404: Not Found (cooldown 120s, rotated hit 1)
2026-07-08 02:35:08  base 4630 throttled -> cooldown 1800s, rotated (Japanese Extension/Y12-HSC/2002 HSC (Oral Exam).pdf, hit 1)
2026-07-08 02:36:57  net-error base 5228: HTTP Error 404: Not Found (cooldown 120s, rotated hit 1)
2026-07-08 02:37:32  base 2420 throttled -> cooldown 1800s, rotated (Earth & Environmental Science/Y12-HSC/2003 Marking Guidelines.pdf, hit 1)
2026-07-08 02:38:02  base 2470 throttled -> cooldown 1800s, rotated (Economics/Y12-HSC/2003 Marking Guidelines.pdf, hit 1)
2026-07-08 02:39:04  net-error base 5310: HTTP Error 404: Not Found (cooldown 120s, rotated hit 1)
2026-07-08 02:39:44  OK Maths Standard 2/Y12-Trial/Knox 2022 w. sol.pdf (10916 KB)  [done 58, left 1294]
2026-07-08 02:40:12  base 5020 throttled -> cooldown 1800s, rotated (Legal Studies/Y12-HSC/2003 HSC.pdf, hit 1)
2026-07-08 02:40:43  OK Maths Advanced/Y11-Yearly/Fort St 2021 w. sol.pdf (915 KB)  [done 59, left 1293]
2026-07-08 02:41:10  base 5310 throttled -> cooldown 1800s, rotated (Maths Standard 2/Y12-HSC/2004 Marking Guidelines.pdf, hit 1)
2026-07-08 02:41:38  base 6520 throttled -> cooldown 1800s, rotated (Physics/Y12-HSC/2018 Marking Guidelines.pdf, hit 1)
2026-07-08 02:42:06  OK Maths Extension 2/Y12-HSC/2005 HSC.pdf (103 KB)  [done 60, left 1292]
2026-07-08 02:42:54  OK Maths Standard 2/Y12-Trial/Knox 2023 w. sol.pdf (11712 KB)  [done 61, left 1291]
2026-07-08 02:43:22  base 1570 throttled -> cooldown 1800s, rotated (Business Studies/Y12-HSC/2003 HSC.pdf, hit 1)
2026-07-08 02:43:52  OK Maths Advanced/Y11-Yearly/Fort St 2022 w. sol.pdf (715 KB)  [done 62, left 1290]
2026-07-08 02:44:20  base 1170 throttled -> cooldown 1800s, rotated (Ancient History/Y12-HSC/2003 HSC.pdf, hit 1)
2026-07-08 02:44:48  base 2720 throttled -> cooldown 1800s, rotated (English/Y12-HSC/2002 HSC Paper 2 (Advanced).pdf, hit 1)
2026-07-08 02:46:13  net-error base 2670: HTTP Error 404: Not Found (cooldown 120s, rotated hit 1)
2026-07-08 02:47:02  net-error base 5318: HTTP Error 404: Not Found (cooldown 120s, rotated hit 1)
2026-07-08 02:48:07  net-error base 5340: HTTP Error 404: Not Found (cooldown 120s, rotated hit 1)
2026-07-08 02:48:36  OK Maths Advanced/Y11-Yearly/Girraween 2005 w. sol.pdf (345 KB)  [done 63, left 1289]
2026-07-08 02:49:04  base 5520 throttled -> cooldown 1800s, rotated (Modern History/Y12-HSC/2003 HSC.pdf, hit 1)
2026-07-08 02:50:42  net-error base 5318: HTTP Error 404: Not Found (cooldown 120s, rotated hit 1)
2026-07-08 02:51:20  OK Maths Advanced/Y11-Yearly/Girraween 2006 w. sol.pdf (283 KB)  [done 64, left 1288]
2026-07-08 02:52:21  net-error base 5340: HTTP Error 404: Not Found (cooldown 120s, rotated hit 1)
2026-07-08 02:52:57  base 4620 throttled -> cooldown 1800s, rotated (Japanese Continuers/Y12-HSC/2002 Marking Guidelines.pdf, hit 1)
2026-07-08 02:54:05  net-error base 5318: HTTP Error 404: Not Found (cooldown 120s, rotated hit 1)
2026-07-08 02:54:42  net-error base 5228: HTTP Error 404: Not Found (cooldown 120s, rotated hit 1)
2026-07-08 02:55:16  net-error base 1820: HTTP Error 404: Not Found (cooldown 120s, rotated hit 1)
2026-07-08 02:55:45  base 4078 throttled -> cooldown 1800s, rotated (Investigating Science/Y12-Trial/Fort St 2024 w. sol.pdf, hit 2)
2026-07-08 02:56:45  base 2670 throttled -> cooldown 1800s, rotated (Engineering Studies/Y12-HSC/2003 Marking Guidelines.pdf, hit 1)
2026-07-08 02:57:16  OK Maths Advanced/Y12-HSC/2005 HSC.pdf (93 KB)  [done 65, left 1287]
2026-07-08 02:57:58  net-error base 5228: HTTP Error 404: Not Found (cooldown 120s, rotated hit 1)
2026-07-08 02:58:34  OK Maths Standard 2/Y12-Trial/Manly 2022 w. sol.pdf (1651 KB)  [done 66, left 1286]
2026-07-08 02:59:06  base 1820 throttled -> cooldown 1800s, rotated (Chemistry/Y12-HSC/2003 Marking Guidelines.pdf, hit 1)
2026-07-08 02:59:33  base 5340 throttled -> cooldown 1800s, rotated (Maths Extension 2/Y12-HSC/2006 Marking Guidelines.pdf, hit 1)
2026-07-08 03:00:01  base 5320 throttled -> cooldown 1800s, rotated (Maths Advanced/Y12-HSC/2005 Marking Guidelines.pdf, hit 1)
2026-07-08 03:01:35  net-error base 2428: HTTP Error 404: Not Found (cooldown 120s, rotated hit 3)
2026-07-08 03:02:27  net-error base 5330: HTTP Error 404: Not Found (cooldown 120s, rotated hit 1)
2026-07-08 03:03:44  net-error base 5318: HTTP Error 404: Not Found (cooldown 120s, rotated hit 1)
2026-07-08 03:04:12  base 2428 throttled -> cooldown 1800s, rotated (Earth & Environmental Science/Y12-Trial/Cranbrook 2019.pdf, hit 4)
2026-07-08 03:04:39  base 5330 throttled -> cooldown 1800s, rotated (Maths Extension 1/Y12-HSC/2005 Marking Guidelines.pdf, hit 1)
2026-07-08 03:05:23  OK Maths Advanced/Y11-Yearly/Girraween 2009 w. sol.pdf (288 KB)  [done 67, left 1285]
2026-07-08 03:06:21  net-error base 4630: HTTP Error 404: Not Found (cooldown 120s, rotated hit 1)
2026-07-08 03:07:48  net-error base 5318: HTTP Error 404: Not Found (cooldown 120s, rotated hit 1)
2026-07-08 03:08:48  net-error base 2470: HTTP Error 404: Not Found (cooldown 120s, rotated hit 1)
2026-07-08 03:10:13  net-error base 5228: HTTP Error 404: Not Found (cooldown 120s, rotated hit 1)
2026-07-08 03:10:40  base 1370 throttled -> cooldown 1800s, rotated (Biology/Y12-HSC/2003 Marking Guidelines.pdf, hit 1)
2026-07-08 03:11:08  base 2470 throttled -> cooldown 1800s, rotated (Economics/Y12-HSC/2004 Marking Guidelines.pdf, hit 1)
2026-07-08 03:11:36  base 5020 throttled -> cooldown 1800s, rotated (Legal Studies/Y12-HSC/2003 Marking Guidelines.pdf, hit 1)
2026-07-08 03:12:04  base 4630 throttled -> cooldown 1800s, rotated (Japanese Extension/Y12-HSC/2003 HSC (Written Exam).pdf, hit 1)
2026-07-08 03:12:38  OK Maths Advanced/Y11-Yearly/Girraween 2020 w. sol.pdf (4335 KB)  [done 68, left 1284]
2026-07-08 03:13:20  OK Maths Standard 2/Y12-Trial/Merewether 2020 w. sol.pdf (4215 KB)  [done 69, left 1283]
2026-07-08 03:13:48  OK Earth & Environmental Science/Y12-HSC/2004 HSC.pdf (172 KB)  [done 70, left 1282]
2026-07-08 03:14:17  OK Maths Standard 2/Y12-HSC/2005 HSC.pdf (107 KB)  [done 71, left 1281]
2026-07-08 03:14:44  base 1570 throttled -> cooldown 1800s, rotated (Business Studies/Y12-HSC/2003 Marking Guidelines.pdf, hit 1)
2026-07-08 03:15:12  base 2720 throttled -> cooldown 1800s, rotated (English/Y12-HSC/2002 HSC Paper 2 (Standard).pdf, hit 1)
2026-07-08 03:15:40  base 6520 throttled -> cooldown 1800s, rotated (Physics/Y12-HSC/2013 Marking Guidelines.pdf, hit 2)
2026-07-08 03:16:07  base 1170 throttled -> cooldown 1800s, rotated (Ancient History/Y12-HSC/2003 Marking Guidelines.pdf, hit 1)
2026-07-08 03:16:39  OK Maths Advanced/Y11-Yearly/Girraween 2021 w. sol.pdf (874 KB)  [done 72, left 1280]
2026-07-08 03:17:11  OK Maths Standard 2/Y12-Trial/Merewether 2021 w. sol.pdf (1317 KB)  [done 73, left 1279]
2026-07-08 03:17:41  base 2420 throttled -> cooldown 1800s, rotated (Earth & Environmental Science/Y12-HSC/2004 Marking Guidelines.pdf, hit 1)
2026-07-08 03:18:09  base 5310 throttled -> cooldown 1800s, rotated (Maths Standard 2/Y12-HSC/2005 Marking Guidelines.pdf, hit 1)
2026-07-08 03:19:16  base 5520 throttled -> cooldown 1800s, rotated (Modern History/Y12-HSC/2003 Marking Guidelines.pdf, hit 1)
2026-07-08 03:20:00  OK Maths Advanced/Y11-Yearly/Girraween 2022 w. sol.pdf (7987 KB)  [done 74, left 1278]
2026-07-08 03:20:48  OK Maths Standard 2/Y12-Trial/Merewether 2022 w. sol.pdf (10506 KB)  [done 75, left 1277]
2026-07-08 03:22:39  OK Maths Advanced/Y11-Yearly/Girraween 2023 w. sol.pdf (3555 KB)  [done 76, left 1276]
2026-07-08 03:23:06  base 4620 throttled -> cooldown 1800s, rotated (Japanese Continuers/Y12-HSC/2003 HSC.pdf, hit 1)
2026-07-08 03:23:37  OK Maths Standard 2/Y12-Trial/Merewether 2023 w. sol.pdf (2209 KB)  [done 77, left 1275]
2026-07-08 03:25:44  net-error base 5228: HTTP Error 404: Not Found (cooldown 120s, rotated hit 1)
2026-07-08 03:26:43  OK Maths Standard 2/Y12-Trial/Merewether 2024 w. sol.pdf (9102 KB)  [done 78, left 1274]
2026-07-08 03:27:11  base 4078 throttled -> cooldown 1800s, rotated (Investigating Science/Y12-Trial/Fort St 2025 w. sol.pdf, hit 2)
2026-07-08 03:27:40  OK Engineering Studies/Y12-HSC/2004 HSC.pdf (172 KB)  [done 79, left 1273]
2026-07-08 03:28:09  OK Maths Advanced/Y11-Yearly/Gosford 2008 w. sol.pdf (130 KB)  [done 80, left 1272]
2026-07-08 03:29:25  OK Chemistry/Y12-HSC/2004 HSC.pdf (172 KB)  [done 81, left 1271]
2026-07-08 03:30:00  OK Maths Extension 2/Y12-HSC/2007 HSC.pdf (139 KB)  [done 82, left 1270]
2026-07-08 03:30:28  base 2670 throttled -> cooldown 1800s, rotated (Engineering Studies/Y12-HSC/2004 Marking Guidelines.pdf, hit 1)
2026-07-08 03:30:59  OK Maths Advanced/Y12-HSC/2006 HSC.pdf (750 KB)  [done 83, left 1269]
2026-07-08 03:31:28  OK Maths Advanced/Y11-Yearly/Gosford 2009 w. sol.pdf (292 KB)  [done 84, left 1268]
2026-07-08 03:32:02  OK Maths Standard 2/Y12-Trial/Newington 2021 w. sol.pdf (3961 KB)  [done 85, left 1267]
2026-07-08 03:32:29  base 1820 throttled -> cooldown 1800s, rotated (Chemistry/Y12-HSC/2004 Marking Guidelines.pdf, hit 1)
2026-07-08 03:32:57  base 5340 throttled -> cooldown 1800s, rotated (Maths Extension 2/Y12-HSC/2007 Marking Guidelines.pdf, hit 1)
2026-07-08 03:33:34  base 5320 throttled -> cooldown 1800s, rotated (Maths Advanced/Y12-HSC/2006 Marking Guidelines.pdf, hit 1)
2026-07-08 03:34:06  OK Maths Advanced/Y11-Yearly/Gosford 2010 w. sol.pdf (267 KB)  [done 86, left 1266]
2026-07-08 03:34:51  OK Earth & Environmental Science/Y12-Trial/Pymble 2005.pdf (232 KB)  [done 87, left 1265]
2026-07-08 03:35:29  OK Maths Standard 2/Y12-Trial/Pymble 2019 w. sol.pdf (5280 KB)  [done 88, left 1264]
2026-07-08 03:36:00  OK Maths Extension 1/Y12-HSC/2006 HSC.pdf (1104 KB)  [done 89, left 1263]
2026-07-08 03:36:39  OK Maths Advanced/Y11-Yearly/Gosford 2011 w. sol.pdf (299 KB)  [done 90, left 1262]
2026-07-08 03:37:24  base 2428 throttled -> cooldown 1800s, rotated (Earth & Environmental Science/Y12-Trial/Cranbrook 2019.pdf, hit 5)
2026-07-08 03:38:07  OK Maths Standard 2/Y12-Trial/Pymble 2020.pdf (1819 KB)  [done 91, left 1261]
2026-07-08 03:38:35  base 5330 throttled -> cooldown 1800s, rotated (Maths Extension 1/Y12-HSC/2006 Marking Guidelines.pdf, hit 1)
2026-07-08 03:39:13  OK Maths Advanced/Y11-Yearly/Gosford 2012 w. sol.pdf (213 KB)  [done 92, left 1260]
2026-07-08 03:40:48  OK Maths Standard 2/Y12-Trial/Pymble 2022 w. sol.pdf (4371 KB)  [done 93, left 1259]
2026-07-08 03:41:15  base 2470 throttled -> cooldown 1800s, rotated (Economics/Y12-HSC/2005 HSC.pdf, hit 1)
2026-07-08 03:41:44  OK Biology/Y12-HSC/2004 HSC.pdf (172 KB)  [done 94, left 1258]
2026-07-08 03:42:15  OK Maths Advanced/Y11-Yearly/Gosford 2019 w. sol.pdf (2077 KB)  [done 95, left 1257]
2026-07-08 03:42:44  OK Legal Studies/Y12-HSC/2004 HSC.pdf (172 KB)  [done 96, left 1256]
2026-07-08 03:43:11  base 4630 throttled -> cooldown 1800s, rotated (Japanese Extension/Y12-HSC/2003 HSC (Oral Exam).pdf, hit 1)
2026-07-08 03:43:55  OK Maths Standard 2/Y12-Trial/Pymble 2023 w. sol.pdf (8763 KB)  [done 97, left 1255]
2026-07-08 03:45:01  base 1370 throttled -> cooldown 1800s, rotated (Biology/Y12-HSC/2004 Marking Guidelines.pdf, hit 1)
2026-07-08 03:45:30  OK Business Studies/Y12-HSC/2004 HSC.pdf (172 KB)  [done 98, left 1254]
2026-07-08 03:45:57  base 5020 throttled -> cooldown 1800s, rotated (Legal Studies/Y12-HSC/2004 Marking Guidelines.pdf, hit 1)
2026-07-08 03:46:32  OK Maths Advanced/Y11-Yearly/Gosford 2023.pdf (3913 KB)  [done 99, left 1253]
2026-07-08 03:46:59  base 2720 throttled -> cooldown 1800s, rotated (English/Y12-HSC/2002 Marking Guidelines.pdf, hit 1)
2026-07-08 03:47:27  base 6520 throttled -> cooldown 1800s, rotated (Physics/Y12-HSC/2016 HSC.pdf, hit 2)
2026-07-08 03:47:56  OK Ancient History/Y12-HSC/2004 HSC.pdf (172 KB)  [done 100, left 1252]
2026-07-08 03:48:25  OK Maths Standard 2/Y12-HSC/2006 HSC.pdf (118 KB)  [done 101, left 1251]
2026-07-08 03:48:56  OK Maths Standard 2/Y12-Trial/Pymble 2024.pdf (1242 KB)  [done 102, left 1250]
2026-07-08 03:49:24  base 2420 throttled -> cooldown 1800s, rotated (Earth & Environmental Science/Y12-HSC/2005 HSC.pdf, hit 1)
2026-07-08 03:49:52  OK Modern History/Y12-HSC/2004 HSC.pdf (172 KB)  [done 103, left 1249]
2026-07-08 03:50:26  OK Maths Advanced/Y11-Yearly/Gosford 2024.pdf (2467 KB)  [done 104, left 1248]
2026-07-08 03:50:53  base 1570 throttled -> cooldown 1800s, rotated (Business Studies/Y12-HSC/2004 Marking Guidelines.pdf, hit 1)
2026-07-08 03:51:21  base 5310 throttled -> cooldown 1800s, rotated (Maths Standard 2/Y12-HSC/2006 Marking Guidelines.pdf, hit 1)
2026-07-08 03:51:48  base 1170 throttled -> cooldown 1800s, rotated (Ancient History/Y12-HSC/2004 Marking Guidelines.pdf, hit 1)
2026-07-08 03:52:25  OK Maths Standard 2/Y12-Trial/Riverview 2025 w. sol.pdf (4660 KB)  [done 105, left 1247]
2026-07-08 03:53:03  base 5520 throttled -> cooldown 1800s, rotated (Modern History/Y12-HSC/2004 Marking Guidelines.pdf, hit 1)
2026-07-08 03:53:41  OK Maths Advanced/Y11-Yearly/Hornsby Girls 2004 w. sol.pdf (3950 KB)  [done 106, left 1246]
2026-07-08 03:54:09  base 4620 throttled -> cooldown 1800s, rotated (Japanese Continuers/Y12-HSC/2003 Marking Guidelines.pdf, hit 1)
2026-07-08 03:55:02  OK Maths Standard 2/Y12-Trial/Shore 2019 w. sol.pdf (2402 KB)  [done 107, left 1245]
2026-07-08 03:56:35  OK Maths Advanced/Y11-Yearly/Hornsby Girls 2006 w. sol.pdf (3157 KB)  [done 108, left 1244]
2026-07-08 03:57:17  OK Investigating Science/Y12-Trial/Pymble 2022.pdf (1231 KB)  [done 109, left 1243]
2026-07-08 03:57:51  OK Maths Standard 2/Y12-Trial/Shore 2020 w. sol.pdf (4013 KB)  [done 110, left 1242]
2026-07-08 03:59:58  OK Maths Advanced/Y11-Yearly/Hornsby Girls 2019 w. sol.pdf (1359 KB)  [done 111, left 1241]
2026-07-08 04:00:28  OK Investigating Science/Y12-Trial/Pymble 2013 w. sol.pdf (388 KB)  [done 112, left 1240]
2026-07-08 04:02:12  net-error base 5318: HTTP Error 404: Not Found (cooldown 120s, rotated hit 1)
2026-07-08 04:03:30  net-error base 5228: HTTP Error 404: Not Found (cooldown 120s, rotated hit 1)
2026-07-08 04:04:29  net-error base 5320: HTTP Error 404: Not Found (cooldown 120s, rotated hit 1)
2026-07-08 04:05:31  OK Maths Extension 2/Y12-HSC/2008 HSC.pdf (223 KB)  [done 113, left 1239]
2026-07-08 04:05:59  base 1820 throttled -> cooldown 1800s, rotated (Chemistry/Y12-HSC/2005 HSC.pdf, hit 1)
2026-07-08 04:06:26  base 4078 throttled -> cooldown 1800s, rotated (Investigating Science/Y12-Trial/Fort St 2023 w. sol.pdf, hit 3)
2026-07-08 04:06:54  base 5320 throttled -> cooldown 1800s, rotated (Maths Advanced/Y12-HSC/2007 Marking Guidelines.pdf, hit 1)
2026-07-08 04:07:29  OK Maths Advanced/Y11-Yearly/Hornsby Girls 2021 w. sol.pdf (2355 KB)  [done 114, left 1238]
2026-07-08 04:07:56  base 2428 throttled -> cooldown 1800s, rotated (Earth & Environmental Science/Y12-Trial/Cranbrook 2019.pdf, hit 6)
2026-07-08 04:08:24  base 2670 throttled -> cooldown 1800s, rotated (Engineering Studies/Y12-HSC/2005 HSC.pdf, hit 1)
2026-07-08 04:08:52  OK Maths Extension 1/Y12-HSC/2007 HSC.pdf (88 KB)  [done 115, left 1237]
2026-07-08 04:09:20  base 5340 throttled -> cooldown 1800s, rotated (Maths Extension 2/Y12-HSC/2008 Marking Guidelines.pdf, hit 1)
2026-07-08 04:09:50  OK Maths Standard 2/Y12-Trial/Shore 2022.pdf (691 KB)  [done 116, left 1236]
2026-07-08 04:10:20  OK Maths Advanced/Y11-Yearly/Hornsby Girls 2022.pdf (627 KB)  [done 117, left 1235]
2026-07-08 04:11:18  base 2470 throttled -> cooldown 1800s, rotated (Economics/Y12-HSC/2005 Marking Guidelines.pdf, hit 1)
2026-07-08 04:11:45  base 5330 throttled -> cooldown 1800s, rotated (Maths Extension 1/Y12-HSC/2007 Marking Guidelines.pdf, hit 1)
2026-07-08 04:12:33  OK Maths Standard 2/Y12-Trial/Shore 2023 w. sol.pdf (7426 KB)  [done 118, left 1234]
2026-07-08 04:13:16  OK Maths Advanced/Y11-Yearly/Hurlstone 2020 w. sol.pdf (2603 KB)  [done 119, left 1233]
2026-07-08 04:13:43  base 4630 throttled -> cooldown 1800s, rotated (Japanese Extension/Y12-HSC/2003 Marking Guidelines.pdf, hit 1)
2026-07-08 04:15:04  base 1370 throttled -> cooldown 1800s, rotated (Biology/Y12-HSC/2005 HSC.pdf, hit 1)
2026-07-08 04:15:43  OK Maths Standard 2/Y12-Trial/Shore 2024 w. sol.pdf (11237 KB)  [done 120, left 1232]
2026-07-08 04:16:21  base 5020 throttled -> cooldown 1800s, rotated (Legal Studies/Y12-HSC/2005 HSC.pdf, hit 1)
2026-07-08 04:17:18  OK Maths Advanced/Y11-Yearly/Hurlstone 2021 w. sol.pdf (2255 KB)  [done 121, left 1231]
2026-07-08 04:18:16  net-error base 2720: HTTP Error 404: Not Found (cooldown 120s, rotated hit 1)
2026-07-08 04:18:54  base 6520 throttled -> cooldown 1800s, rotated (Physics/Y12-HSC/2016 Marking Guidelines.pdf, hit 2)
2026-07-08 04:19:40  net-error base 5318: HTTP Error 404: Not Found (cooldown 120s, rotated hit 1)
2026-07-08 04:20:41  net-error base 5228: HTTP Error 404: Not Found (cooldown 120s, rotated hit 1)
2026-07-08 04:21:10  base 2420 throttled -> cooldown 1800s, rotated (Earth & Environmental Science/Y12-HSC/2005 Marking Guidelines.pdf, hit 1)
2026-07-08 04:21:38  base 2720 throttled -> cooldown 1800s, rotated (English/Y12-HSC/2003 HSC Paper 2 (Advanced).pdf, hit 1)
2026-07-08 04:22:06  base 1570 throttled -> cooldown 1800s, rotated (Business Studies/Y12-HSC/2005 HSC.pdf, hit 1)
2026-07-08 04:22:34  base 1170 throttled -> cooldown 1800s, rotated (Ancient History/Y12-HSC/2005 HSC.pdf, hit 1)
2026-07-08 04:23:08  OK Maths Advanced/Y11-Yearly/Hurlstone 2023 w. sol.pdf (2754 KB)  [done 122, left 1230]
2026-07-08 04:23:40  OK Maths Standard 2/Y12-Trial/St George Girls 2023 w. sol.pdf (1460 KB)  [done 123, left 1229]
2026-07-08 04:24:08  base 5520 throttled -> cooldown 1800s, rotated (Modern History/Y12-HSC/2005 HSC.pdf, hit 1)
2026-07-08 04:24:37  OK Maths Standard 2/Y12-HSC/2007 HSC.pdf (147 KB)  [done 124, left 1228]
2026-07-08 04:25:05  OK Japanese Continuers/Y12-HSC/2004 HSC.pdf (172 KB)  [done 125, left 1227]
2026-07-08 04:25:45  OK Maths Advanced/Y11-Yearly/Hurlstone 2024 w. sol.pdf (1993 KB)  [done 126, left 1226]
2026-07-08 04:26:23  OK Maths Standard 2/Y12-Trial/St George Girls 2024 w. sol.pdf (8600 KB)  [done 127, left 1225]
2026-07-08 04:27:09  base 5310 throttled -> cooldown 1800s, rotated (Maths Standard 2/Y12-HSC/2007 Marking Guidelines.pdf, hit 1)
2026-07-08 04:27:42  base 4620 throttled -> cooldown 1800s, rotated (Japanese Continuers/Y12-HSC/2004 Marking Guidelines.pdf, hit 1)
2026-07-08 04:28:20  OK Maths Advanced/Y11-Yearly/International Grammar 2011 w. sol.pdf (310 KB)  [done 128, left 1224]
2026-07-08 04:29:07  OK Maths Standard 2/Y12-Trial/St George Girls 2025 w. sol.pdf (7270 KB)  [done 129, left 1223]
2026-07-08 04:30:55  OK Maths Advanced/Y11-Yearly/International Grammar 2012 w. sol.pdf (379 KB)  [done 130, left 1222]
2026-07-08 04:31:43  OK Maths Standard 2/Y12-Trial/Sydney Grammar 2019 w. sol.pdf (1711 KB)  [done 131, left 1221]
2026-07-08 04:33:29  OK Maths Advanced/Y11-Yearly/International Grammar 2013 w. sol.pdf (493 KB)  [done 132, left 1220]
2026-07-08 04:34:19  OK Maths Standard 2/Y12-Trial/Sydney Grammar 2020 w. sol.pdf (824 KB)  [done 133, left 1219]
2026-07-08 04:36:02  base 1820 throttled -> cooldown 1800s, rotated (Chemistry/Y12-HSC/2005 Marking Guidelines.pdf, hit 1)
2026-07-08 04:36:29  base 4078 throttled -> cooldown 1800s, rotated (Investigating Science/Y12-Trial/Fort St 2024 w. sol.pdf, hit 3)
2026-07-08 04:37:47  OK Maths Standard 2/Y12-Trial/Sydney Grammar 2021 w. sol.pdf (2628 KB)  [done 134, left 1218]
2026-07-08 04:38:16  OK Maths Advanced/Y12-HSC/2008 HSC.pdf (219 KB)  [done 135, left 1217]
2026-07-08 04:38:45  base 2428 throttled -> cooldown 1800s, rotated (Earth & Environmental Science/Y12-Trial/Cranbrook 2019.pdf, hit 7)
2026-07-08 04:39:13  base 2670 throttled -> cooldown 1800s, rotated (Engineering Studies/Y12-HSC/2005 Marking Guidelines.pdf, hit 1)
2026-07-08 04:39:44  OK Maths Advanced/Y11-Yearly/International Grammar 2014 w. sol.pdf (608 KB)  [done 136, left 1216]
2026-07-08 04:40:20  OK Maths Extension 2/Y12-HSC/2009 HSC.pdf (128 KB)  [done 137, left 1215]
2026-07-08 04:42:06  OK Maths Standard 2/Y12-Trial/Sydney Grammar 2022 w. sol.pdf (2801 KB)  [done 138, left 1214]
2026-07-08 04:43:07  net-error base 5330: HTTP Error 404: Not Found (cooldown 120s, rotated hit 1)
2026-07-08 04:44:15  net-error base 5340: HTTP Error 404: Not Found (cooldown 120s, rotated hit 1)
2026-07-08 04:45:04  net-error base 5320: HTTP Error 404: Not Found (cooldown 120s, rotated hit 1)
2026-07-08 04:45:55  base 5330 throttled -> cooldown 1800s, rotated (Maths Extension 1/Y12-HSC/2008 Marking Guidelines.pdf, hit 1)
2026-07-08 04:47:12  net-error base 5318: HTTP Error 404: Not Found (cooldown 120s, rotated hit 1)
2026-07-08 04:47:39  base 5340 throttled -> cooldown 1800s, rotated (Maths Extension 2/Y12-HSC/2009 Sample Answers.pdf, hit 1)
2026-07-08 04:48:07  base 2470 throttled -> cooldown 1800s, rotated (Economics/Y12-HSC/2006 HSC.pdf, hit 1)
2026-07-08 04:48:35  OK Maths Advanced/Y12-HSC/2009 HSC.pdf (108 KB)  [done 139, left 1213]
2026-07-08 04:49:17  base 6520 throttled -> cooldown 1800s, rotated (Physics/Y12-HSC/2017 HSC.pdf, hit 2)
2026-07-08 04:49:46  base 1370 throttled -> cooldown 1800s, rotated (Biology/Y12-HSC/2005 Marking Guidelines.pdf, hit 1)
2026-07-08 04:50:15  OK Japanese Extension/Y12-HSC/2004 HSC.pdf (172 KB)  [done 140, left 1212]
2026-07-08 04:50:54  net-error base 5020: HTTP Error 404: Not Found (cooldown 120s, rotated hit 1)
2026-07-08 04:52:15  net-error base 5228: HTTP Error 404: Not Found (cooldown 120s, rotated hit 1)
2026-07-08 04:53:18  net-error base 1570: HTTP Error 404: Not Found (cooldown 120s, rotated hit 1)
2026-07-08 04:54:17  net-error base 2420: HTTP Error 404: Not Found (cooldown 120s, rotated hit 1)
2026-07-08 04:55:15  net-error base 1170: HTTP Error 404: Not Found (cooldown 120s, rotated hit 1)
2026-07-08 04:55:42  base 5020 throttled -> cooldown 1800s, rotated (Legal Studies/Y12-HSC/2006 HSC.pdf, hit 1)
2026-07-08 04:56:16  base 5320 throttled -> cooldown 1800s, rotated (Maths Advanced/Y12-HSC/2009 Marking Guidelines.pdf, hit 1)
2026-07-08 04:56:44  base 2720 throttled -> cooldown 1800s, rotated (English/Y12-HSC/2003 HSC Paper 2 (Standard).pdf, hit 1)
2026-07-08 04:57:19  OK Maths Standard 2/Y12-Trial/Sydney Grammar 2024 w. sol.pdf (6792 KB)  [done 141, left 1211]
2026-07-08 04:57:48  OK Maths Standard 2/Y12-HSC/2008 HSC.pdf (297 KB)  [done 142, left 1210]
2026-07-08 04:58:17  base 5520 throttled -> cooldown 1800s, rotated (Modern History/Y12-HSC/2005 Marking Guidelines.pdf, hit 1)
2026-07-08 04:58:45  base 1170 throttled -> cooldown 1800s, rotated (Ancient History/Y12-HSC/2006 HSC.pdf, hit 1)
2026-07-08 04:59:20  base 1570 throttled -> cooldown 1800s, rotated (Business Studies/Y12-HSC/2006 HSC.pdf, hit 1)
2026-07-08 04:59:47  base 2420 throttled -> cooldown 1800s, rotated (Earth & Environmental Science/Y12-HSC/2006 Marking Guidelines.pdf, hit 1)
2026-07-08 05:00:15  base 4620 throttled -> cooldown 1800s, rotated (Japanese Continuers/Y12-HSC/2005 HSC.pdf, hit 1)
2026-07-08 05:00:42  base 4630 throttled -> cooldown 1800s, rotated (Japanese Extension/Y12-HSC/2004 Marking Guidelines.pdf, hit 1)
2026-07-08 05:01:17  OK Maths Advanced/Y11-Yearly/International Grammar 2016 w. sol.pdf (2581 KB)  [done 143, left 1209]
2026-07-08 05:01:52  OK Maths Standard 2/Y12-Trial/Sydney Grammar 2025 w. sol.pdf (3346 KB)  [done 144, left 1208]
2026-07-08 05:02:20  base 5310 throttled -> cooldown 1800s, rotated (Maths Standard 2/Y12-HSC/2008 Marking Guidelines.pdf, hit 1)
2026-07-08 05:04:03  OK Maths Advanced/Y11-Yearly/International Grammar 2017 w. sol.pdf (1278 KB)  [done 145, left 1207]
2026-07-08 05:04:41  OK Maths Standard 2/Y12-Trial/Abbotsleigh 2004 w. sol.pdf (636 KB)  [done 146, left 1206]
2026-07-08 05:06:12  base 1820 throttled -> cooldown 1800s, rotated (Chemistry/Y12-HSC/2006 HSC.pdf, hit 1)
2026-07-08 05:06:49  OK Maths Advanced/Y11-Yearly/International Grammar 2018 w. sol.pdf (6082 KB)  [done 147, left 1205]
2026-07-08 05:07:17  base 4078 throttled -> cooldown 1800s, rotated (Investigating Science/Y12-Trial/Fort St 2025 w. sol.pdf, hit 3)
2026-07-08 05:07:53  OK Maths Standard 2/Y12-Trial/Abbotsleigh 2007 w. sol.pdf (539 KB)  [done 148, left 1204]
2026-07-08 05:09:21  GIVEUP Earth & Environmental Science/Y12-Trial/Cranbrook 2019.pdf: unavailable (8 placeholder hits)
2026-07-08 05:09:58  OK Maths Advanced/Y11-Yearly/International Grammar 2019 w. sol.pdf (6471 KB)  [done 149, left 1202]
2026-07-08 05:10:45  base 2670 throttled -> cooldown 1800s, rotated (Engineering Studies/Y12-HSC/2006 HSC.pdf, hit 1)
2026-07-08 05:11:15  OK Maths Standard 2/Y12-Trial/Abbotsleigh 2009 w. sol.pdf (621 KB)  [done 150, left 1201]
2026-07-08 05:12:39  OK Maths Advanced/Y11-Yearly/International Grammar 2020 w. sol.pdf (4124 KB)  [done 151, left 1200]
2026-07-08 05:14:54  net-error base 5318: HTTP Error 404: Not Found (cooldown 120s, rotated hit 1)
2026-07-08 05:15:27  OK Maths Advanced/Y11-Yearly/International Grammar 2021 w. sol.pdf (1556 KB)  [done 152, left 1199]
2026-07-08 05:16:02  OK Maths Extension 1/Y12-HSC/2009 HSC.pdf (99 KB)  [done 153, left 1198]
2026-07-08 05:18:32  net-error base 5318: HTTP Error 404: Not Found (cooldown 120s, rotated hit 1)
2026-07-08 05:19:15  net-error base 5340: HTTP Error 404: Not Found (cooldown 120s, rotated hit 1)
2026-07-08 05:19:43  base 2470 throttled -> cooldown 1800s, rotated (Economics/Y12-HSC/2006 Marking Guidelines.pdf, hit 1)
2026-07-08 05:20:11  base 5330 throttled -> cooldown 1800s, rotated (Maths Extension 1/Y12-HSC/2009 Marking Guidelines.pdf, hit 1)
2026-07-08 05:20:39  base 6520 throttled -> cooldown 1800s, rotated (Physics/Y12-HSC/2017 Marking Guidelines.pdf, hit 2)
2026-07-08 05:21:09  OK Maths Standard 2/Y12-Trial/Abbotsleigh 2012 w. sol.pdf (497 KB)  [done 154, left 1197]
2026-07-08 05:21:38  base 1370 throttled -> cooldown 1800s, rotated (Biology/Y12-HSC/2006 HSC.pdf, hit 1)
2026-07-08 05:22:58  OK Maths Advanced/Y11-Yearly/James Ruse 1996 w. sol.pdf (730 KB)  [done 155, left 1196]
2026-07-08 05:23:27  OK Maths Extension 2/Y12-HSC/2010 HSC.pdf (254 KB)  [done 156, left 1195]
2026-07-08 05:24:02  OK Maths Standard 2/Y12-Trial/Abbotsleigh 2016 w. sol.pdf (2754 KB)  [done 157, left 1194]
2026-07-08 05:26:44  OK Maths Advanced/Y11-Yearly/James Ruse 1997 w. sol.pdf (1526 KB)  [done 158, left 1193]
2026-07-08 05:27:22  base 5340 throttled -> cooldown 1800s, rotated (Maths Extension 2/Y12-HSC/2010 Marking Guidelines.pdf, hit 1)
2026-07-08 05:28:09  base 2720 throttled -> cooldown 1800s, rotated (English/Y12-HSC/2003 Marking Guidelines.pdf, hit 1)
2026-07-08 05:28:37  base 5020 throttled -> cooldown 1800s, rotated (Legal Studies/Y12-HSC/2006 Marking Guidelines.pdf, hit 1)
2026-07-08 05:29:05  base 5520 throttled -> cooldown 1800s, rotated (Modern History/Y12-HSC/2006 HSC.pdf, hit 1)
2026-07-08 05:29:35  OK Maths Standard 2/Y12-Trial/Ascham 2005 w. sol.pdf (723 KB)  [done 159, left 1192]
2026-07-08 05:30:02  base 1570 throttled -> cooldown 1800s, rotated (Business Studies/Y12-HSC/2006 Marking Guidelines.pdf, hit 1)
2026-07-08 05:30:30  base 4620 throttled -> cooldown 1800s, rotated (Japanese Continuers/Y12-HSC/2005 Marking Guidelines.pdf, hit 1)
2026-07-08 05:30:58  base 5320 throttled -> cooldown 1800s, rotated (Maths Advanced/Y12-HSC/2009 Sample Answers.pdf, hit 1)
2026-07-08 05:31:27  OK Maths Advanced/Y11-Yearly/James Ruse 1998 w. sol.pdf (685 KB)  [done 160, left 1191]
2026-07-08 05:31:56  base 2420 throttled -> cooldown 1800s, rotated (Earth & Environmental Science/Y12-HSC/2007 HSC.pdf, hit 1)
2026-07-08 05:32:56  base 1170 throttled -> cooldown 1800s, rotated (Ancient History/Y12-HSC/2006 Marking Guidelines.pdf, hit 1)
2026-07-08 05:33:41  OK Maths Standard 2/Y12-HSC/2009 HSC.pdf (128 KB)  [done 161, left 1190]
2026-07-08 05:34:12  OK Maths Standard 2/Y12-Trial/Ascham 2007 w. sol.pdf (1397 KB)  [done 162, left 1189]
2026-07-08 05:34:40  base 4630 throttled -> cooldown 1800s, rotated (Japanese Extension/Y12-HSC/2005 HSC.pdf, hit 1)
2026-07-08 05:35:09  OK Maths Advanced/Y11-Yearly/James Ruse 1999 w. sol.pdf (764 KB)  [done 163, left 1188]
2026-07-08 05:36:14  base 5310 throttled -> cooldown 1800s, rotated (Maths Standard 2/Y12-HSC/2009 Marking Guidelines.pdf, hit 1)
2026-07-08 05:36:41  base 1820 throttled -> cooldown 1800s, rotated (Chemistry/Y12-HSC/2006 Marking Guidelines.pdf, hit 1)
2026-07-08 05:37:12  OK Maths Standard 2/Y12-Trial/Ascham 2010 w. sol.pdf (1160 KB)  [done 164, left 1187]
2026-07-08 05:37:40  base 4078 throttled -> cooldown 1800s, rotated (Investigating Science/Y12-Trial/Fort St 2023 w. sol.pdf, hit 4)
2026-07-08 05:38:10  OK Maths Advanced/Y11-Yearly/James Ruse 2000 w. sol.pdf (643 KB)  [done 165, left 1186]
2026-07-08 05:39:51  OK Maths Standard 2/Y12-Trial/Ascham 2011 w. sol.pdf (1249 KB)  [done 166, left 1185]
2026-07-08 05:40:46  OK Maths Advanced/Y11-Yearly/James Ruse 2002 w. sol.pdf (1222 KB)  [done 167, left 1184]
2026-07-08 05:41:13  base 2670 throttled -> cooldown 1800s, rotated (Engineering Studies/Y12-HSC/2006 Marking Guidelines.pdf, hit 1)
2026-07-08 05:42:26  OK Maths Standard 2/Y12-Trial/Ascham 2012 w. sol.pdf (544 KB)  [done 168, left 1183]
2026-07-08 05:43:22  OK Maths Advanced/Y11-Yearly/James Ruse 2003 w. sol.pdf (585 KB)  [done 169, left 1182]
2026-07-08 05:45:03  OK Maths Standard 2/Y12-Trial/Barker 2005.pdf (386 KB)  [done 170, left 1181]
2026-07-08 05:47:04  OK Maths Advanced/Y11-Yearly/James Ruse 2004 w. sol.pdf (443 KB)  [done 171, left 1180]
2026-07-08 05:48:07  OK Maths Standard 2/Y12-Trial/Barker 2007 w. sol.pdf (300 KB)  [done 172, left 1179]
2026-07-08 05:50:44  net-error base 5228: HTTP Error 404: Not Found (cooldown 120s, rotated hit 1)
2026-07-08 05:51:36  net-error base 6520: HTTP Error 404: Not Found (cooldown 120s, rotated hit 2)
2026-07-08 05:52:04  base 1370 throttled -> cooldown 1800s, rotated (Biology/Y12-HSC/2006 Marking Guidelines.pdf, hit 1)
2026-07-08 05:52:32  base 2470 throttled -> cooldown 1800s, rotated (Economics/Y12-HSC/2007 HSC.pdf, hit 1)
2026-07-08 05:53:00  base 5330 throttled -> cooldown 1800s, rotated (Maths Extension 1/Y12-HSC/2009 Sample Answers.pdf, hit 1)
2026-07-08 05:53:33  OK Maths Standard 2/Y12-Trial/Barker 2010 w. sol.pdf (1476 KB)  [done 173, left 1178]
2026-07-08 05:54:04  OK Maths Advanced/Y11-Yearly/James Ruse 2006.pdf (134 KB)  [done 174, left 1177]
2026-07-08 05:54:40  base 6520 throttled -> cooldown 1800s, rotated (Physics/Y12-HSC/2018 Marking Guidelines.pdf, hit 2)
2026-07-08 05:56:22  net-error base 5318: HTTP Error 404: Not Found (cooldown 120s, rotated hit 1)
2026-07-08 05:56:54  OK Maths Advanced/Y11-Yearly/James Ruse 2007 w. sol.pdf (461 KB)  [done 175, left 1176]
2026-07-08 05:57:28  base 5340 throttled -> cooldown 1800s, rotated (Maths Extension 2/Y12-HSC/2010 Sample Answers.pdf, hit 1)
2026-07-08 05:58:28  base 2720 throttled -> cooldown 1800s, rotated (English/Y12-HSC/2004 HSC Paper 1.pdf, hit 1)
2026-07-08 05:59:09  OK Maths Standard 2/Y12-Trial/Barker 2012 w. sol.pdf (297 KB)  [done 176, left 1175]
2026-07-08 05:59:38  OK Maths Advanced/Y11-Yearly/James Ruse 2008 w. sol.pdf (242 KB)  [done 177, left 1174]
2026-07-08 06:00:06  base 5020 throttled -> cooldown 1800s, rotated (Legal Studies/Y12-HSC/2007 HSC.pdf, hit 1)
2026-07-08 06:00:43  base 4620 throttled -> cooldown 1800s, rotated (Japanese Continuers/Y12-HSC/2006 HSC.pdf, hit 1)
2026-07-08 06:01:11  base 5320 throttled -> cooldown 1800s, rotated (Maths Advanced/Y12-HSC/2009 Marking Feedback.pdf, hit 1)
2026-07-08 06:01:39  base 5520 throttled -> cooldown 1800s, rotated (Modern History/Y12-HSC/2006 Marking Guidelines.pdf, hit 1)
2026-07-08 06:02:07  base 2420 throttled -> cooldown 1800s, rotated (Earth & Environmental Science/Y12-HSC/2007 Marking Guidelines.pdf, hit 1)
2026-07-08 06:02:35  OK Maths Advanced/Y11-Yearly/James Ruse 2012.pdf (87 KB)  [done 178, left 1173]
2026-07-08 06:03:03  base 1170 throttled -> cooldown 1800s, rotated (Ancient History/Y12-HSC/2007 HSC.pdf, hit 1)
2026-07-08 06:04:10  base 1570 throttled -> cooldown 1800s, rotated (Business Studies/Y12-HSC/2007 HSC.pdf, hit 1)
2026-07-08 06:04:42  net-error base 5318: HTTP Error 404: Not Found (cooldown 120s, rotated hit 1)
2026-07-08 06:05:10  base 4630 throttled -> cooldown 1800s, rotated (Japanese Extension/Y12-HSC/2005 Marking Guidelines.pdf, hit 1)
2026-07-08 06:05:39  OK Maths Advanced/Y11-Yearly/James Ruse 2018 w. sol.pdf (577 KB)  [done 179, left 1172]
2026-07-08 06:06:17  base 5310 throttled -> cooldown 1800s, rotated (Maths Standard 2/Y12-HSC/2009 Sample Answers.pdf, hit 1)
2026-07-08 06:07:03  OK Maths Standard 2/Y12-Trial/Barker 2015 w. sol.pdf (867 KB)  [done 180, left 1171]
2026-07-08 06:07:30  base 1820 throttled -> cooldown 1800s, rotated (Chemistry/Y12-HSC/2007 HSC.pdf, hit 1)
2026-07-08 06:07:58  base 4078 throttled -> cooldown 1800s, rotated (Investigating Science/Y12-Trial/Fort St 2024 w. sol.pdf, hit 4)
2026-07-08 06:08:34  OK Maths Advanced/Y11-Yearly/James Ruse 2019 w. sol.pdf (4076 KB)  [done 181, left 1170]
2026-07-08 06:09:40  OK Maths Standard 2/Y12-Trial/Callaghan Jesmond 2014 w. sol.pdf (1763 KB)  [done 182, left 1169]
2026-07-08 06:11:27  net-error base 5228: HTTP Error 404: Not Found (cooldown 120s, rotated hit 1)
2026-07-08 06:12:56  net-error base 2670: HTTP Error 404: Not Found (cooldown 120s, rotated hit 1)
2026-07-08 06:15:10  net-error base 5318: HTTP Error 404: Not Found (cooldown 120s, rotated hit 1)
2026-07-08 06:17:01  OK Maths Advanced/Y11-Yearly/Kambala 2011 w. sol.pdf (1094 KB)  [done 183, left 1168]
2026-07-08 06:18:26  base 2670 throttled -> cooldown 1800s, rotated (Engineering Studies/Y12-HSC/2007 Marking Guidelines.pdf, hit 1)
2026-07-08 06:19:51  net-error base 5318: HTTP Error 404: Not Found (cooldown 120s, rotated hit 1)
2026-07-08 06:20:29  OK Maths Advanced/Y11-Yearly/Kambala 2013 w. sol.pdf (1289 KB)  [done 184, left 1167]
2026-07-08 06:21:54  OK Maths Standard 2/Y12-Trial/Frensham 2011 w. sol.pdf (349 KB)  [done 185, left 1166]
2026-07-08 06:22:22  base 1370 throttled -> cooldown 1800s, rotated (Biology/Y12-HSC/2007 HSC.pdf, hit 1)
2026-07-08 06:22:50  base 2470 throttled -> cooldown 1800s, rotated (Economics/Y12-HSC/2007 Marking Guidelines.pdf, hit 1)
2026-07-08 06:23:21  OK Maths Advanced/Y11-Yearly/Kambala 2014 w. sol.pdf (1347 KB)  [done 186, left 1165]
2026-07-08 06:23:49  base 5330 throttled -> cooldown 1800s, rotated (Maths Extension 1/Y12-HSC/2009 Marking Feedback.pdf, hit 1)
2026-07-08 06:26:11  net-error base 5318: HTTP Error 302: The HTTP server returned a redirect error that would lead to an infinite loop.
The last 30x error message was:
Moved Temporarily (cooldown 120s, rotated hit 1)
2026-07-08 06:26:42  OK Maths Advanced/Y11-Yearly/Kambala 2015 w. sol.pdf (1341 KB)  [done 187, left 1164]
2026-07-08 06:27:10  base 6520 throttled -> cooldown 1800s, rotated (Physics/Y12-HSC/2013 Marking Guidelines.pdf, hit 3)
2026-07-08 06:27:37  base 5340 throttled -> cooldown 1800s, rotated (Maths Extension 2/Y12-HSC/2010 Marking Feedback.pdf, hit 1)
2026-07-08 06:28:20  OK Maths Standard 2/Y12-Trial/Hills Grammar 2008 w. sol.pdf (978 KB)  [done 188, left 1163]
2026-07-08 06:28:47  base 2720 throttled -> cooldown 1800s, rotated (English/Y12-HSC/2004 HSC Paper 2 (Advanced).pdf, hit 1)
2026-07-08 06:29:23  OK Maths Advanced/Y11-Yearly/Kambala 2016 w. sol.pdf (4056 KB)  [done 189, left 1162]
2026-07-08 06:30:09  base 5020 throttled -> cooldown 1800s, rotated (Legal Studies/Y12-HSC/2007 Marking Guidelines.pdf, hit 1)
2026-07-08 06:30:46  base 4620 throttled -> cooldown 1800s, rotated (Japanese Continuers/Y12-HSC/2006 Marking Guidelines.pdf, hit 1)
2026-07-08 06:31:16  OK Maths Standard 2/Y12-Trial/Hills Grammar 2010 w. sol.pdf (1109 KB)  [done 190, left 1161]
2026-07-08 06:31:44  base 5520 throttled -> cooldown 1800s, rotated (Modern History/Y12-HSC/2007 HSC.pdf, hit 1)
2026-07-08 06:32:11  base 2420 throttled -> cooldown 1800s, rotated (Earth & Environmental Science/Y12-HSC/2008 HSC.pdf, hit 1)
2026-07-08 06:32:53  OK Maths Advanced/Y11-Yearly/Kambala 2019 w. sol.pdf (9286 KB)  [done 191, left 1160]
2026-07-08 06:33:34  OK Maths Advanced/Y12-HSC/2010 HSC.pdf (253 KB)  [done 192, left 1159]
2026-07-08 06:34:02  base 1170 throttled -> cooldown 1800s, rotated (Ancient History/Y12-HSC/2007 Marking Guidelines.pdf, hit 1)
2026-07-08 06:34:32  OK Maths Standard 2/Y12-Trial/Hills Grammar 2011 w. sol.pdf (400 KB)  [done 193, left 1158]
2026-07-08 06:35:07  base 1570 throttled -> cooldown 1800s, rotated (Business Studies/Y12-HSC/2007 Marking Guidelines.pdf, hit 1)
2026-07-08 06:36:29  net-error base 5228: HTTP Error 404: Not Found (cooldown 120s, rotated hit 1)
2026-07-08 06:37:16  base 5320 throttled -> cooldown 1800s, rotated (Maths Advanced/Y12-HSC/2010 Marking Guidelines.pdf, hit 1)
2026-07-08 06:38:13  base 1820 throttled -> cooldown 1800s, rotated (Chemistry/Y12-HSC/2007 Marking Guidelines.pdf, hit 1)
2026-07-08 06:39:03  net-error base 4630: HTTP Error 404: Not Found (cooldown 120s, rotated hit 1)
2026-07-08 06:39:37  OK Maths Advanced/Y11-Yearly/Kambala 2021 w. sol.pdf (3773 KB)  [done 194, left 1157]
2026-07-08 06:40:23  OK Maths Standard 2/Y12-Trial/Hills Grammar 2015 w. sol.pdf (694 KB)  [done 195, left 1156]
2026-07-08 06:41:22  net-error base 5310: HTTP Error 404: Not Found (cooldown 120s, rotated hit 1)
2026-07-08 06:41:59  net-error base 4630: HTTP Error 404: Not Found (cooldown 120s, rotated hit 1)
2026-07-08 06:42:41  net-error base 5228: HTTP Error 404: Not Found (cooldown 120s, rotated hit 1)
2026-07-08 06:43:41  net-error base 4078: HTTP Error 404: Not Found (cooldown 120s, rotated hit 4)
2026-07-08 06:44:10  OK Maths Standard 2/Y12-HSC/2010 HSC.pdf (545 KB)  [done 196, left 1155]
2026-07-08 06:44:38  base 4630 throttled -> cooldown 1800s, rotated (Japanese Extension/Y12-HSC/2007 HSC.pdf, hit 1)
2026-07-08 06:45:10  OK Maths Advanced/Y11-Yearly/Kambala 2024 w. sol.pdf (1734 KB)  [done 197, left 1154]
2026-07-08 06:46:10  net-error base 5318: HTTP Error 404: Not Found (cooldown 120s, rotated hit 1)
2026-07-08 06:46:48  base 4078 throttled -> cooldown 1800s, rotated (Investigating Science/Y12-Trial/Fort St 2023 w. sol.pdf, hit 5)
2026-07-08 06:47:16  base 5310 throttled -> cooldown 1800s, rotated (Maths Standard 2/Y12-HSC/2010 Marking Guidelines.pdf, hit 1)
2026-07-08 06:48:05  OK Maths Advanced/Y11-Yearly/Killara 1978.pdf (155 KB)  [done 198, left 1153]
2026-07-08 06:48:33  base 2670 throttled -> cooldown 1800s, rotated (Engineering Studies/Y12-HSC/2008 HSC.pdf, hit 1)
2026-07-08 06:49:08  OK Maths Standard 2/Y12-Trial/Hurlstone 2016 w. sol.pdf (2560 KB)  [done 199, left 1152]
2026-07-08 06:50:39  OK Maths Advanced/Y11-Yearly/Killara 1979.pdf (88 KB)  [done 200, left 1151]
2026-07-08 06:51:42  OK Maths Standard 2/Y12-Trial/International Grammar 2014 w. sol.pdf (416 KB)  [done 201, left 1150]
2026-07-08 06:52:25  base 1370 throttled -> cooldown 1800s, rotated (Biology/Y12-HSC/2007 Marking Guidelines.pdf, hit 1)
2026-07-08 06:52:53  base 2470 throttled -> cooldown 1800s, rotated (Economics/Y12-HSC/2008 HSC.pdf, hit 1)
2026-07-08 06:53:21  OK Maths Advanced/Y11-Yearly/Killara 1986.pdf (214 KB)  [done 202, left 1149]
2026-07-08 06:53:57  OK Maths Extension 1/Y12-HSC/2010 HSC.pdf (414 KB)  [done 203, left 1148]
2026-07-08 06:55:48  net-error base 5318: HTTP Error 404: Not Found (cooldown 120s, rotated hit 1)
2026-07-08 06:56:17  OK Maths Advanced/Y11-Yearly/Killara 1987.pdf (232 KB)  [done 204, left 1147]
2026-07-08 06:56:46  base 5330 throttled -> cooldown 1800s, rotated (Maths Extension 1/Y12-HSC/2010 Marking Guidelines.pdf, hit 1)
2026-07-08 06:57:15  base 6520 throttled -> cooldown 1800s, rotated (Physics/Y12-HSC/2016 HSC.pdf, hit 3)
2026-07-08 06:57:45  OK Maths Extension 2/Y12-HSC/2011 HSC.pdf (183 KB)  [done 205, left 1146]
2026-07-08 06:58:58  net-error base 5318: HTTP Error 404: Not Found (cooldown 120s, rotated hit 1)
2026-07-08 07:00:02  base 2720 throttled -> cooldown 1800s, rotated (English/Y12-HSC/2004 HSC Paper 2 (Standard).pdf, hit 1)
2026-07-08 07:01:40  net-error base 5340: HTTP Error 404: Not Found (cooldown 120s, rotated hit 1)
2026-07-08 07:02:45  base 4620 throttled -> cooldown 1800s, rotated (Japanese Continuers/Y12-HSC/2007 HSC.pdf, hit 1)
2026-07-08 07:03:27  OK Maths Advanced/Y11-Yearly/Killara 1989.pdf (166 KB)  [done 206, left 1145]
2026-07-08 07:03:55  base 5340 throttled -> cooldown 1800s, rotated (Maths Extension 2/Y12-HSC/2011 Sample Answers.pdf, hit 1)
2026-07-08 07:04:23  base 2420 throttled -> cooldown 1800s, rotated (Earth & Environmental Science/Y12-HSC/2008 Marking Guidelines.pdf, hit 1)
2026-07-08 07:04:51  base 1170 throttled -> cooldown 1800s, rotated (Ancient History/Y12-HSC/2008 HSC.pdf, hit 1)
2026-07-08 07:05:18  base 5020 throttled -> cooldown 1800s, rotated (Legal Studies/Y12-HSC/2008 HSC.pdf, hit 1)
2026-07-08 07:05:46  base 5520 throttled -> cooldown 1800s, rotated (Modern History/Y12-HSC/2007 Source Booklet.pdf, hit 1)
2026-07-08 07:06:14  OK Maths Advanced/Y11-Yearly/Killara 1995.pdf (151 KB)  [done 207, left 1144]
2026-07-08 07:06:42  base 1570 throttled -> cooldown 1800s, rotated (Business Studies/Y12-HSC/2008 HSC.pdf, hit 1)
2026-07-08 07:07:12  OK Maths Standard 2/Y12-Trial/Killara 2011 w. sol.pdf (824 KB)  [done 208, left 1143]
2026-07-08 07:07:40  base 5320 throttled -> cooldown 1800s, rotated (Maths Advanced/Y12-HSC/2010 Sample Answers.pdf, hit 1)
2026-07-08 07:08:16  base 1820 throttled -> cooldown 1800s, rotated (Chemistry/Y12-HSC/2008 HSC.pdf, hit 1)
2026-07-08 07:09:14  OK Maths Advanced/Y11-Yearly/Killara 2012 w. sol.pdf (382 KB)  [done 209, left 1142]
2026-07-08 07:09:47  OK Maths Standard 2/Y12-Trial/Killara 2012 w. sol.pdf (639 KB)  [done 210, left 1141]
2026-07-08 07:12:15  OK Maths Advanced/Y11-Yearly/Killara 2019 w. sol.pdf (1017 KB)  [done 211, left 1140]
2026-07-08 07:12:46  OK Maths Standard 2/Y12-Trial/Killara 2014 w. sol.pdf (1303 KB)  [done 212, left 1139]
2026-07-08 07:14:40  base 4630 throttled -> cooldown 1800s, rotated (Japanese Extension/Y12-HSC/2007 Marking Guidelines.pdf, hit 1)
2026-07-08 07:15:11  OK Maths Advanced/Y11-Yearly/Killara 2020 w. sol.pdf (1149 KB)  [done 213, left 1138]
2026-07-08 07:15:50  OK Maths Standard 2/Y12-Trial/Killara 2016 w. sol.pdf (1615 KB)  [done 214, left 1137]
2026-07-08 07:16:51  base 4078 throttled -> cooldown 1800s, rotated (Investigating Science/Y12-Trial/Fort St 2024 w. sol.pdf, hit 5)
2026-07-08 07:17:28  base 5310 throttled -> cooldown 1800s, rotated (Maths Standard 2/Y12-HSC/2010 Sample Answers.pdf, hit 1)
2026-07-08 07:18:29  net-error base 5228: HTTP Error 404: Not Found (cooldown 120s, rotated hit 1)
2026-07-08 07:19:27  net-error base 2670: HTTP Error 404: Not Found (cooldown 120s, rotated hit 1)
2026-07-08 07:20:28  net-error base 5318: HTTP Error 404: Not Found (cooldown 120s, rotated hit 1)
2026-07-08 07:21:01  OK Maths Advanced/Y11-Yearly/Killara 2022 w. sol.pdf (1541 KB)  [done 215, left 1136]
2026-07-08 07:21:33  base 2670 throttled -> cooldown 1800s, rotated (Engineering Studies/Y12-HSC/2009 HSC.pdf, hit 1)
2026-07-08 07:22:27  base 1370 throttled -> cooldown 1800s, rotated (Biology/Y12-HSC/2008 HSC.pdf, hit 1)
2026-07-08 07:22:59  OK Maths Standard 2/Y12-Trial/Kings 2004 w. sol.pdf (983 KB)  [done 216, left 1135]
2026-07-08 07:23:26  base 2470 throttled -> cooldown 1800s, rotated (Economics/Y12-HSC/2008 Marking Guidelines.pdf, hit 1)
2026-07-08 07:24:13  net-error base 5228: HTTP Error 404: Not Found (cooldown 120s, rotated hit 1)
2026-07-08 07:25:33  OK Maths Standard 2/Y12-Trial/Kings 2005 w. sol.pdf (1333 KB)  [done 217, left 1134]
2026-07-08 07:26:35  OK Maths Advanced/Y11-Yearly/Killara 2024.pdf (1194 KB)  [done 218, left 1133]
2026-07-08 07:27:03  base 5330 throttled -> cooldown 1800s, rotated (Maths Extension 1/Y12-HSC/2010 Sample Answers.pdf, hit 1)
2026-07-08 07:27:31  base 6520 throttled -> cooldown 1800s, rotated (Physics/Y12-HSC/2016 Marking Guidelines.pdf, hit 3)
2026-07-08 07:28:08  OK Maths Standard 2/Y12-Trial/Kings 2006 w. sol.pdf (1221 KB)  [done 219, left 1132]
2026-07-08 07:29:09  OK Maths Advanced/Y11-Yearly/Knox 2002 w. sol.pdf (318 KB)  [done 220, left 1131]
2026-07-08 07:30:08  base 2720 throttled -> cooldown 1800s, rotated (English/Y12-HSC/2004 Marking Guidelines.pdf, hit 1)
2026-07-08 07:30:44  OK Maths Standard 2/Y12-Trial/Kings 2012 w. sol.pdf (470 KB)  [done 221, left 1130]
2026-07-08 07:32:23  net-error base 5228: HTTP Error 404: Not Found (cooldown 120s, rotated hit 1)
2026-07-08 07:33:06  base 4620 throttled -> cooldown 1800s, rotated (Japanese Continuers/Y12-HSC/2007 Marking Guidelines.pdf, hit 1)
2026-07-08 07:33:38  OK Maths Standard 2/Y12-Trial/Kinross Wolaroi 2014 w. sol.pdf (2525 KB)  [done 222, left 1129]
2026-07-08 07:34:07  base 5340 throttled -> cooldown 1800s, rotated (Maths Extension 2/Y12-HSC/2011 Marking Feedback.pdf, hit 1)
2026-07-08 07:35:11  base 2420 throttled -> cooldown 1800s, rotated (Earth & Environmental Science/Y12-HSC/2009 HSC.pdf, hit 1)
2026-07-08 07:35:42  OK Maths Advanced/Y11-Yearly/Knox 2019 w. sol.pdf (1638 KB)  [done 223, left 1128]
2026-07-08 07:36:10  base 5020 throttled -> cooldown 1800s, rotated (Legal Studies/Y12-HSC/2008 Marking Guidelines.pdf, hit 1)
2026-07-08 07:36:39  base 5520 throttled -> cooldown 1800s, rotated (Modern History/Y12-HSC/2007 Marking Guidelines.pdf, hit 1)
2026-07-08 07:37:10  OK Maths Standard 2/Y12-Trial/Kinross Wolaroi 2015 w. sol.pdf (915 KB)  [done 224, left 1127]
2026-07-08 07:37:37  base 1170 throttled -> cooldown 1800s, rotated (Ancient History/Y12-HSC/2008 Marking Guidelines.pdf, hit 1)
2026-07-08 07:38:05  base 1570 throttled -> cooldown 1800s, rotated (Business Studies/Y12-HSC/2008 Marking Guidelines.pdf, hit 1)
2026-07-08 07:38:32  base 5320 throttled -> cooldown 1800s, rotated (Maths Advanced/Y12-HSC/2010 Marking Feedback.pdf, hit 1)
2026-07-08 07:39:00  base 1820 throttled -> cooldown 1800s, rotated (Chemistry/Y12-HSC/2008 Marking Guidelines.pdf, hit 1)
2026-07-08 07:39:32  OK Maths Advanced/Y11-Yearly/Knox 2020 w. sol.pdf (2943 KB)  [done 225, left 1126]
2026-07-08 07:40:33  OK Maths Standard 2/Y12-Trial/Knox 2014 w. sol.pdf (3299 KB)  [done 226, left 1125]
2026-07-08 07:42:24  net-error base 5228: HTTP Error 404: Not Found (cooldown 120s, rotated hit 1)
2026-07-08 07:43:12  OK Maths Standard 2/Y12-Trial/Knox 2015 w. sol.pdf (3632 KB)  [done 227, left 1124]
2026-07-08 07:44:34  OK Maths Advanced/Y11-Yearly/Knox 2022 w. sol.pdf (1778 KB)  [done 228, left 1123]
2026-07-08 07:45:02  base 4630 throttled -> cooldown 1800s, rotated (Japanese Extension/Y12-HSC/2008 HSC.pdf, hit 1)
2026-07-08 07:45:51  OK Maths Standard 2/Y12-Trial/Knox 2016 w. sol.pdf (3071 KB)  [done 229, left 1122]
2026-07-08 07:46:54  base 4078 throttled -> cooldown 1800s, rotated (Investigating Science/Y12-Trial/Fort St 2025 w. sol.pdf, hit 5)
2026-07-08 07:47:28  OK Maths Advanced/Y11-Yearly/Knox 2023 w. sol.pdf (2362 KB)  [done 230, left 1121]
2026-07-08 07:48:07  base 5310 throttled -> cooldown 1800s, rotated (Maths Standard 2/Y12-HSC/2010 Marking Feedback.pdf, hit 1)
2026-07-08 07:48:39  OK Maths Standard 2/Y12-Trial/MLC 2016 w. sol.pdf (1570 KB)  [done 231, left 1120]
2026-07-08 07:50:55  OK Maths Advanced/Y11-Yearly/Knox 2025 w. sol.pdf (2776 KB)  [done 232, left 1119]
2026-07-08 07:51:25  OK Maths Standard 2/Y12-Trial/Newcastle Grammar 2004 w. sol.pdf (598 KB)  [done 233, left 1118]
2026-07-08 07:51:53  base 2670 throttled -> cooldown 1800s, rotated (Engineering Studies/Y12-HSC/2009 Marking Guidelines.pdf, hit 1)
2026-07-08 07:52:30  base 1370 throttled -> cooldown 1800s, rotated (Biology/Y12-HSC/2008 Marking Guidelines.pdf, hit 1)
2026-07-08 07:53:29  OK Maths Advanced/Y11-Yearly/Loreto Kirribilli 2010 w. sol.pdf (295 KB)  [done 234, left 1117]
2026-07-08 07:53:57  base 2470 throttled -> cooldown 1800s, rotated (Economics/Y12-HSC/2009 HSC.pdf, hit 1)
2026-07-08 07:54:26  OK Maths Standard 2/Y12-Trial/Newcastle Grammar 2011 w. sol.pdf (392 KB)  [done 235, left 1116]
2026-07-08 07:56:04  OK Maths Advanced/Y11-Yearly/Loreto Kirribilli 2011 w. sol.pdf (411 KB)  [done 236, left 1115]
2026-07-08 07:57:01  OK Maths Standard 2/Y12-Trial/Newington 2004 w. sol.pdf (1011 KB)  [done 237, left 1114]
2026-07-08 07:57:29  base 5330 throttled -> cooldown 1800s, rotated (Maths Extension 1/Y12-HSC/2010 Marking Feedback.pdf, hit 1)
2026-07-08 07:57:58  base 6520 throttled -> cooldown 1800s, rotated (Physics/Y12-HSC/2017 HSC.pdf, hit 3)
2026-07-08 07:58:40  OK Maths Advanced/Y11-Yearly/Loreto Kirribilli 2012 w. sol.pdf (1082 KB)  [done 238, left 1113]
2026-07-08 07:59:43  OK Maths Standard 2/Y12-Trial/Newington 2005 w. sol.pdf (242 KB)  [done 239, left 1112]
2026-07-08 08:00:15  base 2720 throttled -> cooldown 1800s, rotated (English/Y12-HSC/2005 HSC Paper 1.pdf, hit 1)
2026-07-08 08:01:15  OK Maths Advanced/Y11-Yearly/Loreto Kirribilli 2013 w. sol.pdf (368 KB)  [done 240, left 1111]
2026-07-08 08:02:47  net-error base 5318: HTTP Error 404: Not Found (cooldown 120s, rotated hit 1)
2026-07-08 08:03:16  base 4620 throttled -> cooldown 1800s, rotated (Japanese Continuers/Y12-HSC/2008 HSC.pdf, hit 1)
2026-07-08 08:03:52  OK Maths Advanced/Y11-Yearly/Loreto Kirribilli 2020 w. sol.pdf (1094 KB)  [done 241, left 1110]
2026-07-08 08:04:21  OK Maths Extension 2/Y12-HSC/2012 HSC.pdf (209 KB)  [done 242, left 1109]
2026-07-08 08:05:25  net-error base 5318: HTTP Error 404: Not Found (cooldown 120s, rotated hit 1)
2026-07-08 08:05:54  base 2420 throttled -> cooldown 1800s, rotated (Earth & Environmental Science/Y12-HSC/2009 Marking Guidelines.pdf, hit 1)
2026-07-08 08:06:22  base 5020 throttled -> cooldown 1800s, rotated (Legal Studies/Y12-HSC/2009 HSC.pdf, hit 1)
2026-07-08 08:06:50  base 5520 throttled -> cooldown 1800s, rotated (Modern History/Y12-HSC/2008 HSC.pdf, hit 1)
2026-07-08 08:07:21  OK Maths Advanced/Y11-Yearly/Loreto Kirribilli 2022.pdf (341 KB)  [done 243, left 1108]
2026-07-08 08:08:21  net-error base 5340: HTTP Error 404: Not Found (cooldown 120s, rotated hit 1)
2026-07-08 08:09:25  OK Maths Advanced/Y12-HSC/2011 HSC.pdf (184 KB)  [done 244, left 1107]
2026-07-08 08:09:52  base 1170 throttled -> cooldown 1800s, rotated (Ancient History/Y12-HSC/2009 HSC.pdf, hit 1)
2026-07-08 08:10:21  base 1570 throttled -> cooldown 1800s, rotated (Business Studies/Y12-HSC/2009 HSC.pdf, hit 1)
2026-07-08 08:10:50  base 1820 throttled -> cooldown 1800s, rotated (Chemistry/Y12-HSC/2009 HSC.pdf, hit 1)
2026-07-08 08:11:36  OK Maths Advanced/Y11-Yearly/Manly 2022 w. sol.pdf (1958 KB)  [done 245, left 1106]
2026-07-08 08:12:06  OK Maths Standard 2/Y12-Trial/Newington 2012 w. sol.pdf (358 KB)  [done 246, left 1105]
2026-07-08 08:12:34  base 5320 throttled -> cooldown 1800s, rotated (Maths Advanced/Y12-HSC/2011 Marking Guidelines.pdf, hit 1)
2026-07-08 08:14:00  base 5340 throttled -> cooldown 1800s, rotated (Maths Extension 2/Y12-HSC/2012 Sample Answers.pdf, hit 1)
2026-07-08 08:15:24  OK Maths Advanced/Y11-Yearly/Moriah 2021 w. sol.pdf (5551 KB)  [done 247, left 1104]
2026-07-08 08:15:52  base 4630 throttled -> cooldown 1800s, rotated (Japanese Extension/Y12-HSC/2008 Marking Guidelines.pdf, hit 1)
2026-07-08 08:16:25  OK Maths Standard 2/Y12-Trial/Normanhurst Boys 2016 w. sol.pdf (2482 KB)  [done 248, left 1103]
2026-07-08 08:17:01  base 4078 throttled -> cooldown 1800s, rotated (Investigating Science/Y12-Trial/Fort St 2023 w. sol.pdf, hit 6)
2026-07-08 08:17:58  OK Maths Advanced/Y11-Yearly/Newington 2008 w. sol.pdf (429 KB)  [done 249, left 1102]
2026-07-08 08:18:27  OK Maths Standard 2/Y12-HSC/2011 HSC.pdf (309 KB)  [done 250, left 1101]
2026-07-08 08:19:04  OK Maths Standard 2/Y12-Trial/Presbyterian 2006 w. sol.pdf (1570 KB)  [done 251, left 1100]
2026-07-08 08:20:35  OK Maths Advanced/Y11-Yearly/Newington 2009 w. sol.pdf (316 KB)  [done 252, left 1099]
2026-07-08 08:21:03  base 5310 throttled -> cooldown 1800s, rotated (Maths Standard 2/Y12-HSC/2011 Marking Guidelines.pdf, hit 1)
2026-07-08 08:21:38  OK Maths Standard 2/Y12-Trial/Presbyterian 2010 w. sol.pdf (395 KB)  [done 253, left 1098]
2026-07-08 08:22:05  base 2670 throttled -> cooldown 1800s, rotated (Engineering Studies/Y12-HSC/2009 Sample Answers.pdf, hit 1)
2026-07-08 08:22:43  base 1370 throttled -> cooldown 1800s, rotated (Biology/Y12-HSC/2009 HSC.pdf, hit 1)
2026-07-08 08:23:11  OK Maths Advanced/Y11-Yearly/Newington 2010 w. sol.pdf (336 KB)  [done 254, left 1097]
2026-07-08 08:24:33  base 2470 throttled -> cooldown 1800s, rotated (Economics/Y12-HSC/2009 Marking Guidelines.pdf, hit 1)
2026-07-08 08:25:03  OK Maths Standard 2/Y12-Trial/Presbyterian 2011 w. sol.pdf (553 KB)  [done 255, left 1096]
2026-07-08 08:25:46  OK Maths Advanced/Y11-Yearly/Newington 2012 w. sol.pdf (458 KB)  [done 256, left 1095]
2026-07-08 08:27:32  OK Maths Extension 1/Y12-HSC/2011 HSC.pdf (179 KB)  [done 257, left 1094]
2026-07-08 08:28:02  OK Maths Standard 2/Y12-Trial/Presbyterian 2012 w. sol.pdf (292 KB)  [done 258, left 1093]
2026-07-08 08:28:58  OK Maths Advanced/Y11-Yearly/Newington 2013 w. sol.pdf (570 KB)  [done 259, left 1092]
2026-07-08 08:29:41  base 6520 throttled -> cooldown 1800s, rotated (Physics/Y12-HSC/2017 Marking Guidelines.pdf, hit 3)
2026-07-08 08:30:09  base 5330 throttled -> cooldown 1800s, rotated (Maths Extension 1/Y12-HSC/2011 Marking Guidelines.pdf, hit 1)
2026-07-08 08:30:40  OK Maths Standard 2/Y12-Trial/Presbyterian 2014 w. sol.pdf (1562 KB)  [done 260, left 1091]
2026-07-08 08:31:08  base 2720 throttled -> cooldown 1800s, rotated (English/Y12-HSC/2005 HSC Paper 2 (Advanced).pdf, hit 1)
2026-07-08 08:31:43  OK Maths Advanced/Y11-Yearly/Normanhurst Boys 2019 w. sol.pdf (3384 KB)  [done 261, left 1090]
2026-07-08 08:33:15  OK Maths Standard 2/Y12-Trial/Pymble 2004.pdf (677 KB)  [done 262, left 1089]
2026-07-08 08:33:43  base 4620 throttled -> cooldown 1800s, rotated (Japanese Continuers/Y12-HSC/2008 Marking Guidelines.pdf, hit 1)
2026-07-08 08:34:20  OK Maths Advanced/Y11-Yearly/Normanhurst Boys 2020 w. sol.pdf (1265 KB)  [done 263, left 1088]
2026-07-08 08:35:50  OK Maths Standard 2/Y12-Trial/Pymble 2005 w. sol.pdf (871 KB)  [done 264, left 1087]
2026-07-08 08:36:17  base 2420 throttled -> cooldown 1800s, rotated (Earth & Environmental Science/Y12-HSC/2009 Sample Answers.pdf, hit 1)
2026-07-08 08:36:45  base 5020 throttled -> cooldown 1800s, rotated (Legal Studies/Y12-HSC/2009 Marking Guidelines.pdf, hit 1)
2026-07-08 08:37:13  OK Maths Advanced/Y11-Yearly/North Sydney Boys 2008 w. sol.pdf (412 KB)  [done 265, left 1086]
2026-07-08 08:37:40  base 5520 throttled -> cooldown 1800s, rotated (Modern History/Y12-HSC/2008 Marking Guidelines.pdf, hit 1)
2026-07-08 08:38:24  OK Maths Standard 2/Y12-Trial/Pymble 2011 w. sol.pdf (450 KB)  [done 266, left 1085]
2026-07-08 08:39:47  OK Maths Advanced/Y11-Yearly/North Sydney Boys 2009 w. sol.pdf (260 KB)  [done 267, left 1084]
2026-07-08 08:40:15  base 1170 throttled -> cooldown 1800s, rotated (Ancient History/Y12-HSC/2009 Marking Guidelines.pdf, hit 1)
2026-07-08 08:40:43  base 1570 throttled -> cooldown 1800s, rotated (Business Studies/Y12-HSC/2009 Marking Guidelines.pdf, hit 1)
2026-07-08 08:41:12  OK Maths Standard 2/Y12-Trial/Pymble 2015 w. sol.pdf (718 KB)  [done 268, left 1083]
2026-07-08 08:41:40  base 1820 throttled -> cooldown 1800s, rotated (Chemistry/Y12-HSC/2009 Marking Guidelines.pdf, hit 1)
2026-07-08 08:42:21  OK Maths Advanced/Y11-Yearly/North Sydney Boys 2011 w. sol.pdf (143 KB)  [done 269, left 1082]
2026-07-08 08:43:03  net-error base 5320: HTTP Error 404: Not Found (cooldown 120s, rotated hit 1)
2026-07-08 08:43:46  OK Maths Standard 2/Y12-Trial/Riverview 2007 w. sol.pdf (100 KB)  [done 270, left 1081]
2026-07-08 08:44:14  base 5340 throttled -> cooldown 1800s, rotated (Maths Extension 2/Y12-HSC/2012 Marking Feedback.pdf, hit 1)
2026-07-08 08:44:55  OK Maths Advanced/Y11-Yearly/North Sydney Boys 2012 w. sol.pdf (338 KB)  [done 271, left 1080]
2026-07-08 08:45:23  base 5320 throttled -> cooldown 1800s, rotated (Maths Advanced/Y12-HSC/2011 Marking Feedback.pdf, hit 1)
2026-07-08 08:45:55  base 4630 throttled -> cooldown 1800s, rotated (Japanese Extension/Y12-HSC/2009 HSC.pdf, hit 1)
2026-07-08 08:46:24  OK Maths Standard 2/Y12-Trial/Riverview 2010.pdf (246 KB)  [done 272, left 1079]
2026-07-08 08:47:05  base 4078 throttled -> cooldown 1800s, rotated (Investigating Science/Y12-Trial/Fort St 2024 w. sol.pdf, hit 6)
2026-07-08 08:47:35  OK Maths Advanced/Y11-Yearly/North Sydney Boys 2013 w. sol.pdf (550 KB)  [done 273, left 1078]
2026-07-08 08:49:00  OK Maths Standard 2/Y12-Trial/Roseville 2005 w. sol.pdf (876 KB)  [done 274, left 1077]
2026-07-08 08:50:14  OK Maths Advanced/Y11-Yearly/North Sydney Boys 2024 w. sol.pdf (4388 KB)  [done 275, left 1076]
2026-07-08 08:51:06  base 5310 throttled -> cooldown 1800s, rotated (Maths Standard 2/Y12-HSC/2011 Sample Answers.pdf, hit 1)
2026-07-08 08:51:36  OK Maths Standard 2/Y12-Trial/SCEGGS 2005 w. sol.pdf (882 KB)  [done 276, left 1075]
2026-07-08 08:52:09  base 2670 throttled -> cooldown 1800s, rotated (Engineering Studies/Y12-HSC/2010 HSC.pdf, hit 1)
2026-07-08 08:52:46  base 1370 throttled -> cooldown 1800s, rotated (Biology/Y12-HSC/2009 Marking Guidelines.pdf, hit 1)
2026-07-08 08:53:17  OK Maths Advanced/Y11-Yearly/North Sydney Girls 2006 w. sol.pdf (957 KB)  [done 277, left 1074]
2026-07-08 08:54:12  OK Maths Standard 2/Y12-Trial/SCEGGS 2007.pdf (709 KB)  [done 278, left 1073]
2026-07-08 08:54:39  base 2470 throttled -> cooldown 1800s, rotated (Economics/Y12-HSC/2009 Sample Answers.pdf, hit 1)
2026-07-08 08:55:53  OK Maths Advanced/Y11-Yearly/North Sydney Girls 2007 w. sol.pdf (2317 KB)  [done 279, left 1072]
2026-07-08 08:56:49  OK Maths Standard 2/Y12-Trial/SCEGGS 2009 w. sol.pdf (1137 KB)  [done 280, left 1071]
2026-07-08 08:58:27  OK Maths Advanced/Y11-Yearly/North Sydney Girls 2008 w. sol.pdf (77 KB)  [done 281, left 1070]
2026-07-08 08:59:32  OK Maths Standard 2/Y12-Trial/Scots 2004 w. sol.pdf (1982 KB)  [done 282, left 1069]
2026-07-08 09:00:00  base 6520 throttled -> cooldown 1800s, rotated (Physics/Y12-HSC/2018 HSC.pdf, hit 3)
2026-07-08 09:00:58  net-error base 5330: HTTP Error 404: Not Found (cooldown 120s, rotated hit 1)
2026-07-08 09:01:54  net-error base 2720: HTTP Error 404: Not Found (cooldown 120s, rotated hit 1)
2026-07-08 09:04:19  OK Maths Advanced/Y11-Yearly/North Sydney Girls 2009 w. sol.pdf (1727 KB)  [done 283, left 1068]
2026-07-08 09:04:47  base 2720 throttled -> cooldown 1800s, rotated (English/Y12-HSC/2005 Marking Guidelines.pdf, hit 1)
2026-07-08 09:05:17  OK Maths Standard 2/Y12-Trial/Scots 2005 w. sol.pdf (160 KB)  [done 284, left 1067]
2026-07-08 09:05:45  base 4620 throttled -> cooldown 1800s, rotated (Japanese Continuers/Y12-HSC/2009 HSC.pdf, hit 1)
2026-07-08 09:06:13  base 5330 throttled -> cooldown 1800s, rotated (Maths Extension 1/Y12-HSC/2011 Marking Feedback.pdf, hit 1)
2026-07-08 09:07:08  base 2420 throttled -> cooldown 1800s, rotated (Earth & Environmental Science/Y12-HSC/2010 HSC.pdf, hit 1)
2026-07-08 09:07:45  OK Maths Advanced/Y11-Yearly/North Sydney Girls 2010 w. sol.pdf (1118 KB)  [done 285, left 1066]
2026-07-08 09:08:15  OK Maths Standard 2/Y12-Trial/Scots 2007 w. sol.pdf (353 KB)  [done 286, left 1065]
2026-07-08 09:08:43  base 5020 throttled -> cooldown 1800s, rotated (Legal Studies/Y12-HSC/2009 Sample Answers.pdf, hit 1)
2026-07-08 09:09:11  base 5520 throttled -> cooldown 1800s, rotated (Modern History/Y12-HSC/2009 HSC.pdf, hit 1)
2026-07-08 09:10:17  base 1170 throttled -> cooldown 1800s, rotated (Ancient History/Y12-HSC/2009 Sample Answers.pdf, hit 1)
2026-07-08 09:10:48  OK Maths Advanced/Y11-Yearly/North Sydney Girls 2011 w. sol.pdf (504 KB)  [done 287, left 1064]
2026-07-08 09:11:18  OK Maths Standard 2/Y12-Trial/Scots 2008 w. sol.pdf (537 KB)  [done 288, left 1063]
2026-07-08 09:11:46  base 1820 throttled -> cooldown 1800s, rotated (Chemistry/Y12-HSC/2009 Sample Answers.pdf, hit 1)
2026-07-08 09:12:14  base 1570 throttled -> cooldown 1800s, rotated (Business Studies/Y12-HSC/2009 Sample Answers.pdf, hit 1)
2026-07-08 09:13:23  OK Maths Advanced/Y11-Yearly/North Sydney Girls 2012 w. sol.pdf (1474 KB)  [done 289, left 1062]
2026-07-08 09:13:53  OK Maths Standard 2/Y12-Trial/Scots 2010.pdf (268 KB)  [done 290, left 1061]
2026-07-08 09:14:22  OK Maths Extension 2/Y12-HSC/2013 HSC.pdf (150 KB)  [done 291, left 1060]
2026-07-08 09:15:28  OK Maths Advanced/Y12-HSC/2012 HSC.pdf (149 KB)  [done 292, left 1059]
2026-07-08 09:16:00  base 4630 throttled -> cooldown 1800s, rotated (Japanese Extension/Y12-HSC/2009 Marking Guidelines.pdf, hit 1)
2026-07-08 09:16:29  OK Maths Advanced/Y11-Yearly/North Sydney Girls 2013 w. sol.pdf (182 KB)  [done 293, left 1058]
2026-07-08 09:16:57  base 5340 throttled -> cooldown 1800s, rotated (Maths Extension 2/Y12-HSC/2013 Solutions.pdf, hit 1)
2026-07-08 09:17:27  OK Maths Standard 2/Y12-Trial/Scots 2011 w. sol.pdf (1175 KB)  [done 294, left 1057]
2026-07-08 09:17:55  base 4078 throttled -> cooldown 1800s, rotated (Investigating Science/Y12-Trial/Fort St 2025 w. sol.pdf, hit 6)
2026-07-08 09:18:23  base 5320 throttled -> cooldown 1800s, rotated (Maths Advanced/Y12-HSC/2012 Marking Guidelines.pdf, hit 1)
2026-07-08 09:19:04  OK Maths Advanced/Y11-Yearly/North Sydney Girls 2014 w. sol.pdf (170 KB)  [done 295, left 1056]
2026-07-08 09:20:04  OK Maths Standard 2/Y12-Trial/Shore 2008 w. sol.pdf (775 KB)  [done 296, left 1055]
2026-07-08 09:21:10  OK Maths Standard 2/Y12-HSC/2012 HSC.pdf (230 KB)  [done 297, left 1054]
2026-07-08 09:22:44  net-error base 5228: HTTP Error 404: Not Found (cooldown 120s, rotated hit 1)
2026-07-08 09:23:12  base 1370 throttled -> cooldown 1800s, rotated (Biology/Y12-HSC/2009 Sample Answers.pdf, hit 1)
2026-07-08 09:23:44  OK Maths Standard 2/Y12-Trial/Shore 2010 w. sol.pdf (1510 KB)  [done 298, left 1053]
2026-07-08 09:24:21  net-error base 2670: HTTP Error 404: Not Found (cooldown 120s, rotated hit 1)
2026-07-08 09:25:27  net-error base 5310: HTTP Error 404: Not Found (cooldown 120s, rotated hit 1)
2026-07-08 09:26:24  net-error base 2470: HTTP Error 404: Not Found (cooldown 120s, rotated hit 1)
2026-07-08 09:26:58  OK Maths Advanced/Y11-Yearly/North Sydney Girls 2018 w. sol.pdf (1910 KB)  [done 299, left 1052]
2026-07-08 09:27:26  base 2670 throttled -> cooldown 1800s, rotated (Engineering Studies/Y12-HSC/2010 Sample Answers.pdf, hit 1)
2026-07-08 09:27:57  base 5310 throttled -> cooldown 1800s, rotated (Maths Standard 2/Y12-HSC/2012 Sample Answers.pdf, hit 1)
2026-07-08 09:28:27  OK Maths Standard 2/Y12-Trial/Shore 2012 w. sol.pdf (325 KB)  [done 300, left 1051]
2026-07-08 09:28:55  base 2470 throttled -> cooldown 1800s, rotated (Economics/Y12-HSC/2010 Marking Guidelines.pdf, hit 1)
2026-07-08 09:29:34  OK Maths Advanced/Y11-Yearly/North Sydney Girls 2019 w. sol.pdf (2657 KB)  [done 301, left 1050]
2026-07-08 09:30:07  base 6520 throttled -> cooldown 1800s, rotated (Physics/Y12-HSC/2018 Marking Guidelines.pdf, hit 3)
2026-07-08 09:31:03  OK Maths Standard 2/Y12-Trial/St Catherines 2004 w. sol.pdf (659 KB)  [done 302, left 1049]
2026-07-08 09:32:16  OK Maths Advanced/Y11-Yearly/North Sydney Girls 2020 w. sol.pdf (4056 KB)  [done 303, left 1048]
2026-07-08 09:34:12  net-error base 5318: HTTP Error 404: Not Found (cooldown 120s, rotated hit 1)
2026-07-08 09:37:23  net-error base 5228: HTTP Error 302: The HTTP server returned a redirect error that would lead to an infinite loop.
The last 30x error message was:
Moved Temporarily (cooldown 120s, rotated hit 1)
2026-07-08 09:38:22  net-error base 2420: HTTP Error 404: Not Found (cooldown 120s, rotated hit 1)
2026-07-08 09:38:52  base 4620 throttled -> cooldown 1800s, rotated (Japanese Continuers/Y12-HSC/2009 Marking Guidelines.pdf, hit 1)
2026-07-08 09:39:21  OK Maths Extension 1/Y12-HSC/2012 HSC.pdf (209 KB)  [done 304, left 1047]
2026-07-08 09:40:03  base 2720 throttled -> cooldown 1800s, rotated (English/Y12-HSC/2006 HSC Paper 1.pdf, hit 1)
2026-07-08 09:40:37  net-error base 2420: HTTP Error 404: Not Found (cooldown 120s, rotated hit 1)
2026-07-08 09:41:57  net-error base 5020: HTTP Error 404: Not Found (cooldown 120s, rotated hit 1)
2026-07-08 09:43:13  base 1820 throttled -> cooldown 1800s, rotated (Chemistry/Y12-HSC/2010 HSC.pdf, hit 1)
2026-07-08 09:43:41  base 5520 throttled -> cooldown 1800s, rotated (Modern History/Y12-HSC/2009 Marking Guidelines.pdf, hit 1)
2026-07-08 09:44:09  base 5330 throttled -> cooldown 1800s, rotated (Maths Extension 1/Y12-HSC/2012 Marking Guidelines.pdf, hit 1)
2026-07-08 09:44:46  base 1170 throttled -> cooldown 1800s, rotated (Ancient History/Y12-HSC/2010 HSC.pdf, hit 1)
2026-07-08 09:45:16  base 2420 throttled -> cooldown 1800s, rotated (Earth & Environmental Science/Y12-HSC/2011 HSC.pdf, hit 1)
2026-07-08 09:45:53  OK Maths Advanced/Y11-Yearly/North Sydney Girls 2022 w. sol.pdf (4217 KB)  [done 305, left 1046]
2026-07-08 09:46:20  base 1570 throttled -> cooldown 1800s, rotated (Business Studies/Y12-HSC/2010 HSC.pdf, hit 1)
2026-07-08 09:46:50  OK Maths Standard 2/Y12-Trial/Stella Maris 2010 w. sol.pdf (499 KB)  [done 306, left 1045]
2026-07-08 09:47:19  base 5020 throttled -> cooldown 1800s, rotated (Legal Studies/Y12-HSC/2010 Marking Guidelines.pdf, hit 1)
2026-07-08 09:47:47  base 5340 throttled -> cooldown 1800s, rotated (Maths Extension 2/Y12-HSC/2013 Marking Feedback.pdf, hit 1)
2026-07-08 09:48:30  base 4630 throttled -> cooldown 1800s, rotated (Japanese Extension/Y12-HSC/2009 Sample Answers.pdf, hit 1)
2026-07-08 09:49:07  OK Maths Advanced/Y11-Yearly/North Sydney Girls 2023 w. sol.pdf (5029 KB)  [done 307, left 1044]
2026-07-08 09:49:35  base 4078 throttled -> cooldown 1800s, rotated (Investigating Science/Y12-Trial/Fort St 2023 w. sol.pdf, hit 7)
2026-07-08 09:50:03  base 5320 throttled -> cooldown 1800s, rotated (Maths Advanced/Y12-HSC/2012 Sample Answers.pdf, hit 1)
2026-07-08 09:50:34  OK Maths Standard 2/Y12-Trial/Sydney Grammar 2014 w. sol.pdf (1259 KB)  [done 308, left 1043]
2026-07-08 09:51:43  OK Maths Advanced/Y11-Yearly/Penrith 2015 w. sol.pdf (1459 KB)  [done 309, left 1042]
2026-07-08 09:53:59  net-error base 5318: HTTP Error 404: Not Found (cooldown 120s, rotated hit 1)
2026-07-08 09:54:50  OK Maths Advanced/Y11-Yearly/Penrith 2022 w. sol.pdf (3808 KB)  [done 310, left 1041]
2026-07-08 09:55:18  base 1370 throttled -> cooldown 1800s, rotated (Biology/Y12-HSC/2010 HSC.pdf, hit 1)
2026-07-08 09:56:05  OK Maths Standard 2/Y12-Trial/Sydney Grammar 2016 w. sol.pdf (1199 KB)  [done 311, left 1040]
2026-07-08 09:57:31  OK Maths Advanced/Y11-Yearly/Penrith 2023 w. sol.pdf (6922 KB)  [done 312, left 1039]
2026-07-08 09:57:59  base 2670 throttled -> cooldown 1800s, rotated (Engineering Studies/Y12-HSC/2011 HSC.pdf, hit 1)
2026-07-08 09:58:26  base 5310 throttled -> cooldown 1800s, rotated (Maths Standard 2/Y12-HSC/2012 Marking Feedback.pdf, hit 1)
2026-07-08 09:58:54  base 5318 throttled -> cooldown 1800s, rotated (Maths Standard 2/Y12-Trial/Hornsby Girls 2020 w. sol.pdf, hit 2)
2026-07-08 09:59:33  base 2470 throttled -> cooldown 1800s, rotated (Economics/Y12-HSC/2010 Sample Answers.pdf, hit 1)
2026-07-08 10:00:12  OK Maths Advanced/Y11-Yearly/Presbyterian 2022 w. sol.pdf (4898 KB)  [done 313, left 1038]
2026-07-08 10:00:40  base 6520 throttled -> cooldown 1800s, rotated (Physics/Y12-HSC/2013 Marking Guidelines.pdf, hit 4)
2026-07-08 10:02:57  OK Maths Advanced/Y11-Yearly/Presbyterian 2023 w. sol.pdf (8228 KB)  [done 314, left 1037]
2026-07-08 10:05:33  OK Maths Advanced/Y11-Yearly/Pymble 2022 w. sol.pdf (1055 KB)  [done 315, left 1036]
2026-07-08 10:08:07  OK Maths Advanced/Y11-Yearly/Roseville 2003 w. sol.pdf (500 KB)  [done 316, left 1035]
2026-07-08 10:08:55  base 4620 throttled -> cooldown 1800s, rotated (Japanese Continuers/Y12-HSC/2009 Sample Answers.pdf, hit 1)
2026-07-08 10:10:06  base 2720 throttled -> cooldown 1800s, rotated (English/Y12-HSC/2006 HSC Paper 2 (Advanced).pdf, hit 1)
2026-07-08 10:11:10  net-error base 5228: HTTP Error 404: Not Found (cooldown 120s, rotated hit 1)
2026-07-08 10:13:23  net-error base 5228: HTTP Error 404: Not Found (cooldown 120s, rotated hit 1)
2026-07-08 10:14:06  net-error base 5520: HTTP Error 404: Not Found (cooldown 120s, rotated hit 1)
2026-07-08 10:15:05  net-error base 5330: HTTP Error 404: Not Found (cooldown 120s, rotated hit 1)
2026-07-08 10:15:51  net-error base 2420: HTTP Error 404: Not Found (cooldown 120s, rotated hit 1)
2026-07-08 10:16:36  OK Maths Advanced/Y11-Yearly/Roseville 2020.pdf (1003 KB)  [done 317, left 1034]
2026-07-08 10:17:04  base 1570 throttled -> cooldown 1800s, rotated (Business Studies/Y12-HSC/2010 Marking Guidelines.pdf, hit 1)
2026-07-08 10:17:32  base 5020 throttled -> cooldown 1800s, rotated (Legal Studies/Y12-HSC/2010 Sample Answers.pdf, hit 1)
2026-07-08 10:17:59  base 1820 throttled -> cooldown 1800s, rotated (Chemistry/Y12-HSC/2010 Marking Guidelines.pdf, hit 1)
2026-07-08 10:19:00  base 5330 throttled -> cooldown 1800s, rotated (Maths Extension 1/Y12-HSC/2012 Marking Feedback.pdf, hit 1)
2026-07-08 10:20:09  net-error base 4630: HTTP Error 404: Not Found (cooldown 120s, rotated hit 1)
2026-07-08 10:20:37  base 4078 throttled -> cooldown 1800s, rotated (Investigating Science/Y12-Trial/Fort St 2024 w. sol.pdf, hit 7)
2026-07-08 10:21:15  OK Maths Advanced/Y11-Yearly/SCEGGS 2006 w. sol.pdf (1239 KB)  [done 318, left 1033]
2026-07-08 10:21:42  base 5520 throttled -> cooldown 1800s, rotated (Modern History/Y12-HSC/2010 HSC.pdf, hit 1)
2026-07-08 10:22:27  net-error base 5340: HTTP Error 404: Not Found (cooldown 120s, rotated hit 1)
2026-07-08 10:23:00  net-error base 2420: HTTP Error 404: Not Found (cooldown 120s, rotated hit 1)
2026-07-08 10:23:28  base 4630 throttled -> cooldown 1800s, rotated (Japanese Extension/Y12-HSC/2010 Marking Guidelines.pdf, hit 1)
2026-07-08 10:23:55  base 5320 throttled -> cooldown 1800s, rotated (Maths Advanced/Y12-HSC/2012 Marking Feedback.pdf, hit 1)
2026-07-08 10:24:26  base 1170 throttled -> cooldown 1800s, rotated (Ancient History/Y12-HSC/2010 Marking Guidelines.pdf, hit 1)
2026-07-08 10:25:42  OK Maths Advanced/Y11-Yearly/SCEGGS 2007 w. sol.pdf (1517 KB)  [done 319, left 1032]
2026-07-08 10:26:29  base 5340 throttled -> cooldown 1800s, rotated (Maths Extension 2/Y12-HSC/2014 Marking Guidelines.pdf, hit 1)
2026-07-08 10:27:02  base 1370 throttled -> cooldown 1800s, rotated (Biology/Y12-HSC/2010 Marking Guidelines.pdf, hit 1)
2026-07-08 10:28:16  net-error base 2420: HTTP Error 404: Not Found (cooldown 120s, rotated hit 1)
2026-07-08 10:29:18  net-error base 5228: HTTP Error 404: Not Found (cooldown 120s, rotated hit 1)
2026-07-08 10:29:46  base 2670 throttled -> cooldown 1800s, rotated (Engineering Studies/Y12-HSC/2011 Marking Guidelines.pdf, hit 1)
2026-07-08 10:30:13  base 2470 throttled -> cooldown 1800s, rotated (Economics/Y12-HSC/2011 HSC.pdf, hit 1)
2026-07-08 10:30:43  OK Maths Standard 2/Y12-HSC/2013 HSC.pdf (444 KB)  [done 320, left 1031]
2026-07-08 10:31:30  OK Maths Standard 2/Y12-Trial/Hornsby Girls 2024 w. sol.pdf (2517 KB)  [done 321, left 1030]
2026-07-08 10:31:57  base 2420 throttled -> cooldown 1800s, rotated (Earth & Environmental Science/Y12-HSC/2012 Marking Guidelines.pdf, hit 1)
2026-07-08 10:32:25  OK Maths Advanced/Y11-Yearly/SCEGGS 2009.pdf (93 KB)  [done 322, left 1029]
2026-07-08 10:32:53  base 6520 throttled -> cooldown 1800s, rotated (Physics/Y12-HSC/2016 HSC.pdf, hit 4)
2026-07-08 10:33:33  net-error base 5310: HTTP Error 404: Not Found (cooldown 120s, rotated hit 1)
2026-07-08 10:34:32  net-error base 5318: HTTP Error 404: Not Found (cooldown 120s, rotated hit 2)
2026-07-08 10:35:03  OK Maths Advanced/Y11-Yearly/SCEGGS 2010 w. sol.pdf (1563 KB)  [done 323, left 1028]
2026-07-08 10:35:39  OK Maths Standard 2/Y12-HSC/2014 HSC.pdf (219 KB)  [done 324, left 1027]
2026-07-08 10:37:41  net-error base 5318: HTTP Error 404: Not Found (cooldown 120s, rotated hit 2)
2026-07-08 10:38:17  OK Maths Advanced/Y11-Yearly/SCEGGS 2019 w. sol.pdf (1359 KB)  [done 325, left 1026]
2026-07-08 10:38:55  net-error base 5310: HTTP Error 404: Not Found (cooldown 120s, rotated hit 1)
2026-07-08 10:39:22  base 4620 throttled -> cooldown 1800s, rotated (Japanese Continuers/Y12-HSC/2010 HSC.pdf, hit 1)
2026-07-08 10:40:26  net-error base 5318: HTTP Error 404: Not Found (cooldown 120s, rotated hit 2)
2026-07-08 10:41:03  net-error base 2720: HTTP Error 404: Not Found (cooldown 120s, rotated hit 1)
2026-07-08 10:41:39  OK Maths Advanced/Y11-Yearly/SCEGGS 2022 w. sol.pdf (4290 KB)  [done 326, left 1025]
2026-07-08 10:42:37  net-error base 5310: HTTP Error 404: Not Found (cooldown 120s, rotated hit 1)
2026-07-08 10:43:11  OK Maths Standard 2/Y12-Trial/Killara 2025 w. sol.pdf (3121 KB)  [done 327, left 1024]
2026-07-08 10:43:39  base 2720 throttled -> cooldown 1800s, rotated (English/Y12-HSC/2006 Marking Guidelines.pdf, hit 1)
2026-07-08 10:44:14  OK Maths Advanced/Y11-Yearly/Shore 2013 w. sol.pdf (436 KB)  [done 328, left 1023]
2026-07-08 10:44:44  OK Maths Standard 2/Y12-HSC/2015 HSC.pdf (833 KB)  [done 329, left 1022]
2026-07-08 10:45:46  OK Maths Standard 2/Y12-Trial/Knox 2024.pdf (890 KB)  [done 330, left 1021]
2026-07-08 10:47:20  net-error base 5228: HTTP Error 404: Not Found (cooldown 120s, rotated hit 1)
2026-07-08 10:47:48  base 5020 throttled -> cooldown 1800s, rotated (Legal Studies/Y12-HSC/2011 HSC.pdf, hit 1)
2026-07-08 10:48:20  base 5310 throttled -> cooldown 1800s, rotated (Maths Standard 2/Y12-HSC/2015 Marking Guidelines.pdf, hit 1)
2026-07-08 10:48:48  base 1570 throttled -> cooldown 1800s, rotated (Business Studies/Y12-HSC/2010 Sample Answers.pdf, hit 1)
2026-07-08 10:49:16  base 1820 throttled -> cooldown 1800s, rotated (Chemistry/Y12-HSC/2010 Sample Answers.pdf, hit 1)
2026-07-08 10:49:45  OK Maths Extension 1/Y12-HSC/2013 HSC.pdf (141 KB)  [done 331, left 1020]
2026-07-08 10:50:52  net-error base 5318: HTTP Error 404: Not Found (cooldown 120s, rotated hit 2)
2026-07-08 10:51:38  OK Maths Advanced/Y11-Yearly/Shore 2015 w. sol.pdf (1458 KB)  [done 332, left 1019]
2026-07-08 10:52:35  net-error base 4078: HTTP Error 404: Not Found (cooldown 120s, rotated hit 7)
2026-07-08 10:53:08  OK Maths Standard 2/Y12-Trial/Manly 2020 w. sol.pdf (1718 KB)  [done 333, left 1018]
2026-07-08 10:54:01  net-error base 4630: HTTP Error 404: Not Found (cooldown 120s, rotated hit 1)
2026-07-08 10:55:40  net-error base 5320: HTTP Error 404: Not Found (cooldown 120s, rotated hit 1)
2026-07-08 10:56:30  net-error base 4630: HTTP Error 404: Not Found (cooldown 120s, rotated hit 1)
2026-07-08 10:57:33  net-error base 5330: HTTP Error 404: Not Found (cooldown 120s, rotated hit 1)
2026-07-08 10:58:08  net-error base 1370: HTTP Error 404: Not Found (cooldown 120s, rotated hit 1)
2026-07-08 10:58:42  GIVEUP Investigating Science/Y12-Trial/Fort St 2023 w. sol.pdf: net-errors (8), last=HTTP Error 404: Not Found
2026-07-08 10:59:25  net-error base 5340: HTTP Error 404: Not Found (cooldown 120s, rotated hit 1)
2026-07-08 11:00:12  base 5320 throttled -> cooldown 1800s, rotated (Maths Advanced/Y12-HSC/2013 Marking Guidelines.pdf, hit 1)
2026-07-08 11:01:18  net-error base 5520: HTTP Error 404: Not Found (cooldown 120s, rotated hit 1)
2026-07-08 11:02:11  GIVEUP Investigating Science/Y12-Trial/Fort St 2024 w. sol.pdf: net-errors (8), last=HTTP Error 404: Not Found
2026-07-08 11:03:06  net-error base 4630: HTTP Error 404: Not Found (cooldown 120s, rotated hit 1)
2026-07-08 11:03:34  base 1370 throttled -> cooldown 1800s, rotated (Biology/Y12-HSC/2011 HSC.pdf, hit 1)
2026-07-08 11:04:04  OK Maths Advanced/Y11-Yearly/Shore 2016 w. sol.pdf (569 KB)  [done 334, left 1015]
2026-07-08 11:04:39  OK Maths Standard 2/Y12-Trial/Manly 2023 w. sol.pdf (2251 KB)  [done 335, left 1014]
2026-07-08 11:05:07  base 2420 throttled -> cooldown 1800s, rotated (Earth & Environmental Science/Y12-HSC/2012 Sample Answers.pdf, hit 1)
2026-07-08 11:05:50  base 2670 throttled -> cooldown 1800s, rotated (Engineering Studies/Y12-HSC/2011 Sample Answers.pdf, hit 1)
2026-07-08 11:06:18  base 6520 throttled -> cooldown 1800s, rotated (Physics/Y12-HSC/2016 Marking Guidelines.pdf, hit 4)
2026-07-08 11:06:48  OK Maths Extension 2/Y12-HSC/2015 HSC.pdf (459 KB)  [done 336, left 1013]
2026-07-08 11:07:23  net-error base 1170: HTTP Error 404: Not Found (cooldown 120s, rotated hit 1)
2026-07-08 11:08:26  net-error base 5318: HTTP Error 404: Not Found (cooldown 120s, rotated hit 2)
2026-07-08 11:08:56  OK Maths Advanced/Y11-Yearly/Shore 2017.pdf (391 KB)  [done 337, left 1012]
2026-07-08 11:09:24  base 2470 throttled -> cooldown 1800s, rotated (Economics/Y12-HSC/2011 Marking Guidelines.pdf, hit 1)
2026-07-08 11:09:53  base 4620 throttled -> cooldown 1800s, rotated (Japanese Continuers/Y12-HSC/2010 Listening Audio.pdf, hit 1)
2026-07-08 11:10:21  GIVEUP Investigating Science/Y12-Trial/Fort St 2025 w. sol.pdf: unavailable (8 placeholder hits)
2026-07-08 11:10:51  base 4630 throttled -> cooldown 1800s, rotated (Japanese Extension/Y12-HSC/2011 Sample Answers.pdf, hit 1)
2026-07-08 11:11:26  base 5520 throttled -> cooldown 1800s, rotated (Modern History/Y12-HSC/2010 Sample Answers.pdf, hit 1)
2026-07-08 11:12:01  base 5330 throttled -> cooldown 1800s, rotated (Maths Extension 1/Y12-HSC/2013 Marking Feedback.pdf, hit 1)
2026-07-08 11:12:35  OK Maths Advanced/Y11-Yearly/Shore 2023 w. sol.pdf (2624 KB)  [done 338, left 1010]
2026-07-08 11:13:07  OK Maths Standard 2/Y12-Trial/Shore 2021.pdf (791 KB)  [done 339, left 1009]
2026-07-08 11:13:35  base 5340 throttled -> cooldown 1800s, rotated (Maths Extension 2/Y12-HSC/2015 Marking Guidelines.pdf, hit 1)
2026-07-08 11:14:03  base 1170 throttled -> cooldown 1800s, rotated (Ancient History/Y12-HSC/2011 HSC.pdf, hit 1)
2026-07-08 11:14:31  base 2720 throttled -> cooldown 1800s, rotated (English/Y12-HSC/2007 HSC Paper 1.pdf, hit 1)
2026-07-08 11:15:09  OK Maths Advanced/Y11-Yearly/St Aloysius 2014.pdf (203 KB)  [done 340, left 1008]
2026-07-08 11:16:35  OK Maths Standard 2/Y12-Trial/St George Girls 2020 w. sol.pdf (6219 KB)  [done 341, left 1007]
2026-07-08 11:17:42  OK Maths Advanced/Y11-Yearly/St Aloysius 2015.pdf (287 KB)  [done 342, left 1006]
2026-07-08 11:18:10  base 5020 throttled -> cooldown 1800s, rotated (Legal Studies/Y12-HSC/2011 Marking Guidelines.pdf, hit 1)
2026-07-08 11:18:40  OK Maths Standard 2/Y12-HSC/2016 HSC.pdf (736 KB)  [done 343, left 1005]
2026-07-08 11:19:29  OK Maths Standard 2/Y12-Trial/Sydney Grammar 2023 w. sol.pdf (5060 KB)  [done 344, left 1004]
2026-07-08 11:19:58  base 1820 throttled -> cooldown 1800s, rotated (Chemistry/Y12-HSC/2011 HSC.pdf, hit 1)
2026-07-08 11:20:26  OK Maths Advanced/Y11-Yearly/St Aloysius 2016.pdf (220 KB)  [done 345, left 1003]
2026-07-08 11:21:12  base 1570 throttled -> cooldown 1800s, rotated (Business Studies/Y12-HSC/2011 HSC.pdf, hit 1)
2026-07-08 11:21:40  base 5310 throttled -> cooldown 1800s, rotated (Maths Standard 2/Y12-HSC/2016 Marking Guidelines.pdf, hit 1)
2026-07-08 11:22:10  OK Maths Standard 2/Y12-Trial/Abbotsleigh 2010 w. sol.pdf (492 KB)  [done 346, left 1002]
2026-07-08 11:23:05  OK Maths Advanced/Y11-Yearly/St Aloysius 2017 w. sol.pdf (3114 KB)  [done 347, left 1001]
2026-07-08 11:24:46  OK Maths Standard 2/Y12-Trial/Abbotsleigh 2011 w. sol.pdf (1722 KB)  [done 348, left 1000]
2026-07-08 11:26:49  OK Maths Advanced/Y11-Yearly/St George Girls 2008 w. sol.pdf (1679 KB)  [done 349, left 999]
2026-07-08 11:27:27  net-error base 5318: HTTP Error 404: Not Found (cooldown 120s, rotated hit 2)
2026-07-08 11:29:23  OK Maths Advanced/Y11-Yearly/St George Girls 2011.pdf (96 KB)  [done 350, left 998]
2026-07-08 11:30:08  OK Maths Standard 2/Y12-Trial/Barker 2014 w. sol.pdf (1051 KB)  [done 351, left 997]
2026-07-08 11:31:02  net-error base 5320: HTTP Error 404: Not Found (cooldown 120s, rotated hit 1)
2026-07-08 11:31:59  net-error base 5228: HTTP Error 404: Not Found (cooldown 120s, rotated hit 1)
2026-07-08 11:32:46  OK Maths Standard 2/Y12-Trial/Caringbah 2016 w. sol.pdf (1680 KB)  [done 352, left 996]
2026-07-08 11:33:30  OK Maths Advanced/Y12-HSC/2014 HSC.pdf (289 KB)  [done 353, left 995]
2026-07-08 11:33:58  base 1370 throttled -> cooldown 1800s, rotated (Biology/Y12-HSC/2011 Marking Guidelines.pdf, hit 1)
2026-07-08 11:34:27  OK Maths Advanced/Y11-Yearly/St George Girls 2016.pdf (163 KB)  [done 354, left 994]
2026-07-08 11:35:19  net-error base 2420: HTTP Error 404: Not Found (cooldown 120s, rotated hit 1)
2026-07-08 11:36:35  net-error base 5318: HTTP Error 404: Not Found (cooldown 120s, rotated hit 2)
2026-07-08 11:37:19  net-error base 6520: HTTP Error 404: Not Found (cooldown 120s, rotated hit 4)
2026-07-08 11:38:53  net-error base 2670: HTTP Error 404: Not Found (cooldown 120s, rotated hit 1)
2026-07-08 11:39:51  net-error base 5320: HTTP Error 404: Not Found (cooldown 120s, rotated hit 1)
2026-07-08 11:40:18  base 4620 throttled -> cooldown 1800s, rotated (Japanese Continuers/Y12-HSC/2010 Listening Transcript.pdf, hit 1)
2026-07-08 11:41:30  net-error base 5228: HTTP Error 404: Not Found (cooldown 120s, rotated hit 1)
2026-07-08 11:42:09  net-error base 4630: HTTP Error 404: Not Found (cooldown 120s, rotated hit 1)
2026-07-08 11:43:07  net-error base 5320: HTTP Error 404: Not Found (cooldown 120s, rotated hit 1)
2026-07-08 11:43:48  OK Maths Advanced/Y11-Yearly/St George Girls 2020 w. sol.pdf (6869 KB)  [done 355, left 993]
2026-07-08 11:44:16  base 1170 throttled -> cooldown 1800s, rotated (Ancient History/Y12-HSC/2011 Marking Guidelines.pdf, hit 1)
2026-07-08 11:44:43  base 2420 throttled -> cooldown 1800s, rotated (Earth & Environmental Science/Y12-HSC/2013 Marking Guidelines.pdf, hit 1)
2026-07-08 11:45:12  base 2470 throttled -> cooldown 1800s, rotated (Economics/Y12-HSC/2011 Sample Answers.pdf, hit 1)
2026-07-08 11:45:57  OK Maths Standard 2/Y12-Trial/Frensham 2015 w. sol.pdf (3524 KB)  [done 356, left 992]
2026-07-08 11:46:25  base 5340 throttled -> cooldown 1800s, rotated (Maths Extension 2/Y12-HSC/2015 Marking Feedback.pdf, hit 1)
2026-07-08 11:46:53  base 4630 throttled -> cooldown 1800s, rotated (Japanese Extension/Y12-HSC/2012 Marking Guidelines.pdf, hit 1)
2026-07-08 11:47:20  base 2670 throttled -> cooldown 1800s, rotated (Engineering Studies/Y12-HSC/2012 Marking Guidelines.pdf, hit 1)
2026-07-08 11:47:57  base 5520 throttled -> cooldown 1800s, rotated (Modern History/Y12-HSC/2011 HSC.pdf, hit 1)
2026-07-08 11:48:28  OK Maths Advanced/Y12-HSC/2015 HSC.pdf (598 KB)  [done 357, left 991]
2026-07-08 11:49:10  OK Maths Advanced/Y11-Yearly/St George Girls 2021 w. sol.pdf (8074 KB)  [done 358, left 990]
2026-07-08 11:49:38  base 5020 throttled -> cooldown 1800s, rotated (Legal Studies/Y12-HSC/2011 Sample Answers.pdf, hit 1)
2026-07-08 11:50:08  OK Maths Extension 1/Y12-HSC/2014 HSC.pdf (189 KB)  [done 359, left 989]
2026-07-08 11:50:38  OK Maths Standard 2/Y12-Trial/Hurlstone 2007.pdf (656 KB)  [done 360, left 988]
2026-07-08 11:51:06  base 1820 throttled -> cooldown 1800s, rotated (Chemistry/Y12-HSC/2011 Marking Guidelines.pdf, hit 1)
2026-07-08 11:51:34  base 5320 throttled -> cooldown 1800s, rotated (Maths Advanced/Y12-HSC/2015 Marking Guidelines.pdf, hit 1)
2026-07-08 11:52:01  base 1570 throttled -> cooldown 1800s, rotated (Business Studies/Y12-HSC/2011 Marking Guidelines.pdf, hit 1)
2026-07-08 11:53:01  base 2720 throttled -> cooldown 1800s, rotated (English/Y12-HSC/2007 HSC Paper 2 (Advanced).pdf, hit 1)
2026-07-08 11:54:52  net-error base 5228: HTTP Error 404: Not Found (cooldown 120s, rotated hit 1)
2026-07-08 11:55:19  base 5330 throttled -> cooldown 1800s, rotated (Maths Extension 1/Y12-HSC/2014 Marking Guidelines.pdf, hit 1)
2026-07-08 11:55:55  OK Maths Standard 2/Y12-Trial/International Grammar 2015 w. sol.pdf (2288 KB)  [done 361, left 987]
2026-07-08 11:56:24  base 6520 throttled -> cooldown 1800s, rotated (Physics/Y12-HSC/2017 Marking Guidelines.pdf, hit 4)
2026-07-08 11:56:52  base 5310 throttled -> cooldown 1800s, rotated (Maths Standard 2/Y12-HSC/2016 Marking Feedback.pdf, hit 1)
2026-07-08 11:58:20  net-error base 5228: HTTP Error 404: Not Found (cooldown 120s, rotated hit 1)
2026-07-08 11:58:50  OK Maths Standard 2/Y12-Trial/Kambala 2010 w. sol.pdf (531 KB)  [done 362, left 986]
2026-07-08 12:00:47  OK Maths Advanced/Y11-Yearly/Sydney Boys 1994.pdf (703 KB)  [done 363, left 985]
2026-07-08 12:01:56  net-error base 5318: HTTP Error 404: Not Found (cooldown 120s, rotated hit 2)
2026-07-08 12:03:25  OK Maths Advanced/Y11-Yearly/Sydney Boys 1998.pdf (1903 KB)  [done 364, left 984]
2026-07-08 12:04:13  net-error base 5318: HTTP Error 404: Not Found (cooldown 120s, rotated hit 2)
2026-07-08 12:06:55  base 1370 throttled -> cooldown 1800s, rotated (Biology/Y12-HSC/2011 Sample Answers.pdf, hit 1)
2026-07-08 12:07:25  OK Maths Standard 2/Y12-Trial/Newington 2011 w. sol.pdf (297 KB)  [done 365, left 983]
2026-07-08 12:08:35  OK Maths Advanced/Y11-Yearly/Sydney Boys 1999.pdf (1262 KB)  [done 366, left 982]
2026-07-08 12:10:31  net-error base 5318: HTTP Error 404: Not Found (cooldown 120s, rotated hit 2)
2026-07-08 12:10:59  base 4620 throttled -> cooldown 1800s, rotated (Japanese Continuers/Y12-HSC/2010 Marking Guidelines.pdf, hit 1)
2026-07-08 12:11:28  OK Maths Advanced/Y11-Yearly/Sydney Boys 2000 w. sol.pdf (112 KB)  [done 367, left 981]
2026-07-08 12:12:40  OK Maths Standard 2/Y12-Trial/Sydney Grammar 2015 w. sol.pdf (2189 KB)  [done 368, left 980]
2026-07-08 12:14:02  OK Maths Advanced/Y11-Yearly/Sydney Boys 2002 w. sol.pdf (341 KB)  [done 369, left 979]
2026-07-08 12:14:49  net-error base 1170: HTTP Error 404: Not Found (cooldown 120s, rotated hit 1)
2026-07-08 12:16:55  net-error base 2470: HTTP Error 404: Not Found (cooldown 120s, rotated hit 1)
2026-07-08 12:17:39  OK Maths Advanced/Y11-Yearly/Sydney Boys 2003 w. sol.pdf (828 KB)  [done 370, left 978]
2026-07-08 12:18:07  base 2420 throttled -> cooldown 1800s, rotated (Earth & Environmental Science/Y12-HSC/2014 HSC.pdf, hit 1)
2026-07-08 12:18:35  base 1170 throttled -> cooldown 1800s, rotated (Ancient History/Y12-HSC/2012 HSC.pdf, hit 1)
2026-07-08 12:19:03  base 2670 throttled -> cooldown 1800s, rotated (Engineering Studies/Y12-HSC/2012 Sample Answers.pdf, hit 1)
2026-07-08 12:21:02  net-error base 5340: HTTP Error 404: Not Found (cooldown 120s, rotated hit 1)
2026-07-08 12:21:36  OK Maths Advanced/Y11-Yearly/Sydney Boys 2004 w. sol.pdf (629 KB)  [done 371, left 977]
2026-07-08 12:22:04  base 5520 throttled -> cooldown 1800s, rotated (Modern History/Y12-HSC/2011 Marking Guidelines.pdf, hit 1)
2026-07-08 12:22:32  base 1570 throttled -> cooldown 1800s, rotated (Business Studies/Y12-HSC/2011 Sample Answers.pdf, hit 1)
2026-07-08 12:23:00  base 1820 throttled -> cooldown 1800s, rotated (Chemistry/Y12-HSC/2011 Sample Answers.pdf, hit 1)
2026-07-08 12:23:27  base 2470 throttled -> cooldown 1800s, rotated (Economics/Y12-HSC/2012 Marking Guidelines.pdf, hit 1)
2026-07-08 12:24:13  base 5020 throttled -> cooldown 1800s, rotated (Legal Studies/Y12-HSC/2012 HSC.pdf, hit 1)
2026-07-08 12:25:11  net-error base 4630: HTTP Error 404: Not Found (cooldown 120s, rotated hit 1)
2026-07-08 12:25:39  base 5320 throttled -> cooldown 1800s, rotated (Maths Advanced/Y12-HSC/2015 Marking Feedback.pdf, hit 1)
2026-07-08 12:26:06  base 5330 throttled -> cooldown 1800s, rotated (Maths Extension 1/Y12-HSC/2014 Marking Feedback.pdf, hit 1)
2026-07-08 12:26:34  base 6520 throttled -> cooldown 1800s, rotated (Physics/Y12-HSC/2018 HSC.pdf, hit 4)
2026-07-08 12:27:28  base 5310 throttled -> cooldown 1800s, rotated (Maths Standard 2/Y12-HSC/2017 HSC.pdf, hit 1)
2026-07-08 12:27:59  base 5340 throttled -> cooldown 1800s, rotated (Maths Extension 2/Y12-HSC/2016 Marking Guidelines.pdf, hit 1)
2026-07-08 12:28:27  base 2720 throttled -> cooldown 1800s, rotated (English/Y12-HSC/2007 HSC Paper 2 (Standard).pdf, hit 1)
2026-07-08 12:29:01  OK Maths Advanced/Y11-Yearly/Sydney Boys 2005 w. sol.pdf (1201 KB)  [done 372, left 976]
2026-07-08 12:29:28  base 4630 throttled -> cooldown 1800s, rotated (Japanese Extension/Y12-HSC/2013 HSC (Written Exam).pdf, hit 1)
2026-07-08 12:29:56  base 5318 throttled -> cooldown 1800s, rotated (Maths Standard 2/Y12-Trial/Hornsby Girls 2020 w. sol.pdf, hit 3)
2026-07-08 12:31:35  OK Maths Advanced/Y11-Yearly/Sydney Boys 2006 w. sol.pdf (654 KB)  [done 373, left 975]
2026-07-08 12:34:24  net-error base 5228: HTTP Error 404: Not Found (cooldown 120s, rotated hit 1)
2026-07-08 12:36:35  OK Maths Advanced/Y11-Yearly/Sydney Boys 2008 w. sol.pdf (658 KB)  [done 374, left 974]
2026-07-08 12:37:03  base 1370 throttled -> cooldown 1800s, rotated (Biology/Y12-HSC/2012 HSC.pdf, hit 1)
2026-07-08 12:40:07  net-error base 5228: HTTP Error 404: Not Found (cooldown 120s, rotated hit 1)
2026-07-08 12:41:40  net-error base 4620: HTTP Error 404: Not Found (cooldown 120s, rotated hit 1)
2026-07-08 12:42:14  OK Maths Advanced/Y11-Yearly/Sydney Boys 2010 w. sol.pdf (230 KB)  [done 375, left 973]
2026-07-08 12:43:43  base 4620 throttled -> cooldown 1800s, rotated (Japanese Continuers/Y12-HSC/2011 HSC.pdf, hit 1)
2026-07-08 12:44:48  OK Maths Advanced/Y11-Yearly/Sydney Boys 2011 w. sol.pdf (308 KB)  [done 376, left 972]
2026-07-08 12:47:23  OK Maths Advanced/Y11-Yearly/Sydney Boys 2012 w. sol.pdf (282 KB)  [done 377, left 971]
2026-07-08 12:48:13  base 2420 throttled -> cooldown 1800s, rotated (Earth & Environmental Science/Y12-HSC/2014 Marking Guidelines.pdf, hit 1)
2026-07-08 12:48:51  base 1170 throttled -> cooldown 1800s, rotated (Ancient History/Y12-HSC/2012 Marking Guidelines.pdf, hit 1)
2026-07-08 12:49:30  base 2670 throttled -> cooldown 1800s, rotated (Engineering Studies/Y12-HSC/2013 HSC.pdf, hit 1)
2026-07-08 12:50:28  net-error base 5228: HTTP Error 404: Not Found (cooldown 120s, rotated hit 1)
2026-07-08 12:52:10  base 5520 throttled -> cooldown 1800s, rotated (Modern History/Y12-HSC/2011 Sample Answers.pdf, hit 1)
2026-07-08 12:52:39  OK Maths Advanced/Y11-Yearly/Sydney Boys 2014 w. sol.pdf (324 KB)  [done 378, left 970]
2026-07-08 12:53:06  base 1820 throttled -> cooldown 1800s, rotated (Chemistry/Y12-HSC/2012 HSC.pdf, hit 1)
2026-07-08 12:53:34  base 1570 throttled -> cooldown 1800s, rotated (Business Studies/Y12-HSC/2012 HSC.pdf, hit 1)
2026-07-08 12:54:03  base 2470 throttled -> cooldown 1800s, rotated (Economics/Y12-HSC/2012 Sample Answers.pdf, hit 1)
2026-07-08 12:54:42  base 5020 throttled -> cooldown 1800s, rotated (Legal Studies/Y12-HSC/2012 Marking Guidelines.pdf, hit 1)
2026-07-08 12:55:21  OK Maths Advanced/Y11-Yearly/Sydney Girls 2000 w. sol.pdf (606 KB)  [done 379, left 969]
2026-07-08 12:56:47  net-error base 5320: HTTP Error 404: Not Found (cooldown 120s, rotated hit 1)
2026-07-08 12:57:17  net-error base 6520: HTTP Error 404: Not Found (cooldown 120s, rotated hit 4)
2026-07-08 12:57:51  net-error base 5330: HTTP Error 404: Not Found (cooldown 120s, rotated hit 1)
2026-07-08 13:00:05  OK Maths Advanced/Y11-Yearly/Sydney Girls 2015 w. sol.pdf (2080 KB)  [done 380, left 968]
2026-07-08 13:00:34  base 5340 throttled -> cooldown 1800s, rotated (Maths Extension 2/Y12-HSC/2016 Marking Feedback.pdf, hit 1)
2026-07-08 13:01:02  base 5320 throttled -> cooldown 1800s, rotated (Maths Advanced/Y12-HSC/2016 Marking Guidelines.pdf, hit 1)
2026-07-08 13:02:34  net-error base 5330: HTTP Error 404: Not Found (cooldown 120s, rotated hit 1)
2026-07-08 13:03:02  base 6520 throttled -> cooldown 1800s, rotated (Physics/Y12-HSC/2013 Marking Guidelines.pdf, hit 5)
2026-07-08 13:03:29  base 5310 throttled -> cooldown 1800s, rotated (Maths Standard 2/Y12-HSC/2017 Marking Guidelines.pdf, hit 1)
2026-07-08 13:04:19  base 4630 throttled -> cooldown 1800s, rotated (Japanese Extension/Y12-HSC/2013 HSC (Oral Exam).pdf, hit 1)
2026-07-08 13:05:28  base 5330 throttled -> cooldown 1800s, rotated (Maths Extension 1/Y12-HSC/2015 Marking Feedback.pdf, hit 1)
2026-07-08 13:06:20  OK Maths Standard 2/Y12-Trial/Hunters Hill 2022 w. sol.pdf (1222 KB)  [done 381, left 967]
2026-07-08 13:07:09  OK Maths Advanced/Y11-Yearly/Sydney Girls 2016 w. sol.pdf (1901 KB)  [done 382, left 966]
2026-07-08 13:07:38  base 1370 throttled -> cooldown 1800s, rotated (Biology/Y12-HSC/2012 Marking Guidelines.pdf, hit 1)
2026-07-08 13:08:40  net-error base 2720: HTTP Error 404: Not Found (cooldown 120s, rotated hit 1)
2026-07-08 13:09:38  OK Maths Standard 2/Y12-Trial/Hurlstone 2022 w. sol.pdf (9432 KB)  [done 383, left 965]
2026-07-08 13:10:10  OK Maths Advanced/Y11-Yearly/Sydney Girls 2017 w. sol.pdf (2529 KB)  [done 384, left 964]
2026-07-08 13:10:43  base 2720 throttled -> cooldown 1800s, rotated (English/Y12-HSC/2008 HSC Paper 1.pdf, hit 1)
2026-07-08 13:12:19  OK Maths Standard 2/Y12-Trial/Hurlstone 2024 w. sol.pdf (2690 KB)  [done 385, left 963]
2026-07-08 13:12:51  OK Maths Advanced/Y11-Yearly/Sydney Girls 2018 w. sol.pdf (1409 KB)  [done 386, left 962]
2026-07-08 13:13:46  base 4620 throttled -> cooldown 1800s, rotated (Japanese Continuers/Y12-HSC/2011 Listening Audio.pdf, hit 1)
2026-07-08 13:14:59  OK Maths Standard 2/Y12-Trial/Manly 2019 w. sol.pdf (2269 KB)  [done 387, left 961]
2026-07-08 13:16:43  OK Maths Advanced/Y11-Yearly/Sydney Girls 2019 w. sol.pdf (3388 KB)  [done 388, left 960]
2026-07-08 13:17:38  OK Maths Standard 2/Y12-Trial/Manly 2024 w. sol.pdf (1159 KB)  [done 389, left 959]
2026-07-08 13:18:15  FAIL Earth & Environmental Science/Y12-HSC/2015 HSC.pdf: no-jsonp
2026-07-08 13:18:57  base 1170 throttled -> cooldown 1800s, rotated (Ancient History/Y12-HSC/2012 Sample Answers.pdf, hit 1)
2026-07-08 13:19:46  OK Maths Advanced/Y11-Yearly/Sydney Girls 2020 w. sol.pdf (2975 KB)  [done 390, left 957]
2026-07-08 13:20:15  base 2670 throttled -> cooldown 1800s, rotated (Engineering Studies/Y12-HSC/2013 Marking Guidelines.pdf, hit 1)
2026-07-08 13:20:48  OK Maths Standard 2/Y12-Trial/Barker 2011 w. sol.pdf (822 KB)  [done 391, left 956]
2026-07-08 13:21:16  base 2420 throttled -> cooldown 1800s, rotated (Earth & Environmental Science/Y12-HSC/2015 Marking Guidelines.pdf, hit 1)
2026-07-08 13:22:13  base 5520 throttled -> cooldown 1800s, rotated (Modern History/Y12-HSC/2012 HSC.pdf, hit 1)
2026-07-08 13:22:44  OK Maths Advanced/Y11-Yearly/Sydney Girls 2021 w. sol.pdf (394 KB)  [done 392, left 955]
2026-07-08 13:23:12  base 1820 throttled -> cooldown 1800s, rotated (Chemistry/Y12-HSC/2012 Marking Guidelines.pdf, hit 1)
2026-07-08 13:24:18  base 1570 throttled -> cooldown 1800s, rotated (Business Studies/Y12-HSC/2012 Marking Guidelines.pdf, hit 1)
2026-07-08 13:24:46  base 2470 throttled -> cooldown 1800s, rotated (Economics/Y12-HSC/2013 HSC.pdf, hit 1)
2026-07-08 13:25:14  base 5020 throttled -> cooldown 1800s, rotated (Legal Studies/Y12-HSC/2012 Sample Answers.pdf, hit 1)
2026-07-08 13:25:44  OK Maths Advanced/Y11-Yearly/Sydney Grammar 2003 w. sol.pdf (1085 KB)  [done 393, left 954]
2026-07-08 13:26:14  OK Maths Standard 2/Y12-Trial/Cranbrook 2003 w. sol.pdf (717 KB)  [done 394, left 953]
2026-07-08 13:28:19  OK Maths Advanced/Y11-Yearly/Sydney Grammar 2005 w. sol.pdf (924 KB)  [done 395, left 952]
2026-07-08 13:28:53  OK Maths Standard 2/Y12-Trial/Kincoppal 2009 w. sol.pdf (260 KB)  [done 396, left 951]
2026-07-08 13:30:43  OK Maths Extension 2/Y12-HSC/2017 HSC.pdf (1507 KB)  [done 397, left 950]
2026-07-08 13:31:16  OK Maths Advanced/Y11-Yearly/Sydney Grammar 2007 w. sol.pdf (1500 KB)  [done 398, left 949]
2026-07-08 13:31:47  base 5320 throttled -> cooldown 1800s, rotated (Maths Advanced/Y12-HSC/2016 Marking Feedback.pdf, hit 1)
2026-07-08 13:32:17  OK Maths Standard 2/Y12-Trial/Newington 2006 w. sol.pdf (554 KB)  [done 399, left 948]
2026-07-08 13:33:04  base 6520 throttled -> cooldown 1800s, rotated (Physics/Y12-HSC/2016 HSC.pdf, hit 5)
2026-07-08 13:33:32  base 5340 throttled -> cooldown 1800s, rotated (Maths Extension 2/Y12-HSC/2017 Marking Guidelines.pdf, hit 1)
2026-07-08 13:34:03  OK Maths Advanced/Y11-Yearly/Sydney Grammar 2008 w. sol.pdf (1805 KB)  [done 400, left 947]
2026-07-08 13:34:31  base 4630 throttled -> cooldown 1800s, rotated (Japanese Extension/Y12-HSC/2013 Marking Guidelines.pdf, hit 1)
2026-07-08 13:36:10  net-error base 5310: HTTP Error 404: Not Found (cooldown 120s, rotated hit 1)
2026-07-08 13:37:11  net-error base 5228: HTTP Error 404: Not Found (cooldown 120s, rotated hit 1)
2026-07-08 13:38:40  net-error base 5330: HTTP Error 404: Not Found (cooldown 120s, rotated hit 1)
2026-07-08 13:39:51  base 5310 throttled -> cooldown 1800s, rotated (Maths Standard 2/Y12-HSC/2018 HSC.pdf, hit 1)
2026-07-08 13:40:28  OK Maths Standard 2/Y12-Trial/St Catherines 2014 w. sol.pdf (1751 KB)  [done 401, left 946]
2026-07-08 13:40:57  base 1370 throttled -> cooldown 1800s, rotated (Biology/Y12-HSC/2012 Sample Answers.pdf, hit 1)
2026-07-08 13:41:25  base 5330 throttled -> cooldown 1800s, rotated (Maths Extension 1/Y12-HSC/2016 Marking Guidelines.pdf, hit 1)
2026-07-08 13:42:09  base 2720 throttled -> cooldown 1800s, rotated (English/Y12-HSC/2008 HSC Paper 2 (Advanced).pdf, hit 1)
2026-07-08 13:43:10  net-error base 5228: HTTP Error 404: Not Found (cooldown 120s, rotated hit 1)
2026-07-08 13:44:08  net-error base 5318: HTTP Error 404: Not Found (cooldown 120s, rotated hit 4)
2026-07-08 13:45:37  net-error base 4620: HTTP Error 404: Not Found (cooldown 120s, rotated hit 1)
2026-07-08 13:47:06  net-error base 5228: HTTP Error 404: Not Found (cooldown 120s, rotated hit 1)
2026-07-08 13:47:37  base 5318 throttled -> cooldown 1800s, rotated (Maths Standard 2/Y12-Trial/Hornsby Girls 2020 w. sol.pdf, hit 5)
2026-07-08 13:48:08  base 4620 throttled -> cooldown 1800s, rotated (Japanese Continuers/Y12-HSC/2011 Marking Guidelines.pdf, hit 1)
2026-07-08 13:49:03  base 1170 throttled -> cooldown 1800s, rotated (Ancient History/Y12-HSC/2013 HSC.pdf, hit 1)
2026-07-08 13:50:40  OK Maths Advanced/Y11-Yearly/Sydney Grammar 2019 w. sol.pdf (955 KB)  [done 402, left 945]
2026-07-08 13:51:08  base 2670 throttled -> cooldown 1800s, rotated (Engineering Studies/Y12-HSC/2014 HSC.pdf, hit 1)
2026-07-08 13:51:37  base 2420 throttled -> cooldown 1800s, rotated (Earth & Environmental Science/Y12-HSC/2016 HSC.pdf, hit 1)
2026-07-08 13:52:18  base 5520 throttled -> cooldown 1800s, rotated (Modern History/Y12-HSC/2012 Marking Guidelines.pdf, hit 1)
2026-07-08 13:53:19  OK Maths Advanced/Y11-Yearly/Sydney Grammar 2021 w. sol.pdf (2996 KB)  [done 403, left 944]
2026-07-08 13:53:48  base 1820 throttled -> cooldown 1800s, rotated (Chemistry/Y12-HSC/2012 Sample Answers.pdf, hit 1)
2026-07-08 13:54:20  base 1570 throttled -> cooldown 1800s, rotated (Business Studies/Y12-HSC/2012 Sample Answers.pdf, hit 1)
2026-07-08 13:54:53  base 2470 throttled -> cooldown 1800s, rotated (Economics/Y12-HSC/2013 Marking Guidelines.pdf, hit 1)
2026-07-08 13:55:30  net-error base 5020: HTTP Error 404: Not Found (cooldown 120s, rotated hit 1)
2026-07-08 13:58:20  net-error base 5228: HTTP Error 404: Not Found (cooldown 120s, rotated hit 1)
2026-07-08 13:59:10  base 5020 throttled -> cooldown 1800s, rotated (Legal Studies/Y12-HSC/2013 Marking Guidelines.pdf, hit 1)
2026-07-08 14:01:17  OK Maths Advanced/Y11-Yearly/Sydney Grammar 2023 w. sol.pdf (5484 KB)  [done 404, left 943]
2026-07-08 14:01:53  OK Maths Advanced/Y12-HSC/2017 HSC.pdf (851 KB)  [done 405, left 942]
2026-07-08 14:03:08  base 6520 throttled -> cooldown 1800s, rotated (Physics/Y12-HSC/2016 Marking Guidelines.pdf, hit 5)
2026-07-08 14:03:35  base 5340 throttled -> cooldown 1800s, rotated (Maths Extension 2/Y12-HSC/2017 Marking Feedback.pdf, hit 1)
2026-07-08 14:04:05  OK Maths Advanced/Y11-Yearly/Sydney Tech 2002 w. sol.pdf (679 KB)  [done 406, left 941]
2026-07-08 14:04:44  base 5320 throttled -> cooldown 1800s, rotated (Maths Advanced/Y12-HSC/2017 Marking Guidelines.pdf, hit 1)
2026-07-08 14:05:12  base 4630 throttled -> cooldown 1800s, rotated (Japanese Extension/Y12-HSC/2014 HSC (Written Exam).pdf, hit 1)
2026-07-08 14:06:39  OK Maths Advanced/Y11-Yearly/Sydney Tech 2003 w. sol.pdf (685 KB)  [done 407, left 940]
2026-07-08 14:09:13  OK Maths Advanced/Y11-Yearly/Sydney Tech 2004 w. sol.pdf (201 KB)  [done 408, left 939]
2026-07-08 14:09:54  base 5310 throttled -> cooldown 1800s, rotated (Maths Standard 2/Y12-HSC/2018 Marking Guidelines.pdf, hit 1)
2026-07-08 14:11:00  base 1370 throttled -> cooldown 1800s, rotated (Biology/Y12-HSC/2013 HSC.pdf, hit 1)
2026-07-08 14:11:33  base 5330 throttled -> cooldown 1800s, rotated (Maths Extension 1/Y12-HSC/2016 Marking Feedback.pdf, hit 1)
2026-07-08 14:12:02  OK Maths Advanced/Y11-Yearly/Sydney Tech 2005 w. sol.pdf (105 KB)  [done 409, left 938]
2026-07-08 14:12:30  base 2720 throttled -> cooldown 1800s, rotated (English/Y12-HSC/2008 HSC Paper 2 (Standard).pdf, hit 1)
2026-07-08 14:14:38  OK Maths Advanced/Y11-Yearly/Sydney Tech 2006 w. sol.pdf (165 KB)  [done 410, left 937]
2026-07-08 14:17:12  OK Maths Advanced/Y11-Yearly/Sydney Tech 2007 w. sol.pdf (177 KB)  [done 411, left 936]
2026-07-08 14:17:45  base 5318 throttled -> cooldown 1800s, rotated (Maths Standard 2/Y12-Trial/Hornsby Girls 2020 w. sol.pdf, hit 6)
2026-07-08 14:18:22  base 4620 throttled -> cooldown 1800s, rotated (Japanese Continuers/Y12-HSC/2011 Sample Answers.pdf, hit 1)
2026-07-08 14:19:06  base 1170 throttled -> cooldown 1800s, rotated (Ancient History/Y12-HSC/2013 Marking Guidelines.pdf, hit 1)
2026-07-08 14:19:52  OK Maths Advanced/Y11-Yearly/Sydney Tech 2008 w. sol.pdf (321 KB)  [done 412, left 935]
2026-07-08 14:21:11  base 2670 throttled -> cooldown 1800s, rotated (Engineering Studies/Y12-HSC/2014 Marking Guidelines.pdf, hit 1)
2026-07-08 14:21:44  base 2420 throttled -> cooldown 1800s, rotated (Earth & Environmental Science/Y12-HSC/2016 Marking Guidelines.pdf, hit 1)
2026-07-08 14:22:21  base 5520 throttled -> cooldown 1800s, rotated (Modern History/Y12-HSC/2012 Sample Answers.pdf, hit 1)
2026-07-08 14:22:51  OK Maths Advanced/Y11-Yearly/Sydney Tech 2009 w. sol.pdf (209 KB)  [done 413, left 934]
2026-07-08 14:23:52  base 1820 throttled -> cooldown 1800s, rotated (Chemistry/Y12-HSC/2012 Marking Feedback.pdf, hit 1)
2026-07-08 14:24:56  net-error base 1570: HTTP Error 404: Not Found (cooldown 120s, rotated hit 1)
2026-07-08 14:25:23  base 2470 throttled -> cooldown 1800s, rotated (Economics/Y12-HSC/2014 HSC.pdf, hit 1)
2026-07-08 14:25:53  OK Maths Advanced/Y11-Yearly/Sydney Tech 2010 w. sol.pdf (259 KB)  [done 414, left 933]
2026-07-08 14:26:59  base 1570 throttled -> cooldown 1800s, rotated (Business Studies/Y12-HSC/2013 Marking Guidelines.pdf, hit 1)
2026-07-08 14:28:28  OK Maths Advanced/Y11-Yearly/Sydney Tech 2011 w. sol.pdf (360 KB)  [done 415, left 932]
2026-07-08 14:29:23  base 5020 throttled -> cooldown 1800s, rotated (Legal Studies/Y12-HSC/2014 HSC.pdf, hit 1)
2026-07-08 14:31:02  OK Maths Advanced/Y11-Yearly/Sydney Tech 2012 w. sol.pdf (124 KB)  [done 416, left 931]
2026-07-08 14:33:10  base 6520 throttled -> cooldown 1800s, rotated (Physics/Y12-HSC/2017 HSC.pdf, hit 5)
2026-07-08 14:33:41  OK Maths Advanced/Y11-Yearly/Sydney Tech 2013 w. sol.pdf (235 KB)  [done 417, left 930]
2026-07-08 14:34:13  OK Maths Extension 2/Y12-HSC/2018 HSC.pdf (818 KB)  [done 418, left 929]
2026-07-08 14:34:47  base 5320 throttled -> cooldown 1800s, rotated (Maths Advanced/Y12-HSC/2017 Marking Feedback.pdf, hit 1)
2026-07-08 14:35:20  base 4630 throttled -> cooldown 1800s, rotated (Japanese Extension/Y12-HSC/2014 HSC (Oral Exam).pdf, hit 1)
2026-07-08 14:36:16  OK Maths Advanced/Y11-Yearly/Sydney Tech 2014 w. sol.pdf (286 KB)  [done 419, left 928]
2026-07-08 14:36:50  base 5340 throttled -> cooldown 1800s, rotated (Maths Extension 2/Y12-HSC/2018 Marking Guidelines.pdf, hit 1)
2026-07-08 14:38:51  OK Maths Advanced/Y11-Yearly/Sydney Tech 2016 w. sol.pdf (500 KB)  [done 420, left 927]
2026-07-08 14:39:57  OK Maths Standard 2/Y12-HSC/2001 Quick Answers.pdf (16 KB)  [done 421, left 926]
2026-07-08 14:41:04  base 1370 throttled -> cooldown 1800s, rotated (Biology/Y12-HSC/2013 Marking Guidelines.pdf, hit 1)
2026-07-08 14:41:33  OK Maths Advanced/Y11-Yearly/Sydney Tech 2017 w. sol.pdf (657 KB)  [done 422, left 925]
2026-07-08 14:42:05  OK Maths Extension 1/Y12-HSC/2017 HSC.pdf (1707 KB)  [done 423, left 924]
2026-07-08 14:42:34  OK Maths Standard 2/Y12-HSC/2002 Quick Answers.pdf (23 KB)  [done 424, left 923]
2026-07-08 14:43:03  base 2720 throttled -> cooldown 1800s, rotated (English/Y12-HSC/2008 Marking Guidelines.pdf, hit 1)
2026-07-08 14:44:52  OK Maths Advanced/Y11-Yearly/Sydney Tech 2018 w. sol.pdf (300 KB)  [done 425, left 922]
2026-07-08 14:45:21  base 5310 throttled -> cooldown 1800s, rotated (Maths Standard 2/Y12-HSC/2002 Solutions-a--br -- --span---td---tr- -tr--td-2003-br -- -span class=-content-- -a href=-#v- onClick=-pdf(this, 5310)--2003 Quick Answers.pdf, hit 1)
2026-07-08 14:45:49  base 5330 throttled -> cooldown 1800s, rotated (Maths Extension 1/Y12-HSC/2017 Marking Guidelines.pdf, hit 1)
2026-07-08 14:47:30  OK Maths Advanced/Y11-Yearly/Sydney Tech 2019 w. sol.pdf (1044 KB)  [done 426, left 921]
2026-07-08 14:48:31  base 5318 throttled -> cooldown 1800s, rotated (Maths Standard 2/Y12-Trial/Hornsby Girls 2020 w. sol.pdf, hit 7)
2026-07-08 14:48:59  base 4620 throttled -> cooldown 1800s, rotated (Japanese Continuers/Y12-HSC/2012 HSC.pdf, hit 1)
2026-07-08 14:49:28  base 1170 throttled -> cooldown 1800s, rotated (Ancient History/Y12-HSC/2014 HSC.pdf, hit 1)
2026-07-08 14:50:08  OK Maths Advanced/Y11-Yearly/Sydney Tech 2020 w. sol.pdf (1981 KB)  [done 427, left 920]
2026-07-08 14:51:16  FAIL Engineering Studies/Y12-HSC/2015 HSC.pdf: no-jsonp
2026-07-08 14:51:49  base 2420 throttled -> cooldown 1800s, rotated (Earth & Environmental Science/Y12-HSC/2017 HSC.pdf, hit 1)
2026-07-08 14:52:24  base 5520 throttled -> cooldown 1800s, rotated (Modern History/Y12-HSC/2013 HSC.pdf, hit 1)
2026-07-08 14:52:54  OK Maths Advanced/Y11-Yearly/Trinity Grammar 2005 w. sol.pdf (477 KB)  [done 428, left 918]
2026-07-08 14:53:49  base 2670 throttled -> cooldown 1800s, rotated (Engineering Studies/Y12-HSC/2015 Marking Guidelines.pdf, hit 1)
2026-07-08 14:54:17  base 1820 throttled -> cooldown 1800s, rotated (Chemistry/Y12-HSC/2013 HSC.pdf, hit 1)
2026-07-08 14:55:26  base 2470 throttled -> cooldown 1800s, rotated (Economics/Y12-HSC/2014 Marking Guidelines.pdf, hit 1)
2026-07-08 14:55:56  OK Maths Advanced/Y11-Yearly/Trinity Grammar 2006 w. sol.pdf (480 KB)  [done 429, left 917]
2026-07-08 14:57:02  base 1570 throttled -> cooldown 1800s, rotated (Business Studies/Y12-HSC/2014 HSC.pdf, hit 1)
2026-07-08 14:58:30  OK Maths Advanced/Y11-Yearly/Trinity Grammar 2007 w. sol.pdf (229 KB)  [done 430, left 916]
2026-07-08 14:59:26  base 5020 throttled -> cooldown 1800s, rotated (Legal Studies/Y12-HSC/2014 Marking Guidelines.pdf, hit 1)
2026-07-08 15:01:06  OK Maths Advanced/Y11-Yearly/Trinity Grammar 2008 w. sol.pdf (411 KB)  [done 431, left 915]
2026-07-08 15:03:15  base 6520 throttled -> cooldown 1800s, rotated (Physics/Y12-HSC/2017 Marking Guidelines.pdf, hit 5)
2026-07-08 15:03:45  OK Maths Advanced/Y11-Yearly/Trinity Grammar 2009 w. sol.pdf (838 KB)  [done 432, left 914]
2026-07-08 15:04:54  OK Maths Advanced/Y12-HSC/2018 HSC.pdf (823 KB)  [done 433, left 913]
2026-07-08 15:05:28  base 4630 throttled -> cooldown 1800s, rotated (Japanese Extension/Y12-HSC/2014 Marking Guidelines.pdf, hit 1)
2026-07-08 15:06:24  OK Maths Advanced/Y11-Yearly/Trinity Grammar 2010 w. sol.pdf (289 KB)  [done 434, left 912]
2026-07-08 15:06:57  base 5340 throttled -> cooldown 1800s, rotated (Maths Extension 2/Y12-HSC/2018 Marking Feedback.pdf, hit 1)
2026-07-08 15:07:32  base 5320 throttled -> cooldown 1800s, rotated (Maths Advanced/Y12-HSC/2018 Marking Guidelines.pdf, hit 1)
2026-07-08 15:11:39  net-error base 5228: HTTP Error 302: The HTTP server returned a redirect error that would lead to an infinite loop.
The last 30x error message was:
Moved Temporarily (cooldown 120s, rotated hit 1)
2026-07-08 15:13:10  base 1370 throttled -> cooldown 1800s, rotated (Biology/Y12-HSC/2014 HSC.pdf, hit 1)
2026-07-08 15:13:38  base 2720 throttled -> cooldown 1800s, rotated (English/Y12-HSC/2009 HSC Paper 1.pdf, hit 1)
2026-07-08 15:14:17  OK Maths Advanced/Y11-Yearly/Trinity Grammar 2012 w. sol.pdf (905 KB)  [done 435, left 911]
2026-07-08 15:15:57  net-error base 5310: HTTP Error 404: Not Found (cooldown 120s, rotated hit 1)
2026-07-08 15:16:36  net-error base 5330: HTTP Error 404: Not Found (cooldown 120s, rotated hit 1)
2026-07-08 15:17:51  net-error base 5228: HTTP Error 404: Not Found (cooldown 120s, rotated hit 1)
2026-07-08 15:18:27  net-error base 5310: HTTP Error 404: Not Found (cooldown 120s, rotated hit 1)
2026-07-08 15:18:56  GIVEUP Maths Standard 2/Y12-Trial/Hornsby Girls 2020 w. sol.pdf: unavailable (8 placeholder hits)
2026-07-08 15:20:16  net-error base 5330: HTTP Error 404: Not Found (cooldown 120s, rotated hit 1)
2026-07-08 15:20:44  base 4620 throttled -> cooldown 1800s, rotated (Japanese Continuers/Y12-HSC/2012 Listening Audio.pdf, hit 1)
2026-07-08 15:21:12  base 1170 throttled -> cooldown 1800s, rotated (Ancient History/Y12-HSC/2014 Marking Guidelines.pdf, hit 1)
2026-07-08 15:21:42  OK Maths Standard 2/Y12-HSC/2004 Solutions.pdf (423 KB)  [done 436, left 909]
2026-07-08 15:22:12  OK Maths Advanced/Y11-Yearly/Trinity Grammar 2014 w. sol.pdf (780 KB)  [done 437, left 908]
2026-07-08 15:22:40  base 5520 throttled -> cooldown 1800s, rotated (Modern History/Y12-HSC/2013 Marking Guidelines.pdf, hit 1)
2026-07-08 15:23:08  base 5330 throttled -> cooldown 1800s, rotated (Maths Extension 1/Y12-HSC/2018 Marking Guidelines.pdf, hit 1)
2026-07-08 15:23:36  base 2420 throttled -> cooldown 1800s, rotated (Earth & Environmental Science/Y12-HSC/2017 Marking Guidelines.pdf, hit 1)
2026-07-08 15:24:04  base 2670 throttled -> cooldown 1800s, rotated (Engineering Studies/Y12-HSC/2016 HSC.pdf, hit 1)
2026-07-08 15:24:33  base 1820 throttled -> cooldown 1800s, rotated (Chemistry/Y12-HSC/2013 Marking Guidelines.pdf, hit 1)
2026-07-08 15:25:17  OK Maths Advanced/Y11-Yearly/Trinity Grammar 2015 w. sol.pdf (1290 KB)  [done 438, left 907]
2026-07-08 15:25:46  FAIL Economics/Y12-HSC/2015 HSC.pdf: no-jsonp
2026-07-08 15:26:16  OK Maths Standard 2/Y12-HSC/2005 iTute.com Solutions.pdf (55 KB)  [done 439, left 905]
2026-07-08 15:27:10  base 1570 throttled -> cooldown 1800s, rotated (Business Studies/Y12-HSC/2014 Marking Guidelines.pdf, hit 1)
2026-07-08 15:27:55  OK Maths Advanced/Y11-Yearly/Trinity Grammar 2016 w. sol.pdf (1644 KB)  [done 440, left 904]
2026-07-08 15:28:24  base 2470 throttled -> cooldown 1800s, rotated (Economics/Y12-HSC/2015 Marking Guidelines.pdf, hit 1)
2026-07-08 15:29:17  OK Maths Standard 2/Y12-HSC/2006 iTute.com Solutions.pdf (41 KB)  [done 441, left 903]
2026-07-08 15:30:21  FAIL Legal Studies/Y12-HSC/2015 HSC.pdf: no-jsonp
2026-07-08 15:30:54  OK Maths Advanced/Y11-Yearly/Trinity Grammar 2017 w. sol.pdf (1397 KB)  [done 442, left 901]
2026-07-08 15:31:54  OK Maths Standard 2/Y12-HSC/2007 iTute.com Solutions.pdf (60 KB)  [done 443, left 900]
2026-07-08 15:33:01  base 5020 throttled -> cooldown 1800s, rotated (Legal Studies/Y12-HSC/2015 Marking Guidelines.pdf, hit 1)
2026-07-08 15:33:30  base 6520 throttled -> cooldown 1800s, rotated (Physics/Y12-HSC/2018 HSC.pdf, hit 5)
2026-07-08 15:34:03  OK Maths Advanced/Y11-Yearly/Trinity Grammar 2018 w. sol.pdf (1633 KB)  [done 444, left 899]
2026-07-08 15:34:40  OK Maths Standard 2/Y12-HSC/2008 iTute.com Solutions.pdf (65 KB)  [done 445, left 898]
2026-07-08 15:35:31  base 4630 throttled -> cooldown 1800s, rotated (Japanese Extension/Y12-HSC/2015 HSC (Written Exam).pdf, hit 1)
2026-07-08 15:36:37  base 5228 throttled -> cooldown 1800s, rotated (Maths Advanced/Y11-Yearly/Blacktown Boys 2023 w. sol.pdf, hit 2)
2026-07-08 15:37:12  OK Maths Extension 2/Y12-HSC/1991 Solutions.pdf (1473 KB)  [done 446, left 897]
2026-07-08 15:37:41  OK Maths Standard 2/Y12-HSC/2009 iTute.com Solutions.pdf (62 KB)  [done 447, left 896]
2026-07-08 15:38:11  base 5320 throttled -> cooldown 1800s, rotated (Maths Advanced/Y12-HSC/2018 Marking Feedback.pdf, hit 1)
2026-07-08 15:40:54  net-error base 5340: HTTP Error 404: Not Found (cooldown 120s, rotated hit 1)
2026-07-08 15:41:24  OK Maths Standard 2/Y12-HSC/2010 iTute.com Solutions.pdf (66 KB)  [done 448, left 895]
2026-07-08 15:43:03  OK Maths Extension 2/Y12-HSC/1993 Solutions.pdf (2616 KB)  [done 449, left 894]
2026-07-08 15:43:33  base 1370 throttled -> cooldown 1800s, rotated (Biology/Y12-HSC/2014 Marking Guidelines.pdf, hit 1)
2026-07-08 15:44:03  OK Maths Standard 2/Y12-HSC/2011 iTute.com Solutions.pdf (64 KB)  [done 450, left 893]
2026-07-08 15:44:31  base 2720 throttled -> cooldown 1800s, rotated (English/Y12-HSC/2009 HSC Paper 2 (Advanced).pdf, hit 1)
2026-07-08 15:45:40  OK Maths Extension 2/Y12-HSC/1994 Solutions.pdf (1351 KB)  [done 451, left 892]
2026-07-08 15:46:37  OK Maths Standard 2/Y12-HSC/2012 iTute.com Solutions.pdf (65 KB)  [done 452, left 891]
2026-07-08 15:48:17  OK Maths Extension 2/Y12-HSC/1995 Solutions.pdf (1546 KB)  [done 453, left 890]
2026-07-08 15:49:10  OK Maths Standard 2/Y12-HSC/2013 iTute.com Solutions.pdf (77 KB)  [done 454, left 889]
2026-07-08 15:50:48  base 4620 throttled -> cooldown 1800s, rotated (Japanese Continuers/Y12-HSC/2012 Listening Transcript.pdf, hit 1)
2026-07-08 15:51:45  net-error base 5340: HTTP Error 404: Not Found (cooldown 120s, rotated hit 1)
2026-07-08 15:52:39  FAIL Ancient History/Y12-HSC/2015 HSC.pdf: no-jsonp
2026-07-08 15:53:19  OK Maths Standard 2/Y12-HSC/2014 iTute.com Solutions.pdf (144 KB)  [done 455, left 887]
2026-07-08 15:55:14  net-error base 2420: The read operation timed out (cooldown 120s, rotated hit 1)
2026-07-08 15:56:38  base 1170 throttled -> cooldown 1800s, rotated (Ancient History/Y12-HSC/2015 Marking Guidelines.pdf, hit 1)
2026-07-08 15:57:07  base 1820 throttled -> cooldown 1800s, rotated (Chemistry/Y12-HSC/2014 HSC.pdf, hit 1)
2026-07-08 15:57:36  OK Maths Standard 2/Y12-HSC/2015 iTute.com Solutions.pdf (84 KB)  [done 456, left 886]
2026-07-08 15:58:05  base 5520 throttled -> cooldown 1800s, rotated (Modern History/Y12-HSC/2014 HSC.pdf, hit 1)
2026-07-08 15:58:33  base 5330 throttled -> cooldown 1800s, rotated (Maths Extension 1/Y12-HSC/2018 Marking Feedback.pdf, hit 1)
2026-07-08 15:59:01  base 2670 throttled -> cooldown 1800s, rotated (Engineering Studies/Y12-HSC/2016 Marking Guidelines.pdf, hit 1)
2026-07-08 16:01:32  OK Maths Extension 2/Y12-HSC/1997 Solutions.pdf (3213 KB)  [done 457, left 885]
2026-07-08 16:02:01  FAIL Business Studies/Y12-HSC/2015 HSC.pdf: no-jsonp
2026-07-08 16:02:32  base 2420 throttled -> cooldown 1800s, rotated (Earth & Environmental Science/Y12-HSC/2018 Marking Guidelines.pdf, hit 1)
2026-07-08 16:03:00  base 2470 throttled -> cooldown 1800s, rotated (Economics/Y12-HSC/2016 HSC.pdf, hit 1)
2026-07-08 16:03:30  OK Maths Standard 2/Y12-HSC/2016 iTute.com Solutions.pdf (57 KB)  [done 458, left 883]
2026-07-08 16:03:59  base 5020 throttled -> cooldown 1800s, rotated (Legal Studies/Y12-HSC/2016 HSC.pdf, hit 1)
2026-07-08 16:04:28  base 6520 throttled -> cooldown 1800s, rotated (Physics/Y12-HSC/2018 Marking Guidelines.pdf, hit 5)
2026-07-08 16:04:56  base 1570 throttled -> cooldown 1800s, rotated (Business Studies/Y12-HSC/2015 Marking Guidelines.pdf, hit 1)
2026-07-08 16:05:29  OK Maths Extension 2/Y12-HSC/1998 Solutions.pdf (1473 KB)  [done 459, left 882]
2026-07-08 16:05:58  base 4630 throttled -> cooldown 1800s, rotated (Japanese Extension/Y12-HSC/2015 HSC (Oral Exam).pdf, hit 1)
2026-07-08 16:06:27  OK Maths Standard 2/Y12-HSC/2017 iTute.com Solutions.pdf (53 KB)  [done 460, left 881]
2026-07-08 16:06:59  OK Maths Advanced/Y11-Yearly/Caringbah 2019 w. sol.pdf (631 KB)  [done 461, left 880]
2026-07-08 16:08:09  OK Maths Extension 2/Y12-HSC/1999 Solutions.pdf (1982 KB)  [done 462, left 879]
2026-07-08 16:09:40  base 5320 throttled -> cooldown 1800s, rotated (Maths Advanced/Y12-HSC/1987 Solutions.pdf, hit 1)
2026-07-08 16:10:13  OK Maths Advanced/Y11-Yearly/Cherrybrook Tech 2017 w. sol.pdf (1765 KB)  [done 463, left 878]
2026-07-08 16:10:41  base 5310 throttled -> cooldown 1800s, rotated (Maths Standard 2/Y12-HSC/2001 Marking Guidelines.pdf, hit 2)
2026-07-08 16:11:14  OK Maths Extension 2/Y12-HSC/2000 Solutions.pdf (2310 KB)  [done 464, left 877]
2026-07-08 16:12:54  OK Maths Advanced/Y11-Yearly/Cherrybrook Tech 2019 w. sol.pdf (3246 KB)  [done 465, left 876]
2026-07-08 16:13:59  net-error base 1370: HTTP Error 404: Not Found (cooldown 120s, rotated hit 1)
2026-07-08 16:14:52  net-error base 5340: HTTP Error 404: Not Found (cooldown 120s, rotated hit 1)
2026-07-08 16:15:26  base 2720 throttled -> cooldown 1800s, rotated (English/Y12-HSC/2009 HSC Paper 2 (Standard).pdf, hit 1)
2026-07-08 16:16:03  OK Maths Advanced/Y11-Yearly/Cherrybrook Tech 2021 w. sol.pdf (4111 KB)  [done 466, left 875]
2026-07-08 16:16:32  base 1370 throttled -> cooldown 1800s, rotated (Biology/Y12-HSC/2015 Marking Guidelines.pdf, hit 1)
2026-07-08 16:17:05  OK Maths Extension 2/Y12-HSC/2001 Solutions.pdf (3819 KB)  [done 467, left 874]
2026-07-08 16:18:39  OK Maths Advanced/Y11-Yearly/Fort St 2019 w. sol.pdf (1097 KB)  [done 468, left 873]
2026-07-08 16:19:38  OK Maths Extension 2/Y12-HSC/2002 Quick Answers.pdf (35 KB)  [done 469, left 872]
2026-07-08 16:20:51  base 4620 throttled -> cooldown 1800s, rotated (Japanese Continuers/Y12-HSC/2012 Marking Guidelines.pdf, hit 1)
2026-07-08 16:21:28  OK Maths Advanced/Y11-Yearly/Fort St 2020 w. sol.pdf (2963 KB)  [done 470, left 871]
2026-07-08 16:22:20  OK Maths Extension 2/Y12-HSC/2002 Solutions.pdf (4124 KB)  [done 471, left 870]
2026-07-08 16:24:02  OK Maths Advanced/Y11-Yearly/Girraween 2007 w. sol.pdf (213 KB)  [done 472, left 869]
2026-07-08 16:26:29  net-error base 5340: HTTP Error 404: Not Found (cooldown 120s, rotated hit 1)
2026-07-08 16:26:58  base 1170 throttled -> cooldown 1800s, rotated (Ancient History/Y12-HSC/2016 HSC.pdf, hit 1)
2026-07-08 16:27:30  OK Maths Advanced/Y11-Yearly/Girraween 2008 w. sol.pdf (313 KB)  [done 473, left 868]
2026-07-08 16:27:59  base 1820 throttled -> cooldown 1800s, rotated (Chemistry/Y12-HSC/2014 Marking Guidelines.pdf, hit 1)
2026-07-08 16:28:28  base 5520 throttled -> cooldown 1800s, rotated (Modern History/Y12-HSC/2014 Marking Guidelines.pdf, hit 1)
2026-07-08 16:28:58  OK Maths Extension 2/Y12-HSC/2003 Quick Answers.pdf (38 KB)  [done 474, left 867]
2026-07-08 16:29:28  OK Maths Extension 1/Y12-HSC/1987 Solutions.pdf (197 KB)  [done 475, left 866]
2026-07-08 16:29:56  base 2670 throttled -> cooldown 1800s, rotated (Engineering Studies/Y12-HSC/2017 HSC.pdf, hit 1)
2026-07-08 16:30:27  OK Maths Advanced/Y11-Yearly/Girraween 2019 w. sol.pdf (706 KB)  [done 476, left 865]
2026-07-08 16:31:42  OK Maths Extension 2/Y12-HSC/2003 Terry Lee's Solutions.pdf (77 KB)  [done 477, left 864]
2026-07-08 16:33:42  OK Maths Extension 1/Y12-HSC/1988 Solutions.pdf (190 KB)  [done 478, left 863]
2026-07-08 16:34:10  base 2420 throttled -> cooldown 1800s, rotated (Earth & Environmental Science/Y12-HSC/2001 HSC.pdf, hit 2)
2026-07-08 16:34:40  OK Maths Extension 2/Y12-HSC/2004 Quick Answers.pdf (36 KB)  [done 479, left 862]
2026-07-08 16:35:09  base 2470 throttled -> cooldown 1800s, rotated (Economics/Y12-HSC/2016 Marking Guidelines.pdf, hit 1)
2026-07-08 16:35:38  OK Maths Advanced/Y11-Yearly/Gosford 2007 w. sol.pdf (150 KB)  [done 480, left 861]
2026-07-08 16:36:07  base 1570 throttled -> cooldown 1800s, rotated (Business Studies/Y12-HSC/2016 HSC.pdf, hit 1)
2026-07-08 16:36:36  base 5020 throttled -> cooldown 1800s, rotated (Legal Studies/Y12-HSC/2016 Marking Guidelines.pdf, hit 1)
2026-07-08 16:37:09  base 6520 throttled -> cooldown 1800s, rotated (Physics/Y12-HSC/2013 Marking Guidelines.pdf, hit 6)
2026-07-08 16:38:51  net-error base 4630: HTTP Error 302: The HTTP server returned a redirect error that would lead to an infinite loop.
The last 30x error message was:
Moved Temporarily (cooldown 120s, rotated hit 1)
2026-07-08 16:39:53  net-error base 5330: HTTP Error 404: Not Found (cooldown 120s, rotated hit 1)
2026-07-08 16:40:25  OK Maths Advanced/Y11-Yearly/Hornsby Girls 2020 w. sol.pdf (1057 KB)  [done 481, left 860]
2026-07-08 16:40:56  OK Maths Extension 2/Y12-HSC/2004 Terry Lee's Solutions.pdf (1333 KB)  [done 482, left 859]
2026-07-08 16:41:26  OK Maths Advanced/Y12-HSC/1988 Solutions.pdf (456 KB)  [done 483, left 858]
2026-07-08 16:42:07  base 4630 throttled -> cooldown 1800s, rotated (Japanese Extension/Y12-HSC/2016 HSC (Written Exam).pdf, hit 1)
2026-07-08 16:43:09  net-error base 5330: HTTP Error 404: Not Found (cooldown 120s, rotated hit 1)
2026-07-08 16:43:51  OK Maths Advanced/Y11-Yearly/Hurlstone 2022 w. sol.pdf (4400 KB)  [done 484, left 857]
2026-07-08 16:44:19  base 5310 throttled -> cooldown 1800s, rotated (Maths Standard 2/Y12-HSC/2002 Marking Guidelines.pdf, hit 2)
2026-07-08 16:44:53  OK Maths Extension 2/Y12-HSC/2005 Derek Buchanan's Solutions.pdf (109 KB)  [done 485, left 856]
2026-07-08 16:45:31  OK Maths Advanced/Y12-HSC/1989 Solutions.pdf (1046 KB)  [done 486, left 855]
2026-07-08 16:46:00  base 2720 throttled -> cooldown 1800s, rotated (English/Y12-HSC/2009 Marking Guidelines Paper 1.pdf, hit 1)
2026-07-08 16:46:29  OK Maths Extension 1/Y12-HSC/1991 Solutions.pdf (241 KB)  [done 487, left 854]
2026-07-08 16:47:01  base 1370 throttled -> cooldown 1800s, rotated (Biology/Y12-HSC/2016 HSC.pdf, hit 1)
2026-07-08 16:48:00  net-error base 5228: HTTP Error 404: Not Found (cooldown 120s, rotated hit 2)
2026-07-08 16:49:19  OK Maths Extension 2/Y12-HSC/2005 iTute.com Solutions.pdf (106 KB)  [done 488, left 853]
2026-07-08 16:50:21  net-error base 5320: HTTP Error 404: Not Found (cooldown 120s, rotated hit 1)
2026-07-08 16:50:57  OK Maths Advanced/Y11-Yearly/James Ruse 2005 w. sol.pdf (275 KB)  [done 489, left 852]
2026-07-08 16:51:31  OK Maths Extension 1/Y12-HSC/1992 Solutions.pdf (345 KB)  [done 490, left 851]
2026-07-08 16:51:59  base 4620 throttled -> cooldown 1800s, rotated (Japanese Continuers/Y12-HSC/2012 Sample Answers.pdf, hit 1)
2026-07-08 16:52:30  OK Maths Advanced/Y12-HSC/1991 Solutions.pdf (944 KB)  [done 491, left 850]
2026-07-08 16:52:59  OK Maths Extension 2/Y12-HSC/2005 Jan Hansen's Solutions.pdf (167 KB)  [done 492, left 849]
2026-07-08 16:53:34  OK Maths Advanced/Y11-Yearly/Kambala 2010 w. sol.pdf (231 KB)  [done 493, left 848]
2026-07-08 16:54:11  OK Maths Extension 1/Y12-HSC/1993 Solutions.pdf (1082 KB)  [done 494, left 847]
2026-07-08 16:55:05  OK Maths Advanced/Y12-HSC/1992 Solutions.pdf (725 KB)  [done 495, left 846]
2026-07-08 16:55:34  OK Maths Extension 2/Y12-HSC/2005 Terry Lee's Solutions.pdf (73 KB)  [done 496, left 845]
2026-07-08 16:57:13  OK Maths Advanced/Y11-Yearly/Kambala 2020 w. sol.pdf (9745 KB)  [done 497, left 844]
2026-07-08 16:57:41  base 1170 throttled -> cooldown 1800s, rotated (Ancient History/Y12-HSC/2016 Marking Guidelines.pdf, hit 1)
2026-07-08 16:58:14  OK Maths Advanced/Y12-HSC/1993 Solutions.pdf (1093 KB)  [done 498, left 843]
2026-07-08 16:58:43  OK Maths Extension 2/Y12-HSC/2006 iTute.com Solutions.pdf (103 KB)  [done 499, left 842]
2026-07-08 16:59:13  FAIL Modern History/Y12-HSC/2015 HSC.pdf: no-jsonp
2026-07-08 16:59:41  FAIL Chemistry/Y12-HSC/2015 HSC.pdf: no-jsonp
2026-07-08 17:00:15  OK Maths Advanced/Y11-Yearly/Kambala 2023 w. sol.pdf (1641 KB)  [done 500, left 839]
2026-07-08 17:00:43  base 2670 throttled -> cooldown 1800s, rotated (Engineering Studies/Y12-HSC/2017 Marking Guidelines.pdf, hit 1)
2026-07-08 17:01:20  OK Maths Advanced/Y12-HSC/1994 Solutions.pdf (657 KB)  [done 501, left 838]
2026-07-08 17:01:51  OK Maths Extension 2/Y12-HSC/2006 Terry Lee's Solutions.pdf (142 KB)  [done 502, left 837]
2026-07-08 17:02:18  base 5520 throttled -> cooldown 1800s, rotated (Modern History/Y12-HSC/2015 Marking Guidelines.pdf, hit 1)
2026-07-08 17:02:47  base 1820 throttled -> cooldown 1800s, rotated (Chemistry/Y12-HSC/2015 Marking Guidelines.pdf, hit 1)
2026-07-08 17:03:20  OK Maths Extension 1/Y12-HSC/1994 Solutions.pdf (1549 KB)  [done 503, left 836]
2026-07-08 17:04:01  OK Maths Advanced/Y11-Yearly/Killara 2021 w. sol.pdf (5189 KB)  [done 504, left 835]
2026-07-08 17:04:32  OK Maths Advanced/Y12-HSC/1995 Solutions.pdf (842 KB)  [done 505, left 834]
2026-07-08 17:05:00  base 2420 throttled -> cooldown 1800s, rotated (Earth & Environmental Science/Y12-HSC/2001 Marking Guidelines.pdf, hit 2)
2026-07-08 17:05:29  OK Maths Extension 2/Y12-HSC/2007 iTute.com Solutions.pdf (88 KB)  [done 506, left 833]
2026-07-08 17:05:58  base 2470 throttled -> cooldown 1800s, rotated (Economics/Y12-HSC/2017 HSC.pdf, hit 1)
2026-07-08 17:06:28  OK Maths Extension 1/Y12-HSC/1995 Noonan's Solutions.pdf (213 KB)  [done 507, left 832]
2026-07-08 17:07:00  base 5020 throttled -> cooldown 1800s, rotated (Legal Studies/Y12-HSC/2017 HSC.pdf, hit 1)
2026-07-08 17:07:55  net-error base 6520: HTTP Error 404: Not Found (cooldown 120s, rotated hit 6)
2026-07-08 17:09:38  base 1570 throttled -> cooldown 1800s, rotated (Business Studies/Y12-HSC/2016 Marking Guidelines.pdf, hit 1)
2026-07-08 17:10:10  OK Maths Extension 1/Y12-HSC/1995 Solutions.pdf (1388 KB)  [done 508, left 831]
2026-07-08 17:10:50  OK Maths Advanced/Y11-Yearly/Killara 2023 w. sol.pdf (5263 KB)  [done 509, left 830]
2026-07-08 17:11:19  base 6520 throttled -> cooldown 1800s, rotated (Physics/Y12-HSC/2016 Marking Guidelines.pdf, hit 6)
2026-07-08 17:11:51  OK Maths Extension 2/Y12-HSC/2007 Terry Lee's Solutions.pdf (108 KB)  [done 510, left 829]
2026-07-08 17:13:14  net-error base 5320: HTTP Error 404: Not Found (cooldown 120s, rotated hit 1)
2026-07-08 17:14:19  OK Maths Advanced/Y11-Yearly/Knox 2012 w. sol.pdf (609 KB)  [done 511, left 828]
2026-07-08 17:14:49  OK Maths Extension 2/Y12-HSC/2008 iTute.com Solutions.pdf (175 KB)  [done 512, left 827]
2026-07-08 17:15:20  OK Maths Extension 1/Y12-HSC/1996 Noonan's Solutions.pdf (311 KB)  [done 513, left 826]
2026-07-08 17:15:48  base 5310 throttled -> cooldown 1800s, rotated (Maths Standard 2/Y12-HSC/2003 Marking Guidelines.pdf, hit 2)
2026-07-08 17:16:16  base 4630 throttled -> cooldown 1800s, rotated (Japanese Extension/Y12-HSC/2016 HSC (Oral Exam).pdf, hit 1)
2026-07-08 17:16:49  OK Maths Advanced/Y12-HSC/1997 Solutions.pdf (1292 KB)  [done 514, left 825]
2026-07-08 17:17:17  base 2720 throttled -> cooldown 1800s, rotated (English/Y12-HSC/2009 Marking Guidelines Paper 2 (Advanced).pdf, hit 1)
2026-07-08 17:17:46  base 1370 throttled -> cooldown 1800s, rotated (Biology/Y12-HSC/2016 Marking Guidelines.pdf, hit 1)
2026-07-08 17:18:17  OK Maths Extension 1/Y12-HSC/1996 Solutions.pdf (1500 KB)  [done 515, left 824]
2026-07-08 17:18:50  OK Maths Advanced/Y11-Yearly/Knox 2021 w. sol.pdf (1942 KB)  [done 516, left 823]
2026-07-08 17:19:22  OK Maths Extension 2/Y12-HSC/2008 Jan Hansen's Solutions.pdf (143 KB)  [done 517, left 822]
2026-07-08 17:19:54  OK Maths Advanced/Y12-HSC/1998 Solutions.pdf (961 KB)  [done 518, left 821]
2026-07-08 17:20:50  OK Maths Extension 1/Y12-HSC/1997 Noonan's Solutions.pdf (82 KB)  [done 519, left 820]
2026-07-08 17:21:26  OK Maths Advanced/Y11-Yearly/North Sydney Girls 2015 w. sol.pdf (402 KB)  [done 520, left 819]
2026-07-08 17:22:09  OK Maths Extension 2/Y12-HSC/2008 Terry Lee's Solutions.pdf (94 KB)  [done 521, left 818]
2026-07-08 17:23:06  OK Maths Advanced/Y12-HSC/1999 Solutions.pdf (483 KB)  [done 522, left 817]
2026-07-08 17:24:33  base 4620 throttled -> cooldown 1800s, rotated (Japanese Continuers/Y12-HSC/2013 HSC.pdf, hit 1)
2026-07-08 17:25:13  OK Maths Extension 1/Y12-HSC/1997 Solutions.pdf (1440 KB)  [done 523, left 816]
2026-07-08 17:25:56  OK Maths Advanced/Y11-Yearly/North Sydney Girls 2021 w. sol.pdf (9050 KB)  [done 524, left 815]
2026-07-08 17:26:41  net-error base 5320: HTTP Error 404: Not Found (cooldown 120s, rotated hit 1)
2026-07-08 17:28:49  OK Maths Extension 2/Y12-HSC/2009 iTute.com Solutions.pdf (97 KB)  [done 525, left 814]
2026-07-08 17:29:20  OK Maths Advanced/Y11-Yearly/Roseville 2007 w. sol.pdf (562 KB)  [done 526, left 813]
2026-07-08 17:29:50  base 1170 throttled -> cooldown 1800s, rotated (Ancient History/Y12-HSC/2017 HSC.pdf, hit 1)
2026-07-08 17:30:31  OK Maths Advanced/Y12-HSC/2001 Quick Answers.pdf (40 KB)  [done 527, left 812]
2026-07-08 17:31:00  base 2670 throttled -> cooldown 1800s, rotated (Engineering Studies/Y12-HSC/2018 HSC.pdf, hit 1)
2026-07-08 17:31:30  OK Maths Extension 1/Y12-HSC/1998 Noonan's Solutions.pdf (302 KB)  [done 528, left 811]
2026-07-08 17:32:01  OK Maths Extension 2/Y12-HSC/2009 Jan Hansen's Solutions.pdf (291 KB)  [done 529, left 810]
2026-07-08 17:32:31  OK Maths Advanced/Y11-Yearly/Roseville 2008 w. sol.pdf (479 KB)  [done 530, left 809]
2026-07-08 17:32:59  base 5520 throttled -> cooldown 1800s, rotated (Modern History/Y12-HSC/2016 HSC.pdf, hit 1)
2026-07-08 17:33:30  OK Maths Advanced/Y12-HSC/2001 Solutions.pdf (504 KB)  [done 531, left 808]
2026-07-08 17:33:59  base 1820 throttled -> cooldown 1800s, rotated (Chemistry/Y12-HSC/2016 HSC.pdf, hit 1)
2026-07-08 17:34:31  OK Maths Extension 1/Y12-HSC/1998 Solutions.pdf (1451 KB)  [done 532, left 807]
2026-07-08 17:35:01  OK Maths Extension 2/Y12-HSC/2009 Terry Lee's Solutions.pdf (143 KB)  [done 533, left 806]
2026-07-08 17:35:35  OK Maths Advanced/Y11-Yearly/SCEGGS 2008 w. sol.pdf (2259 KB)  [done 534, left 805]
2026-07-08 17:36:03  base 2470 throttled -> cooldown 1800s, rotated (Economics/Y12-HSC/2017 Marking Guidelines.pdf, hit 1)
2026-07-08 17:36:37  OK Maths Advanced/Y12-HSC/2002 Quick Answers.pdf (55 KB)  [done 535, left 804]
2026-07-08 17:37:31  base 2420 throttled -> cooldown 1800s, rotated (Earth & Environmental Science/Y12-HSC/2002 HSC.pdf, hit 2)
2026-07-08 17:38:04  base 5020 throttled -> cooldown 1800s, rotated (Legal Studies/Y12-HSC/2017 Marking Guidelines.pdf, hit 1)
2026-07-08 17:38:35  OK Maths Extension 1/Y12-HSC/1999 Noonan's Solutions.pdf (205 KB)  [done 536, left 803]
2026-07-08 17:39:07  OK Maths Advanced/Y11-Yearly/Shore 2014 w. sol.pdf (570 KB)  [done 537, left 802]
2026-07-08 17:39:37  OK Maths Extension 2/Y12-HSC/2010 iTute.com Solutions.pdf (130 KB)  [done 538, left 801]
2026-07-08 17:40:06  OK Maths Advanced/Y12-HSC/2003 Quick Answers.pdf (32 KB)  [done 539, left 800]
2026-07-08 17:40:34  base 1570 throttled -> cooldown 1800s, rotated (Business Studies/Y12-HSC/2017 HSC.pdf, hit 1)
2026-07-08 17:41:13  OK Maths Extension 1/Y12-HSC/1999 Solutions.pdf (1254 KB)  [done 540, left 799]
2026-07-08 17:41:50  base 6520 throttled -> cooldown 1800s, rotated (Physics/Y12-HSC/2017 HSC.pdf, hit 6)
2026-07-08 17:42:20  OK Maths Advanced/Y11-Yearly/St George Girls 2012.pdf (148 KB)  [done 541, left 798]
2026-07-08 17:42:51  OK Maths Extension 2/Y12-HSC/2010 Terry Lee's Solutions.pdf (121 KB)  [done 542, left 797]
2026-07-08 17:43:20  OK Maths Advanced/Y12-HSC/2004 Quick Answers.pdf (42 KB)  [done 543, left 796]
2026-07-08 17:43:50  OK Maths Extension 1/Y12-HSC/2000 Noonan's Solutions.pdf (225 KB)  [done 544, left 795]
2026-07-08 17:45:55  OK Maths Advanced/Y11-Yearly/St George Girls 2019 w. sol.pdf (8388 KB)  [done 545, left 794]
2026-07-08 17:46:23  base 4630 throttled -> cooldown 1800s, rotated (Japanese Extension/Y12-HSC/2016 Marking Guidelines.pdf, hit 1)
2026-07-08 17:46:52  OK Maths Advanced/Y12-HSC/2005 iTute.com Solutions.pdf (71 KB)  [done 546, left 793]
2026-07-08 17:47:21  OK Maths Extension 2/Y12-HSC/2011 iTute.com Solutions.pdf (110 KB)  [done 547, left 792]
2026-07-08 17:47:52  OK Maths Standard 2/Y12-HSC/2004 HSC.pdf (439 KB)  [done 548, left 791]
2026-07-08 17:48:20  base 2720 throttled -> cooldown 1800s, rotated (English/Y12-HSC/2009 Marking Guidelines Paper 2 (Standard).pdf, hit 1)
2026-07-08 17:48:48  base 1370 throttled -> cooldown 1800s, rotated (Biology/Y12-HSC/2017 HSC.pdf, hit 1)
2026-07-08 17:49:26  OK Maths Advanced/Y11-Yearly/St George Girls 2022 w. sol.pdf (5930 KB)  [done 549, left 790]
2026-07-08 17:49:56  OK Maths Advanced/Y12-HSC/2005 Jan Hansen's Solutions.pdf (152 KB)  [done 550, left 789]
2026-07-08 17:50:24  OK Maths Extension 2/Y12-HSC/2011 Terry Lee's Solutions.pdf (144 KB)  [done 551, left 788]
2026-07-08 17:50:55  OK Maths Extension 1/Y12-HSC/2000 Solutions.pdf (684 KB)  [done 552, left 787]
2026-07-08 17:51:23  base 5310 throttled -> cooldown 1800s, rotated (Maths Standard 2/Y12-HSC/2004 Marking Guidelines.pdf, hit 2)
2026-07-08 17:52:14  OK Maths Advanced/Y11-Yearly/St George Girls 2023 w. sol.pdf (8061 KB)  [done 553, left 786]
2026-07-08 17:52:44  OK Maths Advanced/Y12-HSC/2006 iTute.com Solutions.pdf (72 KB)  [done 554, left 785]
2026-07-08 17:53:14  OK Maths Extension 2/Y12-HSC/2012 iTute.com Solutions.pdf (127 KB)  [done 555, left 784]
2026-07-08 17:53:45  OK Maths Extension 1/Y12-HSC/2001 Noonan's Solutions.pdf (243 KB)  [done 556, left 783]
2026-07-08 17:54:37  base 4620 throttled -> cooldown 1800s, rotated (Japanese Continuers/Y12-HSC/2013 Listening Audio.pdf, hit 1)
2026-07-08 17:55:07  OK Maths Advanced/Y11-Yearly/Sydney Boys 2007 w. sol.pdf (644 KB)  [done 557, left 782]
2026-07-08 17:55:36  OK Maths Advanced/Y12-HSC/2007 iTute.com Solutions.pdf (67 KB)  [done 558, left 781]
2026-07-08 17:56:07  OK Maths Extension 2/Y12-HSC/2012 Terry Lee's Solutions.pdf (762 KB)  [done 559, left 780]
2026-07-08 17:56:36  OK Maths Extension 1/Y12-HSC/2001 Quick Answers.pdf (43 KB)  [done 560, left 779]
2026-07-08 17:57:42  OK Maths Advanced/Y11-Yearly/Sydney Boys 2009 w. sol.pdf (234 KB)  [done 561, left 778]
2026-07-08 17:58:12  OK Maths Advanced/Y12-HSC/2008 iTute.com Solutions.pdf (118 KB)  [done 562, left 777]
2026-07-08 17:58:42  OK Maths Extension 2/Y12-HSC/2013 iTute.com Solutions.pdf (112 KB)  [done 563, left 776]
2026-07-08 18:00:25  OK Maths Extension 1/Y12-HSC/2001 Solutions.pdf (1195 KB)  [done 564, left 775]
2026-07-08 18:00:54  OK Maths Advanced/Y12-HSC/2008 Jan Hansen's Solutions.pdf (108 KB)  [done 565, left 774]
2026-07-08 18:01:30  OK Maths Advanced/Y11-Yearly/Sydney Boys 2013 w. sol.pdf (3361 KB)  [done 566, left 773]
2026-07-08 18:01:58  base 2670 throttled -> cooldown 1800s, rotated (Engineering Studies/Y12-HSC/2018 Marking Guidelines.pdf, hit 1)
2026-07-08 18:04:01  net-error base 5340: HTTP Error 302: The HTTP server returned a redirect error that would lead to an infinite loop.
The last 30x error message was:
Moved Temporarily (cooldown 120s, rotated hit 1)
2026-07-08 18:05:12  OK Maths Extension 1/Y12-HSC/2002 Noonan's Solutions.pdf (383 KB)  [done 567, left 772]
2026-07-08 18:06:01  OK Maths Advanced/Y12-HSC/2009 iTute.com Solutions.pdf (70 KB)  [done 568, left 771]
2026-07-08 18:06:29  base 1820 throttled -> cooldown 1800s, rotated (Chemistry/Y12-HSC/2016 Marking Guidelines.pdf, hit 1)
2026-07-08 18:06:57  base 1170 throttled -> cooldown 1800s, rotated (Ancient History/Y12-HSC/2017 Marking Guidelines.pdf, hit 1)
2026-07-08 18:07:56  net-error base 5520: HTTP Error 404: Not Found (cooldown 120s, rotated hit 1)
2026-07-08 18:08:25  OK Maths Extension 1/Y12-HSC/2002 Quick Answers.pdf (39 KB)  [done 569, left 770]
2026-07-08 18:08:55  OK Maths Advanced/Y11-Yearly/Sydney Grammar 2013 w. sol.pdf (963 KB)  [done 570, left 769]
2026-07-08 18:09:28  OK Maths Extension 2/Y12-HSC/2013 Terry Lee's Solutions.pdf (174 KB)  [done 571, left 768]
2026-07-08 18:09:55  base 5020 throttled -> cooldown 1800s, rotated (Legal Studies/Y12-HSC/2018 HSC.pdf, hit 1)
2026-07-08 18:10:24  OK Maths Advanced/Y12-HSC/2009 Jan Hansen's Solutions.pdf (170 KB)  [done 572, left 767]
2026-07-08 18:10:52  base 2420 throttled -> cooldown 1800s, rotated (Earth & Environmental Science/Y12-HSC/2002 Marking Guidelines.pdf, hit 2)
2026-07-08 18:11:20  base 2470 throttled -> cooldown 1800s, rotated (Economics/Y12-HSC/2018 HSC.pdf, hit 1)
2026-07-08 18:11:48  base 5520 throttled -> cooldown 1800s, rotated (Modern History/Y12-HSC/2017 HSC.pdf, hit 1)
2026-07-08 18:12:16  base 6520 throttled -> cooldown 1800s, rotated (Physics/Y12-HSC/2017 Marking Guidelines.pdf, hit 6)
2026-07-08 18:12:45  OK Maths Advanced/Y11-Yearly/Sydney Grammar 2014.pdf (102 KB)  [done 573, left 766]
2026-07-08 18:13:15  OK Maths Extension 2/Y12-HSC/2014 iTute.com Solutions.pdf (116 KB)  [done 574, left 765]
2026-07-08 18:13:44  base 1570 throttled -> cooldown 1800s, rotated (Business Studies/Y12-HSC/2017 Marking Guidelines.pdf, hit 1)
2026-07-08 18:14:12  OK Maths Advanced/Y12-HSC/2010 iTute.com Solutions.pdf (81 KB)  [done 575, left 764]
2026-07-08 18:14:42  OK Maths Extension 1/Y12-HSC/2003 Quick Answers.pdf (35 KB)  [done 576, left 763]
2026-07-08 18:15:20  OK Maths Advanced/Y11-Yearly/Sydney Grammar 2015 w. sol.pdf (989 KB)  [done 577, left 762]
2026-07-08 18:15:50  OK Maths Extension 2/Y12-HSC/2014 Jonathan Le's Solutions.pdf (395 KB)  [done 578, left 761]
2026-07-08 18:16:26  base 4630 throttled -> cooldown 1800s, rotated (Japanese Extension/Y12-HSC/2017 HSC (Written Exam).pdf, hit 1)
2026-07-08 18:17:26  net-error base 5320: HTTP Error 404: Not Found (cooldown 120s, rotated hit 1)
2026-07-08 18:18:28  net-error base 5330: HTTP Error 404: Not Found (cooldown 120s, rotated hit 1)
2026-07-08 18:18:56  base 1370 throttled -> cooldown 1800s, rotated (Biology/Y12-HSC/2017 Marking Guidelines.pdf, hit 1)
2026-07-08 18:19:57  net-error base 5340: HTTP Error 404: Not Found (cooldown 120s, rotated hit 1)
2026-07-08 18:20:26  OK Maths Advanced/Y12-HSC/2012 iTute.com Solutions.pdf (86 KB)  [done 579, left 760]
2026-07-08 18:21:12  OK Maths Advanced/Y11-Yearly/Sydney Grammar 2022 w. sol.pdf (9078 KB)  [done 580, left 759]
2026-07-08 18:21:40  base 5310 throttled -> cooldown 1800s, rotated (Maths Standard 2/Y12-HSC/2005 Marking Guidelines.pdf, hit 2)
2026-07-08 18:22:10  OK Maths Extension 1/Y12-HSC/2004 Quick Answers.pdf (25 KB)  [done 581, left 758]
2026-07-08 18:22:38  OK Maths Extension 2/Y12-HSC/2015 iTute.com Solutions.pdf (149 KB)  [done 582, left 757]
2026-07-08 18:23:07  OK Maths Advanced/Y12-HSC/2013 iTute.com Solutions.pdf (87 KB)  [done 583, left 756]
2026-07-08 18:23:35  base 2720 throttled -> cooldown 1800s, rotated (English/Y12-HSC/2009 Sample Answers Paper 1.pdf, hit 1)
2026-07-08 18:24:05  OK Maths Advanced/Y11-Yearly/Trinity Grammar 2011 w. sol.pdf (255 KB)  [done 584, left 755]
2026-07-08 18:24:40  base 4620 throttled -> cooldown 1800s, rotated (Japanese Continuers/Y12-HSC/2013 Listening Transcript.pdf, hit 1)
2026-07-08 18:25:09  OK Maths Extension 1/Y12-HSC/2005 iTute.com Solutions.pdf (75 KB)  [done 585, left 754]
2026-07-08 18:25:38  OK Maths Extension 2/Y12-HSC/2015 Terry Lee's Solutions.pdf (175 KB)  [done 586, left 753]
2026-07-08 18:26:07  OK Maths Advanced/Y12-HSC/2014 iTute.com Solutions.pdf (85 KB)  [done 587, left 752]
2026-07-08 18:26:43  OK Maths Advanced/Y11-Yearly/Trinity Grammar 2013 w. sol.pdf (1518 KB)  [done 588, left 751]
2026-07-08 18:27:43  OK Maths Extension 1/Y12-HSC/2005 Jan Hansen's Solutions.pdf (141 KB)  [done 589, left 750]
2026-07-08 18:28:13  OK Maths Extension 2/Y12-HSC/2016 iTute.com Solutions.pdf (121 KB)  [done 590, left 749]
2026-07-08 18:28:42  OK Maths Advanced/Y12-HSC/2015 iTute.com Solutions.pdf (93 KB)  [done 591, left 748]
2026-07-08 18:29:16  base 5228 throttled -> cooldown 1800s, rotated (Maths Advanced/Y11-Yearly/Blacktown Boys 2023 w. sol.pdf, hit 3)
2026-07-08 18:30:17  OK Maths Extension 1/Y12-HSC/2006 iTute.com Solutions.pdf (64 KB)  [done 592, left 747]
2026-07-08 18:30:52  OK Maths Extension 2/Y12-HSC/2016 Jonathan Le's Solutions.pdf (493 KB)  [done 593, left 746]
2026-07-08 18:31:22  OK Maths Advanced/Y12-HSC/2016 iTute.com Solutions.pdf (89 KB)  [done 594, left 745]
2026-07-08 18:32:02  base 2670 throttled -> cooldown 1800s, rotated (Engineering Studies/Y12-HSC/2001 HSC.pdf, hit 2)
2026-07-08 18:32:51  OK Maths Extension 1/Y12-HSC/2006 Terry Lee's Solutions.pdf (82 KB)  [done 595, left 744]
2026-07-08 18:33:27  OK Maths Extension 2/Y12-HSC/2016 Terry Lee's Solutions.pdf (102 KB)  [done 596, left 743]
2026-07-08 18:34:01  OK Maths Advanced/Y12-HSC/2017 iTute.com Solutions.pdf (84 KB)  [done 597, left 742]
2026-07-08 18:35:25  OK Maths Extension 1/Y12-HSC/2007 iTute.com Solutions.pdf (77 KB)  [done 598, left 741]
2026-07-08 18:36:07  OK Maths Extension 2/Y12-HSC/2017 iTute.com Solutions.pdf (135 KB)  [done 599, left 740]
2026-07-08 18:37:26  net-error base 1820: HTTP Error 302: The HTTP server returned a redirect error that would lead to an infinite loop.
The last 30x error message was:
Moved Temporarily (cooldown 120s, rotated hit 1)
2026-07-08 18:38:37  net-error base 5320: HTTP Error 404: Not Found (cooldown 120s, rotated hit 2)
2026-07-08 18:39:38  net-error base 5340: HTTP Error 404: Not Found (cooldown 120s, rotated hit 1)
2026-07-08 18:40:06  base 1820 throttled -> cooldown 1800s, rotated (Chemistry/Y12-HSC/2017 Marking Guidelines.pdf, hit 1)
2026-07-08 18:40:35  OK Maths Extension 1/Y12-HSC/2007 Terry Lee's Solutions.pdf (100 KB)  [done 600, left 739]
2026-07-08 18:41:03  base 5320 throttled -> cooldown 1800s, rotated (Maths Advanced/Y12-HSC/2002 Marking Guidelines.pdf, hit 2)
2026-07-08 18:41:32  base 2420 throttled -> cooldown 1800s, rotated (Earth & Environmental Science/Y12-HSC/2003 HSC.pdf, hit 2)
2026-07-08 18:41:59  base 5020 throttled -> cooldown 1800s, rotated (Legal Studies/Y12-HSC/2018 Marking Guidelines.pdf, hit 1)
2026-07-08 18:43:46  net-error base 5520: HTTP Error 404: Not Found (cooldown 120s, rotated hit 1)
2026-07-08 18:44:15  base 5340 throttled -> cooldown 1800s, rotated (Maths Extension 2/Y12-HSC/2001 Marking Guidelines.pdf, hit 2)
2026-07-08 18:44:44  base 6520 throttled -> cooldown 1800s, rotated (Physics/Y12-HSC/2018 HSC.pdf, hit 6)
2026-07-08 18:45:13  base 1570 throttled -> cooldown 1800s, rotated (Business Studies/Y12-HSC/2018 HSC.pdf, hit 1)
2026-07-08 18:45:43  base 2470 throttled -> cooldown 1800s, rotated (Economics/Y12-HSC/2018 Marking Guidelines.pdf, hit 1)
2026-07-08 18:46:26  OK Maths Extension 1/Y12-HSC/2008 iTute.com Solutions.pdf (141 KB)  [done 601, left 738]
2026-07-08 18:47:15  base 5520 throttled -> cooldown 1800s, rotated (Modern History/Y12-HSC/2018 HSC.pdf, hit 1)
2026-07-08 18:47:43  base 1170 throttled -> cooldown 1800s, rotated (Ancient History/Y12-HSC/2018 HSC.pdf, hit 1)
2026-07-08 18:48:11  base 4630 throttled -> cooldown 1800s, rotated (Japanese Extension/Y12-HSC/2017 HSC (Oral Exam).pdf, hit 1)
2026-07-08 18:49:00  OK Maths Extension 1/Y12-HSC/2008 Jan Hansen's Solutions.pdf (122 KB)  [done 602, left 737]
2026-07-08 18:49:28  base 1370 throttled -> cooldown 1800s, rotated (Biology/Y12-HSC/2018 HSC.pdf, hit 1)
2026-07-08 18:51:35  OK Maths Extension 1/Y12-HSC/2008 Terry Lee's Solutions.pdf (79 KB)  [done 603, left 736]
2026-07-08 18:52:03  base 5310 throttled -> cooldown 1800s, rotated (Maths Standard 2/Y12-HSC/2006 Marking Guidelines.pdf, hit 2)
2026-07-08 18:53:38  base 2720 throttled -> cooldown 1800s, rotated (English/Y12-HSC/2010 HSC Paper 1.pdf, hit 1)
2026-07-08 18:54:13  OK Maths Extension 1/Y12-HSC/2009 iTute.com Solutions.pdf (78 KB)  [done 604, left 735]
2026-07-08 18:54:46  base 4620 throttled -> cooldown 1800s, rotated (Japanese Continuers/Y12-HSC/2013 Marking Guidelines.pdf, hit 1)
2026-07-08 18:56:48  OK Maths Extension 1/Y12-HSC/2009 Jan Hansen's Solutions.pdf (179 KB)  [done 605, left 734]
2026-07-08 18:59:24  OK Maths Extension 1/Y12-HSC/2009 Terry Lee's Solutions.pdf (103 KB)  [done 606, left 733]
2026-07-08 18:59:57  OK Maths Advanced/Y11-Yearly/International Grammar 2015 w. sol.pdf (1269 KB)  [done 607, left 732]
2026-07-08 19:01:59  OK Maths Extension 1/Y12-HSC/2010 iTute.com Solutions.pdf (88 KB)  [done 608, left 731]
2026-07-08 19:02:30  base 2670 throttled -> cooldown 1800s, rotated (Engineering Studies/Y12-HSC/2001 Marking Guidelines.pdf, hit 2)
2026-07-08 19:02:59  base 5228 throttled -> cooldown 1800s, rotated (Maths Advanced/Y11-Yearly/Blacktown Boys 2023 w. sol.pdf, hit 4)
2026-07-08 19:04:33  OK Maths Extension 1/Y12-HSC/2010 Terry Lee's Solutions.pdf (71 KB)  [done 609, left 730]
2026-07-08 19:07:08  OK Maths Extension 1/Y12-HSC/2011 iTute.com Solutions.pdf (76 KB)  [done 610, left 729]
2026-07-08 19:09:43  OK Maths Extension 1/Y12-HSC/2011 Terry Lee's Solutions.pdf (100 KB)  [done 611, left 728]
2026-07-08 19:10:11  base 1820 throttled -> cooldown 1800s, rotated (Chemistry/Y12-HSC/2018 HSC.pdf, hit 1)
2026-07-08 19:11:07  base 5320 throttled -> cooldown 1800s, rotated (Maths Advanced/Y12-HSC/2003 Marking Guidelines.pdf, hit 2)
2026-07-08 19:11:39  base 2420 throttled -> cooldown 1800s, rotated (Earth & Environmental Science/Y12-HSC/2003 Marking Guidelines.pdf, hit 2)
2026-07-08 19:12:07  base 5020 throttled -> cooldown 1800s, rotated (Legal Studies/Y12-HSC/2001 HSC.pdf, hit 2)
2026-07-08 19:12:36  OK Maths Extension 1/Y12-HSC/2012 iTute.com Solutions.pdf (85 KB)  [done 612, left 727]
2026-07-08 19:14:19  base 5340 throttled -> cooldown 1800s, rotated (Maths Extension 2/Y12-HSC/2002 Marking Guidelines.pdf, hit 2)
2026-07-08 19:14:46  base 6520 throttled -> cooldown 1800s, rotated (Physics/Y12-HSC/2018 Marking Guidelines.pdf, hit 6)
2026-07-08 19:15:16  OK Maths Extension 1/Y12-HSC/2012 Terry Lee's Solutions.pdf (85 KB)  [done 613, left 726]
2026-07-08 19:15:46  base 1570 throttled -> cooldown 1800s, rotated (Business Studies/Y12-HSC/2018 Marking Guidelines.pdf, hit 1)
2026-07-08 19:16:15  base 2470 throttled -> cooldown 1800s, rotated (Economics/Y12-HSC/2001 HSC.pdf, hit 2)
2026-07-08 19:17:19  base 5520 throttled -> cooldown 1800s, rotated (Modern History/Y12-HSC/2018 Marking Guidelines.pdf, hit 1)
2026-07-08 19:17:47  base 1170 throttled -> cooldown 1800s, rotated (Ancient History/Y12-HSC/2018 Marking Guidelines.pdf, hit 1)
2026-07-08 19:18:18  OK Maths Extension 1/Y12-HSC/2013 iTute.com Solutions.pdf (85 KB)  [done 614, left 725]
2026-07-08 19:18:46  base 4630 throttled -> cooldown 1800s, rotated (Japanese Extension/Y12-HSC/2017 Marking Guidelines.pdf, hit 1)
2026-07-08 19:19:32  base 1370 throttled -> cooldown 1800s, rotated (Biology/Y12-HSC/2018 Marking Guidelines.pdf, hit 1)
2026-07-08 19:20:53  OK Maths Extension 1/Y12-HSC/2013 Jonathan Le's Solutions.pdf (290 KB)  [done 615, left 724]
2026-07-08 19:22:06  base 5310 throttled -> cooldown 1800s, rotated (Maths Standard 2/Y12-HSC/2007 Marking Guidelines.pdf, hit 2)
2026-07-08 19:23:30  OK Maths Extension 1/Y12-HSC/2013 Terry Lee's Solutions.pdf (158 KB)  [done 616, left 723]
2026-07-08 19:23:58  base 2720 throttled -> cooldown 1800s, rotated (English/Y12-HSC/2010 HSC Paper 2 (Advanced).pdf, hit 1)
2026-07-08 19:24:51  base 4620 throttled -> cooldown 1800s, rotated (Japanese Continuers/Y12-HSC/2014 HSC.pdf, hit 1)
2026-07-08 19:26:05  OK Maths Extension 1/Y12-HSC/2014 iTute.com Solutions.pdf (79 KB)  [done 617, left 722]
2026-07-08 19:28:39  OK Maths Extension 1/Y12-HSC/2014 Jonathan Le's Solutions.pdf (330 KB)  [done 618, left 721]
2026-07-08 19:31:15  OK Maths Extension 1/Y12-HSC/2014 Terry Lee's Solutions.pdf (139 KB)  [done 619, left 720]
2026-07-08 19:32:34  base 2670 throttled -> cooldown 1800s, rotated (Engineering Studies/Y12-HSC/2002 HSC.pdf, hit 2)
2026-07-08 19:33:03  base 5228 throttled -> cooldown 1800s, rotated (Maths Advanced/Y11-Yearly/Blacktown Boys 2023 w. sol.pdf, hit 5)
2026-07-08 19:33:49  OK Maths Extension 1/Y12-HSC/2015 iTute.com Solutions.pdf (64 KB)  [done 620, left 719]
2026-07-08 19:36:24  OK Maths Extension 1/Y12-HSC/2015 Terry Lee's Solutions.pdf (139 KB)  [done 621, left 718]
2026-07-08 19:38:58  OK Maths Extension 1/Y12-HSC/2016 iTute.com Solutions.pdf (74 KB)  [done 622, left 717]
2026-07-08 19:40:15  base 1820 throttled -> cooldown 1800s, rotated (Chemistry/Y12-HSC/2018 Marking Guidelines.pdf, hit 1)
2026-07-08 19:41:13  base 5320 throttled -> cooldown 1800s, rotated (Maths Advanced/Y12-HSC/2004 Marking Guidelines.pdf, hit 2)
2026-07-08 19:41:43  OK Maths Extension 1/Y12-HSC/2016 Jonathan Le's Solutions.pdf (313 KB)  [done 623, left 716]
2026-07-08 19:42:12  base 5020 throttled -> cooldown 1800s, rotated (Legal Studies/Y12-HSC/2001 Marking Guidelines.pdf, hit 2)
2026-07-08 19:42:40  base 2420 throttled -> cooldown 1800s, rotated (Earth & Environmental Science/Y12-HSC/2004 Marking Guidelines.pdf, hit 2)
2026-07-08 19:44:17  OK Maths Extension 1/Y12-HSC/2016 Terry Lee's Solutions.pdf (76 KB)  [done 624, left 715]
2026-07-08 19:44:46  OK Maths Extension 2/Y12-HSC/2003 HSC.pdf (79 KB)  [done 625, left 714]
2026-07-08 19:45:15  base 6520 throttled -> cooldown 1800s, rotated (Physics/Y12-HSC/2013 Marking Guidelines.pdf, hit 7)
2026-07-08 19:45:49  base 1570 throttled -> cooldown 1800s, rotated (Business Studies/Y12-HSC/2001 HSC.pdf, hit 2)
2026-07-08 19:46:22  base 2470 throttled -> cooldown 1800s, rotated (Economics/Y12-HSC/2001 Marking Guidelines.pdf, hit 2)
2026-07-08 19:46:56  OK Maths Extension 1/Y12-HSC/2017 iTute.com Solutions.pdf (82 KB)  [done 626, left 713]
2026-07-08 19:47:24  base 5520 throttled -> cooldown 1800s, rotated (Modern History/Y12-HSC/2001 HSC.pdf, hit 2)
2026-07-08 19:47:52  base 5340 throttled -> cooldown 1800s, rotated (Maths Extension 2/Y12-HSC/2003 Marking Guidelines.pdf, hit 2)
2026-07-08 19:48:20  base 1170 throttled -> cooldown 1800s, rotated (Ancient History/Y12-HSC/2001 HSC.pdf, hit 2)
2026-07-08 19:48:53  base 4630 throttled -> cooldown 1800s, rotated (Japanese Extension/Y12-HSC/2018 HSC (Written Exam).pdf, hit 1)
2026-07-08 19:49:31  OK Maths Extension 1/Y12-HSC/2017 Jonathan Le's Solutions.pdf (317 KB)  [done 627, left 712]
2026-07-08 19:49:59  base 1370 throttled -> cooldown 1800s, rotated (Biology/Y12-HSC/2001 HSC.pdf, hit 2)
2026-07-08 19:52:04  base 5330 throttled -> cooldown 1800s, rotated (Maths Extension 1/Y12-HSC/2001 Marking Guidelines.pdf, hit 2)
2026-07-08 19:52:31  base 5310 throttled -> cooldown 1800s, rotated (Maths Standard 2/Y12-HSC/2008 Marking Guidelines.pdf, hit 2)
2026-07-08 19:54:01  base 2720 throttled -> cooldown 1800s, rotated (English/Y12-HSC/2010 HSC Paper 2 (Standard).pdf, hit 1)
2026-07-08 19:54:53  base 4620 throttled -> cooldown 1800s, rotated (Japanese Continuers/Y12-HSC/2014 Listening Audio.pdf, hit 1)
2026-07-08 20:02:38  base 2670 throttled -> cooldown 1800s, rotated (Engineering Studies/Y12-HSC/2002 Marking Guidelines.pdf, hit 2)
2026-07-08 20:03:11  base 5228 throttled -> cooldown 1800s, rotated (Maths Advanced/Y11-Yearly/Blacktown Boys 2023 w. sol.pdf, hit 6)
2026-07-08 20:10:18  base 1820 throttled -> cooldown 1800s, rotated (Chemistry/Y12-HSC/2001 HSC.pdf, hit 2)
2026-07-08 20:11:18  base 5320 throttled -> cooldown 1800s, rotated (Maths Advanced/Y12-HSC/2005 Marking Guidelines.pdf, hit 2)
2026-07-08 20:12:15  base 5020 throttled -> cooldown 1800s, rotated (Legal Studies/Y12-HSC/2002 HSC.pdf, hit 2)
2026-07-08 20:13:20  net-error base 2420: HTTP Error 404: Not Found (cooldown 120s, rotated hit 2)
2026-07-08 20:15:18  base 6520 throttled -> cooldown 1800s, rotated (Physics/Y12-HSC/2016 HSC.pdf, hit 7)
2026-07-08 20:15:46  base 2420 throttled -> cooldown 1800s, rotated (Earth & Environmental Science/Y12-HSC/2005 Marking Guidelines.pdf, hit 2)
2026-07-08 20:16:22  base 1570 throttled -> cooldown 1800s, rotated (Business Studies/Y12-HSC/2001 Marking Guidelines.pdf, hit 2)
2026-07-08 20:16:50  base 2470 throttled -> cooldown 1800s, rotated (Economics/Y12-HSC/2002 HSC.pdf, hit 2)
2026-07-08 20:17:28  base 5520 throttled -> cooldown 1800s, rotated (Modern History/Y12-HSC/2001 Marking Guidelines.pdf, hit 2)
2026-07-08 20:17:57  base 5340 throttled -> cooldown 1800s, rotated (Maths Extension 2/Y12-HSC/2004 Marking Guidelines.pdf, hit 2)
2026-07-08 20:18:25  base 1170 throttled -> cooldown 1800s, rotated (Ancient History/Y12-HSC/2001 Marking Guidelines.pdf, hit 2)
2026-07-08 20:18:58  base 4630 throttled -> cooldown 1800s, rotated (Japanese Extension/Y12-HSC/2018 HSC (Oral Exam).pdf, hit 1)
2026-07-08 20:20:02  base 1370 throttled -> cooldown 1800s, rotated (Biology/Y12-HSC/2001 Marking Guidelines.pdf, hit 2)
2026-07-08 20:22:07  base 5330 throttled -> cooldown 1800s, rotated (Maths Extension 1/Y12-HSC/2002 Marking Guidelines.pdf, hit 2)
2026-07-08 20:22:35  base 5310 throttled -> cooldown 1800s, rotated (Maths Standard 2/Y12-HSC/2009 Marking Guidelines.pdf, hit 2)
2026-07-08 20:24:04  base 2720 throttled -> cooldown 1800s, rotated (English/Y12-HSC/2010 Marking Guidelines Paper 1.pdf, hit 1)
2026-07-08 20:24:56  base 4620 throttled -> cooldown 1800s, rotated (Japanese Continuers/Y12-HSC/2014 Listening Transcript.pdf, hit 1)
2026-07-08 20:32:41  base 2670 throttled -> cooldown 1800s, rotated (Engineering Studies/Y12-HSC/2003 HSC.pdf, hit 2)
2026-07-08 20:33:14  base 5228 throttled -> cooldown 1800s, rotated (Maths Advanced/Y11-Yearly/Blacktown Boys 2023 w. sol.pdf, hit 7)
2026-07-08 20:40:21  base 1820 throttled -> cooldown 1800s, rotated (Chemistry/Y12-HSC/2001 Marking Guidelines.pdf, hit 2)
2026-07-08 20:41:21  base 5320 throttled -> cooldown 1800s, rotated (Maths Advanced/Y12-HSC/2006 Marking Guidelines.pdf, hit 2)
2026-07-08 20:42:17  base 5020 throttled -> cooldown 1800s, rotated (Legal Studies/Y12-HSC/2002 Marking Guidelines.pdf, hit 2)
2026-07-08 20:45:21  base 6520 throttled -> cooldown 1800s, rotated (Physics/Y12-HSC/2016 Marking Guidelines.pdf, hit 7)
2026-07-08 20:45:54  base 2420 throttled -> cooldown 1800s, rotated (Earth & Environmental Science/Y12-HSC/2006 HSC.pdf, hit 2)
2026-07-08 20:46:28  base 1570 throttled -> cooldown 1800s, rotated (Business Studies/Y12-HSC/2002 HSC.pdf, hit 2)
2026-07-08 20:46:57  base 2470 throttled -> cooldown 1800s, rotated (Economics/Y12-HSC/2002 Marking Guidelines.pdf, hit 2)
2026-07-08 20:47:31  base 5520 throttled -> cooldown 1800s, rotated (Modern History/Y12-HSC/2002 HSC.pdf, hit 2)
2026-07-08 20:48:06  base 5340 throttled -> cooldown 1800s, rotated (Maths Extension 2/Y12-HSC/2005 Marking Guidelines.pdf, hit 2)
2026-07-08 20:48:34  base 1170 throttled -> cooldown 1800s, rotated (Ancient History/Y12-HSC/2002 HSC.pdf, hit 2)
2026-07-08 20:49:02  base 4630 throttled -> cooldown 1800s, rotated (Japanese Extension/Y12-HSC/2018 Marking Guidelines.pdf, hit 1)
2026-07-08 20:50:05  base 1370 throttled -> cooldown 1800s, rotated (Biology/Y12-HSC/2002 HSC.pdf, hit 2)
2026-07-08 20:52:11  base 5330 throttled -> cooldown 1800s, rotated (Maths Extension 1/Y12-HSC/2003 Marking Guidelines.pdf, hit 2)
2026-07-08 20:52:39  base 5310 throttled -> cooldown 1800s, rotated (Maths Standard 2/Y12-HSC/2009 Sample Answers.pdf, hit 2)
2026-07-08 20:54:07  base 2720 throttled -> cooldown 1800s, rotated (English/Y12-HSC/2010 Marking Guidelines Paper 2 (Advanced).pdf, hit 1)
2026-07-08 20:54:59  base 4620 throttled -> cooldown 1800s, rotated (Japanese Continuers/Y12-HSC/2014 Marking Guidelines.pdf, hit 1)
2026-07-08 21:02:44  base 2670 throttled -> cooldown 1800s, rotated (Engineering Studies/Y12-HSC/2003 Marking Guidelines.pdf, hit 2)
2026-07-08 21:03:17  GIVEUP Maths Advanced/Y11-Yearly/Blacktown Boys 2023 w. sol.pdf: unavailable (8 placeholder hits)
2026-07-08 21:10:25  base 1820 throttled -> cooldown 1800s, rotated (Chemistry/Y12-HSC/2002 HSC.pdf, hit 2)
2026-07-08 21:11:26  OK Maths Advanced/Y12-HSC/2007 HSC.pdf (132 KB)  [done 628, left 710]
2026-07-08 21:12:20  base 5020 throttled -> cooldown 1800s, rotated (Legal Studies/Y12-HSC/2003 HSC.pdf, hit 2)
2026-07-08 21:13:59  base 5320 throttled -> cooldown 1800s, rotated (Maths Advanced/Y12-HSC/2007 Marking Guidelines.pdf, hit 2)
2026-07-08 21:15:24  base 6520 throttled -> cooldown 1800s, rotated (Physics/Y12-HSC/2017 HSC.pdf, hit 7)
2026-07-08 21:15:57  base 2420 throttled -> cooldown 1800s, rotated (Earth & Environmental Science/Y12-HSC/2006 Marking Guidelines.pdf, hit 2)
2026-07-08 21:16:31  base 1570 throttled -> cooldown 1800s, rotated (Business Studies/Y12-HSC/2002 Marking Guidelines.pdf, hit 2)
2026-07-08 21:17:06  base 2470 throttled -> cooldown 1800s, rotated (Economics/Y12-HSC/2003 HSC.pdf, hit 2)
2026-07-08 21:17:39  base 5520 throttled -> cooldown 1800s, rotated (Modern History/Y12-HSC/2002 Marking Guidelines.pdf, hit 2)
2026-07-08 21:18:15  OK Maths Extension 2/Y12-HSC/2006 HSC.pdf (964 KB)  [done 629, left 709]
2026-07-08 21:18:44  base 1170 throttled -> cooldown 1800s, rotated (Ancient History/Y12-HSC/2002 Marking Guidelines.pdf, hit 2)
2026-07-08 21:19:11  base 4630 throttled -> cooldown 1800s, rotated (Japanese Extension/Y12-HSC/2001 HSC (Written Exam).pdf, hit 2)
2026-07-08 21:20:08  base 1370 throttled -> cooldown 1800s, rotated (Biology/Y12-HSC/2002 Marking Guidelines.pdf, hit 2)
2026-07-08 21:20:48  base 5340 throttled -> cooldown 1800s, rotated (Maths Extension 2/Y12-HSC/2006 Marking Guidelines.pdf, hit 2)
2026-07-08 21:22:14  base 5330 throttled -> cooldown 1800s, rotated (Maths Extension 1/Y12-HSC/2004 Marking Guidelines.pdf, hit 2)
2026-07-08 21:22:41  base 5310 throttled -> cooldown 1800s, rotated (Maths Standard 2/Y12-HSC/2009 Marking Feedback.pdf, hit 2)
2026-07-08 21:24:11  base 2720 throttled -> cooldown 1800s, rotated (English/Y12-HSC/2010 Marking Guidelines Paper 2 (Standard).pdf, hit 1)
2026-07-08 21:25:02  FAIL Japanese Continuers/Y12-HSC/2015 HSC.pdf: no-jsonp
2026-07-08 21:27:36  base 4620 throttled -> cooldown 1800s, rotated (Japanese Continuers/Y12-HSC/2015 Listening Audio.pdf, hit 1)
2026-07-08 21:32:47  base 2670 throttled -> cooldown 1800s, rotated (Engineering Studies/Y12-HSC/2004 Marking Guidelines.pdf, hit 2)
2026-07-08 21:40:29  base 1820 throttled -> cooldown 1800s, rotated (Chemistry/Y12-HSC/2002 Marking Guidelines.pdf, hit 2)
2026-07-08 21:42:23  base 5020 throttled -> cooldown 1800s, rotated (Legal Studies/Y12-HSC/2003 Marking Guidelines.pdf, hit 2)
2026-07-08 21:44:03  base 5320 throttled -> cooldown 1800s, rotated (Maths Advanced/Y12-HSC/2008 Marking Guidelines.pdf, hit 2)
2026-07-08 21:45:28  base 6520 throttled -> cooldown 1800s, rotated (Physics/Y12-HSC/2017 Marking Guidelines.pdf, hit 7)
2026-07-08 21:46:03  base 2420 throttled -> cooldown 1800s, rotated (Earth & Environmental Science/Y12-HSC/2007 HSC.pdf, hit 2)
2026-07-08 21:46:52  base 1570 throttled -> cooldown 1800s, rotated (Business Studies/Y12-HSC/2003 HSC.pdf, hit 2)
2026-07-08 21:47:20  base 2470 throttled -> cooldown 1800s, rotated (Economics/Y12-HSC/2003 Marking Guidelines.pdf, hit 2)
2026-07-08 21:47:48  base 5520 throttled -> cooldown 1800s, rotated (Modern History/Y12-HSC/2003 HSC.pdf, hit 2)
2026-07-08 21:48:48  base 1170 throttled -> cooldown 1800s, rotated (Ancient History/Y12-HSC/2003 HSC.pdf, hit 2)
2026-07-08 21:49:15  base 4630 throttled -> cooldown 1800s, rotated (Japanese Extension/Y12-HSC/2001 HSC (Oral Exam).pdf, hit 2)
2026-07-08 21:50:11  base 1370 throttled -> cooldown 1800s, rotated (Biology/Y12-HSC/2003 HSC.pdf, hit 2)
2026-07-08 21:50:51  base 5340 throttled -> cooldown 1800s, rotated (Maths Extension 2/Y12-HSC/2007 Marking Guidelines.pdf, hit 2)
2026-07-08 21:52:48  OK Maths Extension 1/Y12-HSC/2005 HSC.pdf (64 KB)  [done 630, left 707]
2026-07-08 21:53:16  base 5310 throttled -> cooldown 1800s, rotated (Maths Standard 2/Y12-HSC/2010 Marking Guidelines.pdf, hit 2)
2026-07-08 21:54:15  base 2720 throttled -> cooldown 1800s, rotated (English/Y12-HSC/2010 Sample Answers Paper 1.pdf, hit 1)
2026-07-08 21:55:24  base 5330 throttled -> cooldown 1800s, rotated (Maths Extension 1/Y12-HSC/2005 Marking Guidelines.pdf, hit 2)
2026-07-08 21:57:39  base 4620 throttled -> cooldown 1800s, rotated (Japanese Continuers/Y12-HSC/2015 Listening Transcript.pdf, hit 1)
2026-07-08 22:02:50  base 2670 throttled -> cooldown 1800s, rotated (Engineering Studies/Y12-HSC/2005 HSC.pdf, hit 2)
2026-07-08 22:10:31  base 1820 throttled -> cooldown 1800s, rotated (Chemistry/Y12-HSC/2003 HSC.pdf, hit 2)
2026-07-08 22:12:26  base 5020 throttled -> cooldown 1800s, rotated (Legal Studies/Y12-HSC/2004 Marking Guidelines.pdf, hit 2)
2026-07-08 22:14:06  base 5320 throttled -> cooldown 1800s, rotated (Maths Advanced/Y12-HSC/2009 Marking Guidelines.pdf, hit 2)
2026-07-08 22:15:31  base 6520 throttled -> cooldown 1800s, rotated (Physics/Y12-HSC/2018 HSC.pdf, hit 7)
2026-07-08 22:16:05  base 2420 throttled -> cooldown 1800s, rotated (Earth & Environmental Science/Y12-HSC/2007 Marking Guidelines.pdf, hit 2)
2026-07-08 22:16:55  base 1570 throttled -> cooldown 1800s, rotated (Business Studies/Y12-HSC/2003 Marking Guidelines.pdf, hit 2)
2026-07-08 22:17:29  OK Economics/Y12-HSC/2004 HSC.pdf (172 KB)  [done 631, left 706]
2026-07-08 22:17:57  base 5520 throttled -> cooldown 1800s, rotated (Modern History/Y12-HSC/2003 Marking Guidelines.pdf, hit 2)
2026-07-08 22:18:50  base 1170 throttled -> cooldown 1800s, rotated (Ancient History/Y12-HSC/2003 Marking Guidelines.pdf, hit 2)
2026-07-08 22:19:18  base 4630 throttled -> cooldown 1800s, rotated (Japanese Extension/Y12-HSC/2001 Marking Guidelines.pdf, hit 2)
2026-07-08 22:20:02  base 2470 throttled -> cooldown 1800s, rotated (Economics/Y12-HSC/2004 Marking Guidelines.pdf, hit 2)
2026-07-08 22:20:30  base 1370 throttled -> cooldown 1800s, rotated (Biology/Y12-HSC/2003 Marking Guidelines.pdf, hit 2)
2026-07-08 22:20:57  base 5340 throttled -> cooldown 1800s, rotated (Maths Extension 2/Y12-HSC/2008 Marking Guidelines.pdf, hit 2)
2026-07-08 22:23:19  base 5310 throttled -> cooldown 1800s, rotated (Maths Standard 2/Y12-HSC/2010 Sample Answers.pdf, hit 2)
2026-07-08 22:24:18  base 2720 throttled -> cooldown 1800s, rotated (English/Y12-HSC/2011 HSC Paper 1.pdf, hit 1)
2026-07-08 22:25:26  base 5330 throttled -> cooldown 1800s, rotated (Maths Extension 1/Y12-HSC/2006 Marking Guidelines.pdf, hit 2)
2026-07-08 22:27:42  base 4620 throttled -> cooldown 1800s, rotated (Japanese Continuers/Y12-HSC/2015 Marking Guidelines.pdf, hit 1)
2026-07-08 22:32:52  base 2670 throttled -> cooldown 1800s, rotated (Engineering Studies/Y12-HSC/2005 Marking Guidelines.pdf, hit 2)
2026-07-08 22:40:34  base 1820 throttled -> cooldown 1800s, rotated (Chemistry/Y12-HSC/2003 Marking Guidelines.pdf, hit 2)
2026-07-08 22:42:29  base 5020 throttled -> cooldown 1800s, rotated (Legal Studies/Y12-HSC/2005 HSC.pdf, hit 2)
2026-07-08 22:44:08  base 5320 throttled -> cooldown 1800s, rotated (Maths Advanced/Y12-HSC/2009 Sample Answers.pdf, hit 2)
2026-07-08 22:45:34  base 6520 throttled -> cooldown 1800s, rotated (Physics/Y12-HSC/2018 Marking Guidelines.pdf, hit 7)
2026-07-08 22:46:08  base 2420 throttled -> cooldown 1800s, rotated (Earth & Environmental Science/Y12-HSC/2008 HSC.pdf, hit 2)
2026-07-08 22:46:57  base 1570 throttled -> cooldown 1800s, rotated (Business Studies/Y12-HSC/2004 Marking Guidelines.pdf, hit 2)
2026-07-08 22:48:00  base 5520 throttled -> cooldown 1800s, rotated (Modern History/Y12-HSC/2004 Marking Guidelines.pdf, hit 2)
2026-07-08 22:48:54  base 1170 throttled -> cooldown 1800s, rotated (Ancient History/Y12-HSC/2004 Marking Guidelines.pdf, hit 2)
2026-07-08 22:49:22  base 4630 throttled -> cooldown 1800s, rotated (Japanese Extension/Y12-HSC/2002 HSC (Written Exam).pdf, hit 2)
2026-07-08 22:50:04  base 2470 throttled -> cooldown 1800s, rotated (Economics/Y12-HSC/2005 HSC.pdf, hit 2)
2026-07-08 22:50:37  base 1370 throttled -> cooldown 1800s, rotated (Biology/Y12-HSC/2004 Marking Guidelines.pdf, hit 2)
2026-07-08 22:51:05  base 5340 throttled -> cooldown 1800s, rotated (Maths Extension 2/Y12-HSC/2009 Marking Guidelines.pdf, hit 2)
2026-07-08 22:53:22  base 5310 throttled -> cooldown 1800s, rotated (Maths Standard 2/Y12-HSC/2010 Marking Feedback.pdf, hit 2)
2026-07-08 22:54:20  base 2720 throttled -> cooldown 1800s, rotated (English/Y12-HSC/2011 HSC Paper 2 (Advanced).pdf, hit 1)
2026-07-08 22:55:29  base 5330 throttled -> cooldown 1800s, rotated (Maths Extension 1/Y12-HSC/2007 Marking Guidelines.pdf, hit 2)
2026-07-08 22:57:45  base 4620 throttled -> cooldown 1800s, rotated (Japanese Continuers/Y12-HSC/2016 HSC.pdf, hit 1)
2026-07-08 23:02:55  base 2670 throttled -> cooldown 1800s, rotated (Engineering Studies/Y12-HSC/2006 HSC.pdf, hit 2)
2026-07-08 23:10:37  base 1820 throttled -> cooldown 1800s, rotated (Chemistry/Y12-HSC/2004 Marking Guidelines.pdf, hit 2)
2026-07-08 23:12:31  base 5020 throttled -> cooldown 1800s, rotated (Legal Studies/Y12-HSC/2005 Marking Guidelines.pdf, hit 2)
2026-07-08 23:14:11  base 5320 throttled -> cooldown 1800s, rotated (Maths Advanced/Y12-HSC/2009 Marking Feedback.pdf, hit 2)
2026-07-08 23:15:37  GIVEUP Physics/Y12-HSC/2013 Marking Guidelines.pdf: unavailable (8 placeholder hits)
2026-07-08 23:16:12  base 2420 throttled -> cooldown 1800s, rotated (Earth & Environmental Science/Y12-HSC/2008 Marking Guidelines.pdf, hit 2)
2026-07-08 23:17:00  base 1570 throttled -> cooldown 1800s, rotated (Business Studies/Y12-HSC/2005 HSC.pdf, hit 2)
2026-07-08 23:18:03  base 5520 throttled -> cooldown 1800s, rotated (Modern History/Y12-HSC/2005 HSC.pdf, hit 2)
2026-07-08 23:18:58  base 1170 throttled -> cooldown 1800s, rotated (Ancient History/Y12-HSC/2005 HSC.pdf, hit 2)
2026-07-08 23:19:26  base 4630 throttled -> cooldown 1800s, rotated (Japanese Extension/Y12-HSC/2002 HSC (Oral Exam).pdf, hit 2)
2026-07-08 23:20:08  base 2470 throttled -> cooldown 1800s, rotated (Economics/Y12-HSC/2005 Marking Guidelines.pdf, hit 2)
2026-07-08 23:20:41  base 1370 throttled -> cooldown 1800s, rotated (Biology/Y12-HSC/2005 HSC.pdf, hit 2)
2026-07-08 23:21:09  base 5340 throttled -> cooldown 1800s, rotated (Maths Extension 2/Y12-HSC/2009 Sample Answers.pdf, hit 2)
2026-07-08 23:23:26  base 5310 throttled -> cooldown 1800s, rotated (Maths Standard 2/Y12-HSC/2011 Marking Guidelines.pdf, hit 2)
2026-07-08 23:24:24  base 2720 throttled -> cooldown 1800s, rotated (English/Y12-HSC/2011 HSC Paper 2 (Standard).pdf, hit 1)
2026-07-08 23:25:33  OK Maths Extension 1/Y12-HSC/2008 HSC.pdf (191 KB)  [done 632, left 704]
2026-07-08 23:27:48  base 4620 throttled -> cooldown 1800s, rotated (Japanese Continuers/Y12-HSC/2016 Listening Audio.pdf, hit 1)
2026-07-08 23:28:16  base 5330 throttled -> cooldown 1800s, rotated (Maths Extension 1/Y12-HSC/2008 Marking Guidelines.pdf, hit 2)
2026-07-08 23:32:59  base 2670 throttled -> cooldown 1800s, rotated (Engineering Studies/Y12-HSC/2006 Marking Guidelines.pdf, hit 2)
2026-07-08 23:40:40  base 1820 throttled -> cooldown 1800s, rotated (Chemistry/Y12-HSC/2005 HSC.pdf, hit 2)
2026-07-08 23:42:34  base 5020 throttled -> cooldown 1800s, rotated (Legal Studies/Y12-HSC/2006 HSC.pdf, hit 2)
2026-07-08 23:44:14  base 5320 throttled -> cooldown 1800s, rotated (Maths Advanced/Y12-HSC/2010 Marking Guidelines.pdf, hit 2)
2026-07-08 23:45:40  GIVEUP Physics/Y12-HSC/2016 HSC.pdf: unavailable (8 placeholder hits)
2026-07-08 23:46:15  base 2420 throttled -> cooldown 1800s, rotated (Earth & Environmental Science/Y12-HSC/2009 HSC.pdf, hit 2)
2026-07-08 23:47:04  base 1570 throttled -> cooldown 1800s, rotated (Business Studies/Y12-HSC/2005 Marking Guidelines.pdf, hit 2)
2026-07-08 23:48:07  base 5520 throttled -> cooldown 1800s, rotated (Modern History/Y12-HSC/2005 Marking Guidelines.pdf, hit 2)
2026-07-08 23:49:00  base 1170 throttled -> cooldown 1800s, rotated (Ancient History/Y12-HSC/2005 Marking Guidelines.pdf, hit 2)
2026-07-08 23:49:33  base 4630 throttled -> cooldown 1800s, rotated (Japanese Extension/Y12-HSC/2002 Marking Guidelines.pdf, hit 2)
2026-07-08 23:50:11  base 2470 throttled -> cooldown 1800s, rotated (Economics/Y12-HSC/2006 HSC.pdf, hit 2)
2026-07-08 23:50:44  base 1370 throttled -> cooldown 1800s, rotated (Biology/Y12-HSC/2005 Marking Guidelines.pdf, hit 2)
2026-07-08 23:51:17  base 5340 throttled -> cooldown 1800s, rotated (Maths Extension 2/Y12-HSC/2009 Marking Feedback.pdf, hit 2)
2026-07-08 23:53:29  base 5310 throttled -> cooldown 1800s, rotated (Maths Standard 2/Y12-HSC/2011 Sample Answers.pdf, hit 2)
2026-07-08 23:54:26  base 2720 throttled -> cooldown 1800s, rotated (English/Y12-HSC/2011 Marking Guidelines Paper 1.pdf, hit 1)
2026-07-08 23:57:51  base 4620 throttled -> cooldown 1800s, rotated (Japanese Continuers/Y12-HSC/2016 Listening Transcript.pdf, hit 1)
2026-07-08 23:58:19  base 5330 throttled -> cooldown 1800s, rotated (Maths Extension 1/Y12-HSC/2009 Marking Guidelines.pdf, hit 2)
2026-07-09 00:03:02  base 2670 throttled -> cooldown 1800s, rotated (Engineering Studies/Y12-HSC/2007 HSC.pdf, hit 2)
2026-07-09 00:10:43  base 1820 throttled -> cooldown 1800s, rotated (Chemistry/Y12-HSC/2005 Marking Guidelines.pdf, hit 2)
2026-07-09 00:12:39  base 5020 throttled -> cooldown 1800s, rotated (Legal Studies/Y12-HSC/2006 Marking Guidelines.pdf, hit 2)
2026-07-09 00:14:18  base 5320 throttled -> cooldown 1800s, rotated (Maths Advanced/Y12-HSC/2010 Sample Answers.pdf, hit 2)
2026-07-09 00:15:43  GIVEUP Physics/Y12-HSC/2016 Marking Guidelines.pdf: unavailable (8 placeholder hits)
2026-07-09 00:16:18  base 2420 throttled -> cooldown 1800s, rotated (Earth & Environmental Science/Y12-HSC/2009 Marking Guidelines.pdf, hit 2)
2026-07-09 00:17:06  base 1570 throttled -> cooldown 1800s, rotated (Business Studies/Y12-HSC/2006 HSC.pdf, hit 2)
2026-07-09 00:18:09  base 5520 throttled -> cooldown 1800s, rotated (Modern History/Y12-HSC/2006 HSC.pdf, hit 2)
2026-07-09 00:19:03  base 1170 throttled -> cooldown 1800s, rotated (Ancient History/Y12-HSC/2006 HSC.pdf, hit 2)
2026-07-09 00:19:37  base 4630 throttled -> cooldown 1800s, rotated (Japanese Extension/Y12-HSC/2003 HSC (Written Exam).pdf, hit 2)
2026-07-09 00:20:14  base 2470 throttled -> cooldown 1800s, rotated (Economics/Y12-HSC/2006 Marking Guidelines.pdf, hit 2)
2026-07-09 00:20:47  base 1370 throttled -> cooldown 1800s, rotated (Biology/Y12-HSC/2006 HSC.pdf, hit 2)
2026-07-09 00:21:20  base 5340 throttled -> cooldown 1800s, rotated (Maths Extension 2/Y12-HSC/2010 Marking Guidelines.pdf, hit 2)
2026-07-09 00:23:32  base 5310 throttled -> cooldown 1800s, rotated (Maths Standard 2/Y12-HSC/2012 Marking Guidelines.pdf, hit 2)
2026-07-09 00:24:29  base 2720 throttled -> cooldown 1800s, rotated (English/Y12-HSC/2011 Marking Guidelines Paper 2 (Advanced).pdf, hit 1)
2026-07-09 00:27:54  base 4620 throttled -> cooldown 1800s, rotated (Japanese Continuers/Y12-HSC/2016 Marking Guidelines.pdf, hit 1)
2026-07-09 00:28:27  base 5330 throttled -> cooldown 1800s, rotated (Maths Extension 1/Y12-HSC/2009 Sample Answers.pdf, hit 2)
2026-07-09 00:33:05  base 2670 throttled -> cooldown 1800s, rotated (Engineering Studies/Y12-HSC/2007 Marking Guidelines.pdf, hit 2)
2026-07-09 00:40:46  base 1820 throttled -> cooldown 1800s, rotated (Chemistry/Y12-HSC/2006 HSC.pdf, hit 2)
2026-07-09 00:42:42  base 5020 throttled -> cooldown 1800s, rotated (Legal Studies/Y12-HSC/2007 HSC.pdf, hit 2)
2026-07-09 00:44:21  base 5320 throttled -> cooldown 1800s, rotated (Maths Advanced/Y12-HSC/2010 Marking Feedback.pdf, hit 2)
2026-07-09 00:45:47  GIVEUP Physics/Y12-HSC/2017 HSC.pdf: unavailable (8 placeholder hits)
2026-07-09 00:46:21  base 2420 throttled -> cooldown 1800s, rotated (Earth & Environmental Science/Y12-HSC/2009 Sample Answers.pdf, hit 2)
2026-07-09 00:47:09  base 1570 throttled -> cooldown 1800s, rotated (Business Studies/Y12-HSC/2006 Marking Guidelines.pdf, hit 2)
2026-07-09 00:48:12  base 5520 throttled -> cooldown 1800s, rotated (Modern History/Y12-HSC/2006 Marking Guidelines.pdf, hit 2)
2026-07-09 00:49:05  base 1170 throttled -> cooldown 1800s, rotated (Ancient History/Y12-HSC/2006 Marking Guidelines.pdf, hit 2)
2026-07-09 00:49:39  base 4630 throttled -> cooldown 1800s, rotated (Japanese Extension/Y12-HSC/2003 HSC (Oral Exam).pdf, hit 2)
2026-07-09 00:50:17  base 2470 throttled -> cooldown 1800s, rotated (Economics/Y12-HSC/2007 HSC.pdf, hit 2)
2026-07-09 00:50:49  base 1370 throttled -> cooldown 1800s, rotated (Biology/Y12-HSC/2006 Marking Guidelines.pdf, hit 2)
2026-07-09 00:51:22  base 5340 throttled -> cooldown 1800s, rotated (Maths Extension 2/Y12-HSC/2010 Sample Answers.pdf, hit 2)
2026-07-09 00:53:35  base 5310 throttled -> cooldown 1800s, rotated (Maths Standard 2/Y12-HSC/2012 Sample Answers.pdf, hit 2)
2026-07-09 00:54:31  base 2720 throttled -> cooldown 1800s, rotated (English/Y12-HSC/2011 Marking Guidelines Paper 2 (Standard).pdf, hit 1)
2026-07-09 00:57:57  base 4620 throttled -> cooldown 1800s, rotated (Japanese Continuers/Y12-HSC/2017 HSC.pdf, hit 1)
2026-07-09 00:58:30  base 5330 throttled -> cooldown 1800s, rotated (Maths Extension 1/Y12-HSC/2009 Marking Feedback.pdf, hit 2)
2026-07-09 01:03:07  base 2670 throttled -> cooldown 1800s, rotated (Engineering Studies/Y12-HSC/2008 HSC.pdf, hit 2)
2026-07-09 01:10:49  base 1820 throttled -> cooldown 1800s, rotated (Chemistry/Y12-HSC/2006 Marking Guidelines.pdf, hit 2)
2026-07-09 01:12:45  base 5020 throttled -> cooldown 1800s, rotated (Legal Studies/Y12-HSC/2007 Marking Guidelines.pdf, hit 2)
2026-07-09 01:14:23  base 5320 throttled -> cooldown 1800s, rotated (Maths Advanced/Y12-HSC/2011 Marking Guidelines.pdf, hit 2)
2026-07-09 01:15:50  GIVEUP Physics/Y12-HSC/2017 Marking Guidelines.pdf: unavailable (8 placeholder hits)
2026-07-09 01:16:24  base 2420 throttled -> cooldown 1800s, rotated (Earth & Environmental Science/Y12-HSC/2010 HSC.pdf, hit 2)
2026-07-09 01:17:12  base 1570 throttled -> cooldown 1800s, rotated (Business Studies/Y12-HSC/2007 HSC.pdf, hit 2)
2026-07-09 01:18:15  base 5520 throttled -> cooldown 1800s, rotated (Modern History/Y12-HSC/2007 HSC.pdf, hit 2)
2026-07-09 01:19:09  base 1170 throttled -> cooldown 1800s, rotated (Ancient History/Y12-HSC/2007 HSC.pdf, hit 2)
2026-07-09 01:19:42  base 4630 throttled -> cooldown 1800s, rotated (Japanese Extension/Y12-HSC/2003 Marking Guidelines.pdf, hit 2)
2026-07-09 01:20:20  base 2470 throttled -> cooldown 1800s, rotated (Economics/Y12-HSC/2007 Marking Guidelines.pdf, hit 2)
2026-07-09 01:20:52  base 1370 throttled -> cooldown 1800s, rotated (Biology/Y12-HSC/2007 HSC.pdf, hit 2)
2026-07-09 01:21:25  base 5340 throttled -> cooldown 1800s, rotated (Maths Extension 2/Y12-HSC/2010 Marking Feedback.pdf, hit 2)
2026-07-09 01:23:38  base 5310 throttled -> cooldown 1800s, rotated (Maths Standard 2/Y12-HSC/2012 Marking Feedback.pdf, hit 2)
2026-07-09 01:24:35  base 2720 throttled -> cooldown 1800s, rotated (English/Y12-HSC/2011 Sample Answers Paper 1.pdf, hit 1)
2026-07-09 01:28:00  base 4620 throttled -> cooldown 1800s, rotated (Japanese Continuers/Y12-HSC/2017 Listening Audio.pdf, hit 1)
2026-07-09 01:28:32  base 5330 throttled -> cooldown 1800s, rotated (Maths Extension 1/Y12-HSC/2010 Marking Guidelines.pdf, hit 2)
2026-07-09 01:33:10  base 2670 throttled -> cooldown 1800s, rotated (Engineering Studies/Y12-HSC/2008 Marking Guidelines.pdf, hit 2)
2026-07-09 01:40:52  base 1820 throttled -> cooldown 1800s, rotated (Chemistry/Y12-HSC/2007 HSC.pdf, hit 2)
2026-07-09 01:42:48  base 5020 throttled -> cooldown 1800s, rotated (Legal Studies/Y12-HSC/2008 HSC.pdf, hit 2)
2026-07-09 01:44:26  base 5320 throttled -> cooldown 1800s, rotated (Maths Advanced/Y12-HSC/2011 Sample Answers.pdf, hit 2)
2026-07-09 01:45:53  GIVEUP Physics/Y12-HSC/2018 HSC.pdf: unavailable (8 placeholder hits)
2026-07-09 01:46:27  base 2420 throttled -> cooldown 1800s, rotated (Earth & Environmental Science/Y12-HSC/2010 Marking Guidelines.pdf, hit 2)
2026-07-09 01:47:15  base 1570 throttled -> cooldown 1800s, rotated (Business Studies/Y12-HSC/2007 Marking Guidelines.pdf, hit 2)
2026-07-09 01:48:18  base 5520 throttled -> cooldown 1800s, rotated (Modern History/Y12-HSC/2007 Source Booklet.pdf, hit 2)
2026-07-09 01:49:11  base 1170 throttled -> cooldown 1800s, rotated (Ancient History/Y12-HSC/2007 Marking Guidelines.pdf, hit 2)
2026-07-09 01:49:45  base 4630 throttled -> cooldown 1800s, rotated (Japanese Extension/Y12-HSC/2004 Marking Guidelines.pdf, hit 2)
2026-07-09 01:50:22  base 2470 throttled -> cooldown 1800s, rotated (Economics/Y12-HSC/2008 HSC.pdf, hit 2)
2026-07-09 01:50:55  base 1370 throttled -> cooldown 1800s, rotated (Biology/Y12-HSC/2007 Marking Guidelines.pdf, hit 2)
2026-07-09 01:51:28  base 5340 throttled -> cooldown 1800s, rotated (Maths Extension 2/Y12-HSC/2011 Marking Guidelines.pdf, hit 2)
2026-07-09 01:53:41  base 5310 throttled -> cooldown 1800s, rotated (Maths Standard 2/Y12-HSC/2013 Marking Guidelines.pdf, hit 2)
2026-07-09 01:54:38  base 2720 throttled -> cooldown 1800s, rotated (English/Y12-HSC/2012 HSC Paper 1.pdf, hit 1)
2026-07-09 01:58:02  base 4620 throttled -> cooldown 1800s, rotated (Japanese Continuers/Y12-HSC/2017 Listening Transcript.pdf, hit 1)
2026-07-09 01:58:35  base 5330 throttled -> cooldown 1800s, rotated (Maths Extension 1/Y12-HSC/2010 Sample Answers.pdf, hit 2)
2026-07-09 02:03:13  base 2670 throttled -> cooldown 1800s, rotated (Engineering Studies/Y12-HSC/2009 HSC.pdf, hit 2)
2026-07-09 02:10:55  base 1820 throttled -> cooldown 1800s, rotated (Chemistry/Y12-HSC/2007 Marking Guidelines.pdf, hit 2)
2026-07-09 02:12:51  base 5020 throttled -> cooldown 1800s, rotated (Legal Studies/Y12-HSC/2008 Marking Guidelines.pdf, hit 2)
2026-07-09 02:14:29  base 5320 throttled -> cooldown 1800s, rotated (Maths Advanced/Y12-HSC/2011 Marking Feedback.pdf, hit 2)
2026-07-09 02:15:56  GIVEUP Physics/Y12-HSC/2018 Marking Guidelines.pdf: unavailable (8 placeholder hits)
2026-07-09 02:16:30  base 2420 throttled -> cooldown 1800s, rotated (Earth & Environmental Science/Y12-HSC/2010 Sample Answers.pdf, hit 2)
2026-07-09 02:17:18  base 1570 throttled -> cooldown 1800s, rotated (Business Studies/Y12-HSC/2008 HSC.pdf, hit 2)
2026-07-09 02:18:22  base 5520 throttled -> cooldown 1800s, rotated (Modern History/Y12-HSC/2007 Marking Guidelines.pdf, hit 2)
2026-07-09 02:19:14  base 1170 throttled -> cooldown 1800s, rotated (Ancient History/Y12-HSC/2008 HSC.pdf, hit 2)
2026-07-09 02:19:48  base 4630 throttled -> cooldown 1800s, rotated (Japanese Extension/Y12-HSC/2005 HSC.pdf, hit 2)
2026-07-09 02:20:25  base 2470 throttled -> cooldown 1800s, rotated (Economics/Y12-HSC/2008 Marking Guidelines.pdf, hit 2)
2026-07-09 02:20:58  base 1370 throttled -> cooldown 1800s, rotated (Biology/Y12-HSC/2008 HSC.pdf, hit 2)
2026-07-09 02:21:31  base 5340 throttled -> cooldown 1800s, rotated (Maths Extension 2/Y12-HSC/2011 Sample Answers.pdf, hit 2)
2026-07-09 02:23:44  base 5310 throttled -> cooldown 1800s, rotated (Maths Standard 2/Y12-HSC/2014 Marking Guidelines.pdf, hit 2)
2026-07-09 02:24:41  base 2720 throttled -> cooldown 1800s, rotated (English/Y12-HSC/2012 HSC Paper 2 (Advanced).pdf, hit 1)
2026-07-09 02:28:05  base 4620 throttled -> cooldown 1800s, rotated (Japanese Continuers/Y12-HSC/2017 Marking Guidelines.pdf, hit 1)
2026-07-09 02:28:38  base 5330 throttled -> cooldown 1800s, rotated (Maths Extension 1/Y12-HSC/2010 Marking Feedback.pdf, hit 2)
2026-07-09 02:33:15  base 2670 throttled -> cooldown 1800s, rotated (Engineering Studies/Y12-HSC/2009 Marking Guidelines.pdf, hit 2)
2026-07-09 02:40:57  base 1820 throttled -> cooldown 1800s, rotated (Chemistry/Y12-HSC/2008 HSC.pdf, hit 2)
2026-07-09 02:42:53  base 5020 throttled -> cooldown 1800s, rotated (Legal Studies/Y12-HSC/2009 HSC.pdf, hit 2)
2026-07-09 02:44:32  base 5320 throttled -> cooldown 1800s, rotated (Maths Advanced/Y12-HSC/2012 Marking Guidelines.pdf, hit 2)
2026-07-09 02:46:33  base 2420 throttled -> cooldown 1800s, rotated (Earth & Environmental Science/Y12-HSC/2011 HSC.pdf, hit 2)
2026-07-09 02:47:21  base 1570 throttled -> cooldown 1800s, rotated (Business Studies/Y12-HSC/2008 Marking Guidelines.pdf, hit 2)
2026-07-09 02:48:24  base 5520 throttled -> cooldown 1800s, rotated (Modern History/Y12-HSC/2008 HSC.pdf, hit 2)
2026-07-09 02:49:17  base 1170 throttled -> cooldown 1800s, rotated (Ancient History/Y12-HSC/2008 Marking Guidelines.pdf, hit 2)
2026-07-09 02:49:50  base 4630 throttled -> cooldown 1800s, rotated (Japanese Extension/Y12-HSC/2005 Marking Guidelines.pdf, hit 2)
2026-07-09 02:50:27  base 2470 throttled -> cooldown 1800s, rotated (Economics/Y12-HSC/2009 HSC.pdf, hit 2)
2026-07-09 02:51:01  base 1370 throttled -> cooldown 1800s, rotated (Biology/Y12-HSC/2008 Marking Guidelines.pdf, hit 2)
2026-07-09 02:51:35  base 5340 throttled -> cooldown 1800s, rotated (Maths Extension 2/Y12-HSC/2011 Marking Feedback.pdf, hit 2)
2026-07-09 02:53:47  base 5310 throttled -> cooldown 1800s, rotated (Maths Standard 2/Y12-HSC/2014 Marking Feedback.pdf, hit 2)
2026-07-09 02:54:44  base 2720 throttled -> cooldown 1800s, rotated (English/Y12-HSC/2012 HSC Paper 2 (Standard).pdf, hit 1)
2026-07-09 02:58:07  base 4620 throttled -> cooldown 1800s, rotated (Japanese Continuers/Y12-HSC/2018 HSC.pdf, hit 1)
2026-07-09 02:58:41  base 5330 throttled -> cooldown 1800s, rotated (Maths Extension 1/Y12-HSC/2011 Marking Guidelines.pdf, hit 2)
2026-07-09 03:03:19  base 2670 throttled -> cooldown 1800s, rotated (Engineering Studies/Y12-HSC/2009 Sample Answers.pdf, hit 2)
2026-07-09 03:11:00  base 1820 throttled -> cooldown 1800s, rotated (Chemistry/Y12-HSC/2008 Marking Guidelines.pdf, hit 2)
2026-07-09 03:12:56  base 5020 throttled -> cooldown 1800s, rotated (Legal Studies/Y12-HSC/2009 Marking Guidelines.pdf, hit 2)
2026-07-09 03:14:34  base 5320 throttled -> cooldown 1800s, rotated (Maths Advanced/Y12-HSC/2012 Sample Answers.pdf, hit 2)
2026-07-09 03:16:36  base 2420 throttled -> cooldown 1800s, rotated (Earth & Environmental Science/Y12-HSC/2011 Marking Guidelines.pdf, hit 2)
2026-07-09 03:17:23  base 1570 throttled -> cooldown 1800s, rotated (Business Studies/Y12-HSC/2009 HSC.pdf, hit 2)
2026-07-09 03:18:27  base 5520 throttled -> cooldown 1800s, rotated (Modern History/Y12-HSC/2008 Marking Guidelines.pdf, hit 2)
2026-07-09 03:19:19  base 1170 throttled -> cooldown 1800s, rotated (Ancient History/Y12-HSC/2009 HSC.pdf, hit 2)
2026-07-09 03:19:53  base 4630 throttled -> cooldown 1800s, rotated (Japanese Extension/Y12-HSC/2006 HSC.pdf, hit 2)
2026-07-09 03:20:30  base 2470 throttled -> cooldown 1800s, rotated (Economics/Y12-HSC/2009 Marking Guidelines.pdf, hit 2)
2026-07-09 03:21:04  base 1370 throttled -> cooldown 1800s, rotated (Biology/Y12-HSC/2009 HSC.pdf, hit 2)
2026-07-09 03:21:38  base 5340 throttled -> cooldown 1800s, rotated (Maths Extension 2/Y12-HSC/2012 Marking Guidelines.pdf, hit 2)
2026-07-09 03:23:49  base 5310 throttled -> cooldown 1800s, rotated (Maths Standard 2/Y12-HSC/2015 Marking Guidelines.pdf, hit 2)
2026-07-09 03:24:47  base 2720 throttled -> cooldown 1800s, rotated (English/Y12-HSC/2012 Marking Guidelines Paper 1.pdf, hit 1)
2026-07-09 03:28:10  base 4620 throttled -> cooldown 1800s, rotated (Japanese Continuers/Y12-HSC/2018 Listening Audio.pdf, hit 1)
2026-07-09 03:28:44  base 5330 throttled -> cooldown 1800s, rotated (Maths Extension 1/Y12-HSC/2011 Sample Answers.pdf, hit 2)
2026-07-09 03:33:22  base 2670 throttled -> cooldown 1800s, rotated (Engineering Studies/Y12-HSC/2010 HSC.pdf, hit 2)
2026-07-09 03:41:03  base 1820 throttled -> cooldown 1800s, rotated (Chemistry/Y12-HSC/2009 HSC.pdf, hit 2)
2026-07-09 03:42:59  base 5020 throttled -> cooldown 1800s, rotated (Legal Studies/Y12-HSC/2009 Sample Answers.pdf, hit 2)
2026-07-09 03:44:37  base 5320 throttled -> cooldown 1800s, rotated (Maths Advanced/Y12-HSC/2012 Marking Feedback.pdf, hit 2)
2026-07-09 03:46:38  base 2420 throttled -> cooldown 1800s, rotated (Earth & Environmental Science/Y12-HSC/2011 Sample Answers.pdf, hit 2)
2026-07-09 03:47:25  base 1570 throttled -> cooldown 1800s, rotated (Business Studies/Y12-HSC/2009 Marking Guidelines.pdf, hit 2)
2026-07-09 03:48:29  base 5520 throttled -> cooldown 1800s, rotated (Modern History/Y12-HSC/2009 HSC.pdf, hit 2)
2026-07-09 03:49:22  base 1170 throttled -> cooldown 1800s, rotated (Ancient History/Y12-HSC/2009 Marking Guidelines.pdf, hit 2)
2026-07-09 03:49:55  base 4630 throttled -> cooldown 1800s, rotated (Japanese Extension/Y12-HSC/2006 Marking Guidelines.pdf, hit 2)
2026-07-09 03:50:34  base 2470 throttled -> cooldown 1800s, rotated (Economics/Y12-HSC/2009 Sample Answers.pdf, hit 2)
2026-07-09 03:51:07  base 1370 throttled -> cooldown 1800s, rotated (Biology/Y12-HSC/2009 Marking Guidelines.pdf, hit 2)
2026-07-09 03:51:40  base 5340 throttled -> cooldown 1800s, rotated (Maths Extension 2/Y12-HSC/2012 Sample Answers.pdf, hit 2)
2026-07-09 03:53:52  base 5310 throttled -> cooldown 1800s, rotated (Maths Standard 2/Y12-HSC/2016 Marking Guidelines.pdf, hit 2)
2026-07-09 03:54:49  base 2720 throttled -> cooldown 1800s, rotated (English/Y12-HSC/2012 Marking Guidelines Paper 2 (Advanced).pdf, hit 1)
2026-07-09 03:58:13  base 4620 throttled -> cooldown 1800s, rotated (Japanese Continuers/Y12-HSC/2018 Listening Transcript.pdf, hit 1)
2026-07-09 03:58:48  base 5330 throttled -> cooldown 1800s, rotated (Maths Extension 1/Y12-HSC/2011 Marking Feedback.pdf, hit 2)
2026-07-09 04:03:25  base 2670 throttled -> cooldown 1800s, rotated (Engineering Studies/Y12-HSC/2010 Marking Guidelines.pdf, hit 2)
2026-07-09 04:11:06  base 1820 throttled -> cooldown 1800s, rotated (Chemistry/Y12-HSC/2009 Marking Guidelines.pdf, hit 2)
2026-07-09 04:13:02  base 5020 throttled -> cooldown 1800s, rotated (Legal Studies/Y12-HSC/2010 HSC.pdf, hit 2)
2026-07-09 04:14:41  OK Maths Advanced/Y12-HSC/2013 HSC.pdf (164 KB)  [done 633, left 697]
2026-07-09 04:16:41  base 2420 throttled -> cooldown 1800s, rotated (Earth & Environmental Science/Y12-HSC/2012 HSC.pdf, hit 2)
2026-07-09 04:17:14  base 5320 throttled -> cooldown 1800s, rotated (Maths Advanced/Y12-HSC/2013 Marking Guidelines.pdf, hit 2)
2026-07-09 04:17:42  base 1570 throttled -> cooldown 1800s, rotated (Business Studies/Y12-HSC/2009 Sample Answers.pdf, hit 2)
2026-07-09 04:18:32  base 5520 throttled -> cooldown 1800s, rotated (Modern History/Y12-HSC/2009 Marking Guidelines.pdf, hit 2)
2026-07-09 04:19:25  base 1170 throttled -> cooldown 1800s, rotated (Ancient History/Y12-HSC/2009 Sample Answers.pdf, hit 2)
2026-07-09 04:19:58  base 4630 throttled -> cooldown 1800s, rotated (Japanese Extension/Y12-HSC/2007 HSC.pdf, hit 2)
2026-07-09 04:20:37  base 2470 throttled -> cooldown 1800s, rotated (Economics/Y12-HSC/2010 HSC.pdf, hit 2)
2026-07-09 04:21:09  base 1370 throttled -> cooldown 1800s, rotated (Biology/Y12-HSC/2009 Sample Answers.pdf, hit 2)
2026-07-09 04:21:43  base 5340 throttled -> cooldown 1800s, rotated (Maths Extension 2/Y12-HSC/2012 Marking Feedback.pdf, hit 2)
2026-07-09 04:23:54  base 5310 throttled -> cooldown 1800s, rotated (Maths Standard 2/Y12-HSC/2016 Marking Feedback.pdf, hit 2)
2026-07-09 04:24:52  base 2720 throttled -> cooldown 1800s, rotated (English/Y12-HSC/2012 Marking Guidelines Paper 2 (Standard).pdf, hit 1)
2026-07-09 04:28:16  base 4620 throttled -> cooldown 1800s, rotated (Japanese Continuers/Y12-HSC/2018 Marking Guidelines.pdf, hit 1)
2026-07-09 04:28:51  base 5330 throttled -> cooldown 1800s, rotated (Maths Extension 1/Y12-HSC/2012 Marking Guidelines.pdf, hit 2)
2026-07-09 04:33:27  base 2670 throttled -> cooldown 1800s, rotated (Engineering Studies/Y12-HSC/2010 Sample Answers.pdf, hit 2)
2026-07-09 04:41:09  base 1820 throttled -> cooldown 1800s, rotated (Chemistry/Y12-HSC/2009 Sample Answers.pdf, hit 2)
2026-07-09 04:43:05  base 5020 throttled -> cooldown 1800s, rotated (Legal Studies/Y12-HSC/2010 Marking Guidelines.pdf, hit 2)
2026-07-09 04:46:44  base 2420 throttled -> cooldown 1800s, rotated (Earth & Environmental Science/Y12-HSC/2012 Marking Guidelines.pdf, hit 2)
2026-07-09 04:47:17  base 5320 throttled -> cooldown 1800s, rotated (Maths Advanced/Y12-HSC/2013 Marking Feedback.pdf, hit 2)
2026-07-09 04:47:45  base 1570 throttled -> cooldown 1800s, rotated (Business Studies/Y12-HSC/2010 HSC.pdf, hit 2)
2026-07-09 04:48:35  base 5520 throttled -> cooldown 1800s, rotated (Modern History/Y12-HSC/2009 Sample Answers.pdf, hit 2)
2026-07-09 04:49:28  base 1170 throttled -> cooldown 1800s, rotated (Ancient History/Y12-HSC/2010 HSC.pdf, hit 2)
2026-07-09 04:50:01  base 4630 throttled -> cooldown 1800s, rotated (Japanese Extension/Y12-HSC/2007 Marking Guidelines.pdf, hit 2)
2026-07-09 04:50:40  base 2470 throttled -> cooldown 1800s, rotated (Economics/Y12-HSC/2010 Marking Guidelines.pdf, hit 2)
2026-07-09 04:51:15  base 1370 throttled -> cooldown 1800s, rotated (Biology/Y12-HSC/2010 HSC.pdf, hit 2)
2026-07-09 04:51:48  base 5340 throttled -> cooldown 1800s, rotated (Maths Extension 2/Y12-HSC/2013 Solutions.pdf, hit 2)
2026-07-09 04:53:57  base 5310 throttled -> cooldown 1800s, rotated (Maths Standard 2/Y12-HSC/2017 HSC.pdf, hit 2)
2026-07-09 04:54:54  base 2720 throttled -> cooldown 1800s, rotated (English/Y12-HSC/2012 Sample Answers Paper 1.pdf, hit 1)
2026-07-09 04:58:19  base 4620 throttled -> cooldown 1800s, rotated (Japanese Continuers/Y12-HSC/2001 HSC.pdf, hit 2)
2026-07-09 04:58:54  base 5330 throttled -> cooldown 1800s, rotated (Maths Extension 1/Y12-HSC/2012 Sample Answers.pdf, hit 2)
2026-07-09 05:03:30  base 2670 throttled -> cooldown 1800s, rotated (Engineering Studies/Y12-HSC/2011 HSC.pdf, hit 2)
2026-07-09 05:11:12  base 1820 throttled -> cooldown 1800s, rotated (Chemistry/Y12-HSC/2010 HSC.pdf, hit 2)
2026-07-09 05:13:08  base 5020 throttled -> cooldown 1800s, rotated (Legal Studies/Y12-HSC/2010 Sample Answers.pdf, hit 2)
2026-07-09 05:16:49  base 2420 throttled -> cooldown 1800s, rotated (Earth & Environmental Science/Y12-HSC/2012 Sample Answers.pdf, hit 2)
2026-07-09 05:17:22  base 5320 throttled -> cooldown 1800s, rotated (Maths Advanced/Y12-HSC/2014 Marking Guidelines.pdf, hit 2)
2026-07-09 05:17:50  base 1570 throttled -> cooldown 1800s, rotated (Business Studies/Y12-HSC/2010 Marking Guidelines.pdf, hit 2)
2026-07-09 05:18:38  base 5520 throttled -> cooldown 1800s, rotated (Modern History/Y12-HSC/2010 HSC.pdf, hit 2)
2026-07-09 05:19:30  base 1170 throttled -> cooldown 1800s, rotated (Ancient History/Y12-HSC/2010 Marking Guidelines.pdf, hit 2)
2026-07-09 05:20:04  base 4630 throttled -> cooldown 1800s, rotated (Japanese Extension/Y12-HSC/2008 HSC.pdf, hit 2)
2026-07-09 05:20:43  base 2470 throttled -> cooldown 1800s, rotated (Economics/Y12-HSC/2010 Sample Answers.pdf, hit 2)
2026-07-09 05:21:18  base 1370 throttled -> cooldown 1800s, rotated (Biology/Y12-HSC/2010 Marking Guidelines.pdf, hit 2)
2026-07-09 05:21:52  base 5340 throttled -> cooldown 1800s, rotated (Maths Extension 2/Y12-HSC/2013 Marking Feedback.pdf, hit 2)
2026-07-09 05:24:01  base 5310 throttled -> cooldown 1800s, rotated (Maths Standard 2/Y12-HSC/2017 Marking Guidelines.pdf, hit 2)
2026-07-09 05:24:57  base 2720 throttled -> cooldown 1800s, rotated (English/Y12-HSC/2012 Marking Feedback.pdf, hit 1)
2026-07-09 05:28:22  base 4620 throttled -> cooldown 1800s, rotated (Japanese Continuers/Y12-HSC/2001 Listening Transcript.pdf, hit 2)
2026-07-09 05:28:58  base 5330 throttled -> cooldown 1800s, rotated (Maths Extension 1/Y12-HSC/2012 Marking Feedback.pdf, hit 2)
2026-07-09 05:33:33  base 2670 throttled -> cooldown 1800s, rotated (Engineering Studies/Y12-HSC/2011 Marking Guidelines.pdf, hit 2)
2026-07-09 05:41:15  base 1820 throttled -> cooldown 1800s, rotated (Chemistry/Y12-HSC/2010 Marking Guidelines.pdf, hit 2)
2026-07-09 05:43:11  base 5020 throttled -> cooldown 1800s, rotated (Legal Studies/Y12-HSC/2011 HSC.pdf, hit 2)
2026-07-09 05:46:52  base 2420 throttled -> cooldown 1800s, rotated (Earth & Environmental Science/Y12-HSC/2013 HSC.pdf, hit 2)
2026-07-09 05:47:25  base 5320 throttled -> cooldown 1800s, rotated (Maths Advanced/Y12-HSC/2014 Marking Feedback.pdf, hit 2)
2026-07-09 05:47:53  base 1570 throttled -> cooldown 1800s, rotated (Business Studies/Y12-HSC/2010 Sample Answers.pdf, hit 2)
2026-07-09 05:48:42  base 5520 throttled -> cooldown 1800s, rotated (Modern History/Y12-HSC/2010 Marking Guidelines.pdf, hit 2)
2026-07-09 05:49:33  base 1170 throttled -> cooldown 1800s, rotated (Ancient History/Y12-HSC/2010 Sample Answers.pdf, hit 2)
2026-07-09 05:50:07  base 4630 throttled -> cooldown 1800s, rotated (Japanese Extension/Y12-HSC/2008 Marking Guidelines.pdf, hit 2)
2026-07-09 05:50:46  base 2470 throttled -> cooldown 1800s, rotated (Economics/Y12-HSC/2011 HSC.pdf, hit 2)
2026-07-09 05:51:21  base 1370 throttled -> cooldown 1800s, rotated (Biology/Y12-HSC/2010 Sample Answers.pdf, hit 2)
2026-07-09 05:51:57  OK Maths Extension 2/Y12-HSC/2014 HSC.pdf (458 KB)  [done 634, left 696]
2026-07-09 05:54:04  base 5310 throttled -> cooldown 1800s, rotated (Maths Standard 2/Y12-HSC/2017 Marking Feedback.pdf, hit 2)
2026-07-09 05:54:32  base 5340 throttled -> cooldown 1800s, rotated (Maths Extension 2/Y12-HSC/2014 Marking Guidelines.pdf, hit 2)
2026-07-09 05:55:05  base 2720 throttled -> cooldown 1800s, rotated (English/Y12-HSC/2013 HSC Paper 1.pdf, hit 1)
2026-07-09 05:58:25  base 4620 throttled -> cooldown 1800s, rotated (Japanese Continuers/Y12-HSC/2001 Marking Guidelines.pdf, hit 2)
2026-07-09 05:59:01  base 5330 throttled -> cooldown 1800s, rotated (Maths Extension 1/Y12-HSC/2013 Marking Guidelines.pdf, hit 2)
2026-07-09 06:03:36  base 2670 throttled -> cooldown 1800s, rotated (Engineering Studies/Y12-HSC/2011 Sample Answers.pdf, hit 2)
2026-07-09 06:11:19  base 1820 throttled -> cooldown 1800s, rotated (Chemistry/Y12-HSC/2010 Sample Answers.pdf, hit 2)
2026-07-09 06:13:14  base 5020 throttled -> cooldown 1800s, rotated (Legal Studies/Y12-HSC/2011 Marking Guidelines.pdf, hit 2)
2026-07-09 06:16:55  base 2420 throttled -> cooldown 1800s, rotated (Earth & Environmental Science/Y12-HSC/2013 Marking Guidelines.pdf, hit 2)
2026-07-09 06:17:28  base 5320 throttled -> cooldown 1800s, rotated (Maths Advanced/Y12-HSC/2015 Marking Guidelines.pdf, hit 2)
2026-07-09 06:18:01  base 1570 throttled -> cooldown 1800s, rotated (Business Studies/Y12-HSC/2011 HSC.pdf, hit 2)
2026-07-09 06:18:45  base 5520 throttled -> cooldown 1800s, rotated (Modern History/Y12-HSC/2010 Sample Answers.pdf, hit 2)
2026-07-09 06:19:36  base 1170 throttled -> cooldown 1800s, rotated (Ancient History/Y12-HSC/2011 HSC.pdf, hit 2)
2026-07-09 06:20:10  base 4630 throttled -> cooldown 1800s, rotated (Japanese Extension/Y12-HSC/2009 HSC.pdf, hit 2)
2026-07-09 06:20:49  base 2470 throttled -> cooldown 1800s, rotated (Economics/Y12-HSC/2011 Marking Guidelines.pdf, hit 2)
2026-07-09 06:21:24  base 1370 throttled -> cooldown 1800s, rotated (Biology/Y12-HSC/2011 HSC.pdf, hit 2)
2026-07-09 06:24:07  base 5310 throttled -> cooldown 1800s, rotated (Maths Standard 2/Y12-HSC/2018 HSC.pdf, hit 2)
2026-07-09 06:24:35  base 5340 throttled -> cooldown 1800s, rotated (Maths Extension 2/Y12-HSC/2014 Marking Feedback.pdf, hit 2)
2026-07-09 06:25:08  base 2720 throttled -> cooldown 1800s, rotated (English/Y12-HSC/2013 HSC Paper 2 (Advanced).pdf, hit 1)
2026-07-09 06:28:28  base 4620 throttled -> cooldown 1800s, rotated (Japanese Continuers/Y12-HSC/2002 HSC.pdf, hit 2)
2026-07-09 06:29:04  base 5330 throttled -> cooldown 1800s, rotated (Maths Extension 1/Y12-HSC/2013 Marking Feedback.pdf, hit 2)
2026-07-09 06:33:40  base 2670 throttled -> cooldown 1800s, rotated (Engineering Studies/Y12-HSC/2012 HSC.pdf, hit 2)
2026-07-09 06:41:22  base 1820 throttled -> cooldown 1800s, rotated (Chemistry/Y12-HSC/2011 HSC.pdf, hit 2)
2026-07-09 06:43:16  base 5020 throttled -> cooldown 1800s, rotated (Legal Studies/Y12-HSC/2011 Sample Answers.pdf, hit 2)
2026-07-09 06:46:58  base 2420 throttled -> cooldown 1800s, rotated (Earth & Environmental Science/Y12-HSC/2014 HSC.pdf, hit 2)
2026-07-09 06:47:31  base 5320 throttled -> cooldown 1800s, rotated (Maths Advanced/Y12-HSC/2015 Marking Feedback.pdf, hit 2)
2026-07-09 06:48:04  base 1570 throttled -> cooldown 1800s, rotated (Business Studies/Y12-HSC/2011 Marking Guidelines.pdf, hit 2)
2026-07-09 06:48:48  base 5520 throttled -> cooldown 1800s, rotated (Modern History/Y12-HSC/2011 HSC.pdf, hit 2)
2026-07-09 06:49:39  base 1170 throttled -> cooldown 1800s, rotated (Ancient History/Y12-HSC/2011 Marking Guidelines.pdf, hit 2)
2026-07-09 06:50:14  base 4630 throttled -> cooldown 1800s, rotated (Japanese Extension/Y12-HSC/2009 Marking Guidelines.pdf, hit 2)
2026-07-09 06:50:51  base 2470 throttled -> cooldown 1800s, rotated (Economics/Y12-HSC/2011 Sample Answers.pdf, hit 2)
2026-07-09 06:51:27  base 1370 throttled -> cooldown 1800s, rotated (Biology/Y12-HSC/2011 Marking Guidelines.pdf, hit 2)
2026-07-09 06:54:10  base 5310 throttled -> cooldown 1800s, rotated (Maths Standard 2/Y12-HSC/2018 Marking Guidelines.pdf, hit 2)
2026-07-09 06:54:42  base 5340 throttled -> cooldown 1800s, rotated (Maths Extension 2/Y12-HSC/2015 Marking Guidelines.pdf, hit 2)
2026-07-09 06:55:15  base 2720 throttled -> cooldown 1800s, rotated (English/Y12-HSC/2013 HSC Paper 2 (Standard).pdf, hit 1)
2026-07-09 06:58:31  base 4620 throttled -> cooldown 1800s, rotated (Japanese Continuers/Y12-HSC/2002 Marking Guidelines.pdf, hit 2)
2026-07-09 06:59:06  base 5330 throttled -> cooldown 1800s, rotated (Maths Extension 1/Y12-HSC/2014 Marking Guidelines.pdf, hit 2)
2026-07-09 07:03:43  base 2670 throttled -> cooldown 1800s, rotated (Engineering Studies/Y12-HSC/2012 Marking Guidelines.pdf, hit 2)
2026-07-09 07:11:25  base 1820 throttled -> cooldown 1800s, rotated (Chemistry/Y12-HSC/2011 Marking Guidelines.pdf, hit 2)
2026-07-09 07:13:19  base 5020 throttled -> cooldown 1800s, rotated (Legal Studies/Y12-HSC/2012 HSC.pdf, hit 2)
2026-07-09 07:17:01  base 2420 throttled -> cooldown 1800s, rotated (Earth & Environmental Science/Y12-HSC/2014 Marking Guidelines.pdf, hit 2)
2026-07-09 07:17:36  OK Maths Advanced/Y12-HSC/2016 HSC.pdf (639 KB)  [done 635, left 695]
2026-07-09 07:18:09  base 1570 throttled -> cooldown 1800s, rotated (Business Studies/Y12-HSC/2011 Sample Answers.pdf, hit 2)
2026-07-09 07:18:51  base 5520 throttled -> cooldown 1800s, rotated (Modern History/Y12-HSC/2011 Marking Guidelines.pdf, hit 2)
2026-07-09 07:19:42  base 1170 throttled -> cooldown 1800s, rotated (Ancient History/Y12-HSC/2011 Sample Answers.pdf, hit 2)
2026-07-09 07:20:10  base 5320 throttled -> cooldown 1800s, rotated (Maths Advanced/Y12-HSC/2016 Marking Guidelines.pdf, hit 2)
2026-07-09 07:20:38  base 4630 throttled -> cooldown 1800s, rotated (Japanese Extension/Y12-HSC/2009 Sample Answers.pdf, hit 2)
2026-07-09 07:21:07  base 2470 throttled -> cooldown 1800s, rotated (Economics/Y12-HSC/2012 HSC.pdf, hit 2)
2026-07-09 07:21:36  base 1370 throttled -> cooldown 1800s, rotated (Biology/Y12-HSC/2011 Sample Answers.pdf, hit 2)
2026-07-09 07:24:13  base 5310 throttled -> cooldown 1800s, rotated (Maths Standard 2/Y12-HSC/2002 Solutions-a--br -- --span---td---tr- -tr--td-2003-br -- -span class=-content-- -a href=-#v- onClick=-pdf(this, 5310)--2003 Quick Answers.pdf, hit 2)
2026-07-09 07:24:46  base 5340 throttled -> cooldown 1800s, rotated (Maths Extension 2/Y12-HSC/2015 Marking Feedback.pdf, hit 2)
2026-07-09 07:25:19  base 2720 throttled -> cooldown 1800s, rotated (English/Y12-HSC/2013 Marking Guidelines Paper 1.pdf, hit 1)
2026-07-09 07:28:34  base 4620 throttled -> cooldown 1800s, rotated (Japanese Continuers/Y12-HSC/2003 HSC.pdf, hit 2)
2026-07-09 07:29:09  base 5330 throttled -> cooldown 1800s, rotated (Maths Extension 1/Y12-HSC/2014 Marking Feedback.pdf, hit 2)
2026-07-09 07:33:45  base 2670 throttled -> cooldown 1800s, rotated (Engineering Studies/Y12-HSC/2012 Sample Answers.pdf, hit 2)
2026-07-09 07:41:29  base 1820 throttled -> cooldown 1800s, rotated (Chemistry/Y12-HSC/2011 Sample Answers.pdf, hit 2)
2026-07-09 07:43:22  base 5020 throttled -> cooldown 1800s, rotated (Legal Studies/Y12-HSC/2012 Marking Guidelines.pdf, hit 2)
2026-07-09 07:47:04  base 2420 throttled -> cooldown 1800s, rotated (Earth & Environmental Science/Y12-HSC/2015 Marking Guidelines.pdf, hit 2)
2026-07-09 07:48:11  base 1570 throttled -> cooldown 1800s, rotated (Business Studies/Y12-HSC/2012 HSC.pdf, hit 2)
2026-07-09 07:48:54  base 5520 throttled -> cooldown 1800s, rotated (Modern History/Y12-HSC/2011 Sample Answers.pdf, hit 2)
2026-07-09 07:49:45  base 1170 throttled -> cooldown 1800s, rotated (Ancient History/Y12-HSC/2012 HSC.pdf, hit 2)
2026-07-09 07:50:13  base 5320 throttled -> cooldown 1800s, rotated (Maths Advanced/Y12-HSC/2016 Marking Feedback.pdf, hit 2)
2026-07-09 07:50:45  base 4630 throttled -> cooldown 1800s, rotated (Japanese Extension/Y12-HSC/2010 HSC.pdf, hit 2)
2026-07-09 07:51:13  base 2470 throttled -> cooldown 1800s, rotated (Economics/Y12-HSC/2012 Marking Guidelines.pdf, hit 2)
2026-07-09 07:51:41  base 1370 throttled -> cooldown 1800s, rotated (Biology/Y12-HSC/2012 HSC.pdf, hit 2)
2026-07-09 07:54:18  OK Maths Standard 2/Y12-HSC/2003 Solutions.pdf (584 KB)  [done 636, left 694]
2026-07-09 07:54:57  OK Maths Extension 2/Y12-HSC/2016 HSC.pdf (2453 KB)  [done 637, left 693]
2026-07-09 07:55:25  base 2720 throttled -> cooldown 1800s, rotated (English/Y12-HSC/2013 Marking Guidelines Paper 2 (Advanced).pdf, hit 1)
2026-07-09 07:56:52  OK Maths Standard 2/Y12-HSC/2004 Quick Answers.pdf (19 KB)  [done 638, left 692]
2026-07-09 07:57:29  base 5340 throttled -> cooldown 1800s, rotated (Maths Extension 2/Y12-HSC/2016 Marking Guidelines.pdf, hit 2)
2026-07-09 07:58:36  base 4620 throttled -> cooldown 1800s, rotated (Japanese Continuers/Y12-HSC/2003 Marking Guidelines.pdf, hit 2)
2026-07-09 07:59:14  OK Maths Extension 1/Y12-HSC/2015 HSC.pdf (442 KB)  [done 639, left 691]
2026-07-09 07:59:42  base 5310 throttled -> cooldown 1800s, rotated (Maths Standard 2/Y12-HSC/2001 Marking Guidelines.pdf, hit 3)
2026-07-09 08:01:55  base 5330 throttled -> cooldown 1800s, rotated (Maths Extension 1/Y12-HSC/2015 Marking Guidelines.pdf, hit 2)
2026-07-09 08:03:49  base 2670 throttled -> cooldown 1800s, rotated (Engineering Studies/Y12-HSC/2013 HSC.pdf, hit 2)
2026-07-09 08:11:31  base 1820 throttled -> cooldown 1800s, rotated (Chemistry/Y12-HSC/2012 HSC.pdf, hit 2)
2026-07-09 08:13:25  base 5020 throttled -> cooldown 1800s, rotated (Legal Studies/Y12-HSC/2012 Sample Answers.pdf, hit 2)
2026-07-09 08:17:07  base 2420 throttled -> cooldown 1800s, rotated (Earth & Environmental Science/Y12-HSC/2016 HSC.pdf, hit 2)
2026-07-09 08:18:14  base 1570 throttled -> cooldown 1800s, rotated (Business Studies/Y12-HSC/2012 Marking Guidelines.pdf, hit 2)
2026-07-09 08:18:56  base 5520 throttled -> cooldown 1800s, rotated (Modern History/Y12-HSC/2012 HSC.pdf, hit 2)
2026-07-09 08:19:48  base 1170 throttled -> cooldown 1800s, rotated (Ancient History/Y12-HSC/2012 Marking Guidelines.pdf, hit 2)
2026-07-09 08:20:16  base 5320 throttled -> cooldown 1800s, rotated (Maths Advanced/Y12-HSC/2017 Marking Guidelines.pdf, hit 2)
2026-07-09 08:20:48  base 4630 throttled -> cooldown 1800s, rotated (Japanese Extension/Y12-HSC/2010 Marking Guidelines.pdf, hit 2)
2026-07-09 08:21:16  base 2470 throttled -> cooldown 1800s, rotated (Economics/Y12-HSC/2012 Sample Answers.pdf, hit 2)
2026-07-09 08:21:44  base 1370 throttled -> cooldown 1800s, rotated (Biology/Y12-HSC/2012 Marking Guidelines.pdf, hit 2)
2026-07-09 08:25:28  base 2720 throttled -> cooldown 1800s, rotated (English/Y12-HSC/2013 Marking Guidelines Paper 2 (Standard).pdf, hit 1)
2026-07-09 08:27:32  base 5340 throttled -> cooldown 1800s, rotated (Maths Extension 2/Y12-HSC/2016 Marking Feedback.pdf, hit 2)
2026-07-09 08:28:39  base 4620 throttled -> cooldown 1800s, rotated (Japanese Continuers/Y12-HSC/2004 Marking Guidelines.pdf, hit 2)
2026-07-09 08:29:45  base 5310 throttled -> cooldown 1800s, rotated (Maths Standard 2/Y12-HSC/2002 Marking Guidelines.pdf, hit 3)
2026-07-09 08:31:58  base 5330 throttled -> cooldown 1800s, rotated (Maths Extension 1/Y12-HSC/2015 Marking Feedback.pdf, hit 2)
2026-07-09 08:33:53  base 2670 throttled -> cooldown 1800s, rotated (Engineering Studies/Y12-HSC/2013 Marking Guidelines.pdf, hit 2)
2026-07-09 08:41:34  base 1820 throttled -> cooldown 1800s, rotated (Chemistry/Y12-HSC/2012 Marking Guidelines.pdf, hit 2)
2026-07-09 08:43:27  base 5020 throttled -> cooldown 1800s, rotated (Legal Studies/Y12-HSC/2013 HSC.pdf, hit 2)
2026-07-09 08:47:09  base 2420 throttled -> cooldown 1800s, rotated (Earth & Environmental Science/Y12-HSC/2016 Marking Guidelines.pdf, hit 2)
2026-07-09 08:48:16  base 1570 throttled -> cooldown 1800s, rotated (Business Studies/Y12-HSC/2012 Sample Answers.pdf, hit 2)
2026-07-09 08:48:59  base 5520 throttled -> cooldown 1800s, rotated (Modern History/Y12-HSC/2012 Marking Guidelines.pdf, hit 2)
2026-07-09 08:49:51  base 1170 throttled -> cooldown 1800s, rotated (Ancient History/Y12-HSC/2012 Sample Answers.pdf, hit 2)
2026-07-09 08:50:18  base 5320 throttled -> cooldown 1800s, rotated (Maths Advanced/Y12-HSC/2017 Marking Feedback.pdf, hit 2)
2026-07-09 08:50:52  base 4630 throttled -> cooldown 1800s, rotated (Japanese Extension/Y12-HSC/2010 Sample Answers.pdf, hit 2)
2026-07-09 08:51:19  base 2470 throttled -> cooldown 1800s, rotated (Economics/Y12-HSC/2013 HSC.pdf, hit 2)
2026-07-09 08:51:52  base 1370 throttled -> cooldown 1800s, rotated (Biology/Y12-HSC/2012 Sample Answers.pdf, hit 2)
2026-07-09 08:55:31  base 2720 throttled -> cooldown 1800s, rotated (English/Y12-HSC/2014 HSC Paper 1.pdf, hit 1)
2026-07-09 08:57:34  base 5340 throttled -> cooldown 1800s, rotated (Maths Extension 2/Y12-HSC/2017 Marking Guidelines.pdf, hit 2)
2026-07-09 08:58:42  base 4620 throttled -> cooldown 1800s, rotated (Japanese Continuers/Y12-HSC/2005 HSC.pdf, hit 2)
2026-07-09 08:59:48  base 5310 throttled -> cooldown 1800s, rotated (Maths Standard 2/Y12-HSC/2003 Marking Guidelines.pdf, hit 3)
2026-07-09 09:02:05  OK Maths Extension 1/Y12-HSC/2016 HSC.pdf (2534 KB)  [done 640, left 690]
2026-07-09 09:03:56  base 2670 throttled -> cooldown 1800s, rotated (Engineering Studies/Y12-HSC/2014 HSC.pdf, hit 2)
2026-07-09 09:04:38  base 5330 throttled -> cooldown 1800s, rotated (Maths Extension 1/Y12-HSC/2016 Marking Guidelines.pdf, hit 2)
2026-07-09 09:11:37  base 1820 throttled -> cooldown 1800s, rotated (Chemistry/Y12-HSC/2012 Sample Answers.pdf, hit 2)
2026-07-09 09:13:30  base 5020 throttled -> cooldown 1800s, rotated (Legal Studies/Y12-HSC/2013 Marking Guidelines.pdf, hit 2)
2026-07-09 09:17:12  base 2420 throttled -> cooldown 1800s, rotated (Earth & Environmental Science/Y12-HSC/2017 HSC.pdf, hit 2)
2026-07-09 09:18:19  base 1570 throttled -> cooldown 1800s, rotated (Business Studies/Y12-HSC/2013 HSC.pdf, hit 2)
2026-07-09 09:19:02  base 5520 throttled -> cooldown 1800s, rotated (Modern History/Y12-HSC/2012 Sample Answers.pdf, hit 2)
2026-07-09 09:19:53  base 1170 throttled -> cooldown 1800s, rotated (Ancient History/Y12-HSC/2013 HSC.pdf, hit 2)
2026-07-09 09:20:26  base 5320 throttled -> cooldown 1800s, rotated (Maths Advanced/Y12-HSC/2018 Marking Guidelines.pdf, hit 2)
2026-07-09 09:21:00  base 4630 throttled -> cooldown 1800s, rotated (Japanese Extension/Y12-HSC/2011 HSC (Written Exam).pdf, hit 2)
2026-07-09 09:21:29  base 2470 throttled -> cooldown 1800s, rotated (Economics/Y12-HSC/2013 Marking Guidelines.pdf, hit 2)
2026-07-09 09:21:57  base 1370 throttled -> cooldown 1800s, rotated (Biology/Y12-HSC/2013 HSC.pdf, hit 2)
2026-07-09 09:25:34  base 2720 throttled -> cooldown 1800s, rotated (English/Y12-HSC/2014 HSC Paper 2 (Advanced).pdf, hit 1)
2026-07-09 09:27:38  base 5340 throttled -> cooldown 1800s, rotated (Maths Extension 2/Y12-HSC/2017 Marking Feedback.pdf, hit 2)
2026-07-09 09:28:45  base 4620 throttled -> cooldown 1800s, rotated (Japanese Continuers/Y12-HSC/2005 Marking Guidelines.pdf, hit 2)
2026-07-09 09:29:51  base 5310 throttled -> cooldown 1800s, rotated (Maths Standard 2/Y12-HSC/2004 Marking Guidelines.pdf, hit 3)
2026-07-09 09:33:59  base 2670 throttled -> cooldown 1800s, rotated (Engineering Studies/Y12-HSC/2014 Marking Guidelines.pdf, hit 2)
2026-07-09 09:34:41  base 5330 throttled -> cooldown 1800s, rotated (Maths Extension 1/Y12-HSC/2016 Marking Feedback.pdf, hit 2)
2026-07-09 09:41:39  base 1820 throttled -> cooldown 1800s, rotated (Chemistry/Y12-HSC/2012 Marking Feedback.pdf, hit 2)
2026-07-09 09:43:32  base 5020 throttled -> cooldown 1800s, rotated (Legal Studies/Y12-HSC/2014 HSC.pdf, hit 2)
2026-07-09 09:47:15  base 2420 throttled -> cooldown 1800s, rotated (Earth & Environmental Science/Y12-HSC/2017 Marking Guidelines.pdf, hit 2)
2026-07-09 09:48:21  base 1570 throttled -> cooldown 1800s, rotated (Business Studies/Y12-HSC/2013 Marking Guidelines.pdf, hit 2)
2026-07-09 09:49:05  base 5520 throttled -> cooldown 1800s, rotated (Modern History/Y12-HSC/2013 HSC.pdf, hit 2)
2026-07-09 09:49:56  base 1170 throttled -> cooldown 1800s, rotated (Ancient History/Y12-HSC/2013 Marking Guidelines.pdf, hit 2)
2026-07-09 09:50:29  base 5320 throttled -> cooldown 1800s, rotated (Maths Advanced/Y12-HSC/2018 Marking Feedback.pdf, hit 2)
2026-07-09 09:51:03  base 4630 throttled -> cooldown 1800s, rotated (Japanese Extension/Y12-HSC/2011 Marking Guidelines.pdf, hit 2)
2026-07-09 09:51:36  base 2470 throttled -> cooldown 1800s, rotated (Economics/Y12-HSC/2014 HSC.pdf, hit 2)
2026-07-09 09:52:04  base 1370 throttled -> cooldown 1800s, rotated (Biology/Y12-HSC/2013 Marking Guidelines.pdf, hit 2)
2026-07-09 09:55:37  base 2720 throttled -> cooldown 1800s, rotated (English/Y12-HSC/2014 HSC Paper 2 (Standard).pdf, hit 1)
2026-07-09 09:57:40  base 5340 throttled -> cooldown 1800s, rotated (Maths Extension 2/Y12-HSC/2018 Marking Guidelines.pdf, hit 2)
2026-07-09 09:58:48  base 4620 throttled -> cooldown 1800s, rotated (Japanese Continuers/Y12-HSC/2006 HSC.pdf, hit 2)
2026-07-09 09:59:54  base 5310 throttled -> cooldown 1800s, rotated (Maths Standard 2/Y12-HSC/2005 Marking Guidelines.pdf, hit 3)
2026-07-09 10:04:04  base 2670 throttled -> cooldown 1800s, rotated (Engineering Studies/Y12-HSC/2015 Marking Guidelines.pdf, hit 2)
2026-07-09 10:04:43  base 5330 throttled -> cooldown 1800s, rotated (Maths Extension 1/Y12-HSC/2017 Marking Guidelines.pdf, hit 2)
2026-07-09 10:11:42  base 1820 throttled -> cooldown 1800s, rotated (Chemistry/Y12-HSC/2013 HSC.pdf, hit 2)
2026-07-09 10:13:35  base 5020 throttled -> cooldown 1800s, rotated (Legal Studies/Y12-HSC/2014 Marking Guidelines.pdf, hit 2)
2026-07-09 10:17:18  base 2420 throttled -> cooldown 1800s, rotated (Earth & Environmental Science/Y12-HSC/2018 HSC.pdf, hit 2)
2026-07-09 10:18:25  base 1570 throttled -> cooldown 1800s, rotated (Business Studies/Y12-HSC/2014 HSC.pdf, hit 2)
2026-07-09 10:19:07  base 5520 throttled -> cooldown 1800s, rotated (Modern History/Y12-HSC/2013 Marking Guidelines.pdf, hit 2)
2026-07-09 10:19:59  base 1170 throttled -> cooldown 1800s, rotated (Ancient History/Y12-HSC/2014 HSC.pdf, hit 2)
2026-07-09 10:20:32  base 5320 throttled -> cooldown 1800s, rotated (Maths Advanced/Y12-HSC/1987 Solutions.pdf, hit 2)
2026-07-09 10:21:05  base 4630 throttled -> cooldown 1800s, rotated (Japanese Extension/Y12-HSC/2011 Sample Answers.pdf, hit 2)
2026-07-09 10:21:38  base 2470 throttled -> cooldown 1800s, rotated (Economics/Y12-HSC/2014 Marking Guidelines.pdf, hit 2)
2026-07-09 10:22:12  base 1370 throttled -> cooldown 1800s, rotated (Biology/Y12-HSC/2014 HSC.pdf, hit 2)
2026-07-09 10:25:40  base 2720 throttled -> cooldown 1800s, rotated (English/Y12-HSC/2014 Marking Guidelines Paper 1.pdf, hit 1)
2026-07-09 10:27:44  base 5340 throttled -> cooldown 1800s, rotated (Maths Extension 2/Y12-HSC/2018 Marking Feedback.pdf, hit 2)
2026-07-09 10:28:50  base 4620 throttled -> cooldown 1800s, rotated (Japanese Continuers/Y12-HSC/2006 Marking Guidelines.pdf, hit 2)
2026-07-09 10:29:56  base 5310 throttled -> cooldown 1800s, rotated (Maths Standard 2/Y12-HSC/2006 Marking Guidelines.pdf, hit 3)
2026-07-09 10:34:07  base 2670 throttled -> cooldown 1800s, rotated (Engineering Studies/Y12-HSC/2016 HSC.pdf, hit 2)
2026-07-09 10:34:46  base 5330 throttled -> cooldown 1800s, rotated (Maths Extension 1/Y12-HSC/2017 Marking Feedback.pdf, hit 2)
2026-07-09 10:41:45  base 1820 throttled -> cooldown 1800s, rotated (Chemistry/Y12-HSC/2013 Marking Guidelines.pdf, hit 2)
2026-07-09 10:43:38  base 5020 throttled -> cooldown 1800s, rotated (Legal Studies/Y12-HSC/2015 Marking Guidelines.pdf, hit 2)
2026-07-09 10:47:21  base 2420 throttled -> cooldown 1800s, rotated (Earth & Environmental Science/Y12-HSC/2018 Marking Guidelines.pdf, hit 2)
2026-07-09 10:48:27  base 1570 throttled -> cooldown 1800s, rotated (Business Studies/Y12-HSC/2014 Marking Guidelines.pdf, hit 2)
2026-07-09 10:49:10  base 5520 throttled -> cooldown 1800s, rotated (Modern History/Y12-HSC/2014 HSC.pdf, hit 2)
2026-07-09 10:50:03  base 1170 throttled -> cooldown 1800s, rotated (Ancient History/Y12-HSC/2014 Marking Guidelines.pdf, hit 2)
2026-07-09 10:50:40  OK Maths Advanced/Y12-HSC/1990 Solutions.pdf (861 KB)  [done 641, left 689]
2026-07-09 10:51:13  base 4630 throttled -> cooldown 1800s, rotated (Japanese Extension/Y12-HSC/2012 HSC.pdf, hit 2)
2026-07-09 10:51:46  base 2470 throttled -> cooldown 1800s, rotated (Economics/Y12-HSC/2015 Marking Guidelines.pdf, hit 2)
2026-07-09 10:52:18  base 1370 throttled -> cooldown 1800s, rotated (Biology/Y12-HSC/2014 Marking Guidelines.pdf, hit 2)
2026-07-09 10:53:16  OK Maths Advanced/Y12-HSC/1996 Solutions.pdf (744 KB)  [done 642, left 688]
2026-07-09 10:55:43  base 2720 throttled -> cooldown 1800s, rotated (English/Y12-HSC/2014 Marking Guidelines Paper 2 (Advanced).pdf, hit 1)
2026-07-09 10:56:13  OK Maths Advanced/Y12-HSC/2000 Solutions.pdf (503 KB)  [done 643, left 687]
2026-07-09 10:57:49  OK Maths Extension 2/Y12-HSC/1992 Solutions.pdf (1747 KB)  [done 644, left 686]
2026-07-09 10:58:47  OK Maths Advanced/Y12-HSC/2011 iTute.com Solutions.pdf (78 KB)  [done 645, left 685]
2026-07-09 10:59:15  base 4620 throttled -> cooldown 1800s, rotated (Japanese Continuers/Y12-HSC/2007 HSC.pdf, hit 2)
2026-07-09 10:59:59  base 5310 throttled -> cooldown 1800s, rotated (Maths Standard 2/Y12-HSC/2007 Marking Guidelines.pdf, hit 3)
2026-07-09 11:00:32  OK Maths Extension 2/Y12-HSC/1996 Solutions.pdf (1465 KB)  [done 646, left 684]
2026-07-09 11:01:20  base 5320 throttled -> cooldown 1800s, rotated (Maths Advanced/Y12-HSC/2001 Marking Guidelines.pdf, hit 3)
2026-07-09 11:03:05  OK Maths Extension 2/Y12-HSC/2001 Quick Answers.pdf (47 KB)  [done 647, left 683]
2026-07-09 11:04:10  base 2670 throttled -> cooldown 1800s, rotated (Engineering Studies/Y12-HSC/2016 Marking Guidelines.pdf, hit 2)
2026-07-09 11:04:51  OK Maths Extension 1/Y12-HSC/2018 HSC.pdf (695 KB)  [done 648, left 682]
2026-07-09 11:05:40  OK Maths Extension 2/Y12-HSC/2003 Derek Buchanan's Solutions.pdf (117 KB)  [done 649, left 681]
2026-07-09 11:07:25  base 5330 throttled -> cooldown 1800s, rotated (Maths Extension 1/Y12-HSC/2018 Marking Guidelines.pdf, hit 2)
2026-07-09 11:08:15  OK Maths Extension 2/Y12-HSC/2013 Jonathan Le's Solutions.pdf (381 KB)  [done 650, left 680]
2026-07-09 11:10:50  OK Maths Extension 2/Y12-HSC/2014 Terry Lee's Solutions.pdf (188 KB)  [done 651, left 679]
2026-07-09 11:11:48  base 1820 throttled -> cooldown 1800s, rotated (Chemistry/Y12-HSC/2014 HSC.pdf, hit 2)
2026-07-09 11:13:24  OK Maths Extension 2/Y12-HSC/2017 Jonathan Le's Solutions.pdf (357 KB)  [done 652, left 678]
2026-07-09 11:13:52  base 5020 throttled -> cooldown 1800s, rotated (Legal Studies/Y12-HSC/2016 HSC.pdf, hit 2)
2026-07-09 11:15:57  base 5340 throttled -> cooldown 1800s, rotated (Maths Extension 2/Y12-HSC/2001 Marking Guidelines.pdf, hit 3)
2026-07-09 11:17:24  base 2420 throttled -> cooldown 1800s, rotated (Earth & Environmental Science/Y12-HSC/2001 HSC.pdf, hit 3)
2026-07-09 11:18:30  base 1570 throttled -> cooldown 1800s, rotated (Business Studies/Y12-HSC/2015 Marking Guidelines.pdf, hit 2)
2026-07-09 11:19:13  base 5520 throttled -> cooldown 1800s, rotated (Modern History/Y12-HSC/2014 Marking Guidelines.pdf, hit 2)
2026-07-09 11:20:05  base 1170 throttled -> cooldown 1800s, rotated (Ancient History/Y12-HSC/2015 Marking Guidelines.pdf, hit 2)
2026-07-09 11:21:16  base 4630 throttled -> cooldown 1800s, rotated (Japanese Extension/Y12-HSC/2012 Marking Guidelines.pdf, hit 2)
2026-07-09 11:21:48  base 2470 throttled -> cooldown 1800s, rotated (Economics/Y12-HSC/2016 HSC.pdf, hit 2)
2026-07-09 11:22:21  FAIL Biology/Y12-HSC/2015 HSC.pdf: no-jsonp
2026-07-09 11:24:53  base 1370 throttled -> cooldown 1800s, rotated (Biology/Y12-HSC/2015 Marking Guidelines.pdf, hit 2)
2026-07-09 11:25:46  base 2720 throttled -> cooldown 1800s, rotated (English/Y12-HSC/2014 Marking Guidelines Paper 2 (Standard).pdf, hit 1)
2026-07-09 11:29:18  base 4620 throttled -> cooldown 1800s, rotated (Japanese Continuers/Y12-HSC/2007 Marking Guidelines.pdf, hit 2)
2026-07-09 11:30:03  base 5310 throttled -> cooldown 1800s, rotated (Maths Standard 2/Y12-HSC/2008 Marking Guidelines.pdf, hit 3)
2026-07-09 11:31:29  base 5320 throttled -> cooldown 1800s, rotated (Maths Advanced/Y12-HSC/2002 Marking Guidelines.pdf, hit 3)
2026-07-09 11:34:13  base 2670 throttled -> cooldown 1800s, rotated (Engineering Studies/Y12-HSC/2017 HSC.pdf, hit 2)
2026-07-09 11:37:28  base 5330 throttled -> cooldown 1800s, rotated (Maths Extension 1/Y12-HSC/2018 Marking Feedback.pdf, hit 2)
2026-07-09 11:41:50  base 1820 throttled -> cooldown 1800s, rotated (Chemistry/Y12-HSC/2014 Marking Guidelines.pdf, hit 2)
2026-07-09 11:43:55  base 5020 throttled -> cooldown 1800s, rotated (Legal Studies/Y12-HSC/2016 Marking Guidelines.pdf, hit 2)
2026-07-09 11:46:00  base 5340 throttled -> cooldown 1800s, rotated (Maths Extension 2/Y12-HSC/2002 Marking Guidelines.pdf, hit 3)
2026-07-09 11:47:26  base 2420 throttled -> cooldown 1800s, rotated (Earth & Environmental Science/Y12-HSC/2001 Marking Guidelines.pdf, hit 3)
2026-07-09 11:48:34  base 1570 throttled -> cooldown 1800s, rotated (Business Studies/Y12-HSC/2016 HSC.pdf, hit 2)
2026-07-09 11:49:15  base 5520 throttled -> cooldown 1800s, rotated (Modern History/Y12-HSC/2015 Marking Guidelines.pdf, hit 2)
2026-07-09 11:50:09  base 1170 throttled -> cooldown 1800s, rotated (Ancient History/Y12-HSC/2016 HSC.pdf, hit 2)
2026-07-09 11:51:19  base 4630 throttled -> cooldown 1800s, rotated (Japanese Extension/Y12-HSC/2012 Sample Answers.pdf, hit 2)
2026-07-09 11:51:52  base 2470 throttled -> cooldown 1800s, rotated (Economics/Y12-HSC/2016 Marking Guidelines.pdf, hit 2)
2026-07-09 11:54:57  base 1370 throttled -> cooldown 1800s, rotated (Biology/Y12-HSC/2016 HSC.pdf, hit 2)
2026-07-09 11:55:49  base 2720 throttled -> cooldown 1800s, rotated (English/Y12-HSC/2015 HSC Paper 1.pdf, hit 1)
2026-07-09 11:59:21  base 4620 throttled -> cooldown 1800s, rotated (Japanese Continuers/Y12-HSC/2008 HSC.pdf, hit 2)
2026-07-09 12:00:06  base 5310 throttled -> cooldown 1800s, rotated (Maths Standard 2/Y12-HSC/2009 Marking Guidelines.pdf, hit 3)
2026-07-09 12:01:31  base 5320 throttled -> cooldown 1800s, rotated (Maths Advanced/Y12-HSC/2003 Marking Guidelines.pdf, hit 3)
2026-07-09 12:04:19  base 2670 throttled -> cooldown 1800s, rotated (Engineering Studies/Y12-HSC/2017 Marking Guidelines.pdf, hit 2)
2026-07-09 12:07:34  OK Maths Extension 1/Y12-HSC/1989 Solutions.pdf (302 KB)  [done 653, left 676]
2026-07-09 12:10:08  OK Maths Extension 1/Y12-HSC/1990 Solutions.pdf (325 KB)  [done 654, left 675]
2026-07-09 12:11:59  base 1820 throttled -> cooldown 1800s, rotated (Chemistry/Y12-HSC/2015 Marking Guidelines.pdf, hit 2)
2026-07-09 12:12:43  OK Maths Extension 1/Y12-HSC/2004 Jan Hansen's Solutions.pdf (445 KB)  [done 655, left 674]
2026-07-09 12:14:13  base 5020 throttled -> cooldown 1800s, rotated (Legal Studies/Y12-HSC/2017 HSC.pdf, hit 2)
2026-07-09 12:15:16  base 5330 throttled -> cooldown 1800s, rotated (Maths Extension 1/Y12-HSC/2001 Marking Guidelines.pdf, hit 3)
2026-07-09 12:16:01  FAIL Maths Extension 2/Y12-HSC/2003 Marking Guidelines.pdf: no-jsonp
2026-07-09 12:17:29  base 2420 throttled -> cooldown 1800s, rotated (Earth & Environmental Science/Y12-HSC/2002 HSC.pdf, hit 3)
2026-07-09 12:18:34  base 5340 throttled -> cooldown 1800s, rotated (Maths Extension 2/Y12-HSC/2004 Marking Guidelines.pdf, hit 3)
2026-07-09 12:19:01  base 1570 throttled -> cooldown 1800s, rotated (Business Studies/Y12-HSC/2016 Marking Guidelines.pdf, hit 2)
2026-07-09 12:19:29  base 5520 throttled -> cooldown 1800s, rotated (Modern History/Y12-HSC/2016 HSC.pdf, hit 2)
2026-07-09 12:20:12  base 1170 throttled -> cooldown 1800s, rotated (Ancient History/Y12-HSC/2016 Marking Guidelines.pdf, hit 2)
2026-07-09 12:21:22  base 4630 throttled -> cooldown 1800s, rotated (Japanese Extension/Y12-HSC/2013 HSC (Written Exam).pdf, hit 2)
2026-07-09 12:21:55  base 2470 throttled -> cooldown 1800s, rotated (Economics/Y12-HSC/2017 HSC.pdf, hit 2)
2026-07-09 12:24:58  FAIL Biology/Y12-HSC/2016 Marking Guidelines.pdf: no-jsonp
2026-07-09 12:25:50  FAIL English/Y12-HSC/2015 HSC Paper 2 (Advanced).pdf: no-jsonp
2026-07-09 12:27:29  FAIL Biology/Y12-HSC/2017 HSC.pdf: no-jsonp
2026-07-09 12:28:21  FAIL English/Y12-HSC/2015 HSC Paper 2 (Standard).pdf: no-jsonp
2026-07-09 12:29:22  FAIL Japanese Continuers/Y12-HSC/2008 Marking Guidelines.pdf: no-jsonp
2026-07-09 12:30:00  FAIL Biology/Y12-HSC/2017 Marking Guidelines.pdf: no-jsonp
2026-07-09 12:30:26  FAIL Maths Standard 2/Y12-HSC/2009 Sample Answers.pdf: no-jsonp
2026-07-09 12:30:52  FAIL English/Y12-HSC/2015 Marking Guidelines Paper 1.pdf: no-jsonp
2026-07-09 12:31:33  FAIL Maths Advanced/Y12-HSC/2004 Marking Guidelines.pdf: no-jsonp
2026-07-09 12:31:59  FAIL Japanese Continuers/Y12-HSC/2009 HSC.pdf: no-jsonp
2026-07-09 12:32:31  FAIL Biology/Y12-HSC/2018 HSC.pdf: no-jsonp
2026-07-09 12:32:57  FAIL Maths Standard 2/Y12-HSC/2009 Marking Feedback.pdf: no-jsonp
2026-07-09 12:33:23  FAIL English/Y12-HSC/2015 Marking Guidelines Paper 2 (Advanced).pdf: no-jsonp
2026-07-09 12:34:03  FAIL Maths Advanced/Y12-HSC/2005 Marking Guidelines.pdf: no-jsonp
2026-07-09 12:34:29  FAIL Engineering Studies/Y12-HSC/2018 HSC.pdf: no-jsonp
2026-07-09 12:34:55  FAIL Japanese Continuers/Y12-HSC/2009 Marking Guidelines.pdf: no-jsonp
2026-07-09 12:35:21  FAIL Biology/Y12-HSC/2018 Marking Guidelines.pdf: no-jsonp
2026-07-09 12:35:47  FAIL Maths Standard 2/Y12-HSC/2010 Marking Guidelines.pdf: no-jsonp
2026-07-09 12:36:12  FAIL English/Y12-HSC/2015 Marking Guidelines Paper 2 (Standard).pdf: no-jsonp
2026-07-09 12:36:38  FAIL Maths Advanced/Y12-HSC/2006 Marking Guidelines.pdf: no-jsonp
2026-07-09 12:37:04  FAIL Engineering Studies/Y12-HSC/2018 Marking Guidelines.pdf: no-jsonp
2026-07-09 12:37:29  FAIL Japanese Continuers/Y12-HSC/2009 Sample Answers.pdf: no-jsonp
2026-07-09 12:37:55  FAIL Biology/Y12-HSC/2001 HSC.pdf: no-jsonp
2026-07-09 12:38:21  FAIL Maths Standard 2/Y12-HSC/2010 Sample Answers.pdf: no-jsonp
2026-07-09 12:38:47  FAIL English/Y12-HSC/2016 HSC Paper 1.pdf: no-jsonp
2026-07-09 12:39:12  FAIL Maths Advanced/Y12-HSC/2007 Marking Guidelines.pdf: no-jsonp
2026-07-09 12:39:38  FAIL Engineering Studies/Y12-HSC/2001 HSC.pdf: no-jsonp
2026-07-09 12:40:04  FAIL Japanese Continuers/Y12-HSC/2010 HSC.pdf: no-jsonp
2026-07-09 12:40:30  FAIL Biology/Y12-HSC/2001 Marking Guidelines.pdf: no-jsonp
2026-07-09 12:40:55  FAIL Maths Standard 2/Y12-HSC/2010 Marking Feedback.pdf: no-jsonp
2026-07-09 12:41:21  FAIL English/Y12-HSC/2016 HSC Paper 2 (Advanced).pdf: no-jsonp
2026-07-09 12:41:47  FAIL Maths Advanced/Y12-HSC/2008 Marking Guidelines.pdf: no-jsonp
2026-07-09 12:42:13  FAIL Chemistry/Y12-HSC/2016 HSC.pdf: no-jsonp
2026-07-09 12:42:39  FAIL Japanese Continuers/Y12-HSC/2010 Listening Audio.pdf: no-jsonp
2026-07-09 12:43:05  FAIL Biology/Y12-HSC/2002 HSC.pdf: no-jsonp
2026-07-09 12:43:31  FAIL Engineering Studies/Y12-HSC/2001 Marking Guidelines.pdf: no-jsonp
2026-07-09 12:43:58  FAIL English/Y12-HSC/2016 HSC Paper 2 (Standard).pdf: no-jsonp
2026-07-09 12:44:24  FAIL Maths Advanced/Y12-HSC/2009 Marking Guidelines.pdf: no-jsonp
2026-07-09 12:44:50  FAIL Chemistry/Y12-HSC/2016 Marking Guidelines.pdf: no-jsonp
2026-07-09 12:45:15  FAIL Japanese Continuers/Y12-HSC/2010 Listening Transcript.pdf: no-jsonp
2026-07-09 12:45:42  FAIL Biology/Y12-HSC/2002 Marking Guidelines.pdf: no-jsonp
2026-07-09 12:46:07  FAIL Legal Studies/Y12-HSC/2017 Marking Guidelines.pdf: no-jsonp
2026-07-09 12:46:33  FAIL Maths Extension 1/Y12-HSC/2002 Marking Guidelines.pdf: no-jsonp
2026-07-09 12:46:59  FAIL English/Y12-HSC/2016 Marking Guidelines Paper 1.pdf: no-jsonp
2026-07-09 12:47:25  FAIL Chemistry/Y12-HSC/2017 HSC.pdf: no-jsonp
2026-07-09 12:47:51  FAIL Earth & Environmental Science/Y12-HSC/2002 Marking Guidelines.pdf: no-jsonp
2026-07-09 12:48:16  FAIL Engineering Studies/Y12-HSC/2002 HSC.pdf: no-jsonp
2026-07-09 12:48:42  FAIL Maths Standard 2/Y12-HSC/2011 Marking Guidelines.pdf: no-jsonp
2026-07-09 12:49:08  FAIL Business Studies/Y12-HSC/2017 HSC.pdf: no-jsonp
2026-07-09 12:49:34  FAIL Maths Extension 2/Y12-HSC/2005 Marking Guidelines.pdf: no-jsonp
2026-07-09 12:50:00  FAIL Chemistry/Y12-HSC/2017 Marking Guidelines.pdf: no-jsonp
2026-07-09 12:50:25  FAIL Earth & Environmental Science/Y12-HSC/2003 HSC.pdf: no-jsonp
2026-07-09 12:50:51  FAIL Legal Studies/Y12-HSC/2018 HSC.pdf: no-jsonp
2026-07-09 12:51:17  FAIL Modern History/Y12-HSC/2016 Marking Guidelines.pdf: no-jsonp
2026-07-09 12:51:43  FAIL Business Studies/Y12-HSC/2017 Marking Guidelines.pdf: no-jsonp
2026-07-09 12:52:09  FAIL Economics/Y12-HSC/2017 Marking Guidelines.pdf: no-jsonp
2026-07-09 12:52:34  FAIL Engineering Studies/Y12-HSC/2002 Marking Guidelines.pdf: no-jsonp
2026-07-09 12:53:00  FAIL Japanese Continuers/Y12-HSC/2010 Marking Guidelines.pdf: no-jsonp
2026-07-09 12:53:26  FAIL Japanese Extension/Y12-HSC/2013 HSC (Oral Exam).pdf: no-jsonp
2026-07-09 12:53:52  FAIL Maths Advanced/Y12-HSC/2009 Sample Answers.pdf: no-jsonp
2026-07-09 12:54:19  FAIL English/Y12-HSC/2016 Marking Guidelines Paper 2 (Advanced).pdf: no-jsonp
2026-07-09 12:54:45  FAIL Maths Extension 2/Y12-HSC/2006 Marking Guidelines.pdf: no-jsonp
2026-07-09 12:55:11  FAIL Biology/Y12-HSC/2003 HSC.pdf: no-jsonp
2026-07-09 12:55:37  FAIL Chemistry/Y12-HSC/2018 HSC.pdf: no-jsonp
2026-07-09 12:56:03  FAIL Economics/Y12-HSC/2018 HSC.pdf: no-jsonp
2026-07-09 12:56:29  FAIL Engineering Studies/Y12-HSC/2003 HSC.pdf: no-jsonp
2026-07-09 12:56:54  FAIL Legal Studies/Y12-HSC/2018 Marking Guidelines.pdf: no-jsonp
2026-07-09 12:57:22  base 5520 throttled -> cooldown 1800s, rotated (Modern History/Y12-HSC/2017 HSC.pdf, hit 2)
2026-07-09 12:57:49  base 4620 throttled -> cooldown 1800s, rotated (Japanese Continuers/Y12-HSC/2010 Sample Answers.pdf, hit 2)
2026-07-09 12:58:17  base 4630 throttled -> cooldown 1800s, rotated (Japanese Extension/Y12-HSC/2013 Marking Guidelines.pdf, hit 2)
2026-07-09 12:58:45  base 5320 throttled -> cooldown 1800s, rotated (Maths Advanced/Y12-HSC/2009 Marking Feedback.pdf, hit 3)
2026-07-09 12:59:12  base 2720 throttled -> cooldown 1800s, rotated (English/Y12-HSC/2016 Marking Guidelines Paper 2 (Standard).pdf, hit 1)
2026-07-09 12:59:39  base 5340 throttled -> cooldown 1800s, rotated (Maths Extension 2/Y12-HSC/2007 Marking Guidelines.pdf, hit 3)
2026-07-09 13:00:07  base 1820 throttled -> cooldown 1800s, rotated (Chemistry/Y12-HSC/2018 Marking Guidelines.pdf, hit 2)
2026-07-09 13:00:35  base 5310 throttled -> cooldown 1800s, rotated (Maths Standard 2/Y12-HSC/2011 Sample Answers.pdf, hit 3)
2026-07-09 13:01:02  base 2470 throttled -> cooldown 1800s, rotated (Economics/Y12-HSC/2018 Marking Guidelines.pdf, hit 2)
2026-07-09 13:01:33  base 2420 throttled -> cooldown 1800s, rotated (Earth & Environmental Science/Y12-HSC/2003 Marking Guidelines.pdf, hit 3)
2026-07-09 13:02:01  base 1170 throttled -> cooldown 1800s, rotated (Ancient History/Y12-HSC/2017 HSC.pdf, hit 2)
2026-07-09 13:02:30  base 5330 throttled -> cooldown 1800s, rotated (Maths Extension 1/Y12-HSC/2003 Marking Guidelines.pdf, hit 3)
2026-07-09 13:02:57  base 1570 throttled -> cooldown 1800s, rotated (Business Studies/Y12-HSC/2018 HSC.pdf, hit 2)
2026-07-09 13:03:26  base 2670 throttled -> cooldown 1800s, rotated (Engineering Studies/Y12-HSC/2003 Marking Guidelines.pdf, hit 3)
2026-07-09 13:03:54  base 5020 throttled -> cooldown 1800s, rotated (Legal Studies/Y12-HSC/2001 HSC.pdf, hit 3)
2026-07-09 13:04:25  base 1370 throttled -> cooldown 1800s, rotated (Biology/Y12-HSC/2003 Marking Guidelines.pdf, hit 3)
