group,md5,kb,sources,action,source,path
1,5303b78e1e,10217,nesa,KEEP,nesa,English Advanced/HSC-NESA/2015-english-std-hsc-exam-1.pdf
1,5303b78e1e,10217,nesa,dup,nesa,English Standard/HSC-NESA/2015-english-std-hsc-exam-1.pdf
2,8270b418e0,6895,ace+thsc,KEEP,thsc,Maths Advanced/Y12-Trial/North Sydney Girls 2020 w. sol.pdf
2,8270b418e0,6895,ace+thsc,dup,ace,Maths Advanced/ACE-Trial/2020 2U - North Sydney Girls - Trial Paper (with Solutions).pdf
3,8eeadd8422,6551,ace+thsc,KEEP,thsc,Maths Extension 1/Y12-Trial/Normanhurst Boys 2018 w. sol.pdf
3,8eeadd8422,6551,ace+thsc,dup,ace,Maths Extension 1/ACE-Trial/2018-3U-Normanhurst-Boys-Trials-with-Solutions.pdf
4,5337034f19,5952,ace+thsc,KEEP,thsc,Physics/Y12-Trial/Sydney Grammar 2020 w. sol.pdf
4,5337034f19,5952,ace+thsc,dup,ace,Physics/ACE-Trial/2020 PHY - Sydney Grammar - Trial Paper.pdf
5,edae4407f2,5413,ace+thsc,KEEP,thsc,Maths Extension 2/Y12-Trial/North Sydney Boys 2021 w. sol.pdf
5,edae4407f2,5413,ace+thsc,dup,ace,Maths Extension 2/ACE-Trial/ex2-2021-north-sydney-boys-trial-paper-w-solutions-618744e6e2bf7.pdf
6,b98638fcd2,5411,ace+thsc,KEEP,thsc,Maths Advanced/Y12-Trial/Caringbah 2021 w. sol.pdf
6,b98638fcd2,5411,ace+thsc,dup,ace,Maths Advanced/ACE-Trial/2021-2u-caringbah-trial-paper-w-solutions-6183be6a9d24f.pdf
7,1a3ecfa508,5282,ace+thsc,KEEP,thsc,Maths Extension 2/Y12-Trial/Sydney Grammar 2021 w. sol.pdf
7,1a3ecfa508,5282,ace+thsc,dup,ace,Maths Extension 2/ACE-Trial/ex2-2021-sydney-grammar-trial-paper-w-solutions-61874ece0bdb1.pdf
8,7c3ec95d76,4943,ace+thsc,KEEP,thsc,Maths Extension 1/Y12-Trial/Cranbrook 2017 w. sol.pdf
8,7c3ec95d76,4943,ace+thsc,dup,ace,Maths Extension 1/ACE-Trial/2017-3U-Cranbrook-Trials-with-Solutions.pdf
9,779d934fe7,4579,ace,KEEP,ace,English Advanced/ACE-Trial/2015 English (Advanced & Standard) - Hurlstone Paper 1 Trial without Solutions.pdf
9,779d934fe7,4579,ace,dup,ace,English Standard/ACE-Trial/2015 English (Advanced & Standard) - Hurlstone Paper 1 Trial without Solutions.pdf
10,1386d2b9db,4438,ace,KEEP,ace,Maths Advanced/ACE-Trial/2020 2U - James Ruse - Trial Paper (with Solutions).pdf
10,1386d2b9db,4438,ace,dup,ace,Maths Advanced/ACE-Trial/2020 - Advanced Trial Paper with Solution & Working Out.pdf
11,e486131ef3,4280,ace+thsc,KEEP,thsc,Chemistry/Y12-Trial/Baulkham Hills 2019 w. sol.pdf
11,e486131ef3,4280,ace+thsc,dup,ace,Chemistry/ACE-Trial/2019-CHEM-Baulkham-Hills-Trial-with-Solutions.pdf
12,7448b00633,4215,ace+thsc,KEEP,thsc,Maths Advanced/Y12-Trial/Cranbrook 2017 w. sol.pdf
12,7448b00633,4215,ace+thsc,dup,ace,Maths Advanced/ACE-Trial/2017-2U-Cranbrook-Trials-with-Solutions.pdf
13,5f6d790044,4105,ace+thsc,KEEP,thsc,Physics/Y11-Yearly/Sydney Grammar 2016 w. sol.pdf
13,5f6d790044,4105,ace+thsc,dup,ace,Physics/ACE-Yearly/2016 P PHY - Sydney Grammar - Prelim Yearly Exam Paper.pdf
14,4996f8f001,3546,ace+thsc,KEEP,thsc,English/Y12-Trial-P1/Casino 2015 P1.pdf
14,4996f8f001,3546,ace+thsc,dup,ace,English Advanced/ACE-Trial/2015 English (Advanced & Standard) - Casino Paper 1 Trial without Solutions.pdf
14,4996f8f001,3546,ace+thsc,dup,ace,English Standard/ACE-Trial/2015 English (Advanced & Standard) - Casino Paper 1 Trial without Solutions.pdf
15,493c50e2d6,3343,ace,KEEP,ace,English Advanced/ACE-Trial/2015 English (Advanced & Standard) - All Saints Grammar Paper 1 Trial without Solutions.pdf
15,493c50e2d6,3343,ace,dup,ace,English Standard/ACE-Trial/2015 English (Advanced & Standard) - All Saints Grammar Paper 1 Trial without Solutions.pdf
16,971af7dd60,2912,ace+thsc,KEEP,thsc,Maths Extension 1/Y12-Trial/Sydney Boys 2018 w. sol.pdf
16,971af7dd60,2912,ace+thsc,dup,ace,Maths Extension 1/ACE-Trial/2018-3U-Sydney-Boys-Trials-with-Solutions.pdf
17,a3c40b21fa,2887,ace,KEEP,ace,Chemistry/ACE-Trial/2019 CHEM - Holiday - Trial Paper.pdf
17,a3c40b21fa,2887,ace,dup,ace,Chemistry/ACE-Trial/2019 CHEM - 2019 Holidays Chemistry Trial Paper w Solutions.pdf
18,f8e4c93362,2791,ace+thsc,KEEP,thsc,Maths Extension 1/Y12-Trial/Ascham 2020 w. sol.pdf
18,f8e4c93362,2791,ace+thsc,dup,ace,Maths Extension 1/ACE-Trial/2020 3U - Ascham - Trial Paper (with Solutions).pdf
19,45712eed7d,2765,ace+thsc,KEEP,thsc,English/Y12-Trial-P1/Hurlstone 2019 P1.pdf
19,45712eed7d,2765,ace+thsc,dup,ace,English Advanced/ACE-Trial/2019-EA-Hurlstone-Trial-Paper-1-with-Solutions.pdf
20,b59c762a8d,2701,ace+thsc,KEEP,thsc,IPT/Y11-Yearly/Hornsby Girls 2015 w. sol.pdf
20,b59c762a8d,2701,ace+thsc,dup,ace,IPT/ACE-Yearly/IPT-Prelim-Yearly-Exam-2015.pdf
21,d7e297579a,2662,ace+thsc,KEEP,thsc,English/Y12-Trial-P1/Hurlstone 2020 P1.pdf
21,d7e297579a,2662,ace+thsc,dup,ace,English Advanced/ACE-Trial/Hurlstone 2020 English Trial Paper 1.pdf
22,734a868ed5,2651,ace+thsc,KEEP,thsc,Biology/Y11-Yearly/James Ruse 2004 w. sol.pdf
22,734a868ed5,2651,ace+thsc,dup,ace,Biology/ACE-Yearly/2004 P BIO - James Ruse - Prelim Yearly Exam Paper.pdf
23,1f9111f46f,2650,ace+thsc,KEEP,thsc,Maths Advanced/Y12-Trial/Killara 2018 w. sol.pdf
23,1f9111f46f,2650,ace+thsc,dup,ace,Maths Advanced/ACE-Trial/2018-2U-Killara-Trials-with-Solutions.pdf
24,56aaacb9b0,2638,ace+thsc,KEEP,thsc,Physics/Y12-Trial/Barker 2020 w. sol.pdf
24,56aaacb9b0,2638,ace+thsc,dup,ace,Physics/ACE-Trial/2020 PHY - Barker - Trial Paper.pdf
25,13d7549676,2632,ace+thsc,KEEP,thsc,Maths Advanced/Y12-Trial/Sydney Girls 2018 w. sol.pdf
25,13d7549676,2632,ace+thsc,dup,ace,Maths Advanced/ACE-Trial/2018-2U-Sydney-Girls-Trials-with-Solutions.pdf
26,5f31d3d34b,2622,ace,KEEP,ace,Maths Extension 2/ACE-Trial/2009 4U - SCEGGS Trial with Solutions.pdf
26,5f31d3d34b,2622,ace,dup,ace,Maths Extension 2/ACE-Trial/2009 4U - Riverview Trial with Solutions.pdf
27,c602599cc6,2447,ace+thsc,KEEP,thsc,Chemistry/Y11-Yearly/Sydney Grammar 2016 w. sol.pdf
27,c602599cc6,2447,ace+thsc,dup,ace,Chemistry/ACE-Yearly/2016 P CHEM - Sydney Grammar - Prelim Yearly Exam Paper.pdf
28,fc5a7073db,2446,ace+thsc,KEEP,thsc,Physics/Y12-Trial/Knox 2020 w. sol.pdf
28,fc5a7073db,2446,ace+thsc,dup,ace,Physics/ACE-Trial/2020 PHY - Knox Grammar - Trial Paper.pdf
29,89756f4814,2438,ace,KEEP,ace,English Advanced/ACE-HSC-Questions/English_Advanced_Resources_-_Practice_HSC_Discovery_Exam.pdf
29,89756f4814,2438,ace,dup,ace,English Advanced/ACE-Assessment/English_Advanced_Resources_-_Discovery_Exam_-Travelling_to_discover_New_Discoveries_Assumptions.pdf
30,c61362dc9e,2425,ace+thsc,KEEP,thsc,Maths Advanced/Y12-Trial/Sydney Girls 2016 w. sol.pdf
30,c61362dc9e,2425,ace+thsc,dup,ace,Maths Advanced/ACE-Trial/2016_2U_-_Sydney_Girls_trial_with_Solutions.pdf
31,8f464de0b3,2408,ace+thsc,KEEP,thsc,Maths Extension 2/Y12-Trial/Sydney Grammar 2017 w. sol.pdf
31,8f464de0b3,2408,ace+thsc,dup,ace,Maths Extension 2/ACE-Trial/2017-4U-Sydney-Grammar-Trials-with-Solutions.pdf
32,d89efc5fd6,2375,ace+thsc,KEEP,thsc,Engineering Studies/Y12-Trial/Girraween 2018.pdf
32,d89efc5fd6,2375,ace+thsc,dup,ace,Engineering Studies/ACE-Trial/Girraween-2018-Engineering-Studies-Trials.pdf
33,789a8b3a1e,2369,ace+thsc,KEEP,thsc,Physics/Y11-Yearly/Sydney Grammar 2015 w. sol.pdf
33,789a8b3a1e,2369,ace+thsc,dup,ace,Physics/ACE-Yearly/2015 P PHY - Sydney Grammar - Prelim Yearly Exam Paper.pdf
34,f6c454aa48,2360,ace+thsc,KEEP,thsc,Maths Extension 1/Y12-Trial/Sydney Grammar 2016 w. sol.pdf
34,f6c454aa48,2360,ace+thsc,dup,ace,Maths Extension 1/ACE-Trial/2016_3U_-_Sydney_Grammar_Trial_with_solutions.pdf
35,6cea64a4f1,2346,ace+thsc,KEEP,thsc,Chemistry/Y11-Yearly/Sydney Grammar 2014 w. sol.pdf
35,6cea64a4f1,2346,ace+thsc,dup,ace,Chemistry/ACE-Yearly/2014 P CHEM - Sydney Grammar - Prelim Yearly Exam Paper.pdf
36,cbe10d6d06,2283,ace+thsc,KEEP,thsc,Maths Standard 2/Y12-Trial/Ascham 2019 w. sol.pdf
36,cbe10d6d06,2283,ace+thsc,dup,ace,Maths Standard 2/ACE-Trial/Ascham-2019-Standard-Maths-Trials-&-Solutions.pdf
37,8259d31dc5,2276,ace+thsc,KEEP,thsc,Chemistry/Y11-Yearly/Baulkham Hills 2008 w. sol.pdf
37,8259d31dc5,2276,ace+thsc,dup,ace,Chemistry/ACE-Yearly/2008 P CHEM - Baulkham Hills - Prelim Yearly Exam Paper.pdf
38,1996d4cc64,2268,ace+thsc,KEEP,thsc,Maths Extension 2/Y12-Trial/Sydney Grammar 2018 w. sol.pdf
38,1996d4cc64,2268,ace+thsc,dup,ace,Maths Extension 2/ACE-Trial/2018-4U-Sydney-Grammar-Trials-with-Solutions.pdf
39,fa8acc8c94,2223,ace+thsc,KEEP,thsc,Maths Extension 1/Y12-Trial/Killara 2018 w. sol.pdf
39,fa8acc8c94,2223,ace+thsc,dup,ace,Maths Extension 1/ACE-Trial/2018-3U-Killara-Trials-with-Solutions.pdf
40,19c5ba4e2a,2206,ace+thsc,KEEP,thsc,Maths Advanced/Y12-Trial/St George Girls 2016 w. sol.pdf
40,19c5ba4e2a,2206,ace+thsc,dup,ace,Maths Advanced/ACE-Trial/2016_2U_-_St_George_Girls_trial_with_Solutions.pdf
41,fc33ef347a,2193,ace+thsc,KEEP,thsc,Physics/Y11-Yearly/Sydney Grammar 2014 w. sol.pdf
41,fc33ef347a,2193,ace+thsc,dup,ace,Physics/ACE-Yearly/2014 P PHY - Sydney Grammar - Prelim Yearly Exam Paper.pdf
42,3844990d53,2181,ace+thsc,KEEP,thsc,Maths Advanced/Y12-Trial/Sydney Boys 2018 w. sol.pdf
42,3844990d53,2181,ace+thsc,dup,ace,Maths Advanced/ACE-Trial/2018-2U-Sydney-Boys-Trials-with-Solutions.pdf
43,95ccd9c2b9,2170,ace+thsc,KEEP,thsc,Legal Studies/Y11-Yearly/Cranbrook 2012.pdf
43,95ccd9c2b9,2170,ace+thsc,dup,ace,Legal Studies/ACE-Yearly/2012 P LS - Cranbrook - Prelim Yearly Exam Paper (no solutions).pdf
44,a06a73d6d0,2119,ace+thsc,KEEP,thsc,Maths Extension 1/Y12-Trial/Hurlstone 2020 w. sol.pdf
44,a06a73d6d0,2119,ace+thsc,dup,ace,Maths Extension 1/ACE-Trial/2020 3U - Hurlstone - Trial Paper (with Solutions).pdf
45,f600c0e7c1,2112,ace+thsc,KEEP,thsc,Maths Extension 1/Y12-Trial/Sydney Girls 2018 w. sol.pdf
45,f600c0e7c1,2112,ace+thsc,dup,ace,Maths Extension 1/ACE-Trial/2018-3U-Sydney-Girls-Trials-with-Solutions.pdf
46,fdd84b9006,2063,ace+thsc,KEEP,thsc,Maths Advanced/Y12-Trial/Killara 2017 w. sol.pdf
46,fdd84b9006,2063,ace+thsc,dup,ace,Maths Advanced/ACE-Trial/2017 2U Killara Trials with Solutions.pdf
47,b10d705350,2013,ace+thsc,KEEP,thsc,Maths Advanced/Y12-Trial/Hurlstone 2016 w. sol.pdf
47,b10d705350,2013,ace+thsc,dup,ace,Maths Advanced/ACE-Trial/2016_2U_-_Hurlstone_trial_with_Solutions.pdf
48,2aaf732379,2006,ace+thsc,KEEP,thsc,Maths Extension 1/Y12-Trial/Newcastle Grammar 2020 w. sol.pdf
48,2aaf732379,2006,ace+thsc,dup,ace,Maths Extension 1/ACE-Trial/2020 3U - Newington - Trial Paper (with Solutions).pdf
49,c6b2e17d01,1995,ace+thsc,KEEP,thsc,Maths Extension 1/Y11-Yearly/Moriah 2015 w. sol.pdf
49,c6b2e17d01,1995,ace+thsc,dup,ace,Maths Extension 1/ACE-Yearly/2015 P 3U - Moriah - Prelim Yearly Exam Paper.pdf
50,a652cdd221,1983,ace+thsc,KEEP,thsc,Maths Advanced/Y12-Trial/Killara 2016 w. sol.pdf
50,a652cdd221,1983,ace+thsc,dup,ace,Maths Advanced/ACE-Trial/2016_2U_-_Killara_trial_with_Solutions.pdf
51,5c7843af59,1963,ace+thsc,KEEP,thsc,Maths Extension 1/Y12-Trial/Sydney Girls 2017 w. sol.pdf
51,5c7843af59,1963,ace+thsc,dup,ace,Maths Extension 1/ACE-Trial/2017-3U-Sydney-Girls-Trials-with-Solutions.pdf
52,8674538503,1946,ace+thsc,KEEP,thsc,Maths Advanced/Y12-Trial/North Sydney Girls 2018 w. sol.pdf
52,8674538503,1946,ace+thsc,dup,ace,Maths Advanced/ACE-Trial/2018-2U-North-Sydney-Girls-Trials-with-Solutions.pdf
53,7214df5695,1892,ace+thsc,KEEP,thsc,Maths Extension 2/Y12-Trial/Fort St 2021 w. sol.pdf
53,7214df5695,1892,ace+thsc,dup,ace,Maths Extension 2/ACE-Trial/ex2-2021-fort-st-trial-paper-w-solutions-61866e1472a1c.pdf
54,0070c53870,1877,ace+thsc,KEEP,thsc,Maths Extension 2/Y12-Trial/Sydney Boys 2017 w. sol.pdf
54,0070c53870,1877,ace+thsc,dup,ace,Maths Extension 2/ACE-Trial/2017-4U-Sydney-Boys-Trials-with-Solutions.pdf
55,3557b638d8,1862,ace+thsc,KEEP,thsc,Maths Standard 2/Y11-Yearly/Kings 2018 w. sol.pdf
55,3557b638d8,1862,ace+thsc,dup,ace,Maths Standard 2/ACE-Yearly/2018 P MS - Kings - Prelim Yearly Exam Paper.pdf
56,7d74f60625,1851,ace+thsc,KEEP,thsc,Maths Extension 1/Y12-Trial/Sydney Girls 2016 w. sol.pdf
56,7d74f60625,1851,ace+thsc,dup,ace,Maths Extension 1/ACE-Trial/2016_3U_-_Sydney_Girls_Trial_with_solutions.pdf
57,4a7766e257,1838,ace+thsc,KEEP,thsc,Maths Extension 1/Y11-Yearly/Sydney Grammar 2016 w. sol.pdf
57,4a7766e257,1838,ace+thsc,dup,ace,Maths Extension 1/ACE-Yearly/2016 P 3U - Sydney Grammar - Prelim Yearly Exam Paper.pdf
58,7d1262218b,1819,ace+thsc,KEEP,thsc,Agriculture/Y12-Trial/James Ruse 2007 w. sol.pdf
58,7d1262218b,1819,ace+thsc,dup,ace,Agriculture/ACE-Trial/James-Ruse-2007-Agriculture-Trials-&-Solutions.pdf
59,eafe0b3c07,1778,ace+thsc,KEEP,thsc,Maths Extension 2/Y12-Trial/Hunters Hill 2016 w. sol.pdf
59,eafe0b3c07,1778,ace+thsc,dup,ace,Maths Extension 2/ACE-Trial/2016_4U_-_Hunters_HillTrial_with_solutions.pdf
60,eaae053885,1774,ace+thsc,KEEP,thsc,Maths Extension 2/Y12-Trial/Sydney Boys 2018 w. sol.pdf
60,eaae053885,1774,ace+thsc,dup,ace,Maths Extension 2/ACE-Trial/2018-4U-Sydney-Boys-Trials-with-Solutions.pdf
61,37ab67368b,1761,ace+thsc,KEEP,thsc,Chemistry/Y12-Trial/Hurlstone 2013 w. sol.pdf
61,37ab67368b,1761,ace+thsc,dup,ace,Chemistry/ACE-Trial/2013_Chemistry_-_Hurlstone_with_Solutions.pdf
62,b22c0b6efb,1748,ace,KEEP,ace,Business Studies/ACE-Trial/2015 BS - Shore - Trial Paper.pdf
62,b22c0b6efb,1748,ace,dup,ace,Business Studies/ACE-Trial/2015 Business - Shore Trial with Solutions.pdf
63,426ecec9c2,1739,ace+thsc,KEEP,thsc,IPT/Y11-Yearly/James Ruse 2008 w. sol.pdf
63,426ecec9c2,1739,ace+thsc,dup,ace,IPT/ACE-Yearly/2008 P IPT - James Ruse - Prelim Yearly Exam Paper.pdf
64,e3364b9ae2,1733,ace+thsc,KEEP,thsc,Chemistry/Y12-Trial/Sydney Grammar 2004 w. sol.pdf
64,e3364b9ae2,1733,ace+thsc,dup,ace,Chemistry/ACE-Trial/2004_Chemistry_-_Sydney_Grammar_with_Solutions.pdf
65,a9e5f5f04c,1732,ace,KEEP,ace,Chemistry/ACE-Notes/Full Course Notes On All Modules.pdf
65,a9e5f5f04c,1732,ace,dup,ace,Chemistry/ACE-Notes/Year 11 New Syllabus Chemistry Prelim Notes.pdf
66,7fa3440890,1725,ace,KEEP,ace,Investigating Science/ACE-Notes/2020 INV - Mod 8 Notes (Marcus Wong).pdf
66,7fa3440890,1725,ace,dup,ace,Investigating Science/ACE-Notes/Notes On Module 8 - Science and Society.pdf
67,7b3844c956,1715,ace+thsc,KEEP,thsc,Maths Extension 2/Y12-Trial/St George Girls 2011 w. sol.pdf
67,7b3844c956,1715,ace+thsc,dup,ace,Maths Extension 2/ACE-Trial/2011 4U - St George Girls Trial with Solutions.pdf
68,af2ca7e32c,1711,ace+thsc,KEEP,thsc,English/Y12-Trial-P1/James Ruse 2015 P1.pdf
68,af2ca7e32c,1711,ace+thsc,dup,ace,English Advanced/ACE-Trial/2015 English (Advanced & Standard) - James Ruse Paper 1 Trial without Solutions.pdf
68,af2ca7e32c,1711,ace+thsc,dup,ace,English Standard/ACE-Trial/2015 English (Advanced & Standard) - James Ruse Paper 1 Trial without Solutions.pdf
69,7a39adeb7c,1704,ace+thsc,KEEP,thsc,Modern History/Y11-Yearly/Cranbrook 2012.pdf
69,7a39adeb7c,1704,ace+thsc,dup,ace,Modern History/ACE-Yearly/2012 P MH - Cranbrook - Prelim Yearly Exam Paper (no solutions).pdf
70,47db709f07,1691,ace+thsc,KEEP,thsc,Chemistry/Y11-Yearly/Baulkham Hills 2009 w. sol.pdf
70,47db709f07,1691,ace+thsc,dup,ace,Chemistry/ACE-Yearly/2009 P CHEM - Baulkham Hills - Prelim Yearly Exam Paper.pdf
71,a99d9430d4,1686,ace+thsc,KEEP,thsc,Agriculture/Y12-Trial/Hurlstone 2012 w. sol.pdf
71,a99d9430d4,1686,ace+thsc,dup,ace,Agriculture/ACE-Trial/Hurlstone-2012-Agriculture-Trials-&-Solutions.pdf
72,01dc2e7253,1678,ace+thsc,KEEP,thsc,Maths Extension 2/Y12-Trial/Manly 2017 w. sol.pdf
72,01dc2e7253,1678,ace+thsc,dup,ace,Maths Extension 2/ACE-Trial/2017-4U-Manly-Trials-with-Solutions.pdf
73,51a79cc945,1654,ace+thsc,KEEP,thsc,Maths Extension 1/Y12-Trial/Sydney Grammar 2018 w. sol.pdf
73,51a79cc945,1654,ace+thsc,dup,ace,Maths Extension 1/ACE-Trial/2018-3U-Sydney-Grammar-Trials-with-Solutions.pdf
74,6d8ddd6eef,1646,ace+thsc,KEEP,thsc,Maths Extension 2/Y12-Trial/Killara 2018 w. sol.pdf
74,6d8ddd6eef,1646,ace+thsc,dup,ace,Maths Extension 2/ACE-Trial/2018-4U-Killara-Trials-with-Solutions.pdf
75,373157c2ae,1642,ace+thsc,KEEP,thsc,Maths Extension 1/Y11-Yearly/Pymble 2017 w. sol.pdf
75,373157c2ae,1642,ace+thsc,dup,ace,Maths Extension 1/ACE-Yearly/2017 P 3U - Pymble - Prelim Yearly Exam Paper.pdf
76,6aadc9c7b4,1631,ace+thsc,KEEP,thsc,Maths Extension 2/Y12-Trial/Killara 2016 w. sol.pdf
76,6aadc9c7b4,1631,ace+thsc,dup,ace,Maths Extension 2/ACE-Trial/2016_4U_-_Killara_Trial_with_solutions.pdf
77,0348f55f52,1616,ace+thsc,KEEP,thsc,Maths Advanced/Y12-Trial/Manly 2017 w. sol.pdf
77,0348f55f52,1616,ace+thsc,dup,ace,Maths Advanced/ACE-Trial/2017-2U-Manly-Trials-with-Solutions.pdf
78,1b5ed3aed5,1613,ace+thsc,KEEP,thsc,Maths Extension 2/Y12-Trial/Frensham 2011 w. sol.pdf
78,1b5ed3aed5,1613,ace+thsc,dup,ace,Maths Extension 2/ACE-Trial/2011 4U - Frensham Trial with Solutions.pdf
79,0b61b7495d,1611,ace+thsc,KEEP,thsc,Maths Advanced/Y12-Trial/Baulkham Hills 2017 w. sol.pdf
79,0b61b7495d,1611,ace+thsc,dup,ace,Maths Advanced/ACE-Trial/2017-2U-Baulkham-Hills-Trials-with-Solutions.pdf
80,53e0faa132,1607,ace+thsc,KEEP,thsc,Maths Extension 2/Y12-Trial/St Catherines 2016 w. sol.pdf
80,53e0faa132,1607,ace+thsc,dup,ace,Maths Extension 2/ACE-Trial/2016_4U_-_St_Catherines_Trial_with_solutions.pdf
81,092d202600,1583,ace+thsc,KEEP,thsc,Economics/Y12-Trial/Cranbrook 2001.pdf
81,092d202600,1583,ace+thsc,dup,ace,Economics/ACE-Trial/2001_Economics_-_Cranbrook_Trial_without_Solutions.pdf
82,814b7d04bd,1582,ace+thsc,KEEP,thsc,Maths Advanced/Y12-Trial/Caringbah 2009 w. sol.pdf
82,814b7d04bd,1582,ace+thsc,dup,ace,Maths Advanced/ACE-Trial/2009_2U_-_Caringbah_Trial_with_Solutions.pdf
83,500deaa27b,1576,ace+thsc,KEEP,thsc,Maths Extension 1/Y12-Trial/Hunters Hill 2016 w. sol.pdf
83,500deaa27b,1576,ace+thsc,dup,ace,Maths Extension 1/ACE-Trial/2016_3U_-_Hunters_Hill_Trial_with_solutions.pdf
84,567b484436,1571,ace+thsc,KEEP,thsc,Maths Advanced/Y12-Trial/Cranbrook 2010 w. sol.pdf
84,567b484436,1571,ace+thsc,dup,ace,Maths Advanced/ACE-Trial/2010 2U - Cranbrook Trial with Solutions.pdf
85,c28aef104e,1567,ace+thsc,KEEP,thsc,Agriculture/Y12-Trial/Hurlstone 2011 w. sol.pdf
85,c28aef104e,1567,ace+thsc,dup,ace,Agriculture/ACE-Trial/Hurlstone-2011-Agriculture-Trials-&-Solutions.pdf
86,4324c592c7,1563,ace+thsc,KEEP,thsc,Maths Standard 2/Y12-Trial/Barker 2019 w. sol.pdf
86,4324c592c7,1563,ace+thsc,dup,ace,Maths Standard 2/ACE-Trial/Barker-2019-Standard-Maths-Trials-&-Solutions.pdf
87,c6c773a2f4,1558,ace+thsc,KEEP,thsc,Maths Extension 2/Y12-Trial/Normanhurst Boys 2018 w. sol.pdf
87,c6c773a2f4,1558,ace+thsc,dup,ace,Maths Extension 2/ACE-Trial/2018-4U-Normanhurst-Boys-Trials-with-Solutions.pdf
88,8a0e252051,1545,ace+thsc,KEEP,thsc,Maths Advanced/Y12-Trial/Sydney Boys 2016 w. sol.pdf
88,8a0e252051,1545,ace+thsc,dup,ace,Maths Advanced/ACE-Trial/2016_2U_-_Sydney_Boys_trial_with_Solutions.pdf
89,d46b715ce9,1537,ace+thsc,KEEP,thsc,Legal Studies/Y11-Yearly/Cranbrook 2005.pdf
89,d46b715ce9,1537,ace+thsc,dup,ace,Legal Studies/ACE-Yearly/2005 P LS - Cranbrook - Prelim Yearly Exam Paper (no solutions).pdf
90,4da2accf99,1527,ace+thsc,KEEP,thsc,Legal Studies/Y11-Yearly/Cranbrook 2013.pdf
90,4da2accf99,1527,ace+thsc,dup,ace,Legal Studies/ACE-Yearly/2013 P LS - Cranbrook - Prelim Yearly Exam Paper (no solutions).pdf
91,793af8c796,1519,ace+thsc,KEEP,thsc,Economics/Y12-Trial/Pymble 2001.pdf
91,793af8c796,1519,ace+thsc,dup,ace,Economics/ACE-Trial/2001_Economics_-_Pymble_Trial_without_Solutions.pdf
92,32789ca2d2,1518,ace+thsc,KEEP,thsc,Maths Advanced/Y12-Trial/Manly 2018 w. sol.pdf
92,32789ca2d2,1518,ace+thsc,dup,ace,Maths Advanced/ACE-Trial/2018-2U-Manly-Trials-with-Solutions.pdf
93,829c8c7f8c,1504,ace+thsc,KEEP,thsc,Modern History/Y11-Yearly/Cranbrook 2010.pdf
93,829c8c7f8c,1504,ace+thsc,dup,ace,Modern History/ACE-Yearly/2010 P MH - Cranbrook - Prelim Yearly Exam Paper (no solutions).pdf
94,bf68ac9e1e,1503,ace+thsc,KEEP,thsc,Maths Extension 2/Y12-Trial/Penrith 2018 w. sol.pdf
94,bf68ac9e1e,1503,ace+thsc,dup,ace,Maths Extension 2/ACE-Trial/2018-4U-Penrith-Trials-with-Solutions.pdf
95,c7b07780e8,1501,ace+thsc,KEEP,thsc,Physics/Y12-Trial/Penrith 2007.pdf
95,c7b07780e8,1501,ace+thsc,dup,ace,Physics/ACE-Trial/2007_Physics_-_Penrith_Trial_without_Solutions.pdf
96,0daaec4a20,1496,ace+thsc,KEEP,thsc,Maths Standard 2/Y11-Yearly/Kings 2017 w. sol.pdf
96,0daaec4a20,1496,ace+thsc,dup,ace,Maths Standard 2/ACE-Yearly/2017 P MS - Kings - Prelim Yearly Exam Paper.pdf
97,bccf823fde,1495,ace+thsc,KEEP,thsc,Maths Extension 1/Y12-Trial/Manly 2018 w. sol.pdf
97,bccf823fde,1495,ace+thsc,dup,ace,Maths Extension 1/ACE-Trial/2018-3U-Manly-Trials-with-Solutions.pdf
98,146669472a,1494,ace+thsc,KEEP,thsc,Maths Extension 2/Y12-Trial/Caringbah 2018 w. sol.pdf
98,146669472a,1494,ace+thsc,dup,ace,Maths Extension 2/ACE-Trial/2018-4U-Caringbah-Trials-with-Solutions.pdf
99,68c8edf479,1477,ace+thsc,KEEP,thsc,Maths Extension 2/Y12-Trial/Baulkham Hills 2017 w. sol.pdf
99,68c8edf479,1477,ace+thsc,dup,ace,Maths Extension 2/ACE-Trial/2017-4U-Baulkham-Hills-Trials-with-Solutions.pdf
100,7708080d52,1476,ace+thsc,KEEP,thsc,Maths Extension 2/Y12-Trial/St George Girls 2018 w. sol.pdf
100,7708080d52,1476,ace+thsc,dup,ace,Maths Extension 2/ACE-Trial/2018-4U-St-George-Girls-Trials-with-Solutions.pdf
101,0b92f328ab,1465,ace,KEEP,ace,English Advanced/ACE-Notes/2020-ENG-Texts-Human-Experiences-Lesson-Lesson-1-HSC-Coworks.pdf
101,0b92f328ab,1465,ace,dup,ace,English Standard/ACE-Notes/2020-ENG-Texts-Human-Experiences-Lesson-Lesson-1-HSC-Coworks.pdf
102,15d7d8eef0,1464,ace+thsc,KEEP,thsc,Maths Extension 1/Y11-Yearly/Sydney Grammar 2019 w. sol.pdf
102,15d7d8eef0,1464,ace+thsc,dup,ace,Maths Extension 1/ACE-Yearly/2019 P 3U - Sydney Grammar - Prelim Yearly Exam Paper.pdf
103,4cdcafa272,1463,ace+thsc,KEEP,thsc,Engineering Studies/Y12-Trial/Girraween 2016.pdf
103,4cdcafa272,1463,ace+thsc,dup,ace,Engineering Studies/ACE-Trial/Girraween-2016-Engineering-Studies-Trials.pdf
104,fd242240bc,1462,ace+thsc,KEEP,thsc,Maths Extension 2/Y12-Trial/North Sydney Boys 2018 w. sol.pdf
104,fd242240bc,1462,ace+thsc,dup,ace,Maths Extension 2/ACE-Trial/2018-4U-North-Sydney-Boys-Trials-with-Solutions.pdf
105,08164e40f3,1462,ace+thsc,KEEP,thsc,English/Y12-Trial-P2-Adv/Sydney Tech 2014 P2 (Adv.).pdf
105,08164e40f3,1462,ace+thsc,dup,ace,English Advanced/ACE-Trial/2014 English Advanced - Sydney Tech Paper 2 Trial without Solutions.pdf
106,bceeaad59b,1445,ace+thsc,KEEP,thsc,Maths Advanced/Y12-Trial/Baulkham Hills 2012 w. sol.pdf
106,bceeaad59b,1445,ace+thsc,dup,ace,Maths Advanced/ACE-Trial/2012 2U - Baulkham Hills Trial with Solutions.pdf
107,6ce5e840d9,1445,ace+thsc,KEEP,thsc,Legal Studies/Y11-Yearly/Cranbrook 2006.pdf
107,6ce5e840d9,1445,ace+thsc,dup,ace,Legal Studies/ACE-Yearly/2006 P LS - Cranbrook - Prelim Yearly Exam Paper (no solutions).pdf
108,3cded55df6,1444,ace+thsc,KEEP,thsc,Physics/Y12-Trial/Newington 2016 w. sol.pdf
108,3cded55df6,1444,ace+thsc,dup,ace,Physics/ACE-Trial/2016_Physics_-_Newington_trial_with_solutions.pdf
109,77229287ab,1428,ace+thsc,KEEP,thsc,Maths Extension 1/Y12-Trial/Kambala 2015.pdf
109,77229287ab,1428,ace+thsc,dup,ace,Maths Extension 1/ACE-Trial/2015 3U - Kambala Trial with Solutions.pdf
110,a4205341a8,1412,ace+thsc,KEEP,thsc,Maths Extension 2/Y12-Trial/MLC 2016 w. sol.pdf
110,a4205341a8,1412,ace+thsc,dup,ace,Maths Extension 2/ACE-Trial/2016_4U_-_MLC_Trial_with_solutions.pdf
111,68e4c7fbde,1401,ace+thsc,KEEP,thsc,Physics/Y12-Trial/James Ruse 2019 w. sol.pdf
111,68e4c7fbde,1401,ace+thsc,dup,ace,Physics/ACE-Trial/2019 PHY - James Ruse - Trial Paper.pdf
112,a601cb06f3,1399,ace+thsc,KEEP,thsc,Maths Advanced/Y12-Trial/Manly 2016 w. sol.pdf
112,a601cb06f3,1399,ace+thsc,dup,ace,Maths Advanced/ACE-Trial/2016_2U_-_Manly_trial_with_Solutions.pdf
113,373be581cb,1392,ace+thsc,KEEP,thsc,English/Y12-Trial-P2-Adv/Hurlstone 2020 P2 (Adv.).pdf
113,373be581cb,1392,ace+thsc,dup,ace,English Advanced/ACE-Trial/Hurlstone 2020 English Trial Paper 2 Advanced.pdf
114,bf6b2abf43,1380,ace+thsc,KEEP,thsc,Maths Advanced/Y12-Trial/St George Girls 2010 w. sol.pdf
114,bf6b2abf43,1380,ace+thsc,dup,ace,Maths Advanced/ACE-Trial/2010 2U - St George Girls Trial with Solutions.pdf
115,9951e4e9ff,1380,ace+thsc,KEEP,thsc,Physics/Y11-Yearly/James Ruse 2008.pdf
115,9951e4e9ff,1380,ace+thsc,dup,ace,Physics/ACE-Yearly/2008 P PHY - James Ruse - Prelim Yearly Exam Paper (no solutions).pdf
116,331215aa89,1369,ace+thsc,KEEP,thsc,Maths Extension 2/Y12-Trial/St George Girls 2017 w. sol.pdf
116,331215aa89,1369,ace+thsc,dup,ace,Maths Extension 2/ACE-Trial/2017-4U-St-George-Girls-Trials-with-Solutions.pdf
117,b78e580171,1365,ace+thsc,KEEP,thsc,Maths Extension 1/Y12-Trial/North Sydney Girls 2020 w. sol.pdf
117,b78e580171,1365,ace+thsc,dup,ace,Maths Extension 1/ACE-Trial/2020 3U - NSG - Trial Paper (with Solutions).pdf
118,7470487775,1359,ace+thsc,KEEP,thsc,Economics/Y11-Yearly/Sydney Grammar 2015 w. sol.pdf
118,7470487775,1359,ace+thsc,dup,ace,Economics/ACE-Yearly/2015 P ECO  - Sydney Grammar - Prelim Yearly Exam Paper.pdf
119,9ddae86293,1346,ace+thsc,KEEP,thsc,Maths Advanced/Y12-Trial/St George Girls 2012 w. sol.pdf
119,9ddae86293,1346,ace+thsc,dup,ace,Maths Advanced/ACE-Trial/2012 2U - St George Girls Trial with Solutions.pdf
120,a43864f28d,1315,ace+thsc,KEEP,thsc,Chemistry/Y12-Trial/Cranbrook 2019 w. sol.pdf
120,a43864f28d,1315,ace+thsc,dup,ace,Chemistry/ACE-Trial/2019-CHEM-Cranbrook-Trial-with-Solutions.pdf
121,3c7a13d54f,1290,ace+thsc,KEEP,thsc,Maths Extension 1/Y12-Trial/Killara 2016 w. sol.pdf
121,3c7a13d54f,1290,ace+thsc,dup,ace,Maths Extension 1/ACE-Trial/2016_3U_-_Killara_Trial_with_solutions.pdf
122,910a82b94e,1287,ace+thsc,KEEP,thsc,Maths Extension 2/Y12-Trial/Caringbah 2016 w. sol.pdf
122,910a82b94e,1287,ace+thsc,dup,ace,Maths Extension 2/ACE-Trial/2016_4U_-_Caringbah_Trial_with_solutions.pdf
123,dc6bf7a93c,1282,ace+thsc,KEEP,thsc,Maths Extension 2/Y12-Trial/Penrith 2017 w. sol.pdf
123,dc6bf7a93c,1282,ace+thsc,dup,ace,Maths Extension 2/ACE-Trial/2017-4U-Penrith-Trials-with-Solutions.pdf
124,530e05da94,1277,ace+thsc,KEEP,thsc,Maths Extension 2/Y12-Trial/Gosford 2017 w. sol.pdf
124,530e05da94,1277,ace+thsc,dup,ace,Maths Extension 2/ACE-Trial/2017-4U-Gosford-Trials-with-Solutions.pdf
125,5cbdd6c76c,1277,ace+thsc,KEEP,thsc,Biology/Y11-Yearly/James Ruse 2006 w. sol.pdf
125,5cbdd6c76c,1277,ace+thsc,dup,ace,Biology/ACE-Yearly/2006 P BIO - James Ruse - Prelim Yearly Exam Paper.pdf
126,2a0af66399,1277,ace+thsc,KEEP,thsc,Maths Advanced/Y12-Trial/St George Girls 2017 w. sol.pdf
126,2a0af66399,1277,ace+thsc,dup,ace,Maths Advanced/ACE-Trial/2017-2U-St-George-Girls-Trials-with-Solutions.pdf
127,fbe9f5c27e,1275,nesa,KEEP,nesa,English Advanced/HSC-NESA/english-std-adv-sample-hsc-exam-paper-2016.pdf
127,fbe9f5c27e,1275,nesa,dup,nesa,English Standard/HSC-NESA/english-std-adv-sample-hsc-exam-paper-2016.pdf
128,8f2e4bdc24,1269,ace+thsc,KEEP,thsc,Physics/Y12-Trial/Sydney Grammar 2002 w. sol.pdf
128,8f2e4bdc24,1269,ace+thsc,dup,ace,Physics/ACE-Trial/2002_Physics_-_Sydney_Grammar_Trial_with_Solutions.pdf
129,aa98877f1c,1266,ace+thsc,KEEP,thsc,Maths Extension 2/Y12-Trial/St Catherines 2012 w. sol.pdf
129,aa98877f1c,1266,ace+thsc,dup,ace,Maths Extension 2/ACE-Trial/2012 4U - St Catherines Trial with Solutions.pdf
130,067281af0b,1262,ace+thsc,KEEP,thsc,Biology/Y12-Trial/Penrith 2020.pdf
130,067281af0b,1262,ace+thsc,dup,ace,Biology/ACE-Trial/Penrith-2020-Biology-Trials.pdf
130,067281af0b,1262,ace+thsc,dup,ace,Biology/ACE-Trial/Penrith-2019-Biology-Trials.pdf
131,34d6fa53c8,1252,ace+thsc,KEEP,thsc,Biology/Y11-Yearly/James Ruse 2003 w. sol.pdf
131,34d6fa53c8,1252,ace+thsc,dup,ace,Biology/ACE-Yearly/2003 P BIO - James Ruse - Prelim Yearly Exam Paper.pdf
132,6c9589c10e,1233,ace+thsc,KEEP,thsc,Maths Advanced/Y12-Trial/Cranbrook 2011 w. sol.pdf
132,6c9589c10e,1233,ace+thsc,dup,ace,Maths Advanced/ACE-Trial/2011 2U - Cranbrook Trial with Solutions.pdf
133,88618e85ad,1228,ace+thsc,KEEP,thsc,Economics/Y11-Yearly/Sydney Grammar 2014 w. sol.pdf
133,88618e85ad,1228,ace+thsc,dup,ace,Economics/ACE-Yearly/2014 P ECO  - Sydney Grammar - Prelim Yearly Exam Paper.pdf
134,73202f7a09,1228,ace+thsc,KEEP,thsc,Economics/Y12-Trial/Kings 2022 w. sol.pdf
134,73202f7a09,1228,ace+thsc,dup,ace,Economics/ACE-Trial/2022-kings-trial-paper-criteria-sample-answers-64460cd34c02d.pdf
135,3d616cb34c,1223,ace+thsc,KEEP,thsc,Maths Extension 2/Y12-Trial/Hills Grammar 2011 w. sol.pdf
135,3d616cb34c,1223,ace+thsc,dup,ace,Maths Extension 2/ACE-Trial/2011 4U - Hills Grammar Trial with Solutions.pdf
136,ac9a10e877,1220,ace+thsc,KEEP,thsc,Maths Extension 2/Y12-Trial/Girraween 2017 w. sol.pdf
136,ac9a10e877,1220,ace+thsc,dup,ace,Maths Extension 2/ACE-Trial/2017-4U-Girraween-Trials-with-Solutions.pdf
137,9bba0e3413,1215,ace+thsc,KEEP,thsc,Maths Extension 1/Y11-Yearly/Gosford 2017 w. sol.pdf
137,9bba0e3413,1215,ace+thsc,dup,ace,Maths Extension 1/ACE-Yearly/2017 P 3U - Gosford - Prelim Yearly Exam Paper.pdf
138,7ec98ef863,1210,ace+thsc,KEEP,thsc,Maths Extension 2/Y12-Trial/St George Girls 2016 w. sol.pdf
138,7ec98ef863,1210,ace+thsc,dup,ace,Maths Extension 2/ACE-Trial/2016_4U_-_St_George_Girls_Trial_with_solutions.pdf
139,c4db02c326,1201,ace+thsc,KEEP,thsc,Chemistry/Y12-Trial/Pymble 2007.pdf
139,c4db02c326,1201,ace+thsc,dup,ace,Chemistry/ACE-Trial/2007_Chemistry_-_Pymble_without_Solutions.pdf
140,0cfd1c46e9,1199,ace+thsc,KEEP,thsc,Earth & Environmental Science/Y12-Trial/Pymble 2004.pdf
140,0cfd1c46e9,1199,ace+thsc,dup,ace,Earth & Environmental Science/ACE-Trial/2004_Earth__Environmental_Science_-_Pymble_Trial_without_Solutions.pdf
141,bb5b480cbc,1189,ace+thsc,KEEP,thsc,Maths Extension 2/Y12-Trial/North Sydney Girls 2018 w. sol.pdf
141,bb5b480cbc,1189,ace+thsc,dup,ace,Maths Extension 2/ACE-Trial/2018-4U-North-Sydney-Girls-Trials-with-Solutions.pdf
142,b7de9d52cd,1187,ace+thsc,KEEP,thsc,Earth & Environmental Science/Y12-Trial/Barker 2013.pdf
142,b7de9d52cd,1187,ace+thsc,dup,ace,Earth & Environmental Science/ACE-Trial/Barker-2013-Earth-&-Environmental-Science-Trials.pdf
143,838b0569d7,1184,ace+thsc,KEEP,thsc,Maths Extension 2/Y12-Trial/Normanhurst Boys 2016 w. sol.pdf
143,838b0569d7,1184,ace+thsc,dup,ace,Maths Extension 2/ACE-Trial/2016_4U_-_Normanhurst_Boys_Trial_with_solutions.pdf
144,8d4893fd81,1169,ace+thsc,KEEP,thsc,Maths Extension 1/Y12-Trial/Manly 2016 w. sol.pdf
144,8d4893fd81,1169,ace+thsc,dup,ace,Maths Extension 1/ACE-Trial/2016_3U_-_Manly_Trial_with_solutions.pdf
145,d891f81b68,1155,ace+thsc,KEEP,thsc,Maths Advanced/Y12-Trial/Normanhurst Boys 2017 w. sol.pdf
145,d891f81b68,1155,ace+thsc,dup,ace,Maths Advanced/ACE-Trial/2017-2U-Normanhurst-Boys-Trials-with-Solutions.pdf
146,90f1cd908c,1145,ace+thsc,KEEP,thsc,Economics/Y12-Trial/Shore 2001.pdf
146,90f1cd908c,1145,ace+thsc,dup,ace,Economics/ACE-Trial/2001_Economics_-_Shore_Trial_without_Solutions.pdf
147,c7f5f2b9b0,1144,ace+thsc,KEEP,thsc,Chemistry/Y12-Trial/Sydney Grammar 2006 w. sol.pdf
147,c7f5f2b9b0,1144,ace+thsc,dup,ace,Chemistry/ACE-Trial/2006_Chemistry_-_Sydney_Grammar_with_Solutions.pdf
148,168a10ff7c,1138,ace+thsc,KEEP,thsc,Maths Advanced/Y12-Trial/Hurlstone 2020 w. sol.pdf
148,168a10ff7c,1138,ace+thsc,dup,ace,Maths Advanced/ACE-Trial/2020 2U - Hurlstone - Trial Paper (with Solutions).pdf
149,b35d7fa34c,1134,ace+thsc,KEEP,thsc,Maths Extension 1/Y12-Trial/Hurlstone 2016 w. sol.pdf
149,b35d7fa34c,1134,ace+thsc,dup,ace,Maths Extension 1/ACE-Trial/2016_3U_-_Hurlstone_Trial_with_solutions.pdf
150,555c1f30f5,1130,ace+thsc,KEEP,thsc,Maths Advanced/Y12-Trial/St Catherines 2011 w. sol.pdf
150,555c1f30f5,1130,ace+thsc,dup,ace,Maths Advanced/ACE-Trial/2011 2U - St Catherines Trial with Solutions.pdf
151,862ebcfe1c,1126,ace+thsc,KEEP,thsc,Physics/Y12-Trial/Sydney Grammar 2001 w. sol.pdf
151,862ebcfe1c,1126,ace+thsc,dup,ace,Physics/ACE-Trial/2001_Physics_-_Sydney_Grammar_Trial_with_Solutions.pdf
152,b8dc3282fc,1117,ace+thsc,KEEP,thsc,Maths Extension 1/Y12-Trial/North Sydney Boys 2016 w. sol.pdf
152,b8dc3282fc,1117,ace+thsc,dup,ace,Maths Extension 1/ACE-Trial/2016_3U_-_North_Sydney_Boys_Trial_with_solutions.pdf
153,9b95bf38c5,1115,ace,KEEP,ace,Business Studies/ACE-Notes/Notes-Topic-2-Business-Management-Raquel.pdf
153,9b95bf38c5,1115,ace,dup,ace,Business Studies/ACE-Notes/Detailed Notes on Topic Two - (Business Management).pdf
154,e72d4bfdc4,1112,ace+thsc,KEEP,thsc,Maths Extension 1/Y12-Trial/Baulkham Hills 2018 w. sol.pdf
154,e72d4bfdc4,1112,ace+thsc,dup,ace,Maths Extension 1/ACE-Trial/2018-3U-Baulkham-Hills-Trials-with-Solutions.pdf
155,1ea821c6f9,1107,ace+thsc,KEEP,thsc,Maths Advanced/Y12-Trial/Newcastle Grammar 2011 w. sol.pdf
155,1ea821c6f9,1107,ace+thsc,dup,ace,Maths Advanced/ACE-Trial/2011 2U - Newcastle Grammar Trial with Solutions.pdf
156,bf2f4861b7,1101,ace+thsc,KEEP,thsc,Maths Extension 2/Y12-Trial/Girraween 2009 w. sol.pdf
156,bf2f4861b7,1101,ace+thsc,dup,ace,Maths Extension 2/ACE-Trial/2009 4U - Girraween Trial with Solutions.pdf
157,035665af18,1095,ace+thsc,KEEP,thsc,Maths Extension 2/Y12-Trial/Fort St 2018 w. sol.pdf
157,035665af18,1095,ace+thsc,dup,ace,Maths Extension 2/ACE-Trial/2018-4U-Fort-St-Trials-with-Solutions.pdf
158,9cf348256a,1091,ace+thsc,KEEP,thsc,Maths Extension 2/Y12-Trial/Kings 2010 w. sol.pdf
158,9cf348256a,1091,ace+thsc,dup,ace,Maths Extension 2/ACE-Trial/2010 4U - Kings Trial with Solutions.pdf
159,2c7b23bd16,1090,ace+thsc,KEEP,thsc,Maths Extension 2/Y12-Trial/Gosford 2010 w. sol.pdf
159,2c7b23bd16,1090,ace+thsc,dup,ace,Maths Extension 2/ACE-Trial/2010 4U - Gosford Trial with Solutions.pdf
160,e52ad430e8,1084,ace+thsc,KEEP,thsc,Maths Extension 1/Y12-Trial/Caringbah 2017 w. sol.pdf
160,e52ad430e8,1084,ace+thsc,dup,ace,Maths Extension 1/ACE-Trial/2017-3U-Caringbah-Trials-with-Solutions.pdf
161,5ef01b09d7,1083,ace+thsc,KEEP,thsc,Chemistry/Y12-Trial/Kincoppal 2008 w. sol.pdf
161,5ef01b09d7,1083,ace+thsc,dup,ace,Chemistry/ACE-Trial/2008_Chemistry_-_Kincoppal_with_Solutions.pdf
162,40b2bc9c71,1083,ace+thsc,KEEP,thsc,Maths Extension 1/Y12-Trial/Cherrybrook Tech 2017 w. sol.pdf
162,40b2bc9c71,1083,ace+thsc,dup,ace,Maths Extension 1/ACE-Trial/2017-3U-Cherrybrook-Tech-Trials-with-Solutions.pdf
163,ba514f488f,1077,ace+thsc,KEEP,thsc,Economics/Y12-Trial/Abbotsleigh 2012 w. sol.pdf
163,ba514f488f,1077,ace+thsc,dup,ace,Economics/ACE-Trial/2012 ECO - Abbotsleigh - Trial Paper.pdf
164,66b2e0e03c,1075,ace+thsc,KEEP,thsc,Maths Extension 1/Y11-Yearly/Moriah 2016 w. sol.pdf
164,66b2e0e03c,1075,ace+thsc,dup,ace,Maths Extension 1/ACE-Yearly/2016 P 3U - Moriah - Prelim Yearly Exam Paper.pdf
165,3a7150970f,1070,ace+thsc,KEEP,thsc,Physics/Y11-Yearly/Hurlstone 2008 w. sol.pdf
165,3a7150970f,1070,ace+thsc,dup,ace,Physics/ACE-Yearly/2008 P PHY - Hurlstone - Prelim Yearly Exam Paper.pdf
166,ae0147cd4c,1068,ace+thsc,KEEP,thsc,Maths Extension 2/Y12-Trial/Sydney Girls 2012 w. sol.pdf
166,ae0147cd4c,1068,ace+thsc,dup,ace,Maths Extension 2/ACE-Trial/2012 4U - Sydney Girls Trial with Solutions.pdf
167,c255ad8e47,1064,ace+thsc,KEEP,thsc,Maths Extension 2/Y12-Trial/Manly 2018 w. sol.pdf
167,c255ad8e47,1064,ace+thsc,dup,ace,Maths Extension 2/ACE-Trial/2018-4U-Manly-Trials-with-Solutions.pdf
168,c425ba5dc0,1058,ace+thsc,KEEP,thsc,Maths Advanced/Y12-Trial/North Sydney Boys 2016 w. sol.pdf
168,c425ba5dc0,1058,ace+thsc,dup,ace,Maths Advanced/ACE-Trial/2016_2U_-_North_Sydney_Boys_trial_with_Solutions.pdf
169,3e3f0677d2,1050,ace+thsc,KEEP,thsc,Maths Advanced/Y11-Yearly/Caringbah 2016 w. sol.pdf
169,3e3f0677d2,1050,ace+thsc,dup,ace,Maths Advanced/ACE-Yearly/2016 P 2U - Caringbah - Prelim Yearly Exam Paper.pdf
170,c7bef9733b,1049,ace+thsc,KEEP,thsc,Maths Extension 1/Y12-Trial/Manly 2017 w. sol.pdf
170,c7bef9733b,1049,ace+thsc,dup,ace,Maths Extension 1/ACE-Trial/2017-3U-Manly-Trials-with-Solutions.pdf
171,2fa0704717,1041,ace+thsc,KEEP,thsc,Maths Extension 2/Y12-Trial/Sydney Tech 2009 w. sol.pdf
171,2fa0704717,1041,ace+thsc,dup,ace,Maths Extension 2/ACE-Trial/2009 4U - Sydney Tech Trial with Solutions.pdf
172,945e743c52,1041,ace+thsc,KEEP,thsc,Maths Extension 1/Y12-Trial/North Sydney Girls 2018 w. sol.pdf
172,945e743c52,1041,ace+thsc,dup,ace,Maths Extension 1/ACE-Trial/2018-3U-North-Sydney-Girls-Trials-with-Solutions.pdf
173,68573b9f44,1025,ace+thsc,KEEP,thsc,Maths Advanced/Y11-Yearly/Baulkham Hills 2016 w. sol.pdf
173,68573b9f44,1025,ace+thsc,dup,ace,Maths Advanced/ACE-Yearly/2016 P 2U - Baulkham Hills - Prelim Yearly Exam Paper.pdf
174,a401ce69bc,1020,ace+thsc,KEEP,thsc,Maths Extension 1/Y12-Trial/Sydney Boys 2017 w. sol.pdf
174,a401ce69bc,1020,ace+thsc,dup,ace,Maths Extension 1/ACE-Trial/2017-3U-Sydney-Boys-Trials-with-Solutions.pdf
175,6ec9822995,1020,ace+thsc,KEEP,thsc,Maths Extension 2/Y12-Trial/Pymble 2014 w. sol.pdf
175,6ec9822995,1020,ace+thsc,dup,ace,Maths Extension 2/ACE-Trial/2014 4U - Pymble Trial with Solutions.pdf
176,60e6e298b6,1019,ace+thsc,KEEP,thsc,Maths Extension 1/Y11-Yearly/Baulkham Hills 2015 w. sol.pdf
176,60e6e298b6,1019,ace+thsc,dup,ace,Maths Extension 1/ACE-Yearly/2015 P 3U - Baulkham Hills - Prelim Yearly Exam Paper.pdf
177,048f41fb30,1018,ace+thsc,KEEP,thsc,Maths Extension 2/Y12-Trial/James Ruse 2010 w. sol.pdf
177,048f41fb30,1018,ace+thsc,dup,ace,Maths Extension 2/ACE-Trial/2010 4U - James Ruse Trial with Solutions.pdf
178,d267449a30,1017,ace+thsc,KEEP,thsc,Economics/Y12-Trial/Barker 2001.pdf
178,d267449a30,1017,ace+thsc,dup,ace,Economics/ACE-Trial/2001_Economics_-_Baker_Trial_without_Solutions.pdf
179,8b33b6b30b,1016,ace+thsc,KEEP,thsc,Physics/Y12-Trial/Cranbrook 2001 w. sol.pdf
179,8b33b6b30b,1016,ace+thsc,dup,ace,Physics/ACE-Trial/2001_Physics_-_Cranbrook_Trial_with_Solutions.pdf
180,a7b4050c55,1015,ace+thsc,KEEP,thsc,Maths Advanced/Y12-Trial/Penrith 2018 w. sol.pdf
180,a7b4050c55,1015,ace+thsc,dup,ace,Maths Advanced/ACE-Trial/2018-2U-Penrith-Trials-with-Solutions.pdf
181,3f403ef05a,1012,ace+thsc,KEEP,thsc,Chemistry/Y12-Trial/Sydney Tech 2013 w. sol.pdf
181,3f403ef05a,1012,ace+thsc,dup,ace,Chemistry/ACE-Trial/2013_Chemistry_-_Sydney_Tech_with_Solutions.pdf
182,3f0f35698d,1011,ace+thsc,KEEP,thsc,Maths Extension 2/Y12-Trial/Sydney Girls 2016 w. sol.pdf
182,3f0f35698d,1011,ace+thsc,dup,ace,Maths Extension 2/ACE-Trial/2016_4U_-_Sydney_Girls_Trial_with_solutions.pdf
183,7e87c3d789,1011,ace+thsc,KEEP,thsc,Maths Extension 2/Y12-Trial/PHCS 2016 w. sol.pdf
183,7e87c3d789,1011,ace+thsc,dup,ace,Maths Extension 2/ACE-Trial/2016_4U_-_PHCS_Trial_with_solutions.pdf
184,0cf39f5e94,1011,ace+thsc,KEEP,thsc,Economics/Y12-Trial/Newington 2016 w. sol.pdf
184,0cf39f5e94,1011,ace+thsc,dup,ace,Economics/ACE-Trial/2016 ECO - Newington - Trial Paper.pdf
185,87b0eb6c95,1002,ace+thsc,KEEP,thsc,Maths Extension 1/Y12-Trial/St George Girls 2016 w. sol.pdf
185,87b0eb6c95,1002,ace+thsc,dup,ace,Maths Extension 1/ACE-Trial/2016_3U_-_St_George_Girls_Trial_with_solutions.pdf
186,44c248ee86,998,ace+thsc,KEEP,thsc,Maths Extension 1/Y12-Trial/North Sydney Boys 2019 w. sol.pdf
186,44c248ee86,998,ace+thsc,dup,ace,Maths Extension 1/ACE-Trial/2019 3U - North Sydney Boys - Trial Paper (with Solutions).pdf
187,a4a5f0c24f,998,ace+thsc,KEEP,thsc,Maths Extension 1/Y12-Trial/North Sydney Boys 2021 w. sol.pdf
187,a4a5f0c24f,998,ace+thsc,dup,ace,Maths Extension 1/ACE-Trial/ex1-2021-north-sydney-boys-trial-paper-w-solutions-6189048f91537.pdf
188,6fd53b83a6,997,ace+thsc,KEEP,thsc,Maths Extension 2/Y12-Trial/North Sydney Boys 2016 w. sol.pdf
188,6fd53b83a6,997,ace+thsc,dup,ace,Maths Extension 2/ACE-Trial/2016_4U_-_North_Sydney_Boys_Trial_with_solutions.pdf
189,465e6c5cf3,981,ace+thsc,KEEP,thsc,Maths Extension 2/Y12-Trial/St George Girls 2013 w. sol.pdf
189,465e6c5cf3,981,ace+thsc,dup,ace,Maths Extension 2/ACE-Trial/2013 4U - St George Girls Trial with Solutions.pdf
190,274224a0c6,980,ace+thsc,KEEP,thsc,Agriculture/Y12-Trial/James Ruse 2012.pdf
190,274224a0c6,980,ace+thsc,dup,ace,Agriculture/ACE-Trial/James-Ruse-2012-Agriculture-Trials.pdf
191,cef2a7b9c0,977,ace+thsc,KEEP,thsc,Maths Extension 2/Y12-Trial/Baulkham Hills 2018 w. sol.pdf
191,cef2a7b9c0,977,ace+thsc,dup,ace,Maths Extension 2/ACE-Trial/2018-4U-Baulkham-Hills-Trials-with-Solutions.pdf
192,adf5bb119f,975,ace+thsc,KEEP,thsc,Maths Advanced/Y12-Trial/Girraween 2019 w. sol.pdf
192,adf5bb119f,975,ace+thsc,dup,ace,Maths Advanced/ACE-Trial/2019 2U - Girraween - Trial Paper (with Solutions).pdf
193,558353c69e,968,ace+thsc,KEEP,thsc,Maths Advanced/Y12-Trial/Sydney Boys 2011 w. sol.pdf
193,558353c69e,968,ace+thsc,dup,ace,Maths Advanced/ACE-Trial/2011 2U - Sydney Boys Trial with Solutions.pdf
194,9464d510db,966,ace+thsc,KEEP,thsc,Maths Advanced/Y12-Trial/Hornsby Girls 2013 w. sol.pdf
194,9464d510db,966,ace+thsc,dup,ace,Maths Advanced/ACE-Trial/2013 2U - Hornsby Girls Trial with Solutions.pdf
195,68f83c6cdf,965,ace+thsc,KEEP,thsc,Maths Extension 2/Y12-Trial/Manly 2016 w. sol.pdf
195,68f83c6cdf,965,ace+thsc,dup,ace,Maths Extension 2/ACE-Trial/2016_4U_-_Manly_Trial_with_solutions.pdf
196,315db3df23,964,ace+thsc,KEEP,thsc,Maths Extension 1/Y12-Trial/Ascham 2011 w. sol.pdf
196,315db3df23,964,ace+thsc,dup,ace,Maths Extension 1/ACE-Trial/2011 3U - Ascham Trial with Solutions.pdf
197,1821cdabb4,963,ace+thsc,KEEP,thsc,Maths Extension 1/Y12-Trial/St Catherines 2010 w. sol.pdf
197,1821cdabb4,963,ace+thsc,dup,ace,Maths Extension 1/ACE-Trial/2010 3U - St Catherines Trial with Solutions.pdf
198,9ada831436,961,ace+thsc,KEEP,thsc,Maths Extension 2/Y12-Trial/Fort St 2019 w. sol.pdf
198,9ada831436,961,ace+thsc,dup,ace,Maths Extension 2/ACE-Trial/2019 4U - Fort St - Trial Paper (with Solutions).pdf
199,62a5eead60,959,ace+thsc,KEEP,thsc,Earth & Environmental Science/Y11-Yearly/Pymble 2004.pdf
199,62a5eead60,959,ace+thsc,dup,ace,Earth & Environmental Science/ACE-Yearly/2004 P EES - Pymble - Prelim Yearly Exam Paper (no solutions).pdf
200,941969731a,959,ace,KEEP,ace,English Advanced/ACE-Essay/English_Advanced_Resources_-_Excel_Essay_Writing.pdf
200,941969731a,959,ace,dup,ace,English Standard/ACE-Essay/English_Advanced_Resources_-_Excel_Essay_Writing.pdf
201,4770fbaf90,955,ace+thsc,KEEP,thsc,English/Y12-Trial-P1/James Ruse 2020 P1.pdf
201,4770fbaf90,955,ace+thsc,dup,ace,English Advanced/ACE-Trial/James Ruse 2020 English Trial Paper 1.pdf
202,981f602ae1,953,ace+thsc,KEEP,thsc,Maths Extension 2/Y12-Trial/Baulkham Hills 2016 w. sol.pdf
202,981f602ae1,953,ace+thsc,dup,ace,Maths Extension 2/ACE-Trial/2016_4U_-_Baulkham_Hills_Trial_with_solutions.pdf
203,7d3dcffef2,948,ace+thsc,KEEP,thsc,Maths Extension 2/Y12-Trial/Hunters Hill 2017 w. sol.pdf
203,7d3dcffef2,948,ace+thsc,dup,ace,Maths Extension 2/ACE-Trial/2017-4U-Hunters-Hill-Trials-with-Solutions.pdf
204,89e277ca7c,946,ace+thsc,KEEP,thsc,Earth & Environmental Science/Y11-Yearly/Pymble 2002.pdf
204,89e277ca7c,946,ace+thsc,dup,ace,Earth & Environmental Science/ACE-Yearly/2002 P EES - Pymble - Prelim Yearly Exam Paper (no solutions).pdf
205,8b7228e994,942,ace+thsc,KEEP,thsc,Economics/Y12-Trial/Abbotsleigh 2013 w. sol.pdf
205,8b7228e994,942,ace+thsc,dup,ace,Economics/ACE-Trial/2013 ECO - Abbotsleigh - Trial Paper.pdf
206,180b5f0002,936,ace+thsc,KEEP,thsc,Maths Extension 1/Y12-Trial/Killara 2017 w. sol.pdf
206,180b5f0002,936,ace+thsc,dup,ace,Maths Extension 1/ACE-Trial/2017-3U-Killara-Trials-with-Solutions.pdf
207,ed3cb16b07,936,ace+thsc,KEEP,thsc,Maths Extension 2/Y12-Trial/Hurlstone 2018 w. sol.pdf
207,ed3cb16b07,936,ace+thsc,dup,ace,Maths Extension 2/ACE-Trial/2018-4U-Hurlstone-Trials-with-Solutions.pdf
208,3ae5b8555b,935,ace+thsc,KEEP,thsc,English/Y12-Trial-P1/Fort St 2020 P1.pdf
208,3ae5b8555b,935,ace+thsc,dup,ace,English Advanced/ACE-Trial/Fort St 2020 English Trial Paper 1.pdf
209,ac9baaddcd,934,ace+thsc,KEEP,thsc,Maths Extension 1/Y12-Trial/St Catherines 2011 w. sol.pdf
209,ac9baaddcd,934,ace+thsc,dup,ace,Maths Extension 1/ACE-Trial/2011 3U - St Catherines Trial with Solutions.pdf
210,12be46c1a8,934,ace+thsc,KEEP,thsc,PDHPE/Y12-Trial/Scots Albury 2012.pdf
210,12be46c1a8,934,ace+thsc,dup,ace,PDHPE/ACE-Trial/2012_PDHPE_-_Scots_Albury_Trial_without_Solutions.pdf
211,cdd45143e1,927,ace+thsc,KEEP,thsc,Maths Extension 1/Y12-Trial/Baulkham Hills 2019 w. sol.pdf
211,cdd45143e1,927,ace+thsc,dup,ace,Maths Extension 1/ACE-Trial/2019 3U - Baulkham Hills - Trial Paper (with Solutions).pdf
212,7bedfc460c,926,ace+thsc,KEEP,thsc,Maths Extension 1/Y12-Trial/Cranbrook 2011 w. sol.pdf
212,7bedfc460c,926,ace+thsc,dup,ace,Maths Extension 1/ACE-Trial/2011 3U - Cranbrook Trial with Solutions.pdf
213,c0f1d0a918,926,ace+thsc,KEEP,thsc,Maths Advanced/Y12-Trial/Hurlstone 2018 w. sol.pdf
213,c0f1d0a918,926,ace+thsc,dup,ace,Maths Advanced/ACE-Trial/2018-2U-Hurlstone-Trials-with-Solutions.pdf
214,f2ee48289b,926,ace+thsc,KEEP,thsc,Maths Extension 2/Y12-Trial/Caringbah 2017 w. sol.pdf
214,f2ee48289b,926,ace+thsc,dup,ace,Maths Extension 2/ACE-Trial/2017-4U-Caringbah-Trials-with-Solutions.pdf
215,03b23f29c4,923,ace+thsc,KEEP,thsc,Biology/Y11-Yearly/Presbyterian 2018 w. sol.pdf
215,03b23f29c4,923,ace+thsc,dup,ace,Biology/ACE-Yearly/2018 P BIO - Presbyterian - Prelim Yearly Exam Paper.pdf
216,0bf3387f9a,920,ace,KEEP,ace,Physics/ACE-Trial/2020 PHY - Random Paper 2 - Trial Paper.pdf
216,0bf3387f9a,920,ace,dup,ace,Physics/ACE-Trial/2019 PHY - Random - Trial Paper (without Solutions).pdf
217,11af08683e,918,ace+thsc,KEEP,thsc,Maths Extension 2/Y12-Trial/Hurlstone 2016 w. sol.pdf
217,11af08683e,918,ace+thsc,dup,ace,Maths Extension 2/ACE-Trial/2016_4U_-_Hurlstone_Trial_with_solutions.pdf
218,05e7347163,917,ace+thsc,KEEP,thsc,Maths Extension 2/Y12-Trial/Penrith 2019 w. sol.pdf
218,05e7347163,917,ace+thsc,dup,ace,Maths Extension 2/ACE-Trial/2019 4U - Penrith - Trial Paper (with Solutions).pdf
219,eef166ba19,910,ace,KEEP,ace,Maths Standard 2/ACE-Assessment/Maths_General_Resources_-_Semester_1_2009_without_Solutions.pdf
219,eef166ba19,910,ace,dup,ace,Maths Standard 2/ACE-HalfYearly/2009 MS  - Blue Mountains Grammar - Half Yearly Exam Paper (no solutions).pdf
220,145df6b838,910,ace+thsc,KEEP,thsc,Maths Extension 2/Y12-Trial/Hornsby Girls 2018 w. sol.pdf
220,145df6b838,910,ace+thsc,dup,ace,Maths Extension 2/ACE-Trial/2018-4U-Hornsby-Girls-Trials-with-Solutions.pdf
221,27e81265e4,910,ace+thsc,KEEP,thsc,Economics/Y12-Trial/Sydney Tech 2014 w. sol.pdf
221,27e81265e4,910,ace+thsc,dup,ace,Economics/ACE-Trial/2014_Economics_-_Sydney_Tech_Trial_with_Solutions.pdf
222,8ab83e5664,909,ace+thsc,KEEP,thsc,Maths Advanced/Y12-Trial/Gosford 2010 w. sol.pdf
222,8ab83e5664,909,ace+thsc,dup,ace,Maths Advanced/ACE-Trial/2010 2U - Gosford Trial with Solutions.pdf
223,29c40afe17,906,ace,KEEP,ace,Physics/ACE-Trial/2020 PHY - Random Paper 1 - Trial Paper.pdf
223,29c40afe17,906,ace,dup,ace,Physics/ACE-Trial/2020 PHY - Baulkham Hills - Trial Paper.pdf
224,abe9142516,905,ace+thsc,KEEP,thsc,Maths Advanced/Y12-Trial/Sydney Grammar 2019 w. sol.pdf
224,abe9142516,905,ace+thsc,dup,ace,Maths Advanced/ACE-Trial/2019 2U - Sydney Grammar - Trial Paper (with Solutions).pdf
225,c73df85430,904,ace+thsc,KEEP,thsc,English/Y12-Trial-P1/Sydney Grammar 2020 P1.pdf
225,c73df85430,904,ace+thsc,dup,ace,English Advanced/ACE-Trial/Sydney Grammar 2020 English Trial Paper 1.pdf
226,fad687c226,903,ace+thsc,KEEP,thsc,Maths Extension 2/Y12-Trial/Sydney Tech 2011 w. sol.pdf
226,fad687c226,903,ace+thsc,dup,ace,Maths Extension 2/ACE-Trial/2011 4U - Sydney Tech Trial with Solutions.pdf
227,e47df9fc36,892,ace+thsc,KEEP,thsc,Maths Extension 1/Y12-Trial/St Catherines 2009 w. sol.pdf
227,e47df9fc36,892,ace+thsc,dup,ace,Maths Extension 1/ACE-Trial/2009_3U_-_St_Catherines_Trial_with_Solutions.pdf
228,bae8021d5e,890,ace+thsc,KEEP,thsc,Maths Advanced/Y12-Trial/Cranbrook 2009 w. sol.pdf
228,bae8021d5e,890,ace+thsc,dup,ace,Maths Advanced/ACE-Trial/2009_2U_-_Cranbrook_Trial_with_Solutions.pdf
229,9039c12be3,889,ace+thsc,KEEP,thsc,Physics/Y12-Trial/James Ruse 2002 w. sol.pdf
229,9039c12be3,889,ace+thsc,dup,ace,Physics/ACE-Trial/2002_Physics_-_James_Ruse_Trial_with_Solutions.pdf
230,21f847690c,885,ace,KEEP,ace,Maths Advanced/ACE-Trial/2020 2U - PHS - Trial Paper.pdf
230,21f847690c,885,ace,dup,ace,Maths Advanced/ACE-Trial/2020 2U - PHS - Trial Paper (with Solutions).pdf
231,d58c0c0f04,882,ace+thsc,KEEP,thsc,Maths Advanced/Y12-Trial/Caringbah 2016 w. sol.pdf
231,d58c0c0f04,882,ace+thsc,dup,ace,Maths Advanced/ACE-Trial/2016_2U_-_Caringbah_trial_with_Solutions.pdf
232,215cbae8c2,879,ace+thsc,KEEP,thsc,Earth & Environmental Science/Y11-Yearly/Pymble 2003.pdf
232,215cbae8c2,879,ace+thsc,dup,ace,Earth & Environmental Science/ACE-Yearly/2003 P EES - Pymble - Prelim Yearly Exam Paper (no solutions).pdf
233,7118507d1e,878,ace+thsc,KEEP,thsc,Maths Advanced/Y12-Trial/Blacktown Boys 2020 w. sol.pdf
233,7118507d1e,878,ace+thsc,dup,ace,Maths Advanced/ACE-Trial/2020 2U - Blacktown Boys HS - Trial Paper (with Solutions).pdf
234,cb844b05b5,874,ace+thsc,KEEP,thsc,Maths Advanced/Y12-Trial/Caringbah 2018 w. sol.pdf
234,cb844b05b5,874,ace+thsc,dup,ace,Maths Advanced/ACE-Trial/2018-2U-Caringbah-Trials-with-Solutions.pdf
235,635cc66ae0,873,ace+thsc,KEEP,thsc,Maths Advanced/Y12-Trial/St Catherines 2012 w. sol.pdf
235,635cc66ae0,873,ace+thsc,dup,ace,Maths Advanced/ACE-Trial/2012 2U - St Catherines Trial with Solutions.pdf
236,a3ad74da4e,872,ace+thsc,KEEP,thsc,Maths Advanced/Y12-Trial/Hurlstone 2017 w. sol.pdf
236,a3ad74da4e,872,ace+thsc,dup,ace,Maths Advanced/ACE-Trial/2017-2U-Hurlstone-Trials-with-Solutions.pdf
237,2b131dcfff,871,ace,KEEP,ace,Chemistry/ACE-Other/2019 CHEM - James Ruse - Theory Examination Paper.pdf
237,2b131dcfff,871,ace,dup,ace,Chemistry/ACE-Assessment/2019-CHEM-Term-1-Theory-Examination-James-Ruse-AS.pdf
238,7c973f273c,870,ace+thsc,KEEP,thsc,Maths Extension 1/Y12-Trial/Fort St 2019 w. sol.pdf
238,7c973f273c,870,ace+thsc,dup,ace,Maths Extension 1/ACE-Trial/2019 3U - Fort St - Trial Paper (with Solutions).pdf
239,41c6eb3e68,863,ace+thsc,KEEP,thsc,Maths Advanced/Y12-Trial/St George Girls 2018 w. sol.pdf
239,41c6eb3e68,863,ace+thsc,dup,ace,Maths Advanced/ACE-Trial/2018-2U-St-George-Girls-Trials-with-Solutions.pdf
240,41396716ec,862,ace+thsc,KEEP,thsc,English/Y12-Trial-P2-Adv/Port Hacking 2015 P2 (Adv.).pdf
240,41396716ec,862,ace+thsc,dup,ace,English Advanced/ACE-Trial/2015 English Advanced - Port Hacking Paper 2 Trial without Solutions.pdf
241,8d513ae50d,858,ace+thsc,KEEP,thsc,Maths Extension 1/Y12-Trial/Hurlstone 2017 w. sol.pdf
241,8d513ae50d,858,ace+thsc,dup,ace,Maths Extension 1/ACE-Trial/2017-3U-Hurlstone-Trials-with-Solutions.pdf
242,9f8188c9ef,857,ace+thsc,KEEP,thsc,Maths Extension 2/Y12-Trial/North Sydney Boys 2009 w. sol.pdf
242,9f8188c9ef,857,ace+thsc,dup,ace,Maths Extension 2/ACE-Trial/2009 4U - North Sydney Boys Trial with Solutions.pdf
243,5eaa1e555e,853,ace+thsc,KEEP,thsc,Chemistry/Y12-Trial/Baulkham Hills 2006.pdf
243,5eaa1e555e,853,ace+thsc,dup,ace,Chemistry/ACE-Trial/2006_Chemistry_-_Baulkham_Hills_without_Solutions.pdf
244,410ed5848c,852,ace+thsc,KEEP,thsc,Maths Standard 2/Y11-Yearly/Kings 2016 w. sol.pdf
244,410ed5848c,852,ace+thsc,dup,ace,Maths Standard 2/ACE-Yearly/2016 P MS - Kings - Prelim Yearly Exam Paper.pdf
245,6c7bec6599,851,ace+thsc,KEEP,thsc,Biology/Y12-Trial/James Ruse 2005 w. sol.pdf
245,6c7bec6599,851,ace+thsc,dup,ace,Biology/ACE-Trial/2005_Biology_-_James_Ruse_Trial_with_Solutions.pdf
246,c1eff5a99b,849,ace+thsc,KEEP,thsc,Maths Extension 1/Y11-Yearly/Sydney Tech 2019 w. sol.pdf
246,c1eff5a99b,849,ace+thsc,dup,ace,Maths Extension 1/ACE-Yearly/2019 P 3U - Sydney Tech - Prelim Yearly Exam Paper.pdf
247,1063f45fe4,847,ace,KEEP,ace,Community & Family Studies/ACE-Notes/2019-P-CAFS-CAFS-Prelim-Notes-Hazel-Alptekin.pdf
247,1063f45fe4,847,ace,dup,ace,Community & Family Studies/ACE-Notes/Extensive Detailed Prelim Notes on entire syllabus.pdf
248,2d7a5142fe,843,ace+thsc,KEEP,thsc,Maths Extension 2/Y12-Trial/Girraween 2015 w. sol.pdf
248,2d7a5142fe,843,ace+thsc,dup,ace,Maths Extension 2/ACE-Trial/2015 4U - Girraween Trial with Solutions.pdf
249,c3fd137818,843,ace+thsc,KEEP,thsc,Maths Advanced/Y12-Trial/Sydney Grammar 2017 w. sol.pdf
249,c3fd137818,843,ace+thsc,dup,ace,Maths Advanced/ACE-Trial/2017-2U-Sydney-Grammar-Trials-with-Solutions.pdf
250,e881662522,842,ace+thsc,KEEP,thsc,Maths Extension 1/Y12-Trial/Baulkham Hills 2016 w. sol.pdf
250,e881662522,842,ace+thsc,dup,ace,Maths Extension 1/ACE-Trial/2016_3U_-_Baulkham_Hills_Trial_with_solutions.pdf
251,c87e44d620,841,ace+thsc,KEEP,thsc,Physics/Y11-Yearly/Baulkham Hills 2009 w. sol.pdf
251,c87e44d620,841,ace+thsc,dup,ace,Physics/ACE-Yearly/2009 P PHY - Baulkham Hills - Prelim Yearly Exam Paper.pdf
252,16fba79df0,838,ace+thsc,KEEP,thsc,Maths Extension 1/Y12-Trial/Normanhurst Boys 2020 w. sol.pdf
252,16fba79df0,838,ace+thsc,dup,ace,Maths Extension 1/ACE-Trial/2020 3U - Normanhurst - Trial Paper (with Solutions).pdf
253,8710c2af96,831,ace+thsc,KEEP,thsc,Chemistry/Y11-Yearly/Strathfield Girls 2012.pdf
253,8710c2af96,831,ace+thsc,dup,ace,Chemistry/ACE-Yearly/2012 P CHEM - Strathfield Girls - Prelim Yearly Exam Paper (no solutions).pdf
254,3fcc583f40,829,ace+thsc,KEEP,thsc,Maths Advanced/Y12-Trial/Fort St 2009 w. sol.pdf
254,3fcc583f40,829,ace+thsc,dup,ace,Maths Advanced/ACE-Trial/2009_2U_-_Fort_St_Trial_with_Solutions.pdf
255,cdda0ba4da,828,ace+thsc,KEEP,thsc,Physics/Y12-Trial/Kincoppal 2008 w. sol.pdf
255,cdda0ba4da,828,ace+thsc,dup,ace,Physics/ACE-Trial/2008_Physics_-_Kincoppal_Trial_with_Solutions.pdf
256,357503f27a,824,ace,KEEP,ace,Physics/ACE-Notes/Physics_Notes_-_Ideas_to_Implementation_by_Isaac_Suh.pdf
256,357503f27a,824,ace,dup,ace,Physics/ACE-Notes/Physics_Notes_-_Ideas_to_Implementation_by_Isaac_Seunglee.pdf
257,15e28ee64f,823,ace+thsc,KEEP,thsc,Maths Extension 1/Y12-Trial/James Ruse 2018 w. sol.pdf
257,15e28ee64f,823,ace+thsc,dup,ace,Maths Extension 1/ACE-Trial/2018-3U-James-Ruse-Trials-with-Solutions.pdf
258,3e05d080c8,820,nesa,KEEP,nesa,English Advanced/HSC-NESA/2014-english-std-hsc-exam-paper-1.pdf
258,3e05d080c8,820,nesa,dup,nesa,English Standard/HSC-NESA/2014-english-std-hsc-exam-paper-1.pdf
259,e9dbe860e9,811,ace,KEEP,ace,Business Studies/ACE-Notes/Complete Course Notes.pdf
259,e9dbe860e9,811,ace,dup,ace,Business Studies/ACE-Notes/Notes on All Course (Jamie Podetti).pdf
260,4506269c03,807,ace+thsc,KEEP,thsc,Maths Advanced/Y12-Trial/Newington 2009 w. sol.pdf
260,4506269c03,807,ace+thsc,dup,ace,Maths Advanced/ACE-Trial/2009_2U_-_Newington_Trial_with_Solutions.pdf
261,ec652c9dbd,804,ace+thsc,KEEP,thsc,Maths Extension 2/Y12-Trial/Girraween 2013 w. sol.pdf
261,ec652c9dbd,804,ace+thsc,dup,ace,Maths Extension 2/ACE-Trial/2013 4U - Girraween Trial with Solutions.pdf
262,2d40d07244,803,ace+thsc,KEEP,thsc,Chemistry/Y12-Trial/St George Girls 2019.pdf
262,2d40d07244,803,ace+thsc,dup,ace,Chemistry/ACE-Trial/2019 CHEM - St George Girls  - Trial Paper (without Solutions).pdf
263,6e1502cd1d,801,ace+thsc,KEEP,thsc,Chemistry/Y11-Yearly/Hurlstone 2018.pdf
263,6e1502cd1d,801,ace+thsc,dup,ace,Chemistry/ACE-Yearly/2018 P CHEM - Hurlstone - Prelim Yearly Exam Paper (no solutions).pdf
264,9208f49c50,796,ace+thsc,KEEP,thsc,Maths Extension 1/Y12-Trial/Abbotsleigh 2016 w. sol.pdf
264,9208f49c50,796,ace+thsc,dup,ace,Maths Extension 1/ACE-Trial/2016_3U_-_Abbotsleigh_Trial_with_solutions.pdf
265,13e826e0e4,796,ace+thsc,KEEP,thsc,Maths Advanced/Y12-Trial/St George Girls 2009 w. sol.pdf
265,13e826e0e4,796,ace+thsc,dup,ace,Maths Advanced/ACE-Trial/2009_2U_-_St_George_Girls_Trial_with_Solutions.pdf
266,3d984282f9,791,ace+thsc,KEEP,thsc,Economics/Y11-Yearly/Sydney Tech 2012 w. sol.pdf
266,3d984282f9,791,ace+thsc,dup,ace,Economics/ACE-Yearly/2012 P ECO  - Sydney Tech - Prelim Yearly Exam Paper.pdf
267,e6ffebf9d8,784,ace+thsc,KEEP,thsc,Maths Extension 1/Y12-Trial/Hornsby Girls 2018 w. sol.pdf
267,e6ffebf9d8,784,ace+thsc,dup,ace,Maths Extension 1/ACE-Trial/2018-3U-Hornsby-Girls-Trials-with-Solutions.pdf
268,20ddb2c12e,783,ace+thsc,KEEP,thsc,Maths Extension 2/Y12-Trial/Pymble 2016 w. sol.pdf
268,20ddb2c12e,783,ace+thsc,dup,ace,Maths Extension 2/ACE-Trial/2016_4U_-_Pymble_Trial_with_solutions.pdf
269,9b525f1ce0,779,ace+thsc,KEEP,thsc,Chemistry/Y12-Trial/Cranbrook 2001 w. sol.pdf
269,9b525f1ce0,779,ace+thsc,dup,ace,Chemistry/ACE-Trial/2001_Chemistry_-_Cranbrook_with_Solutions.pdf
270,3a68d34e66,779,ace+thsc,KEEP,thsc,Maths Extension 2/Y12-Trial/St Catherines 2011 w. sol.pdf
270,3a68d34e66,779,ace+thsc,dup,ace,Maths Extension 2/ACE-Trial/2011 4U - St Catherines Trial with Solutions.pdf
271,e50cf35554,777,ace+thsc,KEEP,thsc,Modern History/Y11-Yearly/Cranbrook 2011.pdf
271,e50cf35554,777,ace+thsc,dup,ace,Modern History/ACE-Yearly/2011 P MH - Cranbrook - Prelim Yearly Exam Paper (no solutions).pdf
272,cac4e0abe5,776,ace+thsc,KEEP,thsc,Maths Advanced/Y12-Trial/Fort St 2016 w. sol.pdf
272,cac4e0abe5,776,ace+thsc,dup,ace,Maths Advanced/ACE-Trial/2016_2U_-_Fort_St_trial_with_Solutions.pdf
273,af59973aa0,775,ace+thsc,KEEP,thsc,Maths Extension 2/Y12-Trial/Cherrybrook Tech 2012 w. sol.pdf
273,af59973aa0,775,ace+thsc,dup,ace,Maths Extension 2/ACE-Trial/2012 4U - Cherrybrook Tech Trial with Solutions.pdf
274,0b3044f7af,770,ace+thsc,KEEP,thsc,Maths Extension 1/Y12-Trial/Cranbrook 2010 w. sol.pdf
274,0b3044f7af,770,ace+thsc,dup,ace,Maths Extension 1/ACE-Trial/2010 3U - Cranbrook Trial with Solutions.pdf
275,fee407e6e0,770,ace+thsc,KEEP,thsc,Maths Extension 2/Y12-Trial/Sydney Boys 2016 w. sol.pdf
275,fee407e6e0,770,ace+thsc,dup,ace,Maths Extension 2/ACE-Trial/2016_4U_-_Sydney_Boys_Trial_with_solutions.pdf
276,44df09408a,769,ace+thsc,KEEP,thsc,Agriculture/Y12-Trial/Hurlstone 2007.pdf
276,44df09408a,769,ace+thsc,dup,ace,Agriculture/ACE-Trial/Hurlstone-2007-Agriculture-Trials.pdf
277,d5f0443bac,768,ace+thsc,KEEP,thsc,Maths Extension 1/Y12-Trial/Scots 2012 w. sol.pdf
277,d5f0443bac,768,ace+thsc,dup,ace,Maths Extension 1/ACE-Trial/2012 3U - Scots Trial with Solutions.pdf
278,db5050c2ab,767,ace+thsc,KEEP,thsc,Maths Extension 1/Y12-Trial/James Ruse 2008 w. sol.pdf
278,db5050c2ab,767,ace+thsc,dup,ace,Maths Extension 1/ACE-Trial/2008_3U_-_James_Ruse_Trial_with_Solutions.pdf
279,18b27b29ba,763,ace+thsc,KEEP,thsc,Maths Advanced/Y12-Trial/Baulkham Hills 2016 w. sol.pdf
279,18b27b29ba,763,ace+thsc,dup,ace,Maths Advanced/ACE-Trial/2016_2U_-_Baulkham_Hills_trial_with_Solutions.pdf
280,aa26a040b0,761,ace+thsc,KEEP,thsc,Maths Extension 1/Y12-Trial/Hornsby Girls 2019 w. sol.pdf
280,aa26a040b0,761,ace+thsc,dup,ace,Maths Extension 1/ACE-Trial/2019 3U - Hornsby Girls - Trial Paper (with Solutions).pdf
281,f3dd211a02,760,ace+thsc,KEEP,thsc,Chemistry/Y11-Yearly/Strathfield Girls 2011 w. sol.pdf
281,f3dd211a02,760,ace+thsc,dup,ace,Chemistry/ACE-Yearly/2011 P CHEM - Strathfield Girls - Prelim Yearly Exam Paper.pdf
282,aa5e56fb08,759,ace+thsc,KEEP,thsc,Maths Extension 1/Y12-Trial/Hurlstone 2019 w. sol.pdf
282,aa5e56fb08,759,ace+thsc,dup,ace,Maths Extension 1/ACE-Trial/2019 3U - Hurlstone - Trial Paper (with Solutions).pdf
283,b9633ec726,753,ace+thsc,KEEP,thsc,English/Y12-Trial-P1/Pymble 2020 P1.pdf
283,b9633ec726,753,ace+thsc,dup,ace,English Advanced/ACE-Trial/Pymble 2020 English Trial Paper 1.pdf
284,204a353881,744,ace+thsc,KEEP,thsc,Maths Extension 1/Y12-Trial/Blacktown Boys 2020 w. sol.pdf
284,204a353881,744,ace+thsc,dup,ace,Maths Extension 1/ACE-Trial/2020 3U - Blacktown Boys High School - Trial Paper (with Solutions).pdf
285,0d71383c1e,742,ace+thsc,KEEP,thsc,Maths Extension 2/Y12-Trial/Fort St 2011 w. sol.pdf
285,0d71383c1e,742,ace+thsc,dup,ace,Maths Extension 2/ACE-Trial/2011 4U - Fort St Trial with Solutions.pdf
286,a1c9bf713c,740,ace+thsc,KEEP,thsc,Chemistry/Y11-Yearly/Hornsby Girls 2018 w. sol.pdf
286,a1c9bf713c,740,ace+thsc,dup,ace,Chemistry/ACE-Yearly/2018 P CHEM - Hornsby Girls - Prelim Yearly Exam Paper.pdf
287,0d8dee72f2,739,ace+thsc,KEEP,thsc,Maths Advanced/Y12-Trial/Hornsby Girls 2018 w. sol.pdf
287,0d8dee72f2,739,ace+thsc,dup,ace,Maths Advanced/ACE-Trial/2018-2U-Hornsby-Girls-Trials-with-Solutions.pdf
288,fede92d841,739,ace+thsc,KEEP,thsc,Maths Advanced/Y12-Trial/Hunters Hill 2016 w. sol.pdf
288,fede92d841,739,ace+thsc,dup,ace,Maths Advanced/ACE-Trial/2016_2U_-_Hunters_Hill_trial_with_Solutions.pdf
289,c7a551212b,736,ace+thsc,KEEP,thsc,Physics/Y11-Yearly/Hurlstone 2005 w. sol.pdf
289,c7a551212b,736,ace+thsc,dup,ace,Physics/ACE-Yearly/2005 P PHY - Hurlstone - Prelim Yearly Exam Paper.pdf
290,4f245139f9,729,ace+thsc,KEEP,thsc,Maths Extension 1/Y12-Trial/Cherrybrook Tech 2010 w. sol.pdf
290,4f245139f9,729,ace+thsc,dup,ace,Maths Extension 1/ACE-Trial/2010 3U - Cherrybrook Tech Trial with Solutions.pdf
291,bd2e6215c7,723,ace,KEEP,ace,English Advanced/ACE-Trial/2019-EA-2019-Baulkham-Hills-Trial-Paper-1.pdf
291,bd2e6215c7,723,ace,dup,ace,English Standard/ACE-Trial/2019-EA-2019-Baulkham-Hills-Trial-Paper-1.pdf
292,ec9fab604e,721,ace,KEEP,ace,Ancient History/ACE-Notes/Ancient History Study Notes.pdf
292,ec9fab604e,721,ace,dup,ace,Ancient History/ACE-Notes/Multiple-Notes-on-different-Topics.pdf
293,d75b8982a9,719,ace+thsc,KEEP,thsc,Physics/Y11-Yearly/Hurlstone 2006 w. sol.pdf
293,d75b8982a9,719,ace+thsc,dup,ace,Physics/ACE-Yearly/2006 P PHY - Hurlstone - Prelim Yearly Exam Paper.pdf
294,96e5ac41fd,716,ace+thsc,KEEP,thsc,PDHPE/Y12-Trial/Scots Albury 2015.pdf
294,96e5ac41fd,716,ace+thsc,dup,ace,PDHPE/ACE-Trial/2015_PDHPE_-_Scots_Albury_Trial_without_Solutions.pdf
295,878074d343,716,ace+thsc,KEEP,thsc,Maths Extension 1/Y12-Trial/Gosford 2010 w. sol.pdf
295,878074d343,716,ace+thsc,dup,ace,Maths Extension 1/ACE-Trial/2010 3U - Gosford Trial with Solutions.pdf
296,16fe346063,716,ace+thsc,KEEP,thsc,Maths Advanced/Y12-Trial/Sydney Grammar 2018 w. sol.pdf
296,16fe346063,716,ace+thsc,dup,ace,Maths Advanced/ACE-Trial/2018-2U-Sydney-Grammar-Trials-with-Solutions.pdf
297,de49ce1314,716,ace+thsc,KEEP,thsc,Maths Extension 2/Y12-Trial/Hornsby Girls 2016 w. sol.pdf
297,de49ce1314,716,ace+thsc,dup,ace,Maths Extension 2/ACE-Trial/2016_4U_-_Hornsby_Girls_Trial_with_solutions.pdf
298,70b9016124,711,ace+thsc,KEEP,thsc,Maths Extension 2/Y12-Trial/Gosford 2020 w. sol.pdf
298,70b9016124,711,ace+thsc,dup,ace,Maths Extension 2/ACE-Trial/2020 4U - Gosford - Trial Paper (with Solutions).pdf
299,0cf2891340,711,ace+thsc,KEEP,thsc,Economics/Y12-Trial/Ravenswood 2012 w. sol.pdf
299,0cf2891340,711,ace+thsc,dup,ace,Economics/ACE-Trial/2012_Economics_-_Ravenswood_Trial_with_Solutions.pdf
300,708f00a3e0,709,ace+thsc,KEEP,thsc,Maths Advanced/Y12-Trial/Sydney Tech 2019 w. sol.pdf
300,708f00a3e0,709,ace+thsc,dup,ace,Maths Advanced/ACE-Trial/2019 2U - Sydney Tech - Trial Paper (with Solutions).pdf
301,b9c7202d16,705,ace+thsc,KEEP,thsc,Chemistry/Y12-Trial/Sydney Grammar 2001.pdf
301,b9c7202d16,705,ace+thsc,dup,ace,Chemistry/ACE-Trial/2001_Chemistry_-_Sydney_Grammar_without_Solutions.pdf
302,8f2a8c8499,705,ace+thsc,KEEP,thsc,Maths Extension 2/Y12-Trial/St George Girls 2014 w. sol.pdf
302,8f2a8c8499,705,ace+thsc,dup,ace,Maths Extension 2/ACE-Trial/2014 4U - St George Girls Trial with Solutions.pdf
303,173e64ef1c,702,ace+thsc,KEEP,thsc,Maths Extension 1/Y12-Trial/Hunters Hill 2018 w. sol.pdf
303,173e64ef1c,702,ace+thsc,dup,ace,Maths Extension 1/ACE-Trial/2018-3U-Hunters-Hill-Trials-with-Solutions.pdf
304,459c0d7b9c,701,ace+thsc,KEEP,thsc,Maths Extension 1/Y12-Trial/Girraween 2016 w. sol.pdf
304,459c0d7b9c,701,ace+thsc,dup,ace,Maths Extension 1/ACE-Trial/2016_3U_-_Girraween_Trial_with_solutions.pdf
305,56f265a971,700,ace+thsc,KEEP,thsc,Chemistry/Y11-Yearly/Penrith 2010.pdf
305,56f265a971,700,ace+thsc,dup,ace,Chemistry/ACE-Yearly/2010 P CHEM - Penrith - Prelim Yearly Exam Paper (no solutions).pdf
306,86354d1c1e,700,ace+thsc,KEEP,thsc,Maths Extension 1/Y12-Trial/Sydney Grammar 2017 w. sol.pdf
306,86354d1c1e,700,ace+thsc,dup,ace,Maths Extension 1/ACE-Trial/2017-3U-Sydney-Grammar-Trials-with-Solutions.pdf
307,5811d9d4f5,700,ace+thsc,KEEP,thsc,Maths Advanced/Y12-Trial/North Sydney Boys 2017 w. sol.pdf
307,5811d9d4f5,700,ace+thsc,dup,ace,Maths Advanced/ACE-Trial/2017-2U-North-Sydney-Boys-Trials-with-Solutions.pdf
308,e57413924e,698,ace+thsc,KEEP,thsc,Earth & Environmental Science/Y11-Yearly/Pymble 2005.pdf
308,e57413924e,698,ace+thsc,dup,ace,Earth & Environmental Science/ACE-Yearly/2005 P EES - Pymble - Prelim Yearly Exam Paper (no solutions).pdf
309,da820d56fc,692,ace+thsc,KEEP,thsc,Maths Extension 2/Y12-Trial/Penrith 2010 w. sol.pdf
309,da820d56fc,692,ace+thsc,dup,ace,Maths Extension 2/ACE-Trial/2010 4U - Penrith Trial with Solutions.pdf
310,be540b8dbf,689,thsc,KEEP,thsc,Maths Extension 1/Y11-Yearly/Blacktown Boys 2019 w. sol.pdf
310,be540b8dbf,689,thsc,dup,thsc,Maths Extension 1/Y11-Yearly/Blacktown Boys 2023 w. sol.pdf
311,d8f1ad37e8,689,ace+thsc,KEEP,thsc,Economics/Y12-Trial/Sydney Tech 2013 w. sol.pdf
311,d8f1ad37e8,689,ace+thsc,dup,ace,Economics/ACE-Trial/2013_Economics_-_Sydney_Tech_Trial_with_Solutions.pdf
312,bf5f6eb131,686,ace+thsc,KEEP,thsc,Chemistry/Y12-Trial/Sydney Grammar 2007 w. sol.pdf
312,bf5f6eb131,686,ace+thsc,dup,ace,Chemistry/ACE-Trial/2007_Chemistry_-_Sydney_Grammar_with_Solutions.pdf
313,15b0433b56,683,ace+thsc,KEEP,thsc,English/Y12-Trial-P1/Hornsby Girls 2020 P1.pdf
313,15b0433b56,683,ace+thsc,dup,ace,English Advanced/ACE-Trial/Hornsby Girls 2020 English Trial Paper 1.pdf
314,671530c0c1,682,ace+thsc,KEEP,thsc,Maths Extension 1/Y12-Trial/Cherrybrook Tech 2011 w. sol.pdf
314,671530c0c1,682,ace+thsc,dup,ace,Maths Extension 1/ACE-Trial/2011 3U - Cherrybrook Tech Trial with Solutions.pdf
315,a142bbaab5,682,ace+thsc,KEEP,thsc,Maths Extension 2/Y12-Trial/Girraween 2018 w. sol.pdf
315,a142bbaab5,682,ace+thsc,dup,ace,Maths Extension 2/ACE-Trial/2018-4U-Girraween-Trials-with-Solutions.pdf
316,c1b7459b91,681,ace,KEEP,ace,Maths Extension 2/ACE-Trial/2010 4U - SCEGGS Trial with Solutions.pdf
316,c1b7459b91,681,ace,dup,ace,Maths Extension 2/ACE-Trial/2010 4U - Riverview Trial with Solutions.pdf
317,3fb522d1e9,681,ace+thsc,KEEP,thsc,Maths Extension 1/Y12-Trial/Barker 2014 w. sol.pdf
317,3fb522d1e9,681,ace+thsc,dup,ace,Maths Extension 1/ACE-Trial/2014 3U - Barker Trial with Solutions.pdf
318,fbc590ca48,673,ace+thsc,KEEP,thsc,Biology/Y12-Trial/Kings 2014.pdf
318,fbc590ca48,673,ace+thsc,dup,ace,Biology/ACE-Trial/Kings-2014-Biology-Trials.pdf
319,7f33b155ce,669,ace+thsc,KEEP,thsc,Maths Extension 2/Y12-Trial/St George Girls 2012 w. sol.pdf
319,7f33b155ce,669,ace+thsc,dup,ace,Maths Extension 2/ACE-Trial/2012 4U - St George Girls Trial with Solutions.pdf
320,f2deba9582,669,ace+thsc,KEEP,thsc,Maths Extension 2/Y12-Trial/Hurlstone 2017 w. sol.pdf
320,f2deba9582,669,ace+thsc,dup,ace,Maths Extension 2/ACE-Trial/2017-4U-Hurlstone-Trials-with-Solutions.pdf
321,1c6c0ebe4f,667,ace+thsc,KEEP,thsc,Maths Extension 1/Y12-Trial/Caringbah 2018 w. sol.pdf
321,1c6c0ebe4f,667,ace+thsc,dup,ace,Maths Extension 1/ACE-Trial/2018-3U-Caringbah-Trials-with-Solutions.pdf
322,8ea1775395,664,ace+thsc,KEEP,thsc,Maths Advanced/Y12-Trial/Penrith 2017 w. sol.pdf
322,8ea1775395,664,ace+thsc,dup,ace,Maths Advanced/ACE-Trial/2017-2U-Penrith-Trials-with-Solutions.pdf
323,490b232be2,663,ace+thsc,KEEP,thsc,Maths Extension 2/Y12-Trial/Sydney Girls 2010 w. sol.pdf
323,490b232be2,663,ace+thsc,dup,ace,Maths Extension 2/ACE-Trial/2010 4U - Sydney Girls Trial with Solutions.pdf
324,7307afc363,663,ace+thsc,KEEP,thsc,Maths Extension 2/Y12-Trial/Sydney Girls 2009 w. sol.pdf
324,7307afc363,663,ace+thsc,dup,ace,Maths Extension 2/ACE-Trial/2009 4U - Sydney Girls Trial with Solutions.pdf
325,7db18997e3,656,ace+thsc,KEEP,thsc,Maths Extension 1/Y12-Trial/Newcastle Grammar 2016 w. sol.pdf
325,7db18997e3,656,ace+thsc,dup,ace,Maths Extension 1/ACE-Trial/2016_3U_-_Newcastle_Grammar_Trial_with_solutions.pdf
326,f3d3188455,656,ace+thsc,KEEP,thsc,Maths Extension 2/Y12-Trial/Sydney Tech 2017 w. sol.pdf
326,f3d3188455,656,ace+thsc,dup,ace,Maths Extension 2/ACE-Trial/2017-4U-Sydney-Tech-Trials-with-Solutions.pdf
327,649ba21cb3,654,ace+thsc,KEEP,thsc,Maths Advanced/Y12-Trial/Sydney Grammar 2016 w. sol.pdf
327,649ba21cb3,654,ace+thsc,dup,ace,Maths Advanced/ACE-Trial/2016_2U_-_Sydney_Grammar_trial_with_Solutions.pdf
328,aba422718a,654,ace+thsc,KEEP,thsc,Chemistry/Y12-Trial/Baulkham Hills 2009 w. sol.pdf
328,aba422718a,654,ace+thsc,dup,ace,Chemistry/ACE-Trial/2009_Chemistry_-_Baulkham_Hills_with_Solutions.pdf
329,641651ce2b,653,ace+thsc,KEEP,thsc,English/Y12-Trial-P1/Normanhurst Boys 2020 P1.pdf
329,641651ce2b,653,ace+thsc,dup,ace,English Advanced/ACE-Trial/Normanhurst Boys 2020 English Trial Paper 1.pdf
330,6b40d7f1ae,652,ace+thsc,KEEP,thsc,English/Y12-Trial-P1/Ryde Secondary 2015 P1.pdf
330,6b40d7f1ae,652,ace+thsc,dup,ace,English Advanced/ACE-Trial/2015 English (Advanced & Standard) - Ryde Secondary Paper 1 Trial without Solutions.pdf
330,6b40d7f1ae,652,ace+thsc,dup,ace,English Standard/ACE-Trial/2015 English (Advanced & Standard) - Ryde Secondary Paper 1 Trial without Solutions.pdf
331,646f0721cf,652,ace+thsc,KEEP,thsc,Chemistry/Y12-Trial/James Ruse 2013 w. sol.pdf
331,646f0721cf,652,ace+thsc,dup,ace,Chemistry/ACE-Trial/2013_Chemistry_-_James_Ruse_with_Solutions.pdf
332,ed96210c9d,652,ace+thsc,KEEP,thsc,Physics/Y12-Trial/Sydney Boys 2012 w. sol.pdf
332,ed96210c9d,652,ace+thsc,dup,ace,Physics/ACE-Trial/2012_Physics_-_Sydney_Boys_Trial_with_Solutions.pdf
333,23c6311998,650,ace+thsc,KEEP,thsc,Maths Extension 1/Y11-Yearly/Sydney Tech 2017 w. sol.pdf
333,23c6311998,650,ace+thsc,dup,ace,Maths Extension 1/ACE-Yearly/2017 P 3U - Sydney Tech - Prelim Yearly Exam Paper.pdf
334,0def28ce5c,646,ace+thsc,KEEP,thsc,Maths Advanced/Y12-Trial/Girraween 2017 w. sol.pdf
334,0def28ce5c,646,ace+thsc,dup,ace,Maths Advanced/ACE-Trial/2017-2U-Girraween-Trials-with-Solutions.pdf
335,243d7dcb77,646,ace+thsc,KEEP,thsc,IPT/Y12-Trial/James Ruse 2009 w. sol.pdf
335,243d7dcb77,646,ace+thsc,dup,ace,IPT/ACE-Trial/2009_IPT_-_James_Ruse_Trial_with_Solutions.pdf
336,143a9955fe,644,ace+thsc,KEEP,thsc,Maths Advanced/Y12-Trial/Normanhurst Boys 2016 w. sol.pdf
336,143a9955fe,644,ace+thsc,dup,ace,Maths Advanced/ACE-Trial/2016_2U_-_Normanhurst_Boys_trial_with_Solutions.pdf
337,b83157f94c,641,ace+thsc,KEEP,thsc,Maths Extension 2/Y12-Trial/Penrith 2016 w. sol.pdf
337,b83157f94c,641,ace+thsc,dup,ace,Maths Extension 2/ACE-Trial/2016_4U_-_Penrith_Trial_with_solutions.pdf
338,06ef7a107e,641,ace+thsc,KEEP,thsc,English/Y12-Trial-P2-Adv/Barker 2010 P2 (Adv.).pdf
338,06ef7a107e,641,ace+thsc,dup,ace,English Advanced/ACE-Trial/2010 English Advanced - Barker Paper 2 Trial without Solutions.pdf
339,4728c7dcf1,640,ace+thsc,KEEP,thsc,Maths Extension 1/Y12-Trial/Hurlstone 2018 w. sol.pdf
339,4728c7dcf1,640,ace+thsc,dup,ace,Maths Extension 1/ACE-Trial/2018-3U-Hurlstone-Trials-with-Solutions.pdf
340,7e7b3fc78e,636,ace,KEEP,ace,Business Studies/ACE-Notes/Notes-Topic-3-Business-Planning-Raquel.pdf
340,7e7b3fc78e,636,ace,dup,ace,Business Studies/ACE-Notes/Detailed Notes on Topic Three - (Business Planning).pdf
341,5324f0adf6,635,thsc,KEEP,thsc,Maths Advanced/Y11-Yearly/Abbotsleigh 2024.pdf
341,5324f0adf6,635,thsc,dup,thsc,Maths Extension 1/Y11-Yearly/Abbotsleigh 2024.pdf
342,794f3abd48,633,ace+thsc,KEEP,thsc,Maths Advanced/Y12-Trial/Normanhurst Boys 2018 w. sol.pdf
342,794f3abd48,633,ace+thsc,dup,ace,Maths Advanced/ACE-Trial/2018-2U-Normanhurst-Boys-Trials-with-Solutions.pdf
343,ef28cc6744,633,ace+thsc,KEEP,thsc,Biology/Y11-Yearly/Hornsby Girls 2020.pdf
343,ef28cc6744,633,ace+thsc,dup,ace,Biology/ACE-Yearly/hornsby-girls-high-school-biology-past-paaper-631bb9e9b61da.pdf
344,33c5b54b36,631,ace+thsc,KEEP,thsc,Chemistry/Y11-Yearly/James Ruse 2005 w. sol.pdf
344,33c5b54b36,631,ace+thsc,dup,ace,Chemistry/ACE-Yearly/2005 P CHEM - James Ruse - Prelim Yearly Exam Paper.pdf
345,f0d1f1a2fd,630,ace+thsc,KEEP,thsc,Maths Advanced/Y12-Trial/Baulkham Hills 2011 w. sol.pdf
345,f0d1f1a2fd,630,ace+thsc,dup,ace,Maths Advanced/ACE-Trial/2011 2U - Baulkham Hills Trial with Solutions.pdf
346,e1b7884e6a,630,ace+thsc,KEEP,thsc,Maths Extension 2/Y12-Trial/James Ruse 2011 w. sol.pdf
346,e1b7884e6a,630,ace+thsc,dup,ace,Maths Extension 2/ACE-Trial/2011 4U - James Ruse Trial with Solutions.pdf
347,bec954709f,628,ace+thsc,KEEP,thsc,Maths Extension 1/Y12-Trial/Penrith 2018 w. sol.pdf
347,bec954709f,628,ace+thsc,dup,ace,Maths Extension 1/ACE-Trial/2018-3U-Penrith-Trials-with-Solutions.pdf
348,cdb3473c1d,625,ace+thsc,KEEP,thsc,English/Y12-Trial-P2-Adv/Caringbah 2020 P2 (Adv.).pdf
348,cdb3473c1d,625,ace+thsc,dup,ace,English Advanced/ACE-Trial/Caringbah 2020 English Trial Paper 2 Advanced.pdf
349,624d675179,624,ace+thsc,KEEP,thsc,IPT/Y11-Yearly/James Ruse 2010 w. sol.pdf
349,624d675179,624,ace+thsc,dup,ace,IPT/ACE-Yearly/2010 P IPT - James - Prelim Yearly Exam Paper.pdf
350,09f4b46f6f,623,ace+thsc,KEEP,thsc,Maths Extension 2/Y12-Trial/Abbotsleigh 2016 w. sol.pdf
350,09f4b46f6f,623,ace+thsc,dup,ace,Maths Extension 2/ACE-Trial/2016_4U_-_Abbotsleigh_Trial_with_solutions.pdf
351,3a23b68bee,618,ace+thsc,KEEP,thsc,Maths Extension 2/Y12-Trial/Cherrybrook Tech 2010 w. sol.pdf
351,3a23b68bee,618,ace+thsc,dup,ace,Maths Extension 2/ACE-Trial/2010 4U - Cherrybrook Tech Trial with Solutions.pdf
352,169f861654,617,ace+thsc,KEEP,thsc,Maths Extension 1/Y12-Trial/North Sydney Boys 2018 w. sol.pdf
352,169f861654,617,ace+thsc,dup,ace,Maths Extension 1/ACE-Trial/2018-3U-North-Sydney-Boys-Trials-with-Solutions.pdf
353,222746f687,615,ace+thsc,KEEP,thsc,Maths Extension 2/Y12-Trial/Sydney Tech 2014 w. sol.pdf
353,222746f687,615,ace+thsc,dup,ace,Maths Extension 2/ACE-Trial/2014 4U - Sydney Tech Trial with Solutions.pdf
354,3aa16a5f30,612,ace+thsc,KEEP,thsc,Business Studies/Y12-Trial/Roseville 2012 w. sol.pdf
354,3aa16a5f30,612,ace+thsc,dup,ace,Business Studies/ACE-Trial/2012 Business - Roseville Trial with Solutions.pdf
355,2705e8b118,612,ace+thsc,KEEP,thsc,Maths Extension 2/Y12-Trial/Manly 2012 w. sol.pdf
355,2705e8b118,612,ace+thsc,dup,ace,Maths Extension 2/ACE-Trial/2012 4U - Manly Trial with Solutions.pdf
356,ad510e4a41,612,ace+thsc,KEEP,thsc,Business Studies/Y12-Trial/Shore 2013.pdf
356,ad510e4a41,612,ace+thsc,dup,ace,Business Studies/ACE-Trial/2013 Business - Shore Trial without Solutions.pdf
357,b2f11f6384,611,ace+thsc,KEEP,thsc,English/Y12-Trial-P2-Adv/Ryde Secondary 2015 P2 (Adv.).pdf
357,b2f11f6384,611,ace+thsc,dup,ace,English Advanced/ACE-Trial/2015 English Advanced - Ryde Secondary Paper 2 Trial without Solutions.pdf
358,f723d8a8b0,609,ace+thsc,KEEP,thsc,Maths Extension 1/Y11-Yearly/Baulkham Hills 2017 w. sol.pdf
358,f723d8a8b0,609,ace+thsc,dup,ace,Maths Extension 1/ACE-Yearly/2017 P 3U - Baulkham Hills - Prelim Yearly Exam Paper.pdf
359,32e6c3308e,608,ace+thsc,KEEP,thsc,Maths Extension 1/Y12-Trial/James Ruse 2017 w. sol.pdf
359,32e6c3308e,608,ace+thsc,dup,ace,Maths Extension 1/ACE-Trial/2017-3U-James-Ruse-Trials-with-Solutions.pdf
360,8a1c9ce9b2,605,ace+thsc,KEEP,thsc,English/Y12-Trial-P1/Homebush Boys 2020 P1.pdf
360,8a1c9ce9b2,605,ace+thsc,dup,ace,English Advanced/ACE-Trial/Homebush Boys 2020 English Trial Paper 1.pdf
361,4c0f468617,602,ace+thsc,KEEP,thsc,Maths Extension 1/Y12-Trial/St Catherines 2012 w. sol.pdf
361,4c0f468617,602,ace+thsc,dup,ace,Maths Extension 1/ACE-Trial/2012 3U - St Catherines Trial with Solutions.pdf
362,76de64e4b9,601,ace+thsc,KEEP,thsc,Maths Extension 1/Y12-Trial/Knox 2008 w. sol.pdf
362,76de64e4b9,601,ace+thsc,dup,ace,Maths Extension 1/ACE-Trial/2008_3U_-_Knox_Trial_with_Solutions.pdf
363,4bcee0b7a4,601,ace+thsc,KEEP,thsc,Chemistry/Y12-Trial/Cranbrook 2002.pdf
363,4bcee0b7a4,601,ace+thsc,dup,ace,Chemistry/ACE-Trial/2002_Chemistry_-_Cranbrook_without_Solutions.pdf
364,60b53ab92a,597,ace+thsc,KEEP,thsc,English Extension 1/Y12-Trial/Sydney Grammar 2020.pdf
364,60b53ab92a,597,ace+thsc,dup,ace,English Extension 1/ACE-Trial/sydney-grammar-2020-extension-1-english-trial-paper-635c6a1daf5a5.pdf
365,fe4528488f,597,ace+thsc,KEEP,thsc,Maths Advanced/Y11-Yearly/Baulkham Hills 2015 w. sol.pdf
365,fe4528488f,597,ace+thsc,dup,ace,Maths Advanced/ACE-Yearly/2015 P 2U - Baulkham Hills - Prelim Yearly Exam Paper.pdf
366,bfce491840,596,ace+thsc,KEEP,thsc,Maths Advanced/Y12-Trial/Girraween 2018 w. sol.pdf
366,bfce491840,596,ace+thsc,dup,ace,Maths Advanced/ACE-Trial/2018-2U-Girraween-Trials-with-Solutions.pdf
367,53cbffa3af,590,ace+thsc,KEEP,thsc,Maths Extension 2/Y12-Trial/North Sydney Girls 2016 w. sol.pdf
367,53cbffa3af,590,ace+thsc,dup,ace,Maths Extension 2/ACE-Trial/2016_4U_-_North_Sydney_Girls_Trial_with_solutions.pdf
368,057e231cbd,589,ace+thsc,KEEP,thsc,Maths Extension 2/Y12-Trial/Fort St 2010 w. sol.pdf
368,057e231cbd,589,ace+thsc,dup,ace,Maths Extension 2/ACE-Trial/2010 4U - Fort St Trial with Solutions.pdf
369,d73874925b,583,ace+thsc,KEEP,thsc,Physics/Y11-Yearly/Hurlstone 2007 w. sol.pdf
369,d73874925b,583,ace+thsc,dup,ace,Physics/ACE-Yearly/2007 P PHY - Hurlstone - Prelim Yearly Exam Paper.pdf
370,e3cbe10c16,583,ace+thsc,KEEP,thsc,Maths Extension 2/Y12-Trial/Hornsby Girls 2010 w. sol.pdf
370,e3cbe10c16,583,ace+thsc,dup,ace,Maths Extension 2/ACE-Trial/2010 4U - Hornsby Girls Trial with Solutions.pdf
371,e72e2bb54a,579,ace+thsc,KEEP,thsc,Agriculture/Y12-Trial/James Ruse 2011.pdf
371,e72e2bb54a,579,ace+thsc,dup,ace,Agriculture/ACE-Trial/James-Ruse-2011-Agriculture-Trials.pdf
372,7cd85fdf7b,579,ace+thsc,KEEP,thsc,English/Y12-Trial-P2-Adv/St Catherines 2015 P2 (Adv.).pdf
372,7cd85fdf7b,579,ace+thsc,dup,ace,English Advanced/ACE-Trial/2015 English Advanced - St Catherines Paper 2 Trial without Solutions.pdf
373,094b296553,575,ace+thsc,KEEP,thsc,Maths Extension 1/Y12-Trial/Hurlstone 2009 w. sol.pdf
373,094b296553,575,ace+thsc,dup,ace,Maths Extension 1/ACE-Trial/2009_3U_-_Hurlstone_Trial_with_Solutions.pdf
374,eed1757481,573,ace+thsc,KEEP,thsc,Maths Extension 1/Y12-Trial/Fort St 2017 w. sol.pdf
374,eed1757481,573,ace+thsc,dup,ace,Maths Extension 1/ACE-Trial/2017-3U-Fort-St-Trials-with-Solutions.pdf
375,7b0bc5b07a,571,ace+thsc,KEEP,thsc,Maths Extension 2/Y12-Trial/Penrith 2013 w. sol.pdf
375,7b0bc5b07a,571,ace+thsc,dup,ace,Maths Extension 2/ACE-Trial/2013 4U - Penrith Trial with Solutions.pdf
376,dd4973b93e,565,ace+thsc,KEEP,thsc,English/Y12-Trial-P1/Sydney Grammar 2019 P1 Practice Exam 1.pdf
376,dd4973b93e,565,ace+thsc,dup,ace,English Advanced/ACE-Trial/2019-EA-2019-Sydney-Grammar-Trial-Paper-1.pdf
376,dd4973b93e,565,ace+thsc,dup,ace,English Standard/ACE-Trial/2019-EA-2019-Sydney-Grammar-Trial-Paper-1.pdf
377,0a0f000773,564,ace+thsc,KEEP,thsc,Economics/Y12-Trial/Sydney Boys 2020 w. sol.pdf
377,0a0f000773,564,ace+thsc,dup,ace,Economics/ACE-Trial/Sydney-Boys-2020-Economics-Trials-&-Solutions.pdf
378,b2d08b699c,563,ace+thsc,KEEP,thsc,Maths Extension 1/Y12-Trial/North Sydney Boys 2010 w. sol.pdf
378,b2d08b699c,563,ace+thsc,dup,ace,Maths Extension 1/ACE-Trial/2010 3U - North Sydney Boys Trial with Solutions.pdf
379,6cfebdd287,562,ace+thsc,KEEP,thsc,Maths Extension 2/Y12-Trial/Gosford 2016 w. sol.pdf
379,6cfebdd287,562,ace+thsc,dup,ace,Maths Extension 2/ACE-Trial/2016_4U_-_Gosford_Trial_with_solutions.pdf
380,5ec0d590e0,559,ace+thsc,KEEP,thsc,Chemistry/Y11-Yearly/Sydney Boys 2018 w. sol.pdf
380,5ec0d590e0,559,ace+thsc,dup,ace,Chemistry/ACE-Yearly/2018 P CHEM - Sydney Boys - Prelim Yearly Exam Paper.pdf
381,bf78d6a6fa,559,ace+thsc,KEEP,thsc,Maths Extension 2/Y12-Trial/Girraween 2014 w. sol.pdf
381,bf78d6a6fa,559,ace+thsc,dup,ace,Maths Extension 2/ACE-Trial/2014 4U - Girraween Trial with Solutions.pdf
382,931add0882,556,ace+thsc,KEEP,thsc,Maths Extension 1/Y12-Trial/Penrith 2019 w. sol.pdf
382,931add0882,556,ace+thsc,dup,ace,Maths Extension 1/ACE-Trial/2019 3U - Penrith - Trial Paper (with Solutions).pdf
383,982e375127,554,ace+thsc,KEEP,thsc,Maths Advanced/Y12-Trial/Cherrybrook Tech 2011 w. sol.pdf
383,982e375127,554,ace+thsc,dup,ace,Maths Advanced/ACE-Trial/2011 2U - Cherrybrook Tech Trial with Solutions.pdf
384,eb70c5b390,553,ace+thsc,KEEP,thsc,Biology/Y12-Trial/Sydney Girls 2002.pdf
384,eb70c5b390,553,ace+thsc,dup,ace,Biology/ACE-Trial/2002_Biology_-_Sydney_Girls_Trial_without_Solutions.pdf
385,c4f40d06cd,552,ace+thsc,KEEP,thsc,Maths Advanced/Y12-Trial/Gosford 2019 w. sol.pdf
385,c4f40d06cd,552,ace+thsc,dup,ace,Maths Advanced/ACE-Trial/2019 2U - Gosford - Trial Paper (with Solutions).pdf
386,1c87a87d63,548,ace+thsc,KEEP,thsc,English/Y12-Trial-P1/James Ruse 2019 P1 Practice Exam 1.pdf
386,1c87a87d63,548,ace+thsc,dup,ace,English Advanced/ACE-Other/2019-EA-Practice-Paper-1-James-Ruse.pdf
387,86f3cee53b,548,ace+thsc,KEEP,thsc,Maths Advanced/Y12-Trial/Girraween 2011 w. sol.pdf
387,86f3cee53b,548,ace+thsc,dup,ace,Maths Advanced/ACE-Trial/2011 2U - Girraween Trial with Solutions.pdf
388,d7df3df3cd,548,ace+thsc,KEEP,thsc,Earth & Environmental Science/Y11-Yearly/Pymble 2006.pdf
388,d7df3df3cd,548,ace+thsc,dup,ace,Earth & Environmental Science/ACE-Yearly/2006 P EES - Pymble - Prelim Yearly Exam Paper (no solutions).pdf
389,2cc4f697a4,543,ace+thsc,KEEP,thsc,Biology/Y11-Yearly/Pymble 2004.pdf
389,2cc4f697a4,543,ace+thsc,dup,ace,Biology/ACE-Yearly/2004 P BIO - Pymble - Prelim Yearly Exam Paper (no solutions).pdf
390,1e32b67759,543,ace+thsc,KEEP,thsc,Maths Extension 1/Y12-Trial/Manly 2020 w. sol.pdf
390,1e32b67759,543,ace+thsc,dup,ace,Maths Extension 1/ACE-Trial/2020 3U - Manly - Trial Paper (with Solutions).pdf
391,f79caeceb8,542,ace+thsc,KEEP,thsc,Maths Advanced/Y12-Trial/North Sydney Boys 2018 w. sol.pdf
391,f79caeceb8,542,ace+thsc,dup,ace,Maths Advanced/ACE-Trial/2018-2U-North-Sydney-Boys-Trials-with-Solutions.pdf
392,fd8186e100,542,ace+thsc,KEEP,thsc,Maths Extension 2/Y12-Trial/Blacktown Boys 2018 w. sol.pdf
392,fd8186e100,542,ace+thsc,dup,ace,Maths Extension 2/ACE-Trial/2018-4U-Blacktown-Boys-Trials-with-Solutions.pdf
393,fe7f8f31fe,541,ace+thsc,KEEP,thsc,Maths Advanced/Y12-Trial/Hunters Hill 2017 w. sol.pdf
393,fe7f8f31fe,541,ace+thsc,dup,ace,Maths Advanced/ACE-Trial/2017-2U-Hunters-Hill-Trials-with-Solutions.pdf
394,b81ea0de6b,540,ace+thsc,KEEP,thsc,Chemistry/Y11-Yearly/Knox 2009.pdf
394,b81ea0de6b,540,ace+thsc,dup,ace,Chemistry/ACE-Yearly/2009 P CHEM - Knox - Prelim Yearly Exam Paper (no solutions).pdf
395,6457e5f249,540,ace+thsc,KEEP,thsc,Maths Extension 1/Y12-Trial/Sydney Girls 2010 w. sol.pdf
395,6457e5f249,540,ace+thsc,dup,ace,Maths Extension 1/ACE-Trial/2010 3U - Sydney Girls Trial with Solutions.pdf
396,9f85dd60d9,539,ace+thsc,KEEP,thsc,Maths Extension 1/Y12-Trial/Girraween 2017 w. sol.pdf
396,9f85dd60d9,539,ace+thsc,dup,ace,Maths Extension 1/ACE-Trial/2017-3U-Girraween-Trials-with-Solutions.pdf
397,ade91c3d90,538,ace+thsc,KEEP,thsc,English/Y12-Trial-P1/North Sydney Boys 2020 P1.pdf
397,ade91c3d90,538,ace+thsc,dup,ace,English Advanced/ACE-Trial/North Sydney Boys 2020 English Trial Paper 1.pdf
398,708000db03,538,ace+thsc,KEEP,thsc,Maths Advanced/Y11-Yearly/Baulkham Hills 2014 w. sol.pdf
398,708000db03,538,ace+thsc,dup,ace,Maths Advanced/ACE-Yearly/2014 P 2U - Baulkham Hills - Prelim Yearly Exam Paper.pdf
399,324d345c22,538,ace+thsc,KEEP,thsc,Maths Extension 2/Y12-Trial/North Sydney Girls 2017 w. sol.pdf
399,324d345c22,538,ace+thsc,dup,ace,Maths Extension 2/ACE-Trial/2017-4U-North-Sydney-Girls-Trials-with-Solutions.pdf
400,4910fba8b2,537,ace,KEEP,ace,Maths Advanced/ACE-Trial/2013 2U - Riverview Trial with Solutions.pdf
400,4910fba8b2,537,ace,dup,ace,Maths Advanced/ACE-Trial/2013 2U - Saint Ignatius Trial without Solutions.pdf
401,bd325b5fa2,536,ace+thsc,KEEP,thsc,Maths Advanced/Y12-Trial/Normanhurst Boys 2019 w. sol.pdf
401,bd325b5fa2,536,ace+thsc,dup,ace,Maths Advanced/ACE-Trial/2019 2U - Normanhurst Boys - Trial Paper (with Solutions).pdf
402,720c56a207,532,ace+thsc,KEEP,thsc,English/Y12-Trial-P2-Adv/Sydney Boys 2015 P2 (Adv.).pdf
402,720c56a207,532,ace+thsc,dup,ace,English Advanced/ACE-Trial/2015 English Advanced - Sydney Boys Paper 2 Trial without Solutions.pdf
403,76195bb48a,531,ace+thsc,KEEP,thsc,Maths Extension 2/Y12-Trial/Cherrybrook Tech 2009 w. sol.pdf
403,76195bb48a,531,ace+thsc,dup,ace,Maths Extension 2/ACE-Trial/2009_4U_-_Cherrybrook_Tech_Trial_with_Solutions.pdf
404,c4972cf244,531,ace+thsc,KEEP,thsc,Maths Extension 1/Y12-Trial/Sydney Tech 2020 w. sol.pdf
404,c4972cf244,531,ace+thsc,dup,ace,Maths Extension 1/ACE-Trial/2020 3U - Sydney Technical HS - Trial Paper (with Solutions).pdf
405,8106bfef7e,529,ace+thsc,KEEP,thsc,Maths Extension 1/Y12-Trial/Kinross Wolaroi 2015 w. sol.pdf
405,8106bfef7e,529,ace+thsc,dup,ace,Maths Extension 1/ACE-Trial/2015 3U - KWS Trial with Solutions.pdf
406,57c37823c8,528,ace+thsc,KEEP,thsc,Maths Advanced/Y11-Yearly/Baulkham Hills 2018 w. sol.pdf
406,57c37823c8,528,ace+thsc,dup,ace,Maths Advanced/ACE-Yearly/2018 P 2U - Baulkham Hills - Prelim Yearly Exam Paper.pdf
407,bcf50166ec,525,ace+thsc,KEEP,thsc,IPT/Y12-Trial/James Ruse 2011 w. sol.pdf
407,bcf50166ec,525,ace+thsc,dup,ace,IPT/ACE-Trial/2011_IPT_-_James_Ruse_Trial_with_Solutions.pdf
408,597a94c304,522,ace+thsc,KEEP,thsc,English/Y12-Trial-P2-Adv/Newcastle Grammar 2010 P2 (Adv.).pdf
408,597a94c304,522,ace+thsc,dup,ace,English Advanced/ACE-Trial/2010 English Advanced - Newcastle Grammar Paper 2 Trial without Solutions.pdf
409,fdbe0e900d,522,ace+thsc,KEEP,thsc,Maths Extension 2/Y12-Trial/North Sydney Boys 2017 w. sol.pdf
409,fdbe0e900d,522,ace+thsc,dup,ace,Maths Extension 2/ACE-Trial/2017-4U-North-Sydney-Boys-Trials-with-Solutions.pdf
410,095831d323,519,ace+thsc,KEEP,thsc,Maths Extension 2/Y12-Trial/Fort St 2017 w. sol.pdf
410,095831d323,519,ace+thsc,dup,ace,Maths Extension 2/ACE-Trial/2017-4U-Fort-St-Trials-with-Solutions.pdf
411,dff8f4aa23,519,ace+thsc,KEEP,thsc,Chemistry/Y11-Yearly/Baulkham Hills 2012 w. sol.pdf
411,dff8f4aa23,519,ace+thsc,dup,ace,Chemistry/ACE-Yearly/2012 P CHEM - Baulkham Hills - Prelim Yearly Exam Paper.pdf
412,f2e0ce3060,513,ace+thsc,KEEP,thsc,Ancient History/Y12-Trial/St Augustines 2010.pdf
412,f2e0ce3060,513,ace+thsc,dup,ace,Ancient History/ACE-Trial/2010 Ancient History - St Augustines Trial with Solutions.pdf
413,5246e15b1e,512,ace,KEEP,ace,English Advanced/ACE-Notes/Advanced_English_Notes_-_Discovery_Techniques_Only.pdf
413,5246e15b1e,512,ace,dup,ace,English Standard/ACE-Notes/Advanced_English_Notes_-_Discovery_Techniques_Only.pdf
414,69f4934728,511,ace+thsc,KEEP,thsc,Maths Extension 2/Y12-Trial/North Sydney Boys 2011 w. sol.pdf
414,69f4934728,511,ace+thsc,dup,ace,Maths Extension 2/ACE-Trial/2011 4U - North Sydney Boys Trial with Solutions.pdf
415,3f3a689f3b,506,ace+thsc,KEEP,thsc,Maths Extension 2/Y12-Trial/Sydney Girls 2011 w. sol.pdf
415,3f3a689f3b,506,ace+thsc,dup,ace,Maths Extension 2/ACE-Trial/2011 4U - Sydney Girls Trial with Solutions.pdf
416,1342178fd8,505,ace+thsc,KEEP,thsc,Maths Extension 1/Y12-Trial/Sydney Girls 2009 w. sol.pdf
416,1342178fd8,505,ace+thsc,dup,ace,Maths Extension 1/ACE-Trial/2009_3U_-_Sydney_Girls_Trial_with_Solutions.pdf
417,905f7e68cb,502,ace+thsc,KEEP,thsc,Maths Extension 2/Y12-Trial/Sydney Tech 2018 w. sol.pdf
417,905f7e68cb,502,ace+thsc,dup,ace,Maths Extension 2/ACE-Trial/2018-4U-Sydney-Tech-Trials-with-Solutions.pdf
418,52ac49ae4d,502,ace+thsc,KEEP,thsc,English/Y12-Trial-P2-Adv/Asquith Girls 2011 P2 (Adv.).pdf
418,52ac49ae4d,502,ace+thsc,dup,ace,English Advanced/ACE-Trial/2011 Advanced English - Asquith Girls Paper 2 Trial without Solutions.pdf
419,4d781dfd11,499,ace+thsc,KEEP,thsc,Maths Advanced/Y12-Trial/Girraween 2010 w. sol.pdf
419,4d781dfd11,499,ace+thsc,dup,ace,Maths Advanced/ACE-Trial/2010 2U - Girraween Trial with Solutions.pdf
420,265832eb48,498,ace+thsc,KEEP,thsc,Maths Extension 2/Y12-Trial/James Ruse 2018 w. sol.pdf
420,265832eb48,498,ace+thsc,dup,ace,Maths Extension 2/ACE-Trial/2018-4U-James-Ruse-Trials-with-Solutions.pdf
421,80a2291802,497,ace+thsc,KEEP,thsc,Maths Extension 1/Y12-Trial/Sydney Tech 2009 w. sol.pdf
421,80a2291802,497,ace+thsc,dup,ace,Maths Extension 1/ACE-Trial/2009_3U_-_Sydney_Tech_Trial_with_Solutions.pdf
422,6fd7eba02d,496,ace,KEEP,ace,English Advanced/ACE-Other/Paper1-4.pdf
422,6fd7eba02d,496,ace,dup,ace,English Advanced/ACE-HSC-Questions/Paper1-4.pdf
423,825cbbce9d,496,ace+thsc,KEEP,thsc,Maths Advanced/Y12-Trial/Hornsby Girls 2017 w. sol.pdf
423,825cbbce9d,496,ace+thsc,dup,ace,Maths Advanced/ACE-Trial/2017-2U-Hornsby-Girls-Trials-with-Solutions.pdf
424,2b85c39857,493,ace+thsc,KEEP,thsc,English/Y12-Trial-P1/Baulkham Hills 2020 P1.pdf
424,2b85c39857,493,ace+thsc,dup,ace,English Advanced/ACE-Trial/Baulkham Hills 2020 English Trial Paper 1.pdf
425,dc2fe0aad3,489,ace+thsc,KEEP,thsc,Maths Extension 1/Y12-Trial/Pymble 2016 w. sol.pdf
425,dc2fe0aad3,489,ace+thsc,dup,ace,Maths Extension 1/ACE-Trial/2016_3U_-_Pymble_Trial_with_solutions.pdf
426,33031404c3,486,ace+thsc,KEEP,thsc,Maths Extension 2/Y12-Trial/Fort St 2016 w. sol.pdf
426,33031404c3,486,ace+thsc,dup,ace,Maths Extension 2/ACE-Trial/2016_4U_-_Fort_St_Trial_with_solutions.pdf
427,062823353c,483,ace+thsc,KEEP,thsc,Maths Advanced/Y11-Yearly/Baulkham Hills 2017 w. sol.pdf
427,062823353c,483,ace+thsc,dup,ace,Maths Advanced/ACE-Yearly/2017 P 2U - Baulkham Hills - Prelim Yearly Exam Paper.pdf
428,43a49096ff,483,ace+thsc,KEEP,thsc,Economics/Y12-Trial/Riverview 2021 w. sol.pdf
428,43a49096ff,483,ace+thsc,dup,ace,Economics/ACE-Trial/2021-riverview-trial-paper-w-solutions-618130db79860.pdf
429,12aea49f72,482,ace+thsc,KEEP,thsc,Maths Extension 1/Y12-Trial/Cherrybrook Tech 2009 w. sol.pdf
429,12aea49f72,482,ace+thsc,dup,ace,Maths Extension 1/ACE-Trial/2009_3U_-_Cherrybrook_Tech_Trial_with_Solutions.pdf
430,e248013458,478,ace+thsc,KEEP,thsc,Maths Extension 1/Y12-Trial/Baulkham Hills 2008 w. sol.pdf
430,e248013458,478,ace+thsc,dup,ace,Maths Extension 1/ACE-Trial/2008_3U_-_Baulkham_Hills_Trial_with_Solutions.pdf
431,a2e9725abc,476,ace,KEEP,ace,PDHPE/ACE-Notes/preliminary-notes-option-first-aid-63433e479d751.pdf
431,a2e9725abc,476,ace,dup,ace,PDHPE/ACE-Notes/preliminary-notes-option-fitness-choices-63433e0bb2113.pdf
432,b6375d3690,475,ace+thsc,KEEP,thsc,Maths Advanced/Y12-Trial/Baulkham Hills 2018 w. sol.pdf
432,b6375d3690,475,ace+thsc,dup,ace,Maths Advanced/ACE-Trial/2018-2U-Baulkham-Hills-Trials-with-Solutions.pdf
433,44ab1d911e,475,ace+thsc,KEEP,thsc,Maths Extension 1/Y12-Trial/Caringbah 2019 w. sol.pdf
433,44ab1d911e,475,ace+thsc,dup,ace,Maths Extension 1/ACE-Trial/2019 3U - Caringbah - Trial Paper (with Solutions).pdf
434,c28463c086,472,ace+thsc,KEEP,thsc,Maths Extension 1/Y12-Trial/Cherrybrook Tech 2012 w. sol.pdf
434,c28463c086,472,ace+thsc,dup,ace,Maths Extension 1/ACE-Trial/2012 3U - Cherrybrook Tech Trial with Solutions.pdf
435,22216efd81,471,ace+thsc,KEEP,thsc,Maths Extension 2/Y12-Trial/Cranbrook 2009.pdf
435,22216efd81,471,ace+thsc,dup,ace,Maths Extension 2/ACE-Trial/2009_4U_-_Cranbrook_Trial_without_Solutions.pdf
436,7d799629e9,469,ace+thsc,KEEP,thsc,Economics/Y12-Trial/Sydney Tech 2011 w. sol.pdf
436,7d799629e9,469,ace+thsc,dup,ace,Economics/ACE-Trial/2011 ECO - Sydney Tech - Trial Paper.pdf
437,c3c69edac0,466,ace+thsc,KEEP,thsc,Maths Extension 1/Y12-Trial/Gosford 2016 w. sol.pdf
437,c3c69edac0,466,ace+thsc,dup,ace,Maths Extension 1/ACE-Trial/2016_3U_-_Gosford_Trial_with_solutions.pdf
438,d75497a4dc,465,ace+thsc,KEEP,thsc,Business Studies/Y12-Trial/Riverview 2012 w. sol.pdf
438,d75497a4dc,465,ace+thsc,dup,ace,Business Studies/ACE-Trial/2012 Business - Riverview Trial with Solutions.pdf
439,00d857beeb,464,ace+thsc,KEEP,thsc,Physics/Y11-Yearly/Pymble 2005 w. sol.pdf
439,00d857beeb,464,ace+thsc,dup,ace,Physics/ACE-Yearly/2005 P PHY - Pymble - Prelim Yearly Exam Paper.pdf
440,eaf47d2b7f,464,ace+thsc,KEEP,thsc,Maths Advanced/Y12-Trial/Sydney Tech 2009 w. sol.pdf
440,eaf47d2b7f,464,ace+thsc,dup,ace,Maths Advanced/ACE-Trial/2009_2U_-_Sydney_Tech_Trial_with_Solutions.pdf
441,65347e73d9,464,ace+thsc,KEEP,thsc,Maths Advanced/Y12-Trial/Sydney Tech 2018 w. sol.pdf
441,65347e73d9,464,ace+thsc,dup,ace,Maths Advanced/ACE-Trial/2018-2U-Sydney-Tech-Trials-with-Solutions.pdf
442,7aaa557161,462,ace+thsc,KEEP,thsc,Maths Advanced/Y12-Trial/James Ruse 2018 w. sol.pdf
442,7aaa557161,462,ace+thsc,dup,ace,Maths Advanced/ACE-Trial/2018-2U-James-Ruse-Trials-with-Solutions.pdf
443,83c98a1cdb,462,ace+thsc,KEEP,thsc,Maths Extension 1/Y12-Trial/Gosford 2018 w. sol.pdf
443,83c98a1cdb,462,ace+thsc,dup,ace,Maths Extension 1/ACE-Trial/2018-3U-Gosford-Trials-with-Solutions.pdf
444,0b3b93d7ea,461,ace+thsc,KEEP,thsc,Maths Extension 1/Y12-Trial/Girraween 2018 w. sol.pdf
444,0b3b93d7ea,461,ace+thsc,dup,ace,Maths Extension 1/ACE-Trial/2018-3U-Girraween-Trials-with-Solutions.pdf
445,20f7be532b,461,ace+thsc,KEEP,thsc,Maths Extension 1/Y11-Yearly/Baulkham Hills 2016 w. sol.pdf
445,20f7be532b,461,ace+thsc,dup,ace,Maths Extension 1/ACE-Yearly/2016 P 3U - Baulkham Hills - Prelim Yearly Exam Paper.pdf
446,6fc2c736b1,460,ace+thsc,KEEP,thsc,Maths Extension 1/Y12-Trial/North Sydney Boys 2009 w. sol.pdf
446,6fc2c736b1,460,ace+thsc,dup,ace,Maths Extension 1/ACE-Trial/2009_3U_-_North_Sydney_Boys_Trial_with_Solutions.pdf
447,0e7ee94825,460,ace+thsc,KEEP,thsc,Maths Advanced/Y12-Trial/Fort St 2017 w. sol.pdf
447,0e7ee94825,460,ace+thsc,dup,ace,Maths Advanced/ACE-Trial/2017-2U-Fort-St-Trials-with-Solutions.pdf
448,5e83f6aff5,457,ace,KEEP,ace,Chemistry/ACE-Notes/Chemistry_Notes_-_Industrial_Chemistry_2.pdf
448,5e83f6aff5,457,ace,dup,ace,Chemistry/ACE-Notes/Chemistry_Notes_-_Industrial_Chemistry_by_Daniel_Wilson.pdf
449,1f65afe2af,456,ace+thsc,KEEP,thsc,Maths Advanced/Y12-Trial/Fort St 2018 w. sol.pdf
449,1f65afe2af,456,ace+thsc,dup,ace,Maths Advanced/ACE-Trial/2018-2U-Fort-St-Trials-with-Solutions.pdf
450,15f6a3677f,456,nesa,KEEP,nesa,English Advanced/HSC-NESA/2016-hsc-english-p1-std-and-adv.pdf
450,15f6a3677f,456,nesa,dup,nesa,English Standard/HSC-NESA/2016-hsc-english-p1-std-and-adv.pdf
451,960cbc18d3,455,ace+thsc,KEEP,thsc,Maths Extension 1/Y12-Trial/St Catherines 2008 w. sol.pdf
451,960cbc18d3,455,ace+thsc,dup,ace,Maths Extension 1/ACE-Trial/2008_3U_-_St_Catherines_Trial_with_Solutions.pdf
452,360deb8e88,455,ace+thsc,KEEP,thsc,Modern History/Y12-Trial/Cranbrook 2010.pdf
452,360deb8e88,455,ace+thsc,dup,ace,Modern History/ACE-Trial/Cranbrook-2010-Modern-Trial.pdf
453,3dc9689102,452,ace+thsc,KEEP,thsc,Modern History/Y12-Trial/Fort St 2021.pdf
453,3dc9689102,452,ace+thsc,dup,ace,Modern History/ACE-Trial/2021-fort-st-trial-paper-6183c34bcb843.pdf
454,6645363734,451,ace+thsc,KEEP,thsc,Chemistry/Y11-Yearly/Strathfield Girls 2006.pdf
454,6645363734,451,ace+thsc,dup,ace,Chemistry/ACE-Yearly/2006 P CHEM - Strathfield Girls - Prelim Yearly Exam Paper (no solutions).pdf
455,8cf6f43519,449,ace,KEEP,ace,Maths Extension 1/ACE-Trial/2020 Maths Extension 1 Trial.pdf
455,8cf6f43519,449,ace,dup,ace,Maths Extension 1/ACE-Trial/2020 3U - SGHS - Trial Paper (with Solutions).pdf
456,8c011dbbca,448,ace+thsc,KEEP,thsc,English Extension 1/Y12-Trial/Kambala 2020.pdf
456,8c011dbbca,448,ace+thsc,dup,ace,English Extension 1/ACE-Trial/kambala-2020-extension-1-english-trial-paper-635c6c4ee34f9.pdf
457,8ba5d0527c,446,ace+thsc,KEEP,thsc,Maths Advanced/Y12-Trial/North Sydney Girls 2017 w. sol.pdf
457,8ba5d0527c,446,ace+thsc,dup,ace,Maths Advanced/ACE-Trial/2017-2U-North-Sydney-Girls-Trials-with-Solutions.pdf
458,c2510cbe7a,446,ace+thsc,KEEP,thsc,Economics/Y12-Trial/Newington 2017 w. sol.pdf
458,c2510cbe7a,446,ace+thsc,dup,ace,Economics/ACE-Trial/2017 ECO - Newington - Trial Paper.pdf
459,f42c78a931,445,ace,KEEP,ace,Chemistry/ACE-Notes/Chemistry_Notes_-_Chemical_Monitoring_and_Management.pdf
459,f42c78a931,445,ace,dup,ace,Chemistry/ACE-Notes/Chemistry_Notes_-_Chemical_Monitoring_and_Management_by_Daniel_Wilson.pdf
460,f0b207e277,443,ace,KEEP,ace,Chemistry/ACE-Notes/Chemistry_Notes_-_Acidic_Environment_by_Daniel_Wilson.pdf
460,f0b207e277,443,ace,dup,ace,Chemistry/ACE-Notes/Chemistry_Notes_-_The_Acidic_Environment_by_Daniel_Wilson.pdf
461,b89cdfc59c,443,ace+thsc,KEEP,thsc,Maths Extension 1/Y12-Trial/North Sydney Girls 2017 w. sol.pdf
461,b89cdfc59c,443,ace+thsc,dup,ace,Maths Extension 1/ACE-Trial/2017-3U-North-Sydney-Girls-Trials-with-Solutions.pdf
462,a6162f3e5c,443,ace+thsc,KEEP,thsc,Maths Extension 1/Y12-Trial/Hornsby Girls 2017 w. sol.pdf
462,a6162f3e5c,443,ace+thsc,dup,ace,Maths Extension 1/ACE-Trial/2017-3U-Hornsby-Girls-Trials-with-Solutions.pdf
463,099520928a,442,ace+thsc,KEEP,thsc,Maths Extension 1/Y12-Trial/Hornsby Girls 2010 w. sol.pdf
463,099520928a,442,ace+thsc,dup,ace,Maths Extension 1/ACE-Trial/2010 3U - Hornsby Girls Trial with Solutions.pdf
464,f0fff261f7,442,ace+thsc,KEEP,thsc,Maths Extension 2/Y12-Trial/Girraween 2012 w. sol.pdf
464,f0fff261f7,442,ace+thsc,dup,ace,Maths Extension 2/ACE-Trial/2012 4U - Girraween Trial with Solutions.pdf
465,a6bb71c07d,441,ace+thsc,KEEP,thsc,English/Y12-Trial-P2-Adv/Burwood Girls 2009 P2 (Adv.).pdf
465,a6bb71c07d,441,ace+thsc,dup,ace,English Advanced/ACE-Trial/2009 English Advanced - Burwood Girls Paper 2 Trial without Solutions.pdf
466,e3ec66475e,439,ace+thsc,KEEP,thsc,Maths Extension 2/Y12-Trial/Girraween 2016 w. sol.pdf
466,e3ec66475e,439,ace+thsc,dup,ace,Maths Extension 2/ACE-Trial/2016_4U_-_Girraween_Trial_with_solutions.pdf
467,82ecc52d5c,436,ace+thsc,KEEP,thsc,Maths Extension 1/Y12-Trial/Gosford 2013 w. sol.pdf
467,82ecc52d5c,436,ace+thsc,dup,ace,Maths Extension 1/ACE-Trial/2013 3U - Gosford Trial with Solutions.pdf
468,9bc5a11707,435,ace+thsc,KEEP,thsc,Maths Extension 1/Y12-Trial/Sydney Girls 2013 w. sol.pdf
468,9bc5a11707,435,ace+thsc,dup,ace,Maths Extension 1/ACE-Trial/2013 3U - Sydney Girls Trial with Solutions.pdf
469,8bd6a5c2b6,434,ace+thsc,KEEP,thsc,Maths Extension 1/Y12-Trial/Girraween 2008 w. sol.pdf
469,8bd6a5c2b6,434,ace+thsc,dup,ace,Maths Extension 1/ACE-Trial/2008_3U_-_Girraween_Trial_with_Solutions.pdf
470,59323f6d9c,434,ace+thsc,KEEP,thsc,Maths Extension 2/Y12-Trial/Sydney Girls 2013 w. sol.pdf
470,59323f6d9c,434,ace+thsc,dup,ace,Maths Extension 2/ACE-Trial/2013 4U - Sydney Girls Trial with Solutions.pdf
471,efc3e934bc,431,ace+thsc,KEEP,thsc,Maths Extension 1/Y12-Trial/Fort St 2009.pdf
471,efc3e934bc,431,ace+thsc,dup,ace,Maths Extension 1/ACE-Trial/2009_3U_-_Fort_St_Trial_without_Solutions.pdf
472,e4813c6a8c,431,ace+thsc,KEEP,thsc,Maths Extension 1/Y11-Yearly/Sydney Tech 2018 w. sol.pdf
472,e4813c6a8c,431,ace+thsc,dup,ace,Maths Extension 1/ACE-Yearly/2018 P 3U - Sydney Tech - Prelim Yearly Exam Paper.pdf
473,f2fef49042,430,ace+thsc,KEEP,thsc,Maths Advanced/Y12-Trial/Kinross Wolaroi 2015 w. sol.pdf
473,f2fef49042,430,ace+thsc,dup,ace,Maths Advanced/ACE-Trial/2015 2U - KWS Trial with Solutions.pdf
474,4993c2d818,429,ace+thsc,KEEP,thsc,Maths Extension 1/Y11-Yearly/Sydney Grammar 2015 w. sol.pdf
474,4993c2d818,429,ace+thsc,dup,ace,Maths Extension 1/ACE-Yearly/2015 P 3U - Sydney Grammar - Prelim Yearly Exam Paper.pdf
475,b2ac719994,429,ace+thsc,KEEP,thsc,Maths Extension 2/Y12-Trial/Cherrybrook Tech 2011 w. sol.pdf
475,b2ac719994,429,ace+thsc,dup,ace,Maths Extension 2/ACE-Trial/2011 4U - Cherrybrook Tech Trial with Solutions.pdf
476,10ac9398d2,427,ace+thsc,KEEP,thsc,Maths Extension 2/Y12-Trial/Hornsby Girls 2021.pdf
476,10ac9398d2,427,ace+thsc,dup,ace,Maths Extension 2/ACE-Trial/ex2-2021-hornsby-girls-trial-paper-6186700569cb4.pdf
477,90a6cc4682,425,ace+thsc,KEEP,thsc,Maths Extension 1/Y12-Trial/Baulkham Hills 2017 w. sol.pdf
477,90a6cc4682,425,ace+thsc,dup,ace,Maths Extension 1/ACE-Trial/2017-3U-Baulkham-Hills-Trials-with-Solutions.pdf
478,0045455808,423,ace+thsc,KEEP,thsc,Maths Extension 1/Y12-Trial/Sydney Girls 2012 w. sol.pdf
478,0045455808,423,ace+thsc,dup,ace,Maths Extension 1/ACE-Trial/2012 3U - Sydney Girls Trial with Solutions.pdf
479,54ad68925a,422,ace,KEEP,ace,English Advanced/ACE-Other/Paper1-3.pdf
479,54ad68925a,422,ace,dup,ace,English Advanced/ACE-HSC-Questions/Paper1-3.pdf
480,370715af88,422,ace+thsc,KEEP,thsc,Maths Advanced/Y12-Trial/Hornsby Girls 2016 w. sol.pdf
480,370715af88,422,ace+thsc,dup,ace,Maths Advanced/ACE-Trial/2016_2U_-_Hornsby_Girls_trial_with_Solutions.pdf
481,612ad45566,422,ace+thsc,KEEP,thsc,Maths Advanced/Y12-Trial/Girraween 2016 w. sol.pdf
481,612ad45566,422,ace+thsc,dup,ace,Maths Advanced/ACE-Trial/2016_2U_-_Girraween_Trials__Solutions.pdf
482,e09c16486d,419,ace+thsc,KEEP,thsc,Maths Extension 1/Y12-Trial/North Sydney Boys 2017 w. sol.pdf
482,e09c16486d,419,ace+thsc,dup,ace,Maths Extension 1/ACE-Trial/2017-3U-North-Sydney-Boys-Trials-with-Solutions.pdf
483,29ffe936c0,418,ace+thsc,KEEP,thsc,Maths Extension 2/Y12-Trial/Sydney Tech 2010 w. sol.pdf
483,29ffe936c0,418,ace+thsc,dup,ace,Maths Extension 2/ACE-Trial/2010 4U - Sydney Tech Trial with Solutions.pdf
484,331419528b,418,ace+thsc,KEEP,thsc,Maths Extension 1/Y12-Trial/North Sydney Girls 2016 w. sol.pdf
484,331419528b,418,ace+thsc,dup,ace,Maths Extension 1/ACE-Trial/2016_3U_-_North_Sydney_Girls_Trial_with_solutions.pdf
485,ae73439370,417,ace+thsc,KEEP,thsc,English/Y12-Trial-P2-Adv/Baulkham Hills 2021 P2 (Adv.).pdf
485,ae73439370,417,ace+thsc,dup,ace,English Advanced/ACE-Trial/2021-baulkham-hills-trial-paper-2-618907808d329.pdf
486,7ea7c7f3f7,415,ace+thsc,KEEP,thsc,Modern History/Y11-Yearly/Sydney Grammar 2016.pdf
486,7ea7c7f3f7,415,ace+thsc,dup,ace,Modern History/ACE-Yearly/2016 P MH - Sydney Grammar - Prelim Yearly Exam Paper (no solutions).pdf
487,f669cf3a09,415,ace+thsc,KEEP,thsc,English/Y12-Trial-P1/Killara 2020 P1.pdf
487,f669cf3a09,415,ace+thsc,dup,ace,English Advanced/ACE-Trial/Killara 2020 English Trial Paper 1.pdf
488,54e4bff067,414,ace+thsc,KEEP,thsc,Maths Extension 1/Y12-Trial/Fort St 2018 w. sol.pdf
488,54e4bff067,414,ace+thsc,dup,ace,Maths Extension 1/ACE-Trial/2018-3U-Fort-St-Trials-with-Solutions.pdf
489,6daa61bfc1,414,ace+thsc,KEEP,thsc,Legal Studies/Y12-Trial/Cranbrook 2012.pdf
489,6daa61bfc1,414,ace+thsc,dup,ace,Legal Studies/ACE-Trial/Cranbrook-2012-Legal-Studies-Trials.pdf
490,c39e54979c,413,ace+thsc,KEEP,thsc,English/Y12-Trial-P2-Adv/Fort St 2020 P2 (Adv.).pdf
490,c39e54979c,413,ace+thsc,dup,ace,English Advanced/ACE-Trial/Fort St 2020 English Trial Paper 2 Advanced.pdf
491,fe66c8235d,412,ace+thsc,KEEP,thsc,Maths Extension 1/Y12-Trial/Penrith 2017 w. sol.pdf
491,fe66c8235d,412,ace+thsc,dup,ace,Maths Extension 1/ACE-Trial/2017-3U-Penrith-Trials-with-Solutions.pdf
492,c62d886197,411,ace+thsc,KEEP,thsc,English/Y12-Trial-P2-Adv/Ascham 2010 P2 (Adv.).pdf
492,c62d886197,411,ace+thsc,dup,ace,English Advanced/ACE-Trial/2010 English Advanced - Ascham Paper 2 Trial without Solutions.pdf
493,b5def95b86,411,ace+thsc,KEEP,thsc,Biology/Y12-Trial/Kings 2013.pdf
493,b5def95b86,411,ace+thsc,dup,ace,Biology/ACE-Trial/Kings-2013-Biology-Trials.pdf
494,5404c8c256,408,ace+thsc,KEEP,thsc,Maths Extension 1/Y12-Trial/Blacktown Boys 2018 w. sol.pdf
494,5404c8c256,408,ace+thsc,dup,ace,Maths Extension 1/ACE-Trial/2018-3U-Blacktown-Boys-Trials-with-Solutions.pdf
495,cfa0795c65,408,ace+thsc,KEEP,thsc,Maths Extension 1/Y12-Trial/Baulkham Hills 2010 w. sol.pdf
495,cfa0795c65,408,ace+thsc,dup,ace,Maths Extension 1/ACE-Trial/2010 3U - Baulkham Hills Trial with Solutions.pdf
496,78a3cafab4,405,ace+thsc,KEEP,thsc,Maths Extension 2/Y12-Trial/Normanhurst Boys 2022 w. sol.pdf
496,78a3cafab4,405,ace+thsc,dup,ace,Maths Extension 2/ACE-Trial/4u-2022-normanhurst-boys-trial-paper-with-solutions-64466058cf59a.pdf
497,8ad0a4191d,404,ace+thsc,KEEP,thsc,Maths Extension 1/Y12-Trial/Presbyterian 2008 w. sol.pdf
497,8ad0a4191d,404,ace+thsc,dup,ace,Maths Extension 1/ACE-Trial/2008_3U_-_Presbyterian_Trial_with_Solutions.pdf
498,53c2673ff4,403,ace+thsc,KEEP,thsc,Maths Extension 2/Y12-Trial/Whitebridge 2012 w. sol.pdf
498,53c2673ff4,403,ace+thsc,dup,ace,Maths Extension 2/ACE-Trial/2012 4U - Whitebridge Trial with Solutions.pdf
499,b1cf117b4c,402,ace+thsc,KEEP,thsc,Chemistry/Y12-Trial/Abbotsleigh 2001.pdf
499,b1cf117b4c,402,ace+thsc,dup,ace,Chemistry/ACE-Trial/2001_Chemistry_-_Abbotsleigh_without_Solutions.pdf
500,ac3b445c2e,401,ace+thsc,KEEP,thsc,Maths Extension 1/Y12-Trial/Ascham 2008 w. sol.pdf
500,ac3b445c2e,401,ace+thsc,dup,ace,Maths Extension 1/ACE-Trial/2008_3U_-_Ascham_Trial_with_Solutions.pdf
501,5d20b6de86,399,ace,KEEP,ace,English Advanced/ACE-Trial/chatswood-2022-stimulus-63abaec4ac386.pdf
501,5d20b6de86,399,ace,dup,ace,English Advanced/ACE-Trial/2021-paper-1-english-adv-trial-paper-stimulus-64460b9fbb9be.pdf
502,6c8e9a5026,398,ace+thsc,KEEP,thsc,Maths Advanced/Y12-Trial/Caringbah 2013 w. sol.pdf
502,6c8e9a5026,398,ace+thsc,dup,ace,Maths Advanced/ACE-Trial/2013 2U - Caringbah Trial with Solutions.pdf
503,4800f9f458,397,ace+thsc,KEEP,thsc,Modern History/Y12-Trial/Cranbrook 2006.pdf
503,4800f9f458,397,ace+thsc,dup,ace,Modern History/ACE-Trial/Cranbrook-2006-Modern-Trial.pdf
504,0b984819a0,397,ace+thsc,KEEP,thsc,Economics/Y11-Yearly/Newington 2013 w. sol.pdf
504,0b984819a0,397,ace+thsc,dup,ace,Economics/ACE-Yearly/2013 P ECO  - Newington - Prelim Yearly Exam Paper.pdf
505,ab5f59334b,395,ace+thsc,KEEP,thsc,English/Y12-Trial-P1/Abbotsleigh 2020 P1.pdf
505,ab5f59334b,395,ace+thsc,dup,ace,English Advanced/ACE-Trial/Abbotsleigh 2020 English Trial Paper 1.pdf
506,150ff3102d,394,ace,KEEP,ace,Business Studies/ACE-Notes/Notes-Full-Course..pdf
506,150ff3102d,394,ace,dup,ace,Community & Family Studies/ACE-Notes/Notes-Full-Course..pdf
507,37378098c9,394,ace+thsc,KEEP,thsc,Physics/Y12-Trial/Sydney Grammar 2009.pdf
507,37378098c9,394,ace+thsc,dup,ace,Physics/ACE-Trial/2009_Physics_-_Sydney_Grammar_Trial_without_Solutions.pdf
508,0506dbd6a3,387,ace+thsc,KEEP,thsc,Maths Extension 1/Y12-Trial/Penrith 2016 w. sol.pdf
508,0506dbd6a3,387,ace+thsc,dup,ace,Maths Extension 1/ACE-Trial/2016_3U_-_Penrith_Trial_with_solutions.pdf
509,7a399082a3,385,ace,KEEP,ace,English Standard/ACE-Notes/cultural-assumptions-in-the-castle-61a1ff8ccaf05.pdf
509,7a399082a3,385,ace,dup,ace,English Standard/ACE-Notes/cultural-assumptions-how-they-are-explored-in-the-castle-rob-sitch-644a614d22fd3.pdf
510,9459538350,382,ace+thsc,KEEP,thsc,Maths Advanced/Y12-Trial/Fort St 2014 w. sol.pdf
510,9459538350,382,ace+thsc,dup,ace,Maths Advanced/ACE-Trial/2014 2U - Fort St Trial with Solutions.pdf
511,efd14061ab,382,ace+thsc,KEEP,thsc,Maths Extension 2/Y12-Trial/Gosford 2018 w. sol.pdf
511,efd14061ab,382,ace+thsc,dup,ace,Maths Extension 2/ACE-Trial/2018-4U-Gosford-Trials-with-Solutions.pdf
512,c3e98914f4,377,ace+thsc,KEEP,thsc,Maths Advanced/Y12-Trial/Penrith 2019 w. sol.pdf
512,c3e98914f4,377,ace+thsc,dup,ace,Maths Advanced/ACE-Trial/2019 2U - Penrith - Trial Paper (with Solutions).pdf
513,14e26ee221,376,ace+thsc,KEEP,thsc,Maths Extension 1/Y11-Yearly/Hurlstone 2015 w. sol.pdf
513,14e26ee221,376,ace+thsc,dup,ace,Maths Extension 1/ACE-Yearly/2015 P 3U - Hurlstone - Prelim Yearly Exam Paper.pdf
514,3cacbc0bb9,373,ace+thsc,KEEP,thsc,English/Y12-Trial-P1/Sydney Girls 2022 P1.pdf
514,3cacbc0bb9,373,ace+thsc,dup,ace,English Advanced/ACE-Trial/sydney-girls-2022-ea-trial-paper-1-64464b33060a6.pdf
515,d5d9127a11,370,ace+thsc,KEEP,thsc,Maths Extension 1/Y12-Trial/Normanhurst Boys 2021 w. sol.pdf
515,d5d9127a11,370,ace+thsc,dup,ace,Maths Extension 1/ACE-Trial/ex1-2021-normanhurst-boys-trial-paper-w-solutions-618904686a05d.pdf
516,afff048f48,369,ace+thsc,KEEP,thsc,Chemistry/Y12-Trial/Pymble 2002.pdf
516,afff048f48,369,ace+thsc,dup,ace,Chemistry/ACE-Trial/2002_Chemistry_-_Pymble_without_Solutions.pdf
517,5a052f7bf8,369,ace+thsc,KEEP,thsc,Maths Extension 2/Y12-Trial/Girraween 2010 w. sol.pdf
517,5a052f7bf8,369,ace+thsc,dup,ace,Maths Extension 2/ACE-Trial/2010 4U - Girraween Trial with Solutions.pdf
518,87175fd57a,364,ace+thsc,KEEP,thsc,Maths Extension 1/Y12-Trial/Baulkham Hills 2009 w. sol.pdf
518,87175fd57a,364,ace+thsc,dup,ace,Maths Extension 1/ACE-Trial/2009_3U_-_Baulkham_Hills_Trial_with_Solutions.pdf
519,7c38f7717e,363,ace+thsc,KEEP,thsc,English/Y12-Trial-P2-Adv/Baulkham Hills 2020 P2 (Adv.).pdf
519,7c38f7717e,363,ace+thsc,dup,ace,English Advanced/ACE-Trial/Baulkham Hills 2020 English Trial Paper 2 Advanced.pdf
520,60b6e27faa,363,ace+thsc,KEEP,thsc,Agriculture/Y12-Trial/James Ruse 2014.pdf
520,60b6e27faa,363,ace+thsc,dup,ace,Agriculture/ACE-Trial/James-Ruse-2014-Agriculture-Trials.pdf
521,d2bd1f98cc,362,ace+thsc,KEEP,thsc,Economics/Y12-Trial/Barker 2013 w. sol.pdf
521,d2bd1f98cc,362,ace+thsc,dup,ace,Economics/ACE-Trial/2013 ECO - Barker - Trial Paper.pdf
522,0521fb1fa1,362,ace+thsc,KEEP,thsc,Business Studies/Y11-Yearly/Moriah 2006 w. sol.pdf
522,0521fb1fa1,362,ace+thsc,dup,ace,Business Studies/ACE-Yearly/2006 P BS - Moriah - Prelim Yearly Exam Paper.pdf
523,8547380584,362,ace+thsc,KEEP,thsc,Maths Advanced/Y12-Trial/Penrith 2016 w. sol.pdf
523,8547380584,362,ace+thsc,dup,ace,Maths Advanced/ACE-Trial/2016_2U_-_Penrith_trial_with_Solutions.pdf
524,eafeaae614,358,ace+thsc,KEEP,thsc,Maths Extension 2/Y12-Trial/Sydney Tech 2016 w. sol.pdf
524,eafeaae614,358,ace+thsc,dup,ace,Maths Extension 2/ACE-Trial/2016_4U_-_Sydney_Tech_Trial_with_solutions.pdf
525,97df561028,357,ace+thsc,KEEP,thsc,Modern History/Y12-Trial/Cranbrook 2009.pdf
525,97df561028,357,ace+thsc,dup,ace,Modern History/ACE-Trial/Cranbrook-2009-Modern-Trial.pdf
526,0e0ddb2c10,355,ace+thsc,KEEP,thsc,English/Y12-Trial-P2-Adv/James Ruse 2020 P2 (Adv.).pdf
526,0e0ddb2c10,355,ace+thsc,dup,ace,English Advanced/ACE-Trial/James Ruse 2020 English Trial Paper 2 Advanced.pdf
527,701b4894c3,355,ace+thsc,KEEP,thsc,Maths Extension 1/Y12-Trial/Cheltenham Girls 2009 w. sol.pdf
527,701b4894c3,355,ace+thsc,dup,ace,Maths Extension 1/ACE-Trial/2009_3U_-_Cheltenham_Girls_Trial_with_Solutions.pdf
528,df69240c70,354,ace+thsc,KEEP,thsc,Maths Advanced/Y12-Trial/Cherrybrook Tech 2009 w. sol.pdf
528,df69240c70,354,ace+thsc,dup,ace,Maths Advanced/ACE-Trial/2009_2U_-_Cherrybrook_Tech_Trial_with_Solutions.pdf
529,ff1a39c42e,353,ace+thsc,KEEP,thsc,Maths Extension 1/Y12-Trial/Sydney Tech 2018 w. sol.pdf
529,ff1a39c42e,353,ace+thsc,dup,ace,Maths Extension 1/ACE-Trial/2018-3U-Sydney-Tech-Trials-with-Solutions.pdf
530,67c724a58e,353,ace+thsc,KEEP,thsc,Maths Advanced/Y12-Trial/North Sydney Girls 2016 w. sol.pdf
530,67c724a58e,353,ace+thsc,dup,ace,Maths Advanced/ACE-Trial/2016_2U_-_North_Sydney_Girls_trial_with_Solutions.pdf
531,89ce7e398f,351,ace+thsc,KEEP,thsc,Maths Extension 2/Y12-Trial/Gosford 2013 w. sol.pdf
531,89ce7e398f,351,ace+thsc,dup,ace,Maths Extension 2/ACE-Trial/2013 4U - Gosford Trial with Solutions.pdf
532,eccecf4af9,350,ace+thsc,KEEP,thsc,Maths Extension 1/Y12-Trial/Girraween 2010 w. sol.pdf
532,eccecf4af9,350,ace+thsc,dup,ace,Maths Extension 1/ACE-Trial/2010 3U - Girraween Trial with Solutions.pdf
533,50ee9e7c07,347,ace+thsc,KEEP,thsc,Maths Extension 1/Y11-Yearly/Sydney Boys 2014 w. sol.pdf
533,50ee9e7c07,347,ace+thsc,dup,ace,Maths Extension 1/ACE-Yearly/2014 P 3U - Sydney Boys - Prelim Yearly Exam Paper.pdf
534,90e6ca5bc7,347,ace+thsc,KEEP,thsc,Maths Extension 2/Y12-Trial/Whitebridge 2010 w. sol.pdf
534,90e6ca5bc7,347,ace+thsc,dup,ace,Maths Extension 2/ACE-Trial/2010 4U - Whitebridge Trial with Solutions.pdf
535,8d739820cf,345,ace+thsc,KEEP,thsc,Maths Extension 1/Y12-Trial/Girraween 2012 w. sol.pdf
535,8d739820cf,345,ace+thsc,dup,ace,Maths Extension 1/ACE-Trial/2012 3U - Girraween Trial with Solutions.pdf
536,6086e226e6,345,ace+thsc,KEEP,thsc,Maths Advanced/Y12-Trial/Sydney Tech 2016 w. sol.pdf
536,6086e226e6,345,ace+thsc,dup,ace,Maths Advanced/ACE-Trial/2016_2U_-_Sydney_Tech_Trial__Solutions.pdf
537,6c741ab89d,345,ace+thsc,KEEP,thsc,IPT/Y11-Yearly/Cherrybrook Tech 2009.pdf
537,6c741ab89d,345,ace+thsc,dup,ace,IPT/ACE-Yearly/2009 P IPT - Cherrybrook - Prelim Yearly Exam Paper (no solutions).pdf
538,dcae63c4fc,344,ace+thsc,KEEP,thsc,Legal Studies/Y12-Trial/Cranbrook 2011.pdf
538,dcae63c4fc,344,ace+thsc,dup,ace,Legal Studies/ACE-Trial/Cranbrook-2011-Legal-Studies-Trials.pdf
539,44c92e7ff2,344,ace+thsc,KEEP,thsc,Chemistry/Y11-Yearly/James Ruse 2004 w. sol.pdf
539,44c92e7ff2,344,ace+thsc,dup,ace,Chemistry/ACE-Yearly/2004 P CHEM - James Ruse - Prelim Yearly Exam Paper.pdf
540,67a14a2676,339,ace+thsc,KEEP,thsc,Maths Advanced/Y12-Trial/Pymble 2017.pdf
540,67a14a2676,339,ace+thsc,dup,ace,Maths Advanced/ACE-Trial/2017-2U-Pymble-Trials-without-Solutions.pdf
541,b35b91bcc7,336,ace+thsc,KEEP,thsc,Maths Extension 2/Y12-Trial/Penrith 2011 w. sol.pdf
541,b35b91bcc7,336,ace+thsc,dup,ace,Maths Extension 2/ACE-Trial/2011 4U - Penrith Trial with Solutions.pdf
542,0c5e13d0ac,336,ace+thsc,KEEP,thsc,Legal Studies/Y12-Trial/Sydney Tech 2021.pdf
542,0c5e13d0ac,336,ace+thsc,dup,ace,Legal Studies/ACE-Trial/2021-sydney-tech-trial-paper-61813729bf8bc.pdf
543,6a140fb6f1,335,ace+thsc,KEEP,thsc,Maths Extension 1/Y12-Trial/Penrith 2008.pdf
543,6a140fb6f1,335,ace+thsc,dup,ace,Maths Extension 1/ACE-Trial/2008_3U_-_Penrith_Trial_without_Solutions.pdf
544,1aa4d9d789,334,ace+thsc,KEEP,thsc,Maths Extension 1/Y12-Trial/Sydney Grammar 2022 w. sol.pdf
544,1aa4d9d789,334,ace+thsc,dup,ace,Maths Extension 1/ACE-Trial/3u-2022-sydney-grammar-trial-paper-with-solutions-64465799c2272.pdf
545,7181ec36ea,334,nesa,KEEP,nesa,English Advanced/HSC-NESA/hsc-engstd-adv-paper1-writing-booklet-2014.pdf
545,7181ec36ea,334,nesa,dup,nesa,English Standard/HSC-NESA/hsc-engstd-adv-paper1-writing-booklet-2014.pdf
546,80108d8767,334,ace+thsc,KEEP,thsc,English/Y12-Trial-P2-Adv/Sydney Boys 2020 P2 (Adv.).pdf
546,80108d8767,334,ace+thsc,dup,ace,English Advanced/ACE-Trial/Sydney Boys 2020 English Trial Paper 2 Advanced.pdf
547,c59a46058c,334,ace+thsc,KEEP,thsc,Maths Extension 1/Y12-Trial/Caringbah 2010 w. sol.pdf
547,c59a46058c,334,ace+thsc,dup,ace,Maths Extension 1/ACE-Trial/2010 3U - Caringbah Trial with Solutions.pdf
548,b2d2dd08f0,334,ace+thsc,KEEP,thsc,Maths Extension 1/Y12-Trial/Sydney Tech 2016 w. sol.pdf
548,b2d2dd08f0,334,ace+thsc,dup,ace,Maths Extension 1/ACE-Trial/2016_3U_-_Sydney_Tech_Trial_with_solutions.pdf
549,02897788bb,333,nesa,KEEP,nesa,English Advanced/HSC-NESA/2017-hsc-english-p1-std-and-adv.pdf
549,02897788bb,333,nesa,dup,nesa,English Standard/HSC-NESA/2017-hsc-english-p1-std-and-adv.pdf
550,692566b880,333,ace+thsc,KEEP,thsc,Maths Advanced/Y12-Trial/Caringbah 2019 w. sol.pdf
550,692566b880,333,ace+thsc,dup,ace,Maths Advanced/ACE-Trial/2019 2U - Caringbah - Trial Paper (with Solutions).pdf
551,ee2fda06c3,332,ace+thsc,KEEP,thsc,Maths Advanced/Y12-Trial/Sydney Tech 2011 w. sol.pdf
551,ee2fda06c3,332,ace+thsc,dup,ace,Maths Advanced/ACE-Trial/2011 2U - Sydney Tech Trial with Solutions.pdf
552,6b2fd7d21c,331,ace+thsc,KEEP,thsc,Maths Extension 1/Y11-Yearly/Penrith 2016 w. sol.pdf
552,6b2fd7d21c,331,ace+thsc,dup,ace,Maths Extension 1/ACE-Yearly/2016 P 3U - Penrith - Prelim Yearly Exam Paper.pdf
553,c121905d2d,331,ace+thsc,KEEP,thsc,Maths Extension 2/Y12-Trial/Normanhurst Boys 2020 w. sol.pdf
553,c121905d2d,331,ace+thsc,dup,ace,Maths Extension 2/ACE-Trial/2020 4U - Normanhurst - Trial Paper (with Solutions).pdf
554,ba03828d79,330,ace+thsc,KEEP,thsc,Maths Extension 1/Y11-Yearly/Newington 2014 w. sol.pdf
554,ba03828d79,330,ace+thsc,dup,ace,Maths Extension 1/ACE-Yearly/2014 P 3U - Newington - Prelim Yearly Exam Paper.pdf
555,d71b045e9c,329,ace+thsc,KEEP,thsc,Software/Y12-Trial/Scots 2013 w. sol.pdf
555,d71b045e9c,329,ace+thsc,dup,ace,SDD/ACE-Trial/Scots-2013-Software-Trials-&-Solutions.pdf
556,1e0e3d8a44,328,ace+thsc,KEEP,thsc,Maths Extension 1/Y12-Trial/MLC 2016 w. sol.pdf
556,1e0e3d8a44,328,ace+thsc,dup,ace,Maths Extension 1/ACE-Trial/2016_3U_-_MLC_Trial_with_solutions.pdf
557,7b355ffb91,326,ace+thsc,KEEP,thsc,English/Y12-Trial-P2-Adv/North Sydney Girls 2021 P2 (Adv.).pdf
557,7b355ffb91,326,ace+thsc,dup,ace,English Advanced/ACE-Trial/2021-north-sydney-girls-trial-paper-2-618908066fc93.pdf
558,d7d3d76243,323,ace+thsc,KEEP,thsc,Maths Extension 1/Y12-Trial/Westfield Sports 2008.pdf
558,d7d3d76243,323,ace+thsc,dup,ace,Maths Extension 1/ACE-Trial/2008_3U_-_Westfield_Sports_Trial_without_Solutions.pdf
559,20c1a6b570,319,ace+thsc,KEEP,thsc,English/Y12-Trial-P2-Adv/Hurlstone 2015 P2 (Adv.).pdf
559,20c1a6b570,319,ace+thsc,dup,ace,English Advanced/ACE-Trial/2015 English Advanced - Hurlstone Paper 2 Trial without Solutions.pdf
560,6801402bac,319,ace+thsc,KEEP,thsc,Biology/Y12-Trial/Sydney Boys 2002.pdf
560,6801402bac,319,ace+thsc,dup,ace,Biology/ACE-Trial/2002_Biology_-_Sydney_Boys_Trial_without_Solutions.pdf
561,8794722533,318,ace,KEEP,ace,English Advanced/ACE-HSC-Questions/2019-ENG-InspirED-English-Common-Paper-1-TRIAL.pdf
561,8794722533,318,ace,dup,ace,English Standard/ACE-HSC-Questions/2019-ENG-InspirED-English-Common-Paper-1-TRIAL.pdf
562,388e39c2fb,315,ace+thsc,KEEP,thsc,English/Y12-Trial-P2-Adv/Sydney Girls 2022 P2 (Adv.).pdf
562,388e39c2fb,315,ace+thsc,dup,ace,English Advanced/ACE-Trial/sydney-girls-high-2022-ea-trial-paper-64464746a90d7.pdf
563,7f613d663a,315,ace+thsc,KEEP,thsc,Maths Advanced/Y12-Trial/Frensham 2011 w. sol.pdf
563,7f613d663a,315,ace+thsc,dup,ace,Maths Advanced/ACE-Trial/2011 2U - Frensham Trial with Solutions.pdf
564,83a8e43812,315,ace+thsc,KEEP,thsc,Maths Extension 1/Y12-Trial/Fort St 2016 w. sol.pdf
564,83a8e43812,315,ace+thsc,dup,ace,Maths Extension 1/ACE-Trial/2016_3U_-_Fort_St_Trial_with_solutions.pdf
565,3d89a2823b,315,ace+thsc,KEEP,thsc,Maths Extension 2/Y12-Trial/Sydney Tech 2013 w. sol.pdf
565,3d89a2823b,315,ace+thsc,dup,ace,Maths Extension 2/ACE-Trial/2013 4U - Sydney Tech Trial with Solutions.pdf
566,8a364e47c8,314,ace+thsc,KEEP,thsc,Business Studies/Y12-Trial/Shore 2009 w. sol.pdf
566,8a364e47c8,314,ace+thsc,dup,ace,Business Studies/ACE-Trial/2009 Business - Shore Trial with Solutions.pdf
567,24bedd9ee9,313,ace+thsc,KEEP,thsc,Economics/Y11-Yearly/Newington 2015 w. sol.pdf
567,24bedd9ee9,313,ace+thsc,dup,ace,Economics/ACE-Yearly/2015 P ECO  - Newington - Prelim Yearly Exam Paper.pdf
568,2fa63f0f0d,311,ace+thsc,KEEP,thsc,PDHPE/Y12-Trial/Scots Albury 2013.pdf
568,2fa63f0f0d,311,ace+thsc,dup,ace,PDHPE/ACE-Trial/2013_PDHPE_-_Scots_Albury_Trial_without_Solutions.pdf
569,105fcfcbf0,310,ace+thsc,KEEP,thsc,Maths Extension 1/Y11-Yearly/Sydney Tech 2016 w. sol.pdf
569,105fcfcbf0,310,ace+thsc,dup,ace,Maths Extension 1/ACE-Yearly/2016 P 3U - Sydney Tech - Prelim Yearly Exam Paper.pdf
570,7150ffe886,310,ace+thsc,KEEP,thsc,Business Studies/Y11-Yearly/Moriah 2007 w. sol.pdf
570,7150ffe886,310,ace+thsc,dup,ace,Business Studies/ACE-Yearly/2007 P BS - Moriah - Prelim Yearly Exam Paper.pdf
571,72af23dc22,310,ace+thsc,KEEP,thsc,English/Y12-Trial-P2-Adv/Sydney Girls 2020 P2 (Adv.).pdf
571,72af23dc22,310,ace+thsc,dup,ace,English Advanced/ACE-Trial/Sydney Girls 2020 English Trial Paper 2 Advanced.pdf
572,ac26e29f4a,309,ace+thsc,KEEP,thsc,Maths Extension 1/Y12-Trial/Sydney Tech 2017 w. sol.pdf
572,ac26e29f4a,309,ace+thsc,dup,ace,Maths Extension 1/ACE-Trial/2017-3U-Sydney-Tech-Trials-with-Solutions.pdf
573,8e8985a9e0,305,ace+thsc,KEEP,thsc,Maths Extension 1/Y12-Trial/Girraween 2019 w. sol.pdf
573,8e8985a9e0,305,ace+thsc,dup,ace,Maths Extension 1/ACE-Trial/2019 3U - Girraween - Trial Paper (with Solutions).pdf
574,1c3e335e18,305,ace+thsc,KEEP,thsc,Maths Extension 2/Y12-Trial/Normanhurst Boys 2021 w. sol.pdf
574,1c3e335e18,305,ace+thsc,dup,ace,Maths Extension 2/ACE-Trial/ex2-2021-normanhurst-boys-trial-paper-w-solutions-618677763884e.pdf
575,08bc5781d8,302,ace,KEEP,ace,English Advanced/ACE-Trial/chatswood-2022-paper-1-63abae9371eed.pdf
575,08bc5781d8,302,ace,dup,ace,English Advanced/ACE-Notes/2022-english-adv-trial-paper-prescribed-texts-64460b34a0acf.pdf
576,946133a648,300,ace+thsc,KEEP,thsc,English/Y12-Trial-P2-Adv/James Ruse 2009 P2 (Adv.).pdf
576,946133a648,300,ace+thsc,dup,ace,English Advanced/ACE-Trial/2009 English Advanced - James Ruse Paper 2 Trial without Solutions.pdf
577,003850ffd2,299,ace+thsc,KEEP,thsc,Maths Extension 2/Y12-Trial/Normanhurst Boys 2019 w. sol.pdf
577,003850ffd2,299,ace+thsc,dup,ace,Maths Extension 2/ACE-Trial/2019 4U - Normanhurst Boys - Trial Paper (with Solutions).pdf
578,1ef92ea5de,299,ace+thsc,KEEP,thsc,English/Y12-Trial-P2-Adv/Knox 2009 P2 (Adv.).pdf
578,1ef92ea5de,299,ace+thsc,dup,ace,English Advanced/ACE-Trial/2009 English Advanced - Knox Paper 2 Trial without Solutions.pdf
579,550de3f6b6,298,ace+thsc,KEEP,thsc,Maths Extension 1/Y12-Trial/Cherrybrook Tech 2008 w. sol.pdf
579,550de3f6b6,298,ace+thsc,dup,ace,Maths Extension 1/ACE-Trial/2008_3U_-_Cherrybrook_Tech_Trial_with_Solutions.pdf
580,c37164eefd,296,ace+thsc,KEEP,thsc,Maths Extension 2/Y12-Trial/Normanhurst Boys 2017 w. sol.pdf
580,c37164eefd,296,ace+thsc,dup,ace,Maths Extension 2/ACE-Trial/2017-4U-Normanhurst-Boys-Trials-with-Solutions.pdf
581,4dbfa389bb,294,ace,KEEP,ace,IPT/ACE-Notes/Notes On Automated Manufacturing Systems (AMS).pdf
581,4dbfa389bb,294,ace,dup,ace,IPT/ACE-Notes/ipt-notes-automated-manufacturing-systems-ams-6134d52501588.pdf
582,9dc551a9ed,294,ace+thsc,KEEP,thsc,Maths Extension 1/Y12-Trial/Girraween 2013 w. sol.pdf
582,9dc551a9ed,294,ace+thsc,dup,ace,Maths Extension 1/ACE-Trial/2013 3U - Girraween Trial with Solutions.pdf
583,9467c814b6,293,ace+thsc,KEEP,thsc,Maths Advanced/Y12-Trial/Girraween 2013 w. sol.pdf
583,9467c814b6,293,ace+thsc,dup,ace,Maths Advanced/ACE-Trial/2013 2U - Girraween Trial with Solutions.pdf
584,3fe710b0ae,293,ace+thsc,KEEP,thsc,Chemistry/Y11-Yearly/James Ruse 2003 w. sol.pdf
584,3fe710b0ae,293,ace+thsc,dup,ace,Chemistry/ACE-Yearly/2003 P CHEM - James Ruse - Prelim Yearly Exam Paper.pdf
585,e9cd637fcb,291,ace+thsc,KEEP,thsc,Maths Extension 2/Y12-Trial/Ascham 2013.pdf
585,e9cd637fcb,291,ace+thsc,dup,ace,Maths Extension 2/ACE-Trial/2013 4U - Ascham Trial with Solutions.pdf
586,2b82dc1c20,291,ace+thsc,KEEP,thsc,Maths Extension 2/Y12-Trial/Girraween 2011 w. sol.pdf
586,2b82dc1c20,291,ace+thsc,dup,ace,Maths Extension 2/ACE-Trial/2011 4U - Girraween Trial with Solutions.pdf
587,039fa8ce86,290,ace+thsc,KEEP,thsc,Maths Advanced/Y12-Trial/Normanhurst Boys 2020 w. sol.pdf
587,039fa8ce86,290,ace+thsc,dup,ace,Maths Advanced/ACE-Trial/2020 2U - Normanhurst - Trial Paper (with Solutions).pdf
588,bf98231a3e,290,ace+thsc,KEEP,thsc,Maths Advanced/Y12-Trial/Normanhurst Boys 2021 w. sol.pdf
588,bf98231a3e,290,ace+thsc,dup,ace,Maths Advanced/ACE-Trial/2021-2u-normanhurst-boys-trial-paper-w-solutions-6183c09b0fa90.pdf
589,451681d12a,289,ace+thsc,KEEP,thsc,Maths Advanced/Y12-Trial/Penrith 2012 w. sol.pdf
589,451681d12a,289,ace+thsc,dup,ace,Maths Advanced/ACE-Trial/2012 2U - Penrith Trial with Solutions.pdf
590,fc2c432088,289,ace+thsc,KEEP,thsc,English/Y12-Trial-P2-Adv/Muirfield 2010 P2 (Adv.).pdf
590,fc2c432088,289,ace+thsc,dup,ace,English Advanced/ACE-Trial/2010 English Advanced - Muirfield Paper 2 Trial without Solutions.pdf
591,c2d2c15a43,288,ace+thsc,KEEP,thsc,Economics/Y12-Trial/SCEGGS 2016 w. sol.pdf
591,c2d2c15a43,288,ace+thsc,dup,ace,Economics/ACE-Trial/2016 ECO - SCEGGS - Trial Paper.pdf
592,fcead0e842,286,ace+thsc,KEEP,thsc,Maths Extension 2/Y12-Trial/Sydney Grammar 2016 w. sol.pdf
592,fcead0e842,286,ace+thsc,dup,ace,Maths Extension 2/ACE-Trial/2016_4U_-_Sydney_Grammar_Trial_with_solutions.pdf
593,4d189e71a0,285,ace,KEEP,ace,Business Studies/ACE-Notes/Notes-Topic-1-–-Nature-of-Business-Raquel.pdf
593,4d189e71a0,285,ace,dup,ace,Business Studies/ACE-Notes/Detailed Notes on Topic One - (Nature of Business).pdf
594,6a4b41049a,283,nesa,KEEP,nesa,English Advanced/HSC-NESA/2018-hsc-eng-std-and-adv-p1-mg.pdf
594,6a4b41049a,283,nesa,dup,nesa,English Standard/HSC-NESA/2018-hsc-eng-std-and-adv-p1-mg.pdf
595,2cf4c295f9,282,ace+thsc,KEEP,thsc,Maths Advanced/Y12-Trial/Port Hacking 2014 w. sol.pdf
595,2cf4c295f9,282,ace+thsc,dup,ace,Maths Advanced/ACE-Trial/2014 2U - Port Hacking Trial with Solutions.pdf
596,aa6b0f26c8,281,ace+thsc,KEEP,thsc,Maths Extension 1/Y12-Trial/Sydney Tech 2010 w. sol.pdf
596,aa6b0f26c8,281,ace+thsc,dup,ace,Maths Extension 1/ACE-Trial/2010 3U - Sydney Tech Trial with Solutions.pdf
597,4cd0447264,281,ace,KEEP,ace,Studies of Religion/ACE-Notes/studies-of-religion-unit-1-notes-6852169e48696.pdf
597,4cd0447264,281,ace,dup,ace,Studies of Religion/ACE-Notes/studies-of-religion-module-one-nature-of-religion-and-beliefs-yr-11-prelim-684eaa5ba0eff.pdf
598,f98e2517dd,280,ace+thsc,KEEP,thsc,Biology/Y12-Trial/Pymble 2007 w. sol.pdf
598,f98e2517dd,280,ace+thsc,dup,ace,Biology/ACE-Trial/2007_Biology_-_Pymble_Trial_with_Solutions.pdf
599,486fc35e59,280,ace,KEEP,ace,Legal Studies/ACE-CaseStudy/Case Study - Assessment Task One.pdf
599,486fc35e59,280,ace,dup,ace,Legal Studies/ACE-Assessment/Case Study - Assessment Task One.pdf
600,5d2b7f080f,279,ace+thsc,KEEP,thsc,English/Y12-Trial-P1/Sydney Boys 2020 P1.pdf
600,5d2b7f080f,279,ace+thsc,dup,ace,English Advanced/ACE-Trial/Sydney Boys 2020 English Trial Paper 1.pdf
601,8cd65f4c50,278,ace+thsc,KEEP,thsc,Maths Extension 1/Y12-Trial/James Ruse 2009 w. sol.pdf
601,8cd65f4c50,278,ace+thsc,dup,ace,Maths Extension 1/ACE-Trial/2009_3U_-_James_Ruse_Trial_with_Solutions.pdf
602,6835990ee8,277,ace+thsc,KEEP,thsc,Business Studies/Y11-Yearly/Moriah 2005 w. sol.pdf
602,6835990ee8,277,ace+thsc,dup,ace,Business Studies/ACE-Yearly/2005 P BS - Moriah - Prelim Yearly Exam Paper.pdf
603,e555b7a46c,276,ace+thsc,KEEP,thsc,English/Y12-Trial-P2-Adv/Hornsby Girls 2020 P2 (Adv.).pdf
603,e555b7a46c,276,ace+thsc,dup,ace,English Advanced/ACE-Trial/Hornsby Girls 2020 English Trial Paper 2 Advanced.pdf
604,f0d1b2d326,275,ace+thsc,KEEP,thsc,Maths Extension 1/Y12-Trial/Hornsby Girls 2012 w. sol.pdf
604,f0d1b2d326,275,ace+thsc,dup,ace,Maths Extension 1/ACE-Trial/2012 3U - Hornsby Girls Trial with Solutions.pdf
605,322defd475,275,ace,KEEP,ace,English Advanced/ACE-Other/Paper1-5.pdf
605,322defd475,275,ace,dup,ace,English Advanced/ACE-HSC-Questions/Paper1-5.pdf
606,fca4e57982,274,ace+thsc,KEEP,thsc,Biology/Y12-Trial/Baulkham Hills 2002.pdf
606,fca4e57982,274,ace+thsc,dup,ace,Biology/ACE-Trial/2002_Biology_-_Baulkham_Hills_Trial_without_Solutions.pdf
607,25259ed093,274,ace,KEEP,ace,English Advanced/ACE-Notes/Guide to Module C - The Craft of Writing.pdf
607,25259ed093,274,ace,dup,ace,English Advanced/ACE-Notes/2020-EA-An-Indefinite-Guide-to-Module-C-The-Craft-of-Writing.pdf
608,3e316c1860,273,ace+thsc,KEEP,thsc,Biology/Y11-Yearly/James Ruse 2007 w. sol.pdf
608,3e316c1860,273,ace+thsc,dup,ace,Biology/ACE-Yearly/2007 P BIO - James Ruse - Prelim Yearly Exam Paper.pdf
609,6220a7115b,272,ace+thsc,KEEP,thsc,Biology/Y11-Yearly/James Ruse 2005 w. sol.pdf
609,6220a7115b,272,ace+thsc,dup,ace,Biology/ACE-Yearly/2005 P BIO - James Ruse - Prelim Yearly Exam Paper.pdf
610,315d1480f5,270,ace,KEEP,ace,Legal Studies/ACE-Notes/legal-family-law-notes-6553087159715.pdf
610,315d1480f5,270,ace,dup,ace,Legal Studies/ACE-Notes/legal-workplace-law-notes-65530814654d7.pdf
611,11ea97f2e0,267,ace+thsc,KEEP,thsc,Maths Extension 1/Y12-Trial/Gosford 2012 w. sol.pdf
611,11ea97f2e0,267,ace+thsc,dup,ace,Maths Extension 1/ACE-Trial/2012 3U - Gosford Trial with Solutions.pdf
612,36eb5a0d04,266,ace+thsc,KEEP,thsc,English/Y12-Trial-P1/Sydney Girls 2021 P1.pdf
612,36eb5a0d04,266,ace+thsc,dup,ace,English Advanced/ACE-Trial/2021-sydney-girls-trial-paper-1-618906d7aa880.pdf
613,6b7f62d6e8,262,ace+thsc,KEEP,thsc,Maths Extension 1/Y12-Trial/Cheltenham Girls 2008 w. sol.pdf
613,6b7f62d6e8,262,ace+thsc,dup,ace,Maths Extension 1/ACE-Trial/2008_3U_-_Cheltenham_Girls_Trial_with_Solutions.pdf
614,ca3b5d6c09,262,ace+thsc,KEEP,thsc,Economics/Y12-Trial/Abbotsleigh 2016.pdf
614,ca3b5d6c09,262,ace+thsc,dup,ace,Economics/ACE-Trial/Abbotsleigh_2016_Economics_Trials.pdf
614,ca3b5d6c09,262,ace+thsc,dup,ace,Economics/ACE-Trial/2016 Abbotsleigh Trial without Solutions.pdf
615,332f220461,262,nesa,KEEP,nesa,English Advanced/HSC-NESA/2014-english-std-hsc-mg-paper-1.pdf
615,332f220461,262,nesa,dup,nesa,English Standard/HSC-NESA/2014-english-std-hsc-mg-paper-1.pdf
616,e349a7222d,261,ace,KEEP,ace,English Advanced/ACE-Notes/Key English Techniques - Used To Create Meaning.pdf
616,e349a7222d,261,ace,dup,ace,English Standard/ACE-Notes/Key English Techniques - Used To Create Meaning.pdf
617,14bec82ecc,260,ace+thsc,KEEP,thsc,Economics/Y12-Trial/North Sydney Girls 2010.pdf
617,14bec82ecc,260,ace+thsc,dup,ace,Economics/ACE-Trial/2010_Economics_-_North_Sydney_Girls_Trial_without_Solutions.pdf
618,5cede60b51,258,ace+thsc,KEEP,thsc,Chemistry/Y12-Trial/Hurlstone 2011 w. sol.pdf
618,5cede60b51,258,ace+thsc,dup,ace,Chemistry/ACE-Trial/2011_Chemistry_-_Hurlstone_with_Solutions.pdf
619,a6c58cf84f,258,ace+thsc,KEEP,thsc,Maths Extension 1/Y12-Trial/Sydney Tech 2012 w. sol.pdf
619,a6c58cf84f,258,ace+thsc,dup,ace,Maths Extension 1/ACE-Trial/2012 3U - Sydney Tech Trial with Solutions.pdf
620,ee5a3128c5,257,ace+thsc,KEEP,thsc,Maths Advanced/Y12-Trial/Girraween 2012 w. sol.pdf
620,ee5a3128c5,257,ace+thsc,dup,ace,Maths Advanced/ACE-Trial/2012 2U - Girraween Trial with Solutions.pdf
621,57f531e137,253,ace+thsc,KEEP,thsc,Maths Extension 1/Y12-Trial/Sydney Grammar 2019 w. sol.pdf
621,57f531e137,253,ace+thsc,dup,ace,Maths Extension 1/ACE-Trial/2019 3U - Sydney Grammar - Trial Paper (with Solutions).pdf
622,68c655a89e,250,ace+thsc,KEEP,thsc,Maths Extension 1/Y12-Trial/Normanhurst Boys 2016 w. sol.pdf
622,68c655a89e,250,ace+thsc,dup,ace,Maths Extension 1/ACE-Trial/2016_3U_-_Normanhurst_Boys_Trial_with_solutions.pdf
623,5949ffb860,247,ace+thsc,KEEP,thsc,Maths Advanced/Y12-Trial/Sydney Tech 2017 w. sol.pdf
623,5949ffb860,247,ace+thsc,dup,ace,Maths Advanced/ACE-Trial/2017-2U-Sydney-Tech-Trials-with-Solutions.pdf
624,7ff71ed95b,247,ace+thsc,KEEP,thsc,English/Y12-Trial-P2-Adv/Caringbah 2021 P2 (Adv.).pdf
624,7ff71ed95b,247,ace+thsc,dup,ace,English Advanced/ACE-Trial/2021-caringbah-trial-paper-2-618907a51cc2e.pdf
624,7ff71ed95b,247,ace+thsc,dup,ace,English Advanced/ACE-Trial/caringbah-high-2021-paper-2-english-adv-trial-paper-6136b86bb1c7c.pdf
625,a16d577a5d,247,ace+thsc,KEEP,thsc,Maths Advanced/Y12-Trial/Sydney Tech 2010 w. sol.pdf
625,a16d577a5d,247,ace+thsc,dup,ace,Maths Advanced/ACE-Trial/2010 2U - Sydney Tech Trial with Solutions.pdf
626,a187c029fb,246,ace,KEEP,ace,English Advanced/ACE-Notes/the-boat-hiroshima-nam-le-quotes-and-techniques-682aeb123a9d0.pdf
626,a187c029fb,246,ace,dup,ace,English Advanced/ACE-Notes/hiroshima-and-the-boat-nam-le-important-quotes-w-techniques-6829d25dd54c1.pdf
627,ec5976257b,245,ace+thsc,KEEP,thsc,Chemistry/Y11-Yearly/James Ruse 2010 w. sol.pdf
627,ec5976257b,245,ace+thsc,dup,ace,Chemistry/ACE-Yearly/2010 P CHEM - James Ruse - Prelim Yearly Exam Paper.pdf
628,1bd7542633,245,ace+thsc,KEEP,thsc,Maths Extension 1/Y12-Trial/Manly 2012 w. sol.pdf
628,1bd7542633,245,ace+thsc,dup,ace,Maths Extension 1/ACE-Trial/2012 3U - Manly Trial with Solutions.pdf
629,87785ec0c6,245,ace+thsc,KEEP,thsc,English/Y12-Trial-P2-Adv/James Ruse 2010 P2 (Adv.).pdf
629,87785ec0c6,245,ace+thsc,dup,ace,English Advanced/ACE-Trial/2010 English Advanced - James Ruse Paper 2 Trial without Solutions.pdf
630,c34213e53c,244,ace+thsc,KEEP,thsc,Physics/Y11-Yearly/Cranbrook 2000.pdf
630,c34213e53c,244,ace+thsc,dup,ace,Physics/ACE-Yearly/2000 P PHY - Cranbrook - Prelim Yearly Exam Paper (no solutions).pdf
631,933e5362f5,241,ace+thsc,KEEP,thsc,Economics/Y12-Trial/Barker 2012 w. sol.pdf
631,933e5362f5,241,ace+thsc,dup,ace,Economics/ACE-Trial/2012 ECO - Barker - Trial Paper.pdf
632,205ff83078,241,ace+thsc,KEEP,thsc,English/Y12-Trial-P2-Adv/Barker 2009 P2 (Adv.).pdf
632,205ff83078,241,ace+thsc,dup,ace,English Advanced/ACE-Trial/2009 English Advanced - Barker Paper 2 Trial without Solutions.pdf
633,975ce47d1c,238,ace+thsc,KEEP,thsc,Economics/Y11-Yearly/Newington 2012 w. sol.pdf
633,975ce47d1c,238,ace+thsc,dup,ace,Economics/ACE-Yearly/2012 P ECO  - Newington - Prelim Yearly Exam Paper.pdf
634,e8e188fe66,238,ace+thsc,KEEP,thsc,English/Y12-Trial-P2-Adv/Abbotsleigh 2010 P2 (Adv.).pdf
634,e8e188fe66,238,ace+thsc,dup,ace,English Advanced/ACE-Trial/2010 English Advanced - Abbotsleigh Paper 2 Trial without Solutions.pdf
635,3b8c9801ba,237,ace,KEEP,ace,Economics/ACE-Trial/Sydney_Grammar_2016_Economics_Trials.pdf
635,3b8c9801ba,237,ace,dup,ace,Economics/ACE-Trial/2016 Sydney Grammar School Trial without Solutions.pdf
636,e5529d1b18,237,ace+thsc,KEEP,thsc,Maths Advanced/Y12-Trial/Gosford 2013 w. sol.pdf
636,e5529d1b18,237,ace+thsc,dup,ace,Maths Advanced/ACE-Trial/2013 2U - Gosford Trial with Solutions.pdf
637,0a53c3569e,234,ace,KEEP,ace,English Advanced/ACE-Notes/Glossary of Critical Terms for Prose - (Neilab Osman).pdf
637,0a53c3569e,234,ace,dup,ace,English Standard/ACE-Notes/Glossary of Critical Terms for Prose - (Neilab Osman).pdf
638,e038917b53,228,ace+thsc,KEEP,thsc,Economics/Y11-Yearly/Newington 2014 w. sol.pdf
638,e038917b53,228,ace+thsc,dup,ace,Economics/ACE-Yearly/2014 P ECO  - Newington - Prelim Yearly Exam Paper.pdf
639,b2514c4956,227,nesa,KEEP,nesa,English Advanced/HSC-NESA/2015-english-std-hsc-mg-paper-1.pdf
639,b2514c4956,227,nesa,dup,nesa,English Standard/HSC-NESA/2015-english-std-hsc-mg-paper-1.pdf
640,c8bbcd4fe5,225,ace+thsc,KEEP,thsc,Maths Advanced/Y12-Trial/Gosford 2016 w. sol.pdf
640,c8bbcd4fe5,225,ace+thsc,dup,ace,Maths Advanced/ACE-Trial/2016_2U_-_Gosford_trial_with_Solutions.pdf
641,cef14a9f2b,224,ace+thsc,KEEP,thsc,Chemistry/Y11-Yearly/Strathfield Girls 2004.pdf
641,cef14a9f2b,224,ace+thsc,dup,ace,Chemistry/ACE-Yearly/2004 P CHEM - Strathfield Girls - Prelim Yearly Exam Paper (no solutions).pdf
642,7bd75a4c2e,223,ace+thsc,KEEP,thsc,Maths Standard 2/Y11-Yearly/Cherrybrook Tech 2002 w. sol.pdf
642,7bd75a4c2e,223,ace+thsc,dup,ace,Maths Standard 2/ACE-Yearly/2002 P MS - Cherrybrook Tech Prelim Yearly Exam Paper.pdf
643,0eec69668d,223,ace+thsc,KEEP,thsc,Maths Extension 1/Y12-Trial/Gosford 2019 w. sol.pdf
643,0eec69668d,223,ace+thsc,dup,ace,Maths Extension 1/ACE-Trial/2019 3U - Gosford - Trial Paper (with Solutions).pdf
644,e80f95ce40,223,ace+thsc,KEEP,thsc,Maths Advanced/Y12-Trial/Penrith 2011 w. sol.pdf
644,e80f95ce40,223,ace+thsc,dup,ace,Maths Advanced/ACE-Trial/2011 2U - Penrith Trial with Solutions.pdf
645,87e902d543,221,ace+thsc,KEEP,thsc,Maths Extension 1/Y12-Trial/Hornsby Girls 2016 w. sol.pdf
645,87e902d543,221,ace+thsc,dup,ace,Maths Extension 1/ACE-Trial/2016_3U_-_Hornsby_Girls_Trial_with_solutions.pdf
646,1888968a64,221,ace+thsc,KEEP,thsc,Chemistry/Y12-Trial/Sydney Girls 2006 w. sol.pdf
646,1888968a64,221,ace+thsc,dup,ace,Chemistry/ACE-Trial/2006_Chemistry_-_Sydney_Girls_with_Solutions.pdf
647,e071039efc,215,ace+thsc,KEEP,thsc,Maths Extension 1/Y12-Trial/Girraween 2009 w. sol.pdf
647,e071039efc,215,ace+thsc,dup,ace,Maths Extension 1/ACE-Trial/2009_3U_-_Girraween_Trial_with_Solutions.pdf
648,aef9704789,211,ace+thsc,KEEP,thsc,Maths Extension 1/Y12-Trial/Sydney Tech 2008 w. sol.pdf
648,aef9704789,211,ace+thsc,dup,ace,Maths Extension 1/ACE-Trial/2008_3U_-_Sydney_Tech_Trial_with_Solutions.pdf
649,19d69d32c1,207,ace+thsc,KEEP,thsc,Maths Extension 1/Y11-Yearly/Gosford 2014 w. sol.pdf
649,19d69d32c1,207,ace+thsc,dup,ace,Maths Extension 1/ACE-Yearly/2014 P 3U - Gosford - Prelim Yearly Exam Paper.pdf
650,077fd7f081,204,ace,KEEP,ace,Business Studies/ACE-Notes/Summarised Notes on Marketing.pdf
650,077fd7f081,204,ace,dup,ace,Business Studies/ACE-Notes/Business_Studies_Notes_-_Marketing_4.pdf
651,8b4957ead9,202,ace+thsc,KEEP,thsc,English/Y12-Trial-P2-Adv/St Ursulas 2010 P2 (Adv.).pdf
651,8b4957ead9,202,ace+thsc,dup,ace,English Advanced/ACE-Trial/2010 English Advanced - St Ursulas Paper 2 Trial without Solutions.pdf
652,a745f6e076,199,ace,KEEP,ace,English Advanced/ACE-Notes/Literary Techniques Complete Guide For Essays.pdf
652,a745f6e076,199,ace,dup,ace,English Standard/ACE-Notes/Literary Techniques Complete Guide For Essays.pdf
653,7395246947,197,ace+thsc,KEEP,thsc,English/Y12-Trial-P2-Adv/North Sydney Girls 2010 P2 (Adv.).pdf
653,7395246947,197,ace+thsc,dup,ace,English Advanced/ACE-Trial/2010 English Advanced - North Sydney Girls Paper 2 Trial without Solutions.pdf
654,9155aa28f2,196,ace+thsc,KEEP,thsc,Chemistry/Y11-Yearly/James Ruse 2008 w. sol.pdf
654,9155aa28f2,196,ace+thsc,dup,ace,Chemistry/ACE-Yearly/2008 P CHEM - James Ruse - Prelim Yearly Exam Paper.pdf
655,606a566ed7,195,ace+thsc,KEEP,thsc,Maths Advanced/Y12-Trial/Hornsby Girls 2012.pdf
655,606a566ed7,195,ace+thsc,dup,ace,Maths Advanced/ACE-Trial/2012 2U - Hornsby Girls Trial with Solutions.pdf
656,8a784feb77,194,ace+thsc,KEEP,thsc,English/Y12-Trial-P2-Adv/Asquith Girls 2009 P2 (Adv.).pdf
656,8a784feb77,194,ace+thsc,dup,ace,English Advanced/ACE-Trial/2009 English Advanced - Asquith Girls Paper 2 Trial without Solutions.pdf
657,9b1622c3d9,194,ace+thsc,KEEP,thsc,Maths Extension 1/Y12-Trial/Girraween 2011 w. sol.pdf
657,9b1622c3d9,194,ace+thsc,dup,ace,Maths Extension 1/ACE-Trial/2011 3U - Girraween Trial with Solutions.pdf
658,646c6fe27b,194,ace+thsc,KEEP,thsc,Biology/Y11-Yearly/Pymble 2005.pdf
658,646c6fe27b,194,ace+thsc,dup,ace,Biology/ACE-Yearly/2005 P BIO - Pymble - Prelim Yearly Exam Paper (no solutions).pdf
659,e0003b5019,193,ace+thsc,KEEP,thsc,Software/Y12-Trial/Barker 2001 w. sol.pdf
659,e0003b5019,193,ace+thsc,dup,ace,SDD/ACE-Trial/2001_Software_-_Barker_Trial_with_Solutions.pdf
660,e923805808,192,ace,KEEP,ace,Modern History/ACE-Assessment/historical-investigation-chernobyl-24-30-68bfa85fabad4.pdf
660,e923805808,192,ace,dup,ace,Modern History/ACE-Assessment/chernobyl-historical-investigation-24-30-69258f653377b.pdf
661,3df404abc6,192,ace+thsc,KEEP,thsc,Chemistry/Y11-Yearly/James Ruse 2002 w. sol.pdf
661,3df404abc6,192,ace+thsc,dup,ace,Chemistry/ACE-Yearly/2002 P CHEM - James Ruse - Prelim Yearly Exam Paper.pdf
662,c065d98cc1,191,ace+thsc,KEEP,thsc,Economics/Y12-Trial/North Sydney Girls 2009.pdf
662,c065d98cc1,191,ace+thsc,dup,ace,Economics/ACE-Trial/2009_Economics_-_North_Sydney_Girls_Trial_without_Solutions.pdf
663,61aa9079aa,188,ace+thsc,KEEP,thsc,Maths Extension 1/Y12-Trial/Caringbah 2016 w. sol.pdf
663,61aa9079aa,188,ace+thsc,dup,ace,Maths Extension 1/ACE-Trial/2016_3U_-_Caringbah_Trial_with_solutions.pdf
664,49da934d6a,186,nesa,KEEP,nesa,English Advanced/HSC-NESA/2017-hsc-mg-english-p1-std-and-adv.pdf
664,49da934d6a,186,nesa,dup,nesa,English Standard/HSC-NESA/2017-hsc-mg-english-p1-std-and-adv.pdf
665,6c26f98e38,185,ace+thsc,KEEP,thsc,Economics/Y12-Trial/North Sydney Girls 2011.pdf
665,6c26f98e38,185,ace+thsc,dup,ace,Economics/ACE-Trial/2011_Economics_-_North_Sydney_Girls_Trial_without_Solutions.pdf
666,5c0d70fbb9,184,ace+thsc,KEEP,thsc,English/Y12-Trial-P2-Adv/Riverview 2010 P2 (Adv.).pdf
666,5c0d70fbb9,184,ace+thsc,dup,ace,English Advanced/ACE-Trial/2010 English Advanced - Riverview Paper 2 Trial without Solutions.pdf
667,acea9039a7,184,ace+thsc,KEEP,thsc,Economics/Y12-Trial/Newington 2013 w. sol.pdf
667,acea9039a7,184,ace+thsc,dup,ace,Economics/ACE-Trial/2013 ECO - Newington - Trial Paper.pdf
668,70b96a8c6c,183,ace+thsc,KEEP,thsc,Chemistry/Y11-Yearly/James Ruse 2006 w. sol.pdf
668,70b96a8c6c,183,ace+thsc,dup,ace,Chemistry/ACE-Yearly/2006 P CHEM - James Ruse - Prelim Yearly Exam Paper.pdf
669,79734e1226,182,nesa,KEEP,nesa,English Advanced/HSC-NESA/2016-hsc-mg-english-paper-1-std-and-adv.pdf
669,79734e1226,182,nesa,dup,nesa,English Standard/HSC-NESA/2016-hsc-mg-english-paper-1-std-and-adv.pdf
670,f05936b5d6,178,ace,KEEP,ace,English Advanced/ACE-Notes/Hamlet Scene Notes (Neilab Osman).pdf
670,f05936b5d6,178,ace,dup,ace,English Standard/ACE-Notes/Hamlet Scene Notes (Neilab Osman).pdf
671,08c4a6514e,177,ace,KEEP,ace,Society & Culture/ACE-Assessment/society-and-culture-source-analysis-64eada0accf23.pdf
671,08c4a6514e,177,ace,dup,ace,Society & Culture/ACE-Assessment/how-has-xenophobia-in-the-media-impacted-australians-perspective-of-asylum--644fac35938b7.pdf
672,5bf2d3ab36,174,ace+thsc,KEEP,thsc,Maths Standard 2/Y11-Yearly/Cherrybrook Tech 2001.pdf
672,5bf2d3ab36,174,ace+thsc,dup,ace,Maths Standard 2/ACE-Yearly/2001 P MS - Cherrybrook Tech Prelim Yearly Exam Paper.pdf
673,688497437c,173,ace+thsc,KEEP,thsc,Business Studies/Y12-Trial/Scots 2012.pdf
673,688497437c,173,ace+thsc,dup,ace,Business Studies/ACE-Trial/2012 Business - Scots Trial with Solutions.pdf
674,ee05bfe70a,171,ace+thsc,KEEP,thsc,Chemistry/Y11-Yearly/James Ruse 2007 w. sol.pdf
674,ee05bfe70a,171,ace+thsc,dup,ace,Chemistry/ACE-Yearly/2007 P CHEM - James Ruse - Prelim Yearly Exam Paper.pdf
675,d0d7333ac7,171,ace+thsc,KEEP,thsc,Maths Extension 1/Y12-Trial/Normanhurst Boys 2017 w. sol.pdf
675,d0d7333ac7,171,ace+thsc,dup,ace,Maths Extension 1/ACE-Trial/2017-3U-Normanhurst-Boys-Trials-with-Solutions.pdf
676,e9b551d8d0,169,ace+thsc,KEEP,thsc,Economics/Y11-Yearly/Penrith 2016.pdf
676,e9b551d8d0,169,ace+thsc,dup,ace,Economics/ACE-Yearly/2016 P ECO  - Penrith - Prelim Yearly Exam Paper (no solutions).pdf
677,899624c156,167,ace+thsc,KEEP,thsc,Agriculture/Y12-Trial/Hurlstone 2008.pdf
677,899624c156,167,ace+thsc,dup,ace,Agriculture/ACE-Trial/Hurlstone-2008-Agriculture-Trials.pdf
678,d5d72b66ce,167,ace+thsc,KEEP,thsc,Business Studies/Y12-Trial/Shore 2012 w. sol.pdf
678,d5d72b66ce,167,ace+thsc,dup,ace,Business Studies/ACE-Trial/2012 Business - Shore Trial with Solutions.pdf
679,455fa541cf,167,ace+thsc,KEEP,thsc,English Extension 1/Y12-Trial/Sydney Boys 2021.pdf
679,455fa541cf,167,ace+thsc,dup,ace,English Extension 1/ACE-Trial/ee1-2021-sydney-boys-trial-paper-2-618908880eadc.pdf
680,b3dc63bfbf,166,ace+thsc,KEEP,thsc,Agriculture/Y12-Trial/Hurlstone 2009.pdf
680,b3dc63bfbf,166,ace+thsc,dup,ace,Agriculture/ACE-Trial/Hurlstone-2009-Agriculture-Trials.pdf
681,ab3237af11,165,ace,KEEP,ace,Business Studies/ACE-Notes/SOR II - (Learn To) Revision Booklet.pdf
681,ab3237af11,165,ace,dup,ace,Studies of Religion/ACE-Notes/SOR II - (Learn To) Revision Booklet.pdf
682,5f60922bd2,164,ace+thsc,KEEP,thsc,English/Y12-Trial-P2-Adv/Pymble 2010 P2 (Adv.).pdf
682,5f60922bd2,164,ace+thsc,dup,ace,English Advanced/ACE-Trial/2010 English Advanced - Pymble Paper 2 Trial without Solutions.pdf
683,c0633bf6ee,162,ace+thsc,KEEP,thsc,English/Y12-Trial-P2-Adv/Fort St 2003 P2 (Adv.).pdf
683,c0633bf6ee,162,ace+thsc,dup,ace,English Advanced/ACE-Trial/2003_English_Advanced_-_Fort_St_Paper_2_Trial_without_Solutions.pdf
684,f13bf6161b,161,ace+thsc,KEEP,thsc,English/Y12-Trial-P2-Adv/Asquith Girls 2010 P2 (Adv.).pdf
684,f13bf6161b,161,ace+thsc,dup,ace,English Advanced/ACE-Trial/2010 English Advanced - Asquith Girls Paper 2 Trial without Solutions.pdf
685,edaa0d2143,158,ace+thsc,KEEP,thsc,English/Y12-Trial-P2-Adv/North Sydney Boys 2020 P2 (Adv.).pdf
685,edaa0d2143,158,ace+thsc,dup,ace,English Advanced/ACE-Trial/North Sydney Boys 2020 English Trial Paper 2 Advanced.pdf
686,cc2e2e5b05,158,ace+thsc,KEEP,thsc,Economics/Y11-Yearly/Sydney Tech 2013 w. sol.pdf
686,cc2e2e5b05,158,ace+thsc,dup,ace,Economics/ACE-Yearly/2013 P ECO  - Sydney Tech - Prelim Yearly Exam Paper.pdf
687,b0635445b5,150,ace,KEEP,ace,PDHPE/ACE-Notes/PDHPE_Resources_-_Sports_medicine.pdf
687,b0635445b5,150,ace,dup,ace,PDHPE/ACE-Other/PDHPE_Resources_-_Sports_medicine.pdf
688,5f830e3bb6,148,ace+thsc,KEEP,thsc,Physics/Y11-Yearly/James Ruse 2002.pdf
688,5f830e3bb6,148,ace+thsc,dup,ace,Physics/ACE-Yearly/2002 P PHY - James Ruse - Prelim Yearly Exam Paper (no solutions).pdf
689,0944788a3d,144,nesa,KEEP,nesa,English Advanced/HSC-NESA/2018-hsc-english-std-adv-p1.pdf
689,0944788a3d,144,nesa,dup,nesa,English Standard/HSC-NESA/2018-hsc-english-std-adv-p1.pdf
690,5531fd8c2c,142,ace,KEEP,ace,English Advanced/ACE-Notes/2019-EA-Module-A-Richard-III-Notes.pdf
690,5531fd8c2c,142,ace,dup,ace,English Advanced/ACE-Notes/Notes On Module A (Richard III and Looking for Richard).pdf
691,3edfe5b57e,142,ace+thsc,KEEP,thsc,English/Y12-Trial-P1/Sydney Boys 2021 P1.pdf
691,3edfe5b57e,142,ace+thsc,dup,ace,English Advanced/ACE-Trial/2021-sydney-boys-trial-paper-1-618906b93b441.pdf
692,247da7a199,139,ace+thsc,KEEP,thsc,Economics/Y12-Trial/Barker 2010 w. sol.pdf
692,247da7a199,139,ace+thsc,dup,ace,Economics/ACE-Trial/2010 ECO - Barker - Trial Paper.pdf
693,d95a66f4e3,137,ace+thsc,KEEP,thsc,Maths Advanced/Y12-Trial/Girraween 2009.pdf
693,d95a66f4e3,137,ace+thsc,dup,ace,Maths Advanced/ACE-Trial/2009_2U_-_Girraween_Trial_without_Solutions.pdf
694,b0c7c6f68a,135,ace,KEEP,ace,English Standard/ACE-Notes/1984-quotes-analysis-636f6f2fe8cb2.pdf
694,b0c7c6f68a,135,ace,dup,ace,English Advanced/ACE-Notes/notes-on-the-text-1984-w-table-of-analysis-643ea07454630.pdf
695,60f03664c1,130,ace+thsc,KEEP,thsc,English Extension 1/Y12-Trial/Sydney Girls 2003.pdf
695,60f03664c1,130,ace+thsc,dup,ace,English Extension 1/ACE-Trial/2003_English_Ex_1_-_Sydney_Girls_Trial_without_Solutions.pdf
696,331e4fd8ed,129,ace,KEEP,ace,English Standard/ACE-Assessment/english-reading-to-write-writing-portfolio-690b05fc8f79c.pdf
696,331e4fd8ed,129,ace,dup,ace,English Standard/ACE-Assessment/17-20-texts-and-human-experiences-vignette-text-justification-690b0724890d3.pdf
697,2898afc46e,129,ace+thsc,KEEP,thsc,Economics/Y11-Yearly/Fort St 2010 w. sol.pdf
697,2898afc46e,129,ace+thsc,dup,ace,Economics/ACE-Yearly/2010 P ECO  - Fort St - Prelim Yearly Exam Paper.pdf
698,5fdf928d84,124,ace,KEEP,ace,Business Studies/ACE-Notes/type of Business.pdf
698,5fdf928d84,124,ace,dup,ace,Business Studies/ACE-Notes/Notes-Topic-1-Types-of-business-Anggi.pdf
699,db0abd0a02,119,ace,KEEP,ace,English Advanced/ACE-Notes/English Tips (Neilab Osman).pdf
699,db0abd0a02,119,ace,dup,ace,English Standard/ACE-Notes/English Tips (Neilab Osman).pdf
700,043ae12a95,112,ace+thsc,KEEP,thsc,English/Y12-Trial-P2-Adv/Cheltenham Girls 2021 P2 (Adv.).pdf
700,043ae12a95,112,ace+thsc,dup,ace,English Advanced/ACE-Trial/2021-cheltenham-girls-trial-paper-2-618907df1fd8c.pdf
701,238fe46c77,111,ace+thsc,KEEP,thsc,Biology/Y11-Yearly/James Ruse 2009 w. sol.pdf
701,238fe46c77,111,ace+thsc,dup,ace,Biology/ACE-Yearly/2009 P BIO - James Ruse - Prelim Yearly Exam Paper.pdf
702,aad251ec8b,105,ace+thsc,KEEP,thsc,English/Y12-Trial-P2-Adv/Sydney Boys 2021 P2 (Adv.).pdf
702,aad251ec8b,105,ace+thsc,dup,ace,English Advanced/ACE-Trial/2021-sydney-boys-trial-paper-2-61890825dbb10.pdf
703,7162f8610d,104,ace,KEEP,ace,Studies of Religion/ACE-Notes/complete-notes-on-nordic-aztec-religion-644a390a61934.pdf
703,7162f8610d,104,ace,dup,ace,Studies of Religion/ACE-Notes/complete-notes-on-the-nature-of-religion-and-belief-644a39f97af14.pdf
704,350cd93c7b,103,ace+thsc,KEEP,thsc,English/Y12-Trial-P2-Adv/Sydney Grammar 2020 P2 (Adv.).pdf
704,350cd93c7b,103,ace+thsc,dup,ace,English Advanced/ACE-Trial/Sydney Grammar 2020 English Trial Paper 2 Advanced.pdf
705,a7feea51f8,101,ace+thsc,KEEP,thsc,Modern History/Y12-Trial/Roseville 2001.pdf
705,a7feea51f8,101,ace+thsc,dup,ace,Modern History/ACE-Trial/2001_Modern_History_-_Roseville_Trial_without_Solutions.pdf
706,2ca1eb2207,100,ace,KEEP,ace,English Advanced/ACE-Notes/craft-of-writing-imaginative-reflection-644a41326e149.pdf
706,2ca1eb2207,100,ace,dup,ace,English Advanced/ACE-Assessment/imaginative-narrative-reflection-essay-20-20-64412cd7ea18f.pdf
707,997632368e,100,ace,KEEP,ace,English Advanced/ACE-Essay/Module A - The Great Gatsby & Sonnets From The Portuguese Essay (Neilab Osman).pdf
707,997632368e,100,ace,dup,ace,English Standard/ACE-Essay/Module A - The Great Gatsby & Sonnets From The Portuguese Essay (Neilab Osman).pdf
708,6a020d6bfb,100,ace+thsc,KEEP,thsc,Chemistry/Y11-Yearly/James Ruse 2001 w. sol.pdf
708,6a020d6bfb,100,ace+thsc,dup,ace,Chemistry/ACE-Yearly/2001 P CHEM - James Ruse - Prelim Yearly Exam Paper.pdf
709,35eaab8891,97,ace+thsc,KEEP,thsc,IPT/Y12-Trial/Barker 2001.pdf
709,35eaab8891,97,ace+thsc,dup,ace,IPT/ACE-Trial/2001_IPT_-_Barker_Trial_with_Solutions.pdf
710,4913a1f1ee,94,ace+thsc,KEEP,thsc,Software/Y12-Trial/Scots 2012.pdf
710,4913a1f1ee,94,ace+thsc,dup,ace,SDD/ACE-Trial/Scots-2012-Software-Trials.pdf
711,a61aaddf8a,94,ace+thsc,KEEP,thsc,English/Y12-Trial-P2-Adv/Barker 2015 P2 (Adv.).pdf
711,a61aaddf8a,94,ace+thsc,dup,ace,English Advanced/ACE-Trial/2015 English Advanced - Barker Paper 2 Trial without Solutions.pdf
712,7aee17a339,81,ace+thsc,KEEP,thsc,Software/Y12-Trial/Asquith Girls 2001.pdf
712,7aee17a339,81,ace+thsc,dup,ace,SDD/ACE-Trial/2001_Software_-_Asquith_Girls_Trial_with_Solutions.pdf
713,8848c4f129,80,ace,KEEP,ace,English Advanced/ACE-Other/How to Memorise paragraphs.pdf
713,8848c4f129,80,ace,dup,ace,English Standard/ACE-Other/How to Memorise paragraphs.pdf
714,725859441d,77,ace,KEEP,ace,English Advanced/ACE-Notes/Basic Film Technique Glossary - (Neilab Osman).pdf
714,725859441d,77,ace,dup,ace,English Standard/ACE-Notes/Basic Film Technique Glossary - (Neilab Osman).pdf
715,b3594c2e8e,77,ace,KEEP,ace,English Advanced/ACE-Notes/Discovery - The Kite Runner (Neilab Osman).pdf
715,b3594c2e8e,77,ace,dup,ace,English Standard/ACE-Notes/Discovery - The Kite Runner (Neilab Osman).pdf
716,54fbf4bfbc,74,ace+thsc,KEEP,thsc,English/Y12-Trial-P2-Adv/Hurlstone 2010 P2 (Adv.).pdf
716,54fbf4bfbc,74,ace+thsc,dup,ace,English Advanced/ACE-Trial/2010 English Advanced - Hurlstone Paper 2 Trial without Solutions.pdf
717,f290f76915,73,ace+thsc,KEEP,thsc,Chemistry/Y12-Trial/Sydney Girls 2002.pdf
717,f290f76915,73,ace+thsc,dup,ace,Chemistry/ACE-Trial/2002_Chemistry_-_Sydney_Girls_without_Solutions.pdf
718,4e631145bc,72,ace+thsc,KEEP,thsc,Chemistry/Y11-Yearly/Sydney Boys 2004.pdf
718,4e631145bc,72,ace+thsc,dup,ace,Chemistry/ACE-Yearly/2004 P CHEM - Sydney Boys - Prelim Yearly Exam Paper (no solutions).pdf
719,ea9e4c6443,72,ace,KEEP,ace,English Extension 1/ACE-Essay/19-20-dorian-gray-parasite-687dfa24bb79e.pdf
719,ea9e4c6443,72,ace,dup,ace,English Extension 1/ACE-Essay/19-20-the-picture-of-dorian-gray-parasite-687dfce2199ce.pdf
720,b7d9b7899d,71,ace+thsc,KEEP,thsc,Chemistry/Y12-Trial/Sydney Girls 2001.pdf
720,b7d9b7899d,71,ace+thsc,dup,ace,Chemistry/ACE-Trial/2001_Chemistry_-_Sydney_Girls_without_Solutions.pdf
721,c9173bba3d,71,ace,KEEP,ace,English Advanced/ACE-Notes/Literary Techniques Cheat Sheet (Neilab Osman).pdf
721,c9173bba3d,71,ace,dup,ace,English Standard/ACE-Notes/Literary Techniques Cheat Sheet (Neilab Osman).pdf
722,07d06b8523,69,ace+thsc,KEEP,thsc,Economics/Y11-Yearly/Sydney Tech 2011.pdf
722,07d06b8523,69,ace+thsc,dup,ace,Economics/ACE-Yearly/2011 P ECO  - Sydney Tech - Prelim Yearly Exam Paper (no solutions).pdf
723,c332cb321f,67,ace+thsc,KEEP,thsc,Physics/Y11-Yearly/James Ruse 2003.pdf
723,c332cb321f,67,ace+thsc,dup,ace,Physics/ACE-Yearly/2003 P PHY - James Ruse - Prelim Yearly Exam Paper (no solutions).pdf
724,7b5ef5e26e,64,ace,KEEP,ace,English Advanced/ACE-Notes/How to write a creative writing piece essay.pdf
724,7b5ef5e26e,64,ace,dup,ace,English Standard/ACE-Notes/How to write a creative writing piece essay.pdf
725,790ba8ece1,64,ace,KEEP,ace,English Advanced/ACE-Essay/Writing Band Six Essays - Intelligent Introductions.pdf
725,790ba8ece1,64,ace,dup,ace,English Standard/ACE-Essay/Writing Band Six Essays - Intelligent Introductions.pdf
726,d9f3d4385c,63,ace,KEEP,ace,English Advanced/ACE-Essay/Paper II Section II - Module B - Essay on King Henry IV.pdf
726,d9f3d4385c,63,ace,dup,ace,English Standard/ACE-Essay/Paper II Section II - Module B - Essay on King Henry IV.pdf
727,a928af4bf5,62,ace+thsc,KEEP,thsc,English/Y12-Trial-P2-Adv/Burwood Girls 2010 P2 (Adv.).pdf
727,a928af4bf5,62,ace+thsc,dup,ace,English Advanced/ACE-Trial/2010 English Advanced - Burwood Girls Paper 2 Trial without Solutions.pdf
728,51376ae1ca,58,ace+thsc,KEEP,thsc,English/Y12-Trial-P2-Adv/Kincoppal 2009 P2 (Adv.).pdf
728,51376ae1ca,58,ace+thsc,dup,ace,English Advanced/ACE-Trial/2009 English Advanced - Kincoppal Paper 2 Trial without Solutions.pdf
729,c8f66dce5c,52,ace,KEEP,ace,English Advanced/ACE-Essay/Paper One - Section Two - Essay - Rewrite Crucible.pdf
729,c8f66dce5c,52,ace,dup,ace,English Standard/ACE-Essay/Paper One - Section Two - Essay - Rewrite Crucible.pdf
730,b8506153c4,50,ace,KEEP,ace,English Advanced/ACE-Essay/2020-ENG-Essay-TEMPLATE-Texts-Human-Experiences-HSCcoworks.pdf
730,b8506153c4,50,ace,dup,ace,English Standard/ACE-Essay/2020-ENG-Essay-TEMPLATE-Texts-Human-Experiences-HSCcoworks.pdf
731,f806699c4f,50,ace,KEEP,ace,English Advanced/ACE-Notes/Film Techniques Explanations (Neilab Osman).pdf
731,f806699c4f,50,ace,dup,ace,English Standard/ACE-Notes/Film Techniques Explanations (Neilab Osman).pdf
732,737647fea6,49,ace,KEEP,ace,English Advanced/ACE-Notes/Analysing Visual Texts.pdf
732,737647fea6,49,ace,dup,ace,English Standard/ACE-Notes/Analysing Visual Texts.pdf
733,f99cfb7341,48,ace,KEEP,ace,English Advanced/ACE-Essay/Practice Essay Questions for Belonging.pdf
733,f99cfb7341,48,ace,dup,ace,English Standard/ACE-Essay/Practice Essay Questions for Belonging.pdf
734,b20da55fe3,43,ace,KEEP,ace,English Advanced/ACE-Notes/Matrix English Techniques (Neilab Osman).pdf
734,b20da55fe3,43,ace,dup,ace,English Standard/ACE-Notes/Matrix English Techniques (Neilab Osman).pdf
735,f6f437c531,41,ace,KEEP,ace,"English Advanced/ACE-Notes/Text Features Definition - Language Features, Visual Terms, Film Terms & Imaginative Writing.pdf"
735,f6f437c531,41,ace,dup,ace,"English Standard/ACE-Notes/Text Features Definition - Language Features, Visual Terms, Film Terms & Imaginative Writing.pdf"
736,b64a86af66,34,ace,KEEP,ace,Business Studies/ACE-Essay/marketing-mix-essay-mcdonalds-case-study-653f299b0f633.pdf
736,b64a86af66,34,ace,dup,ace,Business Studies/ACE-Essay/full-mark-marketing-mix-essay-mcdonalds-case-study-653f2a2684cdf.pdf
737,090804113f,28,ace,KEEP,ace,English Advanced/ACE-Notes/Module B - Essay (Ishiguro).pdf
737,090804113f,28,ace,dup,ace,English Advanced/ACE-Essay/Module B - Essay (Ishiguro).pdf
738,9ae7161ae2,26,ace+thsc,KEEP,thsc,Chemistry/Y11-Yearly/Sydney Girls 2001.pdf
738,9ae7161ae2,26,ace+thsc,dup,ace,Chemistry/ACE-Yearly/2001 P CHEM - Sydney Girls - Prelim Yearly Exam Paper (no solutions).pdf
739,46e4aa9eb0,9,ace+thsc,KEEP,thsc,History Extension/Y12-Trial/Sydney Boys 2010 History Extension Practice Paper 1.pdf
739,46e4aa9eb0,9,ace+thsc,dup,ace,History Extension/ACE-Trial/Sydney-Boys-2010-History-Extension-Practice-Paper-1.pdf
