=== NESA downloader start ===
=== NESA downloader start ===
124 exam-pack pages across 11 subjects
124 exam-pack pages across 11 subjects
  OK English Advanced/HSC-NESA/2014-english-adv-hsc-exam-paper-2.pdf (1008 KB)
  OK English Advanced/HSC-NESA/2014-english-adv-hsc-exam-paper-2.pdf (1008 KB)
  OK English Advanced/HSC-NESA/2014-english-adv-hsc-mg.pdf (82 KB)
  OK English Advanced/HSC-NESA/2014-english-adv-hsc-mg.pdf (82 KB)
  OK English Advanced/HSC-NESA/2014-english-std-hsc-exam-paper-1.pdf (820 KB)
  OK English Advanced/HSC-NESA/2014-english-std-hsc-exam-paper-1.pdf (820 KB)
  OK English Advanced/HSC-NESA/2014-english-std-hsc-mg-paper-1.pdf (262 KB)
  OK English Advanced/HSC-NESA/2014-english-std-hsc-mg-paper-1.pdf (262 KB)
  OK English Advanced/HSC-NESA/hsc-engstd-adv-paper1-writing-booklet-2014.pdf (334 KB)
  OK English Advanced/HSC-NESA/hsc-engstd-adv-paper1-writing-booklet-2014.pdf (334 KB)
  OK English Advanced/HSC-NESA/2015-english-adv-hsc-exam-2.pdf (163 KB)
  OK English Advanced/HSC-NESA/2015-english-adv-hsc-exam-2.pdf (163 KB)
  OK English Advanced/HSC-NESA/2015-english-adv-hsc-mg-paper-2.pdf (205 KB)
  OK English Advanced/HSC-NESA/2015-english-adv-hsc-mg-paper-2.pdf (205 KB)
  OK English Advanced/HSC-NESA/2015-english-std-hsc-exam-1.pdf (10217 KB)
  OK English Advanced/HSC-NESA/2015-english-std-hsc-exam-1.pdf (10217 KB)
  OK English Advanced/HSC-NESA/2015-english-std-hsc-mg-paper-1.pdf (227 KB)
  OK English Advanced/HSC-NESA/2015-english-std-hsc-mg-paper-1.pdf (227 KB)
  OK English Advanced/HSC-NESA/2016-hsc-english-adv-p2.pdf (480 KB)
  OK English Advanced/HSC-NESA/2016-hsc-english-adv-p2.pdf (480 KB)
  OK English Advanced/HSC-NESA/2016-hsc-english-p1-std-and-adv.pdf (456 KB)
  OK English Advanced/HSC-NESA/2016-hsc-english-p1-std-and-adv.pdf (456 KB)
  OK English Advanced/HSC-NESA/2016-hsc-mg-english-paper-1-std-and-adv.pdf (182 KB)
  OK English Advanced/HSC-NESA/2016-hsc-mg-english-paper-1-std-and-adv.pdf (182 KB)
  OK English Advanced/HSC-NESA/2016-hsc-mg-english-paper-2-adv.pdf (156 KB)
  OK English Advanced/HSC-NESA/2016-hsc-mg-english-paper-2-adv.pdf (156 KB)
  OK English Advanced/HSC-NESA/english-std-adv-sample-hsc-exam-paper-2016.pdf (1275 KB)
  OK English Advanced/HSC-NESA/english-std-adv-sample-hsc-exam-paper-2016.pdf (1275 KB)
  OK English Advanced/HSC-NESA/2017-hsc-english-advanced-p2.pdf (212 KB)
  OK English Advanced/HSC-NESA/2017-hsc-english-advanced-p2.pdf (212 KB)
  OK English Advanced/HSC-NESA/2017-hsc-english-p1-std-and-adv.pdf (333 KB)
  OK English Advanced/HSC-NESA/2017-hsc-english-p1-std-and-adv.pdf (333 KB)
  OK English Advanced/HSC-NESA/2017-hsc-mg-english-p1-std-and-adv.pdf (186 KB)
  OK English Advanced/HSC-NESA/2017-hsc-mg-english-p1-std-and-adv.pdf (186 KB)
  OK English Advanced/HSC-NESA/2017-hsc-mg-english-p2-adv.pdf (162 KB)
  OK English Advanced/HSC-NESA/2017-hsc-mg-english-p2-adv.pdf (162 KB)
  OK English Advanced/HSC-NESA/english-advanced-hsc-paper-2-sample-writing-booklet-2017.pdf (168 KB)
  OK English Advanced/HSC-NESA/english-advanced-hsc-paper-2-sample-writing-booklet-2017.pdf (168 KB)
  OK English Advanced/HSC-NESA/2018-hsc-eng-adv-p2-mg.pdf (335 KB)
  OK English Advanced/HSC-NESA/2018-hsc-eng-adv-p2-mg.pdf (335 KB)
  OK English Advanced/HSC-NESA/2018-hsc-eng-std-and-adv-p1-mg.pdf (283 KB)
  OK English Advanced/HSC-NESA/2018-hsc-eng-std-and-adv-p1-mg.pdf (283 KB)
  OK English Advanced/HSC-NESA/2018-hsc-english-advanced-paper-2.pdf (740 KB)
  OK English Advanced/HSC-NESA/2018-hsc-english-advanced-paper-2.pdf (740 KB)
  OK English Advanced/HSC-NESA/2018-hsc-english-std-adv-p1.pdf (144 KB)
  OK English Advanced/HSC-NESA/2018-hsc-english-std-adv-p1.pdf (144 KB)
  OK English Advanced/HSC-NESA/2019-hsc-english-advanced-p1.pdf (1489 KB)
  OK English Advanced/HSC-NESA/2019-hsc-english-advanced-p1.pdf (1489 KB)
  OK English Advanced/HSC-NESA/2019-hsc-english-advanced-p2.pdf (106 KB)
  OK English Advanced/HSC-NESA/2019-hsc-english-advanced-p2.pdf (106 KB)
  OK English Advanced/HSC-NESA/2019-hsc-english-advanced-paper-1-mg.pdf (107 KB)
  OK English Advanced/HSC-NESA/2019-hsc-english-advanced-paper-1-mg.pdf (107 KB)
  OK English Advanced/HSC-NESA/2019-hsc-english-advanced-paper-2-mg.pdf (71 KB)
  OK English Advanced/HSC-NESA/2019-hsc-english-advanced-paper-2-mg.pdf (71 KB)
  OK English Advanced/HSC-NESA/2020-hsc-english-advanced-paper-1-mg.pdf (204 KB)
  OK English Advanced/HSC-NESA/2020-hsc-english-advanced-paper-1-mg.pdf (204 KB)
  OK English Advanced/HSC-NESA/2020-hsc-english-advanced-paper-1.pdf (1728 KB)
  OK English Advanced/HSC-NESA/2020-hsc-english-advanced-paper-1.pdf (1728 KB)
  OK English Advanced/HSC-NESA/2020-hsc-english-advanced-paper-2-mg.pdf (146 KB)
  OK English Advanced/HSC-NESA/2020-hsc-english-advanced-paper-2-mg.pdf (146 KB)
  OK English Advanced/HSC-NESA/2020-hsc-english-advanced-paper-2.pdf (1671 KB)
  OK English Advanced/HSC-NESA/2020-hsc-english-advanced-paper-2.pdf (1671 KB)
  OK English Advanced/HSC-NESA/2021-hsc-english-advanced-p1.pdf (393 KB)
  OK English Advanced/HSC-NESA/2021-hsc-english-advanced-p1.pdf (393 KB)
  OK English Advanced/HSC-NESA/2021-hsc-english-advanced-p2.pdf (1692 KB)
  OK English Advanced/HSC-NESA/2021-hsc-english-advanced-p2.pdf (1692 KB)
  OK English Advanced/HSC-NESA/2021-hsc-english-advanced-paper-1-mg.pdf (244 KB)
  OK English Advanced/HSC-NESA/2021-hsc-english-advanced-paper-1-mg.pdf (244 KB)
  OK English Advanced/HSC-NESA/2021-hsc-english-advanced-paper-2-mg.pdf (239 KB)
  OK English Advanced/HSC-NESA/2021-hsc-english-advanced-paper-2-mg.pdf (239 KB)
  OK English Advanced/HSC-NESA/2022-hsc-english-advanced-1-mg.pdf (168 KB)
  OK English Advanced/HSC-NESA/2022-hsc-english-advanced-1-mg.pdf (168 KB)
  OK English Advanced/HSC-NESA/2022-hsc-english-advanced-2-mg.pdf (149 KB)
  OK English Advanced/HSC-NESA/2022-hsc-english-advanced-2-mg.pdf (149 KB)
  OK English Advanced/HSC-NESA/2022-hsc-english-advanced-p1.pdf (268 KB)
  OK English Advanced/HSC-NESA/2022-hsc-english-advanced-p1.pdf (268 KB)
  OK English Advanced/HSC-NESA/2022-hsc-english-advanced-p2.pdf (252 KB)
  OK English Advanced/HSC-NESA/2022-hsc-english-advanced-p2.pdf (252 KB)
  OK English Advanced/HSC-NESA/2023-hsc-english-adv-paper-1-mg.pdf (184 KB)
  OK English Advanced/HSC-NESA/2023-hsc-english-adv-paper-1-mg.pdf (184 KB)
  OK English Advanced/HSC-NESA/2023-hsc-english-adv-paper-1.pdf (314 KB)
  OK English Advanced/HSC-NESA/2023-hsc-english-adv-paper-1.pdf (314 KB)
  OK English Advanced/HSC-NESA/2023-hsc-english-adv-paper-2-mg.pdf (165 KB)
  OK English Advanced/HSC-NESA/2023-hsc-english-adv-paper-2-mg.pdf (165 KB)
  OK English Advanced/HSC-NESA/2023-hsc-english-adv-paper-2.pdf (156 KB)
  OK English Advanced/HSC-NESA/2023-hsc-english-adv-paper-2.pdf (156 KB)
  OK English Advanced/HSC-NESA/2024-hsc-english-adv-paper-1-mg.pdf (251 KB)
  OK English Advanced/HSC-NESA/2024-hsc-english-adv-paper-1-mg.pdf (251 KB)
  OK English Advanced/HSC-NESA/2024-hsc-english-adv-paper-2-mg.pdf (203 KB)
  OK English Advanced/HSC-NESA/2024-hsc-english-adv-paper-2-mg.pdf (203 KB)
  OK English Advanced/HSC-NESA/2024-hsc-english-adv-paper-2.pdf (166 KB)
  OK English Advanced/HSC-NESA/2024-hsc-english-adv-paper-2.pdf (166 KB)
  OK English Advanced/HSC-NESA/2024-hsc-english-adv-paper-1-cc.pdf (1300 KB)
  OK English Advanced/HSC-NESA/2024-hsc-english-adv-paper-1-cc.pdf (1300 KB)
  OK English Advanced/HSC-NESA/2025-hsc-english-advanced-paper-1-mg.pdf (84 KB)
  OK English Advanced/HSC-NESA/2025-hsc-english-advanced-paper-1-mg.pdf (84 KB)
  OK English Advanced/HSC-NESA/2025-hsc-english-advanced-paper-2-mg.pdf (72 KB)
  OK English Advanced/HSC-NESA/2025-hsc-english-advanced-paper-2-mg.pdf (72 KB)
  OK English Advanced/HSC-NESA/2025-hsc-english-advanced-paper-1.pdf (691 KB)
  OK English Advanced/HSC-NESA/2025-hsc-english-advanced-paper-1.pdf (691 KB)
  OK English Advanced/HSC-NESA/2025-hsc-english-advanced-paper-2.pdf (1427 KB)
  OK English Advanced/HSC-NESA/2025-hsc-english-advanced-paper-2.pdf (1427 KB)
  OK English EAL-D/HSC-NESA/esl-hsc-exam-listening-2014-archive.pdf (220 KB)
  OK English EAL-D/HSC-NESA/esl-hsc-exam-listening-2014-archive.pdf (220 KB)
  OK English EAL-D/HSC-NESA/esl-hsc-exam-paper-1-2014-archive.pdf (368 KB)
  OK English EAL-D/HSC-NESA/esl-hsc-exam-paper-1-2014-archive.pdf (368 KB)
  OK English EAL-D/HSC-NESA/esl-hsc-exam-paper-2-2014-archive.pdf (278 KB)
  OK English EAL-D/HSC-NESA/esl-hsc-exam-paper-2-2014-archive.pdf (278 KB)
  OK English EAL-D/HSC-NESA/esl-hsc-mg-paper-1-2014-archive.pdf (80 KB)
  OK English EAL-D/HSC-NESA/esl-hsc-mg-paper-1-2014-archive.pdf (80 KB)
  OK English EAL-D/HSC-NESA/esl-hsc-mg-paper-2-2014-archive.pdf (57 KB)
  OK English EAL-D/HSC-NESA/esl-hsc-mg-paper-2-2014-archive.pdf (57 KB)
  OK English EAL-D/HSC-NESA/mg-esl-listening-2014-archive.pdf (113 KB)
  OK English EAL-D/HSC-NESA/mg-esl-listening-2014-archive.pdf (113 KB)
  OK English EAL-D/HSC-NESA/esl-hsc-exam-1-2015-archive.pdf (899 KB)
  OK English EAL-D/HSC-NESA/esl-hsc-exam-1-2015-archive.pdf (899 KB)
  OK English EAL-D/HSC-NESA/esl-hsc-exam-2-2015-archive.pdf (107 KB)
  OK English EAL-D/HSC-NESA/esl-hsc-exam-2-2015-archive.pdf (107 KB)
  OK English EAL-D/HSC-NESA/esl-hsc-exam-listening-2015-archive.pdf (151 KB)
  OK English EAL-D/HSC-NESA/esl-hsc-exam-listening-2015-archive.pdf (151 KB)
  OK English EAL-D/HSC-NESA/esl-hsc-mg-listening-2015-archive.pdf (141 KB)
  OK English EAL-D/HSC-NESA/esl-hsc-mg-listening-2015-archive.pdf (141 KB)
  OK English EAL-D/HSC-NESA/esl-hsc-mg-paper-1-2015-archive.pdf (207 KB)
  OK English EAL-D/HSC-NESA/esl-hsc-mg-paper-1-2015-archive.pdf (207 KB)
  OK English EAL-D/HSC-NESA/esl-hsc-mg-paper-2-2015-archive.pdf (133 KB)
  OK English EAL-D/HSC-NESA/esl-hsc-mg-paper-2-2015-archive.pdf (133 KB)
  OK English EAL-D/HSC-NESA/2016-hsc-english-esl-p1-archive.pdf (182 KB)
  OK English EAL-D/HSC-NESA/2016-hsc-english-esl-p1-archive.pdf (182 KB)
  OK English EAL-D/HSC-NESA/2016-hsc-english-esl-p2-archive.pdf (113 KB)
  OK English EAL-D/HSC-NESA/2016-hsc-english-esl-p2-archive.pdf (113 KB)
  OK English EAL-D/HSC-NESA/2016-hsc-esl-listening-archive.pdf (102 KB)
  OK English EAL-D/HSC-NESA/2016-hsc-esl-listening-archive.pdf (102 KB)
  OK English EAL-D/HSC-NESA/2016-hsc-mg-esl-listening-archive.pdf (124 KB)
  OK English EAL-D/HSC-NESA/2016-hsc-mg-esl-listening-archive.pdf (124 KB)
  OK English EAL-D/HSC-NESA/2016-hsc-mg-esl-paper-1-archive.pdf (199 KB)
  OK English EAL-D/HSC-NESA/2016-hsc-mg-esl-paper-1-archive.pdf (199 KB)
  OK English EAL-D/HSC-NESA/2016-hsc-mg-esl-paper-2-archive.pdf (126 KB)
  OK English EAL-D/HSC-NESA/2016-hsc-mg-esl-paper-2-archive.pdf (126 KB)
  OK English EAL-D/HSC-NESA/2017-hsc-mg-esl-listening-archive.pdf (118 KB)
  OK English EAL-D/HSC-NESA/2017-hsc-mg-esl-listening-archive.pdf (118 KB)
  OK English EAL-D/HSC-NESA/2017-hsc-mg-esl-p1-archive.pdf (243 KB)
  OK English EAL-D/HSC-NESA/2017-hsc-mg-esl-p1-archive.pdf (243 KB)
  OK English EAL-D/HSC-NESA/2017-hsc-mg-esl-p2-archive.pdf (130 KB)
  OK English EAL-D/HSC-NESA/2017-hsc-mg-esl-p2-archive.pdf (130 KB)
  OK English EAL-D/HSC-NESA/2017-hsc-esl-listening-archive.pdf (208 KB)
  OK English EAL-D/HSC-NESA/2017-hsc-esl-listening-archive.pdf (208 KB)
  OK English EAL-D/HSC-NESA/2017-hsc-esl-p1-archive.pdf (1497 KB)
  OK English EAL-D/HSC-NESA/2017-hsc-esl-p1-archive.pdf (1497 KB)
  OK English EAL-D/HSC-NESA/2017-hsc-esl-p2-archive.pdf (174 KB)
  OK English EAL-D/HSC-NESA/2017-hsc-esl-p2-archive.pdf (174 KB)
  OK English EAL-D/HSC-NESA/2018-hsc-eng-esl-listening-archive.pdf (138 KB)
  OK English EAL-D/HSC-NESA/2018-hsc-eng-esl-listening-archive.pdf (138 KB)
  OK English EAL-D/HSC-NESA/2018-hsc-eng-esl-paper-2-archive.pdf (171 KB)
  OK English EAL-D/HSC-NESA/2018-hsc-eng-esl-paper-2-archive.pdf (171 KB)
  OK English EAL-D/HSC-NESA/2018-hsc-english-esl-listening-mg-archive.pdf (344 KB)
  OK English EAL-D/HSC-NESA/2018-hsc-english-esl-listening-mg-archive.pdf (344 KB)
  OK English EAL-D/HSC-NESA/2018-hsc-english-esl-p1-archive.pdf (219 KB)
  OK English EAL-D/HSC-NESA/2018-hsc-english-esl-p1-archive.pdf (219 KB)
  OK English EAL-D/HSC-NESA/2018-hsc-english-esl-p1-mg-archive.pdf (443 KB)
  OK English EAL-D/HSC-NESA/2018-hsc-english-esl-p1-mg-archive.pdf (443 KB)
  OK English EAL-D/HSC-NESA/2018-hsc-english-esl-p2-mg-archive.pdf (335 KB)
  OK English EAL-D/HSC-NESA/2018-hsc-english-esl-p2-mg-archive.pdf (335 KB)
  OK English EAL-D/HSC-NESA/2019-hsc-english-eald-listening-mg.pdf (119 KB)
  OK English EAL-D/HSC-NESA/2019-hsc-english-eald-listening-mg.pdf (119 KB)
  OK English EAL-D/HSC-NESA/2019-hsc-english-eald-listening.pdf (227 KB)
  OK English EAL-D/HSC-NESA/2019-hsc-english-eald-listening.pdf (227 KB)
  OK English EAL-D/HSC-NESA/2019-hsc-english-eald-p1-mg.pdf (102 KB)
  OK English EAL-D/HSC-NESA/2019-hsc-english-eald-p1-mg.pdf (102 KB)
  OK English EAL-D/HSC-NESA/2019-hsc-english-eald-p1.pdf (5191 KB)
  OK English EAL-D/HSC-NESA/2019-hsc-english-eald-p1.pdf (5191 KB)
  OK English EAL-D/HSC-NESA/2019-hsc-english-eald-p2-mg.pdf (59 KB)
  OK English EAL-D/HSC-NESA/2019-hsc-english-eald-p2-mg.pdf (59 KB)
  OK English EAL-D/HSC-NESA/2019-hsc-english-eald-p2.pdf (126 KB)
  OK English EAL-D/HSC-NESA/2019-hsc-english-eald-p2.pdf (126 KB)
  OK English EAL-D/HSC-NESA/2020-hsc-english-eald-listening-mg.pdf (153 KB)
  OK English EAL-D/HSC-NESA/2020-hsc-english-eald-listening-mg.pdf (153 KB)
  OK English EAL-D/HSC-NESA/2020-hsc-english-eald-paper-1-mg.pdf (213 KB)
  OK English EAL-D/HSC-NESA/2020-hsc-english-eald-paper-1-mg.pdf (213 KB)
  OK English EAL-D/HSC-NESA/2020-hsc-english-eald-paper-1.pdf (240 KB)
  OK English EAL-D/HSC-NESA/2020-hsc-english-eald-paper-1.pdf (240 KB)
  OK English EAL-D/HSC-NESA/2020-hsc-english-eald-paper-2-mg.pdf (126 KB)
  OK English EAL-D/HSC-NESA/2020-hsc-english-eald-paper-2-mg.pdf (126 KB)
  OK English EAL-D/HSC-NESA/2020-hsc-english-eald-paper-2.pdf (121 KB)
  OK English EAL-D/HSC-NESA/2020-hsc-english-eald-paper-2.pdf (121 KB)
  OK English EAL-D/HSC-NESA/2020-hsc-english-elad-listening.pdf (84 KB)
  OK English EAL-D/HSC-NESA/2020-hsc-english-elad-listening.pdf (84 KB)
  OK English EAL-D/HSC-NESA/2021-hsc-english-eald-listening-mg.pdf (206 KB)
  OK English EAL-D/HSC-NESA/2021-hsc-english-eald-listening-mg.pdf (206 KB)
  OK English EAL-D/HSC-NESA/2021-hsc-english-eald-listening.pdf (86 KB)
  OK English EAL-D/HSC-NESA/2021-hsc-english-eald-listening.pdf (86 KB)
  OK English EAL-D/HSC-NESA/2021-hsc-english-eald-paper-1-mg.pdf (367 KB)
  OK English EAL-D/HSC-NESA/2021-hsc-english-eald-paper-1-mg.pdf (367 KB)
  OK English EAL-D/HSC-NESA/2021-hsc-english-eald-paper-1.pdf (1128 KB)
  OK English EAL-D/HSC-NESA/2021-hsc-english-eald-paper-1.pdf (1128 KB)
  OK English EAL-D/HSC-NESA/2021-hsc-english-eald-paper-2-mg.pdf (190 KB)
  OK English EAL-D/HSC-NESA/2021-hsc-english-eald-paper-2-mg.pdf (190 KB)
  OK English EAL-D/HSC-NESA/2021-hsc-english-eald-paper-2.pdf (490 KB)
  OK English EAL-D/HSC-NESA/2021-hsc-english-eald-paper-2.pdf (490 KB)
  OK English EAL-D/HSC-NESA/2022-hsc-english-eald-listening-mg.pdf (136 KB)
  OK English EAL-D/HSC-NESA/2022-hsc-english-eald-listening-mg.pdf (136 KB)
  OK English EAL-D/HSC-NESA/2022-hsc-english-eald-listening.pdf (119 KB)
  OK English EAL-D/HSC-NESA/2022-hsc-english-eald-listening.pdf (119 KB)
  OK English EAL-D/HSC-NESA/2022-hsc-english-eald-paper-1-mg.pdf (185 KB)
  OK English EAL-D/HSC-NESA/2022-hsc-english-eald-paper-1-mg.pdf (185 KB)
  OK English EAL-D/HSC-NESA/2022-hsc-english-eald-paper-1.pdf (856 KB)
  OK English EAL-D/HSC-NESA/2022-hsc-english-eald-paper-1.pdf (856 KB)
  OK English EAL-D/HSC-NESA/2022-hsc-english-eald-paper-2-mg.pdf (113 KB)
  OK English EAL-D/HSC-NESA/2022-hsc-english-eald-paper-2-mg.pdf (113 KB)
  OK English EAL-D/HSC-NESA/2022-hsc-english-eald-paper-2.pdf (115 KB)
  OK English EAL-D/HSC-NESA/2022-hsc-english-eald-paper-2.pdf (115 KB)
  OK English EAL-D/HSC-NESA/2023-hsc-english-eald-listening-mg.pdf (377 KB)
  OK English EAL-D/HSC-NESA/2023-hsc-english-eald-listening-mg.pdf (377 KB)
  OK English EAL-D/HSC-NESA/2023-hsc-english-eald-listening.pdf (212 KB)
  OK English EAL-D/HSC-NESA/2023-hsc-english-eald-listening.pdf (212 KB)
  OK English EAL-D/HSC-NESA/2023-hsc-english-eald-paper-1-mg.pdf (487 KB)
  OK English EAL-D/HSC-NESA/2023-hsc-english-eald-paper-1-mg.pdf (487 KB)
  OK English EAL-D/HSC-NESA/2023-hsc-english-eald-paper-1.pdf (864 KB)
  OK English EAL-D/HSC-NESA/2023-hsc-english-eald-paper-1.pdf (864 KB)
  OK English EAL-D/HSC-NESA/2023-hsc-english-eald-paper-2-mg.pdf (276 KB)
  OK English EAL-D/HSC-NESA/2023-hsc-english-eald-paper-2-mg.pdf (276 KB)
  OK English EAL-D/HSC-NESA/2023-hsc-english-eald-paper-2.pdf (183 KB)
  OK English EAL-D/HSC-NESA/2023-hsc-english-eald-paper-2.pdf (183 KB)
  OK English EAL-D/HSC-NESA/2024-hsc-english-eald-listening-mg.pdf (237 KB)
  OK English EAL-D/HSC-NESA/2024-hsc-english-eald-listening-mg.pdf (237 KB)
  OK English EAL-D/HSC-NESA/2024-hsc-english-eald-listening.pdf (180 KB)
  OK English EAL-D/HSC-NESA/2024-hsc-english-eald-listening.pdf (180 KB)
  OK English EAL-D/HSC-NESA/2024-hsc-english-eald-paper-1-mg.pdf (376 KB)
  OK English EAL-D/HSC-NESA/2024-hsc-english-eald-paper-1-mg.pdf (376 KB)
  OK English EAL-D/HSC-NESA/2024-hsc-english-eald-paper-2-mg.pdf (94 KB)
  OK English EAL-D/HSC-NESA/2024-hsc-english-eald-paper-2-mg.pdf (94 KB)
  OK English EAL-D/HSC-NESA/2024-hsc-english-eald-paper-2.pdf (198 KB)
  OK English EAL-D/HSC-NESA/2024-hsc-english-eald-paper-2.pdf (198 KB)
  OK English EAL-D/HSC-NESA/2024-hsc-english-eald-paper-1-cc.pdf (401 KB)
  OK English EAL-D/HSC-NESA/2024-hsc-english-eald-paper-1-cc.pdf (401 KB)
  OK English EAL-D/HSC-NESA/2025-hsc-english-eald-listening.pdf (282 KB)
  OK English EAL-D/HSC-NESA/2025-hsc-english-eald-listening.pdf (282 KB)
  OK English EAL-D/HSC-NESA/2025-hsc-english-eald-paper-1.pdf (3033 KB)
  OK English EAL-D/HSC-NESA/2025-hsc-english-eald-paper-1.pdf (3033 KB)
  OK English EAL-D/HSC-NESA/2025-hsc-english-eald-paper-2.pdf (209 KB)
  OK English EAL-D/HSC-NESA/2025-hsc-english-eald-paper-2.pdf (209 KB)
  OK English EAL-D/HSC-NESA/2025-hsc-english-eald-listening-mg.pdf (78 KB)
  OK English EAL-D/HSC-NESA/2025-hsc-english-eald-listening-mg.pdf (78 KB)
  OK English EAL-D/HSC-NESA/2025-hsc-english-eald-paper-1-mg.pdf (243 KB)
  OK English EAL-D/HSC-NESA/2025-hsc-english-eald-paper-1-mg.pdf (243 KB)
  OK English EAL-D/HSC-NESA/2025-hsc-english-eald-paper-2-mg.pdf (141 KB)
  OK English EAL-D/HSC-NESA/2025-hsc-english-eald-paper-2-mg.pdf (141 KB)
  OK English Extension 1/HSC-NESA/english-ext1-hsc-exam-2014.pdf (300 KB)
  OK English Extension 1/HSC-NESA/english-ext1-hsc-exam-2014.pdf (300 KB)
  OK English Extension 1/HSC-NESA/english-ext1-hsc-mg-2014.pdf (89 KB)
  OK English Extension 1/HSC-NESA/english-ext1-hsc-mg-2014.pdf (89 KB)
  OK English Extension 1/HSC-NESA/2015-english-ext1-hsc-sample-writing-booklet.pdf (241 KB)
  OK English Extension 1/HSC-NESA/2015-english-ext1-hsc-sample-writing-booklet.pdf (241 KB)
  OK English Extension 1/HSC-NESA/english-ext1-hsc-exam-2015.pdf (4180 KB)
  OK English Extension 1/HSC-NESA/english-ext1-hsc-exam-2015.pdf (4180 KB)
  OK English Extension 1/HSC-NESA/english-ext1-hsc-mg-2015.pdf (189 KB)
  OK English Extension 1/HSC-NESA/english-ext1-hsc-mg-2015.pdf (189 KB)
  OK English Extension 1/HSC-NESA/2016-hsc-english-ext-1.pdf (131 KB)
  OK English Extension 1/HSC-NESA/2016-hsc-english-ext-1.pdf (131 KB)
  OK English Extension 1/HSC-NESA/2016-hsc-mg-english-ext-1.pdf (172 KB)
  OK English Extension 1/HSC-NESA/2016-hsc-mg-english-ext-1.pdf (172 KB)
  OK English Extension 1/HSC-NESA/2017-hsc-english-ext-1.pdf (133 KB)
  OK English Extension 1/HSC-NESA/2017-hsc-english-ext-1.pdf (133 KB)
  OK English Extension 1/HSC-NESA/2017-hsc-mg-english-ext-1.pdf (237 KB)
  OK English Extension 1/HSC-NESA/2017-hsc-mg-english-ext-1.pdf (237 KB)
  OK English Extension 1/HSC-NESA/2018-hsc-english-ext-1-mg.pdf (395 KB)
  OK English Extension 1/HSC-NESA/2018-hsc-english-ext-1-mg.pdf (395 KB)
  OK English Extension 1/HSC-NESA/2018-hsc-english-extension-1.pdf (180 KB)
  OK English Extension 1/HSC-NESA/2018-hsc-english-extension-1.pdf (180 KB)
  OK English Extension 1/HSC-NESA/2019-hsc-english-extension-1-mg.pdf (86 KB)
  OK English Extension 1/HSC-NESA/2019-hsc-english-extension-1-mg.pdf (86 KB)
  OK English Extension 1/HSC-NESA/2019-hsc-english-extension-1.pdf (107 KB)
  OK English Extension 1/HSC-NESA/2019-hsc-english-extension-1.pdf (107 KB)
  OK English Extension 1/HSC-NESA/2020-hsc-english-extension-1-mg.pdf (110 KB)
  OK English Extension 1/HSC-NESA/2020-hsc-english-extension-1-mg.pdf (110 KB)
  OK English Extension 1/HSC-NESA/2020-hsc-english-extension-1.pdf (175 KB)
  OK English Extension 1/HSC-NESA/2020-hsc-english-extension-1.pdf (175 KB)
  OK English Extension 1/HSC-NESA/2021-hsc-english-extension-1-mg.pdf (179 KB)
  OK English Extension 1/HSC-NESA/2021-hsc-english-extension-1-mg.pdf (179 KB)
  OK English Extension 1/HSC-NESA/2021-hsc-english-extension-1.pdf (102 KB)
  OK English Extension 1/HSC-NESA/2021-hsc-english-extension-1.pdf (102 KB)
  OK English Extension 1/HSC-NESA/2022-hsc-english-ext-1-mg.pdf (113 KB)
  OK English Extension 1/HSC-NESA/2022-hsc-english-ext-1-mg.pdf (113 KB)
  OK English Extension 1/HSC-NESA/2022-hsc-english-extension-1.pdf (161 KB)
  OK English Extension 1/HSC-NESA/2022-hsc-english-extension-1.pdf (161 KB)
  OK English Extension 1/HSC-NESA/2023-hsc-english-ext-1-mg.pdf (122 KB)
  OK English Extension 1/HSC-NESA/2023-hsc-english-ext-1-mg.pdf (122 KB)
  OK English Extension 1/HSC-NESA/2023-hsc-english-ext-1.pdf (242 KB)
  OK English Extension 1/HSC-NESA/2023-hsc-english-ext-1.pdf (242 KB)
  OK English Extension 1/HSC-NESA/2024-hsc-english-ext-1.pdf (608 KB)
  OK English Extension 1/HSC-NESA/2024-hsc-english-ext-1.pdf (608 KB)
  OK English Extension 1/HSC-NESA/2024-hsc-english-extension-1-mg.pdf (70 KB)
  OK English Extension 1/HSC-NESA/2024-hsc-english-extension-1-mg.pdf (70 KB)
  OK English Extension 1/HSC-NESA/2025-hsc-english-ext-1-mg.pdf (71 KB)
  OK English Extension 1/HSC-NESA/2025-hsc-english-ext-1-mg.pdf (71 KB)
  OK English Extension 1/HSC-NESA/2025-hsc-english-extension-1.pdf (818 KB)
  OK English Extension 1/HSC-NESA/2025-hsc-english-extension-1.pdf (818 KB)
  OK English Standard/HSC-NESA/2014-english-std-hsc-exam-paper-1.pdf (820 KB)
  OK English Standard/HSC-NESA/2014-english-std-hsc-exam-paper-1.pdf (820 KB)
  OK English Standard/HSC-NESA/2014-english-std-hsc-exam-paper-2.pdf (581 KB)
  OK English Standard/HSC-NESA/2014-english-std-hsc-exam-paper-2.pdf (581 KB)
  OK English Standard/HSC-NESA/2014-english-std-hsc-mg-paper-1.pdf (262 KB)
  OK English Standard/HSC-NESA/2014-english-std-hsc-mg-paper-1.pdf (262 KB)
  OK English Standard/HSC-NESA/2014-english-std-hsc-mg-paper-2.pdf (82 KB)
  OK English Standard/HSC-NESA/2014-english-std-hsc-mg-paper-2.pdf (82 KB)
  OK English Standard/HSC-NESA/hsc-engstd-adv-paper1-writing-booklet-2014.pdf (334 KB)
  OK English Standard/HSC-NESA/hsc-engstd-adv-paper1-writing-booklet-2014.pdf (334 KB)
  OK English Standard/HSC-NESA/2015-english-std-hsc-exam-1.pdf (10217 KB)
  OK English Standard/HSC-NESA/2015-english-std-hsc-exam-1.pdf (10217 KB)
  OK English Standard/HSC-NESA/2015-english-std-hsc-exam-2.pdf (135 KB)
  OK English Standard/HSC-NESA/2015-english-std-hsc-exam-2.pdf (135 KB)
  OK English Standard/HSC-NESA/2015-english-std-hsc-mg-paper-1.pdf (227 KB)
  OK English Standard/HSC-NESA/2015-english-std-hsc-mg-paper-1.pdf (227 KB)
  OK English Standard/HSC-NESA/2015-english-std-hsc-mg-paper-2.pdf (165 KB)
  OK English Standard/HSC-NESA/2015-english-std-hsc-mg-paper-2.pdf (165 KB)
  OK English Standard/HSC-NESA/2016-hsc-english-p1-std-and-adv.pdf (456 KB)
  OK English Standard/HSC-NESA/2016-hsc-english-p1-std-and-adv.pdf (456 KB)
  OK English Standard/HSC-NESA/2016-hsc-english-std-p2.pdf (314 KB)
  OK English Standard/HSC-NESA/2016-hsc-english-std-p2.pdf (314 KB)
  OK English Standard/HSC-NESA/2016-hsc-mg-english-paper-1-std-and-adv.pdf (182 KB)
  OK English Standard/HSC-NESA/2016-hsc-mg-english-paper-1-std-and-adv.pdf (182 KB)
  OK English Standard/HSC-NESA/2016-hsc-mg-english-std-paper-2.pdf (153 KB)
  OK English Standard/HSC-NESA/2016-hsc-mg-english-std-paper-2.pdf (153 KB)
  OK English Standard/HSC-NESA/english-std-adv-sample-hsc-exam-paper-2016.pdf (1275 KB)
  OK English Standard/HSC-NESA/english-std-adv-sample-hsc-exam-paper-2016.pdf (1275 KB)
  OK English Standard/HSC-NESA/2017-hsc-english-p1-std-and-adv.pdf (333 KB)
  OK English Standard/HSC-NESA/2017-hsc-english-p1-std-and-adv.pdf (333 KB)
  OK English Standard/HSC-NESA/2017-hsc-english-standard-p2.pdf (209 KB)
  OK English Standard/HSC-NESA/2017-hsc-english-standard-p2.pdf (209 KB)
  OK English Standard/HSC-NESA/2017-hsc-mg-english-p1-std-and-adv.pdf (186 KB)
  OK English Standard/HSC-NESA/2017-hsc-mg-english-p1-std-and-adv.pdf (186 KB)
  OK English Standard/HSC-NESA/2017-hsc-mg-english-p2-std.pdf (153 KB)
  OK English Standard/HSC-NESA/2017-hsc-mg-english-p2-std.pdf (153 KB)
  OK English Standard/HSC-NESA/2018-hsc-eng-std-and-adv-p1-mg.pdf (283 KB)
  OK English Standard/HSC-NESA/2018-hsc-eng-std-and-adv-p1-mg.pdf (283 KB)
  OK English Standard/HSC-NESA/2018-hsc-eng-std-p2-mg.pdf (325 KB)
  OK English Standard/HSC-NESA/2018-hsc-eng-std-p2-mg.pdf (325 KB)
  OK English Standard/HSC-NESA/2018-hsc-english-standard-paper-2.pdf (142 KB)
  OK English Standard/HSC-NESA/2018-hsc-english-standard-paper-2.pdf (142 KB)
  OK English Standard/HSC-NESA/2018-hsc-english-std-adv-p1.pdf (144 KB)
  OK English Standard/HSC-NESA/2018-hsc-english-std-adv-p1.pdf (144 KB)
  OK English Standard/HSC-NESA/2019-hsc-english-standard-p1.pdf (6766 KB)
  OK English Standard/HSC-NESA/2019-hsc-english-standard-p1.pdf (6766 KB)
  OK English Standard/HSC-NESA/2019-hsc-english-standard-p2.pdf (3687 KB)
  OK English Standard/HSC-NESA/2019-hsc-english-standard-p2.pdf (3687 KB)
  OK English Standard/HSC-NESA/2019-hsc-english-std-p1-mg.pdf (104 KB)
  OK English Standard/HSC-NESA/2019-hsc-english-std-p1-mg.pdf (104 KB)
  OK English Standard/HSC-NESA/2019-hsc-english-std-p2-mg.pdf (80 KB)
  OK English Standard/HSC-NESA/2019-hsc-english-std-p2-mg.pdf (80 KB)
  OK English Standard/HSC-NESA/2020-hsc-english-standard-paper-1-mg.pdf (196 KB)
  OK English Standard/HSC-NESA/2020-hsc-english-standard-paper-1-mg.pdf (196 KB)
  OK English Standard/HSC-NESA/2020-hsc-english-standard-paper-1.pdf (1778 KB)
  OK English Standard/HSC-NESA/2020-hsc-english-standard-paper-1.pdf (1778 KB)
  OK English Standard/HSC-NESA/2020-hsc-english-standard-paper-2-mg.pdf (138 KB)
  OK English Standard/HSC-NESA/2020-hsc-english-standard-paper-2-mg.pdf (138 KB)
  OK English Standard/HSC-NESA/2020-hsc-english-standard-paper-2.pdf (99 KB)
  OK English Standard/HSC-NESA/2020-hsc-english-standard-paper-2.pdf (99 KB)
  OK English Standard/HSC-NESA/2021-hsc-english-standard-p1.pdf (790 KB)
  OK English Standard/HSC-NESA/2021-hsc-english-standard-p1.pdf (790 KB)
  OK English Standard/HSC-NESA/2021-hsc-english-standard-p2.pdf (87 KB)
  OK English Standard/HSC-NESA/2021-hsc-english-standard-p2.pdf (87 KB)
  OK English Standard/HSC-NESA/2021-hsc-english-standard-paper-1-mg.pdf (324 KB)
  OK English Standard/HSC-NESA/2021-hsc-english-standard-paper-1-mg.pdf (324 KB)
  OK English Standard/HSC-NESA/2021-hsc-english-standard-paper-2-mg.pdf (294 KB)
  OK English Standard/HSC-NESA/2021-hsc-english-standard-paper-2-mg.pdf (294 KB)
  OK English Standard/HSC-NESA/2022-hsc-english-standard-1-mg.pdf (164 KB)
  OK English Standard/HSC-NESA/2022-hsc-english-standard-1-mg.pdf (164 KB)
  OK English Standard/HSC-NESA/2022-hsc-english-standard-2-mg.pdf (145 KB)
  OK English Standard/HSC-NESA/2022-hsc-english-standard-2-mg.pdf (145 KB)
  OK English Standard/HSC-NESA/2022-hsc-english-standard-p1.pdf (347 KB)
  OK English Standard/HSC-NESA/2022-hsc-english-standard-p1.pdf (347 KB)
  OK English Standard/HSC-NESA/2022-hsc-english-standard-p2.pdf (722 KB)
  OK English Standard/HSC-NESA/2022-hsc-english-standard-p2.pdf (722 KB)
  OK English Standard/HSC-NESA/2023-hsc-english-std-paper-1-mg.pdf (154 KB)
  OK English Standard/HSC-NESA/2023-hsc-english-std-paper-1-mg.pdf (154 KB)
  OK English Standard/HSC-NESA/2023-hsc-english-std-paper-1.pdf (277 KB)
  OK English Standard/HSC-NESA/2023-hsc-english-std-paper-1.pdf (277 KB)
  OK English Standard/HSC-NESA/2023-hsc-english-std-paper-2-mg.pdf (169 KB)
  OK English Standard/HSC-NESA/2023-hsc-english-std-paper-2-mg.pdf (169 KB)
  OK English Standard/HSC-NESA/2023-hsc-english-std-paper-2.pdf (271 KB)
  OK English Standard/HSC-NESA/2023-hsc-english-std-paper-2.pdf (271 KB)
  OK English Standard/HSC-NESA/2024-hsc-english-std-paper-1-mg.pdf (245 KB)
  OK English Standard/HSC-NESA/2024-hsc-english-std-paper-1-mg.pdf (245 KB)
  OK English Standard/HSC-NESA/2024-hsc-english-std-paper-2-mg.pdf (187 KB)
  OK English Standard/HSC-NESA/2024-hsc-english-std-paper-2-mg.pdf (187 KB)
  OK English Standard/HSC-NESA/2024-hsc-english-std-paper-2.pdf (187 KB)
  OK English Standard/HSC-NESA/2024-hsc-english-std-paper-2.pdf (187 KB)
  OK English Standard/HSC-NESA/2024-hsc-english-std-paper-1-cc.pdf (621 KB)
  OK English Standard/HSC-NESA/2024-hsc-english-std-paper-1-cc.pdf (621 KB)
  OK English Standard/HSC-NESA/2025-hsc-english-standard-paper-2.pdf (158 KB)
  OK English Standard/HSC-NESA/2025-hsc-english-standard-paper-2.pdf (158 KB)
  OK English Standard/HSC-NESA/2025-hsc-english-standard-paper-1-mg.pdf (87 KB)
  OK English Standard/HSC-NESA/2025-hsc-english-standard-paper-1-mg.pdf (87 KB)
  OK English Standard/HSC-NESA/2025-hsc-english-standard-paper-2-mg.pdf (65 KB)
  OK English Standard/HSC-NESA/2025-hsc-english-standard-paper-2-mg.pdf (65 KB)
  OK English Standard/HSC-NESA/2025-hsc-english-standard-paper-1.pdf (626 KB)
  OK English Standard/HSC-NESA/2025-hsc-english-standard-paper-1.pdf (626 KB)
  OK English Studies/HSC-NESA/2019-hsc-english-studies-mg.pdf (168 KB)
  OK English Studies/HSC-NESA/2019-hsc-english-studies-mg.pdf (168 KB)
  OK English Studies/HSC-NESA/2019-hsc-english-studies.pdf (7771 KB)
  OK English Studies/HSC-NESA/2019-hsc-english-studies.pdf (7771 KB)
  OK English Studies/HSC-NESA/2020-hsc-english-studies-mg.pdf (252 KB)
  OK English Studies/HSC-NESA/2020-hsc-english-studies-mg.pdf (252 KB)
  OK English Studies/HSC-NESA/2020-hsc-english-studies.pdf (668 KB)
  OK English Studies/HSC-NESA/2020-hsc-english-studies.pdf (668 KB)
  OK English Studies/HSC-NESA/2021-hsc-english-studies-mg.pdf (435 KB)
  OK English Studies/HSC-NESA/2021-hsc-english-studies-mg.pdf (435 KB)
  OK English Studies/HSC-NESA/2021-hsc-english-studies.pdf (461 KB)
  OK English Studies/HSC-NESA/2021-hsc-english-studies.pdf (461 KB)
  OK English Studies/HSC-NESA/2022-hsc-english-studies-mg.pdf (203 KB)
  OK English Studies/HSC-NESA/2022-hsc-english-studies-mg.pdf (203 KB)
  OK English Studies/HSC-NESA/2022-hsc-english-studies.pdf (326 KB)
  OK English Studies/HSC-NESA/2022-hsc-english-studies.pdf (326 KB)
  OK English Studies/HSC-NESA/2023-hsc-english-studies-mg.pdf (227 KB)
  OK English Studies/HSC-NESA/2023-hsc-english-studies-mg.pdf (227 KB)
  OK English Studies/HSC-NESA/2023-hsc-english-studies.pdf (262 KB)
  OK English Studies/HSC-NESA/2023-hsc-english-studies.pdf (262 KB)
  OK English Studies/HSC-NESA/2024-hsc-english-studies-mg.pdf (238 KB)
  OK English Studies/HSC-NESA/2024-hsc-english-studies-mg.pdf (238 KB)
  OK English Studies/HSC-NESA/2024-hsc-english-studies-cc.pdf (664 KB)
  OK English Studies/HSC-NESA/2024-hsc-english-studies-cc.pdf (664 KB)
  OK English Studies/HSC-NESA/2025-hsc-english-studies.pdf (382 KB)
  OK English Studies/HSC-NESA/2025-hsc-english-studies.pdf (382 KB)
  OK English Studies/HSC-NESA/2025-hsc-english-studies-mg.pdf (105 KB)
  OK English Studies/HSC-NESA/2025-hsc-english-studies-mg.pdf (105 KB)
  OK Maths Advanced/HSC-NESA/2015-maths-hsc-exam.pdf (600 KB)
  OK Maths Advanced/HSC-NESA/2015-maths-hsc-exam.pdf (600 KB)
  OK Maths Advanced/HSC-NESA/2015-maths-hsc-mg.pdf (2630 KB)
  OK Maths Advanced/HSC-NESA/2015-maths-hsc-mg.pdf (2630 KB)
  OK Maths Advanced/HSC-NESA/2015-maths-hsc-notes.pdf (401 KB)
  OK Maths Advanced/HSC-NESA/2015-maths-hsc-notes.pdf (401 KB)
  OK Maths Advanced/HSC-NESA/2016-hsc-maths-notes.pdf (142 KB)
  OK Maths Advanced/HSC-NESA/2016-hsc-maths-notes.pdf (142 KB)
  OK Maths Advanced/HSC-NESA/2016-hsc-maths.pdf (640 KB)
  OK Maths Advanced/HSC-NESA/2016-hsc-maths.pdf (640 KB)
  OK Maths Advanced/HSC-NESA/2016-hsc-mg-maths.pdf (1208 KB)
  OK Maths Advanced/HSC-NESA/2016-hsc-mg-maths.pdf (1208 KB)
  OK Maths Advanced/HSC-NESA/2017-hsc-marking-feedback-maths.pdf (408 KB)
  OK Maths Advanced/HSC-NESA/2017-hsc-marking-feedback-maths.pdf (408 KB)
  OK Maths Advanced/HSC-NESA/2017-hsc-maths.pdf (852 KB)
  OK Maths Advanced/HSC-NESA/2017-hsc-maths.pdf (852 KB)
  OK Maths Advanced/HSC-NESA/2017-hsc-mg-mathematics.pdf (1474 KB)
  OK Maths Advanced/HSC-NESA/2017-hsc-mg-mathematics.pdf (1474 KB)
  OK Maths Advanced/HSC-NESA/2018-hsc-marking-feedback-maths.pdf (210 KB)
  OK Maths Advanced/HSC-NESA/2018-hsc-marking-feedback-maths.pdf (210 KB)
  OK Maths Advanced/HSC-NESA/2018-hsc-mathematics.pdf (825 KB)
  OK Maths Advanced/HSC-NESA/2018-hsc-mathematics.pdf (825 KB)
  OK Maths Advanced/HSC-NESA/2018-hsc-maths-mg.pdf (2675 KB)
  OK Maths Advanced/HSC-NESA/2018-hsc-maths-mg.pdf (2675 KB)
  OK Maths Advanced/HSC-NESA/2019-hsc-mathematics.pdf (1656 KB)
  OK Maths Advanced/HSC-NESA/2019-hsc-mathematics.pdf (1656 KB)
  OK Maths Advanced/HSC-NESA/2019-hsc-maths-mg.pdf (982 KB)
  OK Maths Advanced/HSC-NESA/2019-hsc-maths-mg.pdf (982 KB)
  OK Maths Advanced/HSC-NESA/2019-mathematics-marking-feedback.pdf (323 KB)
  OK Maths Advanced/HSC-NESA/2019-mathematics-marking-feedback.pdf (323 KB)
  OK Maths Advanced/HSC-NESA/2020-hsc-mathematics-advanced-mg.pdf (3869 KB)
  OK Maths Advanced/HSC-NESA/2020-hsc-mathematics-advanced-mg.pdf (3869 KB)
  OK Maths Advanced/HSC-NESA/2020-hsc-mathematics-advanced.pdf (1435 KB)
  OK Maths Advanced/HSC-NESA/2020-hsc-mathematics-advanced.pdf (1435 KB)
  OK Maths Advanced/HSC-NESA/2020-mathematics-advanced-hsc-marking-feedback.pdf (646 KB)
  OK Maths Advanced/HSC-NESA/2020-mathematics-advanced-hsc-marking-feedback.pdf (646 KB)
  OK Maths Advanced/HSC-NESA/2021-hsc-mathematics-advanced-marking-feedback.pdf (652 KB)
  OK Maths Advanced/HSC-NESA/2021-hsc-mathematics-advanced-marking-feedback.pdf (652 KB)
  OK Maths Advanced/HSC-NESA/2021-hsc-mathematics-advanced-mg.pdf (1924 KB)
  OK Maths Advanced/HSC-NESA/2021-hsc-mathematics-advanced-mg.pdf (1924 KB)
  OK Maths Advanced/HSC-NESA/2021-hsc-mathematics-advanced.pdf (1318 KB)
  OK Maths Advanced/HSC-NESA/2021-hsc-mathematics-advanced.pdf (1318 KB)
  OK Maths Advanced/HSC-NESA/2022-hsc-mathematics-advanced-mg.pdf (3409 KB)
  OK Maths Advanced/HSC-NESA/2022-hsc-mathematics-advanced-mg.pdf (3409 KB)
  OK Maths Advanced/HSC-NESA/2022-hsc-mathematics-advanced.pdf (1146 KB)
  OK Maths Advanced/HSC-NESA/2022-hsc-mathematics-advanced.pdf (1146 KB)
  OK Maths Advanced/HSC-NESA/2022-mathematics-advanced-hsc-marking-feedback.pdf (304 KB)
  OK Maths Advanced/HSC-NESA/2022-mathematics-advanced-hsc-marking-feedback.pdf (304 KB)
  OK Maths Advanced/HSC-NESA/2023-hsc-mathematics-adv-marking-feedback.pdf (297 KB)
  OK Maths Advanced/HSC-NESA/2023-hsc-mathematics-adv-marking-feedback.pdf (297 KB)
  OK Maths Advanced/HSC-NESA/2023-hsc-maths-adv-mg.pdf (8395 KB)
  OK Maths Advanced/HSC-NESA/2023-hsc-maths-adv-mg.pdf (8395 KB)
  OK Maths Advanced/HSC-NESA/2023-hsc-maths-adv.pdf (1904 KB)
  OK Maths Advanced/HSC-NESA/2023-hsc-maths-adv.pdf (1904 KB)
  OK Maths Advanced/HSC-NESA/2024-hsc-mathematics-adv-marking-feedback.pdf (340 KB)
  OK Maths Advanced/HSC-NESA/2024-hsc-mathematics-adv-marking-feedback.pdf (340 KB)
  OK Maths Advanced/HSC-NESA/2024-hsc-maths-adv-mg.pdf (707 KB)
  OK Maths Advanced/HSC-NESA/2024-hsc-maths-adv-mg.pdf (707 KB)
  OK Maths Advanced/HSC-NESA/2024-hsc-maths-adv.pdf (2188 KB)
  OK Maths Advanced/HSC-NESA/2024-hsc-maths-adv.pdf (2188 KB)
  OK Maths Advanced/HSC-NESA/2025-hsc-maths-advanced.pdf (1127 KB)
  OK Maths Advanced/HSC-NESA/2025-hsc-maths-advanced.pdf (1127 KB)
  OK Maths Advanced/HSC-NESA/2025-hsc-maths-adv-mg.pdf (2922 KB)
  OK Maths Advanced/HSC-NESA/2025-hsc-maths-adv-mg.pdf (2922 KB)
  OK Maths Advanced/HSC-NESA/2025-hsc-maths-adv-marking-feedback-section-ii.pdf (461 KB)
  OK Maths Advanced/HSC-NESA/2025-hsc-maths-adv-marking-feedback-section-ii.pdf (461 KB)
  OK Maths Extension 1/HSC-NESA/2015-hsc-maths-ext1-notes.pdf (176 KB)
  OK Maths Extension 1/HSC-NESA/2015-hsc-maths-ext1-notes.pdf (176 KB)
  OK Maths Extension 1/HSC-NESA/2015-hsc-maths-ext1.pdf (444 KB)
  OK Maths Extension 1/HSC-NESA/2015-hsc-maths-ext1.pdf (444 KB)
  OK Maths Extension 1/HSC-NESA/2015-hsc-mg-maths-ext1.pdf (2162 KB)
  OK Maths Extension 1/HSC-NESA/2015-hsc-mg-maths-ext1.pdf (2162 KB)
  OK Maths Extension 1/HSC-NESA/2016-hsc-maths-ext-1-notes.pdf (669 KB)
  OK Maths Extension 1/HSC-NESA/2016-hsc-maths-ext-1-notes.pdf (669 KB)
  OK Maths Extension 1/HSC-NESA/2016-hsc-maths-ext-1.pdf (2535 KB)
  OK Maths Extension 1/HSC-NESA/2016-hsc-maths-ext-1.pdf (2535 KB)
  OK Maths Extension 1/HSC-NESA/2016-hsc-mg-maths-ext-1.pdf (1623 KB)
  OK Maths Extension 1/HSC-NESA/2016-hsc-mg-maths-ext-1.pdf (1623 KB)
  OK Maths Extension 1/HSC-NESA/2017-hsc-marking-feedback-maths-ext-1.pdf (474 KB)
  OK Maths Extension 1/HSC-NESA/2017-hsc-marking-feedback-maths-ext-1.pdf (474 KB)
  OK Maths Extension 1/HSC-NESA/2017-hsc-maths-ext-1.pdf (1709 KB)
  OK Maths Extension 1/HSC-NESA/2017-hsc-maths-ext-1.pdf (1709 KB)
  OK Maths Extension 1/HSC-NESA/2017-hsc-mg-maths-ext-1.pdf (1255 KB)
  OK Maths Extension 1/HSC-NESA/2017-hsc-mg-maths-ext-1.pdf (1255 KB)
  OK Maths Extension 1/HSC-NESA/2018-hsc-marking-feedback-maths-ext-1.pdf (612 KB)
  OK Maths Extension 1/HSC-NESA/2018-hsc-marking-feedback-maths-ext-1.pdf (612 KB)
  OK Maths Extension 1/HSC-NESA/2018-hsc-mathematics-ext-1.pdf (696 KB)
  OK Maths Extension 1/HSC-NESA/2018-hsc-mathematics-ext-1.pdf (696 KB)
  OK Maths Extension 1/HSC-NESA/2018-hsc-maths-ext-1-mg.pdf (2222 KB)
  OK Maths Extension 1/HSC-NESA/2018-hsc-maths-ext-1-mg.pdf (2222 KB)
  OK Maths Extension 1/HSC-NESA/2019-hsc-mathematics-extension-1.pdf (1173 KB)
  OK Maths Extension 1/HSC-NESA/2019-hsc-mathematics-extension-1.pdf (1173 KB)
  OK Maths Extension 1/HSC-NESA/2019-hsc-maths-ext-1-mg.pdf (892 KB)
  OK Maths Extension 1/HSC-NESA/2019-hsc-maths-ext-1-mg.pdf (892 KB)
  OK Maths Extension 1/HSC-NESA/2019-mathematics-extension-1-marking-feedback.pdf (325 KB)
  OK Maths Extension 1/HSC-NESA/2019-mathematics-extension-1-marking-feedback.pdf (325 KB)
  OK Maths Extension 1/HSC-NESA/2020-hsc-mathematics-ext-1-mg.pdf (2086 KB)
  OK Maths Extension 1/HSC-NESA/2020-hsc-mathematics-ext-1-mg.pdf (2086 KB)
  OK Maths Extension 1/HSC-NESA/2020-hsc-mathematics-extension-1.pdf (1784 KB)
  OK Maths Extension 1/HSC-NESA/2020-hsc-mathematics-extension-1.pdf (1784 KB)
  OK Maths Extension 1/HSC-NESA/2020-mathematics-extension-1-hsc-marking-feedback.pdf (637 KB)
  OK Maths Extension 1/HSC-NESA/2020-mathematics-extension-1-hsc-marking-feedback.pdf (637 KB)
  OK Maths Extension 1/HSC-NESA/2021-hsc-mathematics-extension-1-marking-feedback.pdf (643 KB)
  OK Maths Extension 1/HSC-NESA/2021-hsc-mathematics-extension-1-marking-feedback.pdf (643 KB)
  OK Maths Extension 1/HSC-NESA/2021-hsc-mathematics-extension-1.pdf (1185 KB)
  OK Maths Extension 1/HSC-NESA/2021-hsc-mathematics-extension-1.pdf (1185 KB)
  OK Maths Extension 1/HSC-NESA/2021-hsc-maths-ext-1-mg.pdf (2596 KB)
  OK Maths Extension 1/HSC-NESA/2021-hsc-maths-ext-1-mg.pdf (2596 KB)
  OK Maths Extension 1/HSC-NESA/2022-hsc-mathematics-ext1-marking-feedback.pdf (215 KB)
  OK Maths Extension 1/HSC-NESA/2022-hsc-mathematics-ext1-marking-feedback.pdf (215 KB)
  OK Maths Extension 1/HSC-NESA/2022-hsc-mathematics-extension-1.pdf (674 KB)
  OK Maths Extension 1/HSC-NESA/2022-hsc-mathematics-extension-1.pdf (674 KB)
  OK Maths Extension 1/HSC-NESA/2022-hsc-maths-ext-1-mg.pdf (1890 KB)
  OK Maths Extension 1/HSC-NESA/2022-hsc-maths-ext-1-mg.pdf (1890 KB)
  OK Maths Extension 1/HSC-NESA/2023-hsc-mathematics-ext1-marking-feedback.pdf (252 KB)
  OK Maths Extension 1/HSC-NESA/2023-hsc-mathematics-ext1-marking-feedback.pdf (252 KB)
  OK Maths Extension 1/HSC-NESA/2023-hsc-maths-ext-1-mg.pdf (2950 KB)
  OK Maths Extension 1/HSC-NESA/2023-hsc-maths-ext-1-mg.pdf (2950 KB)
  OK Maths Extension 1/HSC-NESA/2023-hsc-maths-ext-1.pdf (1159 KB)
  OK Maths Extension 1/HSC-NESA/2023-hsc-maths-ext-1.pdf (1159 KB)
  OK Maths Extension 1/HSC-NESA/2024-hsc-mathematics-ext1-marking-feedback.pdf (252 KB)
  OK Maths Extension 1/HSC-NESA/2024-hsc-mathematics-ext1-marking-feedback.pdf (252 KB)
  OK Maths Extension 1/HSC-NESA/2024-hsc-maths-ext-1-mg.pdf (4598 KB)
  OK Maths Extension 1/HSC-NESA/2024-hsc-maths-ext-1-mg.pdf (4598 KB)
  OK Maths Extension 1/HSC-NESA/2024-hsc-maths-ext-1.pdf (2529 KB)
  OK Maths Extension 1/HSC-NESA/2024-hsc-maths-ext-1.pdf (2529 KB)
  OK Maths Extension 1/HSC-NESA/2025-hsc-maths-extension-1.pdf (1047 KB)
  OK Maths Extension 1/HSC-NESA/2025-hsc-maths-extension-1.pdf (1047 KB)
  OK Maths Extension 1/HSC-NESA/2025-hsc-maths-extension-1-mg.pdf (618 KB)
  OK Maths Extension 1/HSC-NESA/2025-hsc-maths-extension-1-mg.pdf (618 KB)
  OK Maths Extension 1/HSC-NESA/2025-hsc-maths-ext-1-marking-feedback-section-ii.pdf (263 KB)
  OK Maths Extension 1/HSC-NESA/2025-hsc-maths-ext-1-marking-feedback-section-ii.pdf (263 KB)
  OK Maths Extension 2/HSC-NESA/2015-hsc-maths-ext2-notes.pdf (448 KB)
  OK Maths Extension 2/HSC-NESA/2015-hsc-maths-ext2-notes.pdf (448 KB)
  OK Maths Extension 2/HSC-NESA/2015-hsc-maths-ext2.pdf (461 KB)
  OK Maths Extension 2/HSC-NESA/2015-hsc-maths-ext2.pdf (461 KB)
  OK Maths Extension 2/HSC-NESA/2015-hsc-mg-maths-ext2.pdf (3469 KB)
  OK Maths Extension 2/HSC-NESA/2015-hsc-mg-maths-ext2.pdf (3469 KB)
  OK Maths Extension 2/HSC-NESA/2016-hsc-maths-ext-2-notes.pdf (1018 KB)
  OK Maths Extension 2/HSC-NESA/2016-hsc-maths-ext-2-notes.pdf (1018 KB)
  OK Maths Extension 2/HSC-NESA/2016-hsc-maths-ext-2.pdf (2454 KB)
  OK Maths Extension 2/HSC-NESA/2016-hsc-maths-ext-2.pdf (2454 KB)
  OK Maths Extension 2/HSC-NESA/2016-hsc-mg-maths-ext-2.pdf (2507 KB)
  OK Maths Extension 2/HSC-NESA/2016-hsc-mg-maths-ext-2.pdf (2507 KB)
  OK Maths Extension 2/HSC-NESA/2017-hsc-marking-feedback-maths-ext-2.pdf (443 KB)
  OK Maths Extension 2/HSC-NESA/2017-hsc-marking-feedback-maths-ext-2.pdf (443 KB)
  OK Maths Extension 2/HSC-NESA/2017-hsc-maths-ext-2.pdf (1509 KB)
  OK Maths Extension 2/HSC-NESA/2017-hsc-maths-ext-2.pdf (1509 KB)
  OK Maths Extension 2/HSC-NESA/2017-hsc-mg-maths-ext-2.pdf (2074 KB)
  OK Maths Extension 2/HSC-NESA/2017-hsc-mg-maths-ext-2.pdf (2074 KB)
  OK Maths Extension 2/HSC-NESA/2018-hsc-marking-feedback-maths-ext-2.pdf (236 KB)
  OK Maths Extension 2/HSC-NESA/2018-hsc-marking-feedback-maths-ext-2.pdf (236 KB)
  OK Maths Extension 2/HSC-NESA/2018-hsc-mathematics-ext-2.pdf (820 KB)
  OK Maths Extension 2/HSC-NESA/2018-hsc-mathematics-ext-2.pdf (820 KB)
  OK Maths Extension 2/HSC-NESA/2018-hsc-maths-ext-2-mg.pdf (2480 KB)
  OK Maths Extension 2/HSC-NESA/2018-hsc-maths-ext-2-mg.pdf (2480 KB)
  OK Maths Extension 2/HSC-NESA/2019-hsc-mathematics-extension-2.pdf (1216 KB)
  OK Maths Extension 2/HSC-NESA/2019-hsc-mathematics-extension-2.pdf (1216 KB)
  OK Maths Extension 2/HSC-NESA/2019-hsc-maths-ext-2-mg.pdf (1520 KB)
  OK Maths Extension 2/HSC-NESA/2019-hsc-maths-ext-2-mg.pdf (1520 KB)
  OK Maths Extension 2/HSC-NESA/2019-mathematics-extension-2-marking-feedback.pdf (500 KB)
  OK Maths Extension 2/HSC-NESA/2019-mathematics-extension-2-marking-feedback.pdf (500 KB)
  OK Maths Extension 2/HSC-NESA/2020-hsc-mathematics-ext-2-mg.pdf (4284 KB)
  OK Maths Extension 2/HSC-NESA/2020-hsc-mathematics-ext-2-mg.pdf (4284 KB)
  OK Maths Extension 2/HSC-NESA/2020-hsc-mathematics-extension-2.pdf (1897 KB)
  OK Maths Extension 2/HSC-NESA/2020-hsc-mathematics-extension-2.pdf (1897 KB)
  OK Maths Extension 2/HSC-NESA/2020-mathematics-extension-2-hsc-marking-feedback.pdf (632 KB)
  OK Maths Extension 2/HSC-NESA/2020-mathematics-extension-2-hsc-marking-feedback.pdf (632 KB)
  OK Maths Extension 2/HSC-NESA/2021-hsc-mathematics-extension-2-marking-feedback.pdf (681 KB)
  OK Maths Extension 2/HSC-NESA/2021-hsc-mathematics-extension-2-marking-feedback.pdf (681 KB)
  OK Maths Extension 2/HSC-NESA/2021-hsc-mathematics-extension-2.pdf (625 KB)
  OK Maths Extension 2/HSC-NESA/2021-hsc-mathematics-extension-2.pdf (625 KB)
  OK Maths Extension 2/HSC-NESA/2021-hsc-maths-ext-2-mg.pdf (3793 KB)
  OK Maths Extension 2/HSC-NESA/2021-hsc-maths-ext-2-mg.pdf (3793 KB)
  OK Maths Extension 2/HSC-NESA/2022-hsc-mathematics-extension-2.pdf (949 KB)
  OK Maths Extension 2/HSC-NESA/2022-hsc-mathematics-extension-2.pdf (949 KB)
  OK Maths Extension 2/HSC-NESA/2022-hsc-maths-ext-2-mg.pdf (4956 KB)
  OK Maths Extension 2/HSC-NESA/2022-hsc-maths-ext-2-mg.pdf (4956 KB)
  OK Maths Extension 2/HSC-NESA/2022-mathematics-extension-2-hsc-marking-feedback.pdf (315 KB)
  OK Maths Extension 2/HSC-NESA/2022-mathematics-extension-2-hsc-marking-feedback.pdf (315 KB)
  OK Maths Extension 2/HSC-NESA/2023-hsc-mathematics-ext2-marking-feedback.pdf (279 KB)
  OK Maths Extension 2/HSC-NESA/2023-hsc-mathematics-ext2-marking-feedback.pdf (279 KB)
  OK Maths Extension 2/HSC-NESA/2023-hsc-maths-ext-2-mg.pdf (6157 KB)
  OK Maths Extension 2/HSC-NESA/2023-hsc-maths-ext-2-mg.pdf (6157 KB)
  OK Maths Extension 2/HSC-NESA/2023-hsc-maths-ext-2.pdf (1138 KB)
  OK Maths Extension 2/HSC-NESA/2023-hsc-maths-ext-2.pdf (1138 KB)
  OK Maths Extension 2/HSC-NESA/2024-hsc-mathematics-ext2-marking-feedback.pdf (314 KB)
  OK Maths Extension 2/HSC-NESA/2024-hsc-mathematics-ext2-marking-feedback.pdf (314 KB)
  OK Maths Extension 2/HSC-NESA/2024-hsc-maths-ext-2-mg.pdf (2198 KB)
  OK Maths Extension 2/HSC-NESA/2024-hsc-maths-ext-2-mg.pdf (2198 KB)
  OK Maths Extension 2/HSC-NESA/2024-hsc-maths-ext-2.pdf (904 KB)
  OK Maths Extension 2/HSC-NESA/2024-hsc-maths-ext-2.pdf (904 KB)
  OK Maths Extension 2/HSC-NESA/2025-hsc-maths-extension-2.pdf (3736 KB)
  OK Maths Extension 2/HSC-NESA/2025-hsc-maths-extension-2.pdf (3736 KB)
  OK Maths Extension 2/HSC-NESA/2025-hsc-maths-extension-2-mg.pdf (897 KB)
  OK Maths Extension 2/HSC-NESA/2025-hsc-maths-extension-2-mg.pdf (897 KB)
  OK Maths Extension 2/HSC-NESA/2025-hsc-maths-ext-2-marking-feedback-section-ii.pdf (412 KB)
  OK Maths Extension 2/HSC-NESA/2025-hsc-maths-ext-2-marking-feedback-section-ii.pdf (412 KB)
  OK Maths Standard 2/HSC-NESA/2014-maths-general-2-specimen-paper.pdf (1175 KB)
  OK Maths Standard 2/HSC-NESA/2014-maths-general-2-specimen-paper.pdf (1175 KB)
  OK Maths Standard 2/HSC-NESA/2014-maths-general-2-worked-solutions.pdf (1231 KB)
  OK Maths Standard 2/HSC-NESA/2014-maths-general-2-worked-solutions.pdf (1231 KB)
  OK Maths Standard 2/HSC-NESA/2014-maths-general-hsc-exam.pdf (393 KB)
  OK Maths Standard 2/HSC-NESA/2014-maths-general-hsc-exam.pdf (393 KB)
  OK Maths Standard 2/HSC-NESA/2014-maths-general-hsc-mg.pdf (309 KB)
  OK Maths Standard 2/HSC-NESA/2014-maths-general-hsc-mg.pdf (309 KB)
  OK Maths Standard 2/HSC-NESA/maths-general-hsc-notes-2014.pdf (309 KB)
  OK Maths Standard 2/HSC-NESA/maths-general-hsc-notes-2014.pdf (309 KB)
  OK Maths Standard 2/HSC-NESA/2015-maths-general-hsc-exam.pdf (1894 KB)
  OK Maths Standard 2/HSC-NESA/2015-maths-general-hsc-exam.pdf (1894 KB)
  OK Maths Standard 2/HSC-NESA/2015-maths-general-hsc-mg.pdf (1350 KB)
  OK Maths Standard 2/HSC-NESA/2015-maths-general-hsc-mg.pdf (1350 KB)
  OK Maths Standard 2/HSC-NESA/mathematics-general-hsc-marking-feedback-2015.pdf (139 KB)
  OK Maths Standard 2/HSC-NESA/mathematics-general-hsc-marking-feedback-2015.pdf (139 KB)
  OK Maths Standard 2/HSC-NESA/2016-hsc-math-general-notes.pdf (74 KB)
  OK Maths Standard 2/HSC-NESA/2016-hsc-math-general-notes.pdf (74 KB)
  OK Maths Standard 2/HSC-NESA/2016-hsc-maths-general-2.pdf (767 KB)
  OK Maths Standard 2/HSC-NESA/2016-hsc-maths-general-2.pdf (767 KB)
  OK Maths Standard 2/HSC-NESA/2016-hsc-mg-maths-general-2.pdf (812 KB)
  OK Maths Standard 2/HSC-NESA/2016-hsc-mg-maths-general-2.pdf (812 KB)
  OK Maths Standard 2/HSC-NESA/2017-hsc-marking-feedback-maths-general-2.pdf (351 KB)
  OK Maths Standard 2/HSC-NESA/2017-hsc-marking-feedback-maths-general-2.pdf (351 KB)
  OK Maths Standard 2/HSC-NESA/2017-hsc-maths-general-2.pdf (1363 KB)
  OK Maths Standard 2/HSC-NESA/2017-hsc-maths-general-2.pdf (1363 KB)
  OK Maths Standard 2/HSC-NESA/2017-hsc-mg-maths-general-2.pdf (979 KB)
  OK Maths Standard 2/HSC-NESA/2017-hsc-mg-maths-general-2.pdf (979 KB)
  OK Maths Standard 2/HSC-NESA/2018-hsc-maths-general-2-mg.pdf (1354 KB)
  OK Maths Standard 2/HSC-NESA/2018-hsc-maths-general-2-mg.pdf (1354 KB)
  OK Maths Standard 2/HSC-NESA/2018-hsc-maths-general-2.pdf (1345 KB)
  OK Maths Standard 2/HSC-NESA/2018-hsc-maths-general-2.pdf (1345 KB)
  OK Maths Standard 2/HSC-NESA/2018-hsc-marking-feedback-maths-general-2.pdf (200 KB)
  OK Maths Standard 2/HSC-NESA/2018-hsc-marking-feedback-maths-general-2.pdf (200 KB)
  OK Maths Standard 2/HSC-NESA/2019-hsc-mathematics-standard-1.pdf (379 KB)
  OK Maths Standard 2/HSC-NESA/2019-hsc-mathematics-standard-1.pdf (379 KB)
  OK Maths Standard 2/HSC-NESA/2019-hsc-mathematics-standard-2.pdf (585 KB)
  OK Maths Standard 2/HSC-NESA/2019-hsc-mathematics-standard-2.pdf (585 KB)
  OK Maths Standard 2/HSC-NESA/2019-hsc-mathematics-std-1-mg.pdf (531 KB)
  OK Maths Standard 2/HSC-NESA/2019-hsc-mathematics-std-1-mg.pdf (531 KB)
  OK Maths Standard 2/HSC-NESA/2019-hsc-mathematics-std-2-mg.pdf (605 KB)
  OK Maths Standard 2/HSC-NESA/2019-hsc-mathematics-std-2-mg.pdf (605 KB)
  OK Maths Standard 2/HSC-NESA/mathematics-standard-1-2019-hsc-marking-feedback.pdf (289 KB)
  OK Maths Standard 2/HSC-NESA/mathematics-standard-1-2019-hsc-marking-feedback.pdf (289 KB)
  OK Maths Standard 2/HSC-NESA/mathematics-standard-2-2019-hsc-marking-feedback.pdf (608 KB)
  OK Maths Standard 2/HSC-NESA/mathematics-standard-2-2019-hsc-marking-feedback.pdf (608 KB)
  OK Maths Standard 2/HSC-NESA/2020-hsc-mathematics-standard-1-mg.pdf (3842 KB)
  OK Maths Standard 2/HSC-NESA/2020-hsc-mathematics-standard-1-mg.pdf (3842 KB)
  OK Maths Standard 2/HSC-NESA/2020-hsc-mathematics-standard-1.pdf (598 KB)
  OK Maths Standard 2/HSC-NESA/2020-hsc-mathematics-standard-1.pdf (598 KB)
  OK Maths Standard 2/HSC-NESA/2020-hsc-mathematics-standard-2-mg.pdf (2705 KB)
  OK Maths Standard 2/HSC-NESA/2020-hsc-mathematics-standard-2-mg.pdf (2705 KB)
  OK Maths Standard 2/HSC-NESA/2020-hsc-mathematics-standard-2.pdf (418 KB)
  OK Maths Standard 2/HSC-NESA/2020-hsc-mathematics-standard-2.pdf (418 KB)
  OK Maths Standard 2/HSC-NESA/mathematics-standard-1-2020-hsc-marking-feedback.pdf (614 KB)
  OK Maths Standard 2/HSC-NESA/mathematics-standard-1-2020-hsc-marking-feedback.pdf (614 KB)
  OK Maths Standard 2/HSC-NESA/mathematics-standard-2-2020-hsc-marking-feedback.pdf (191 KB)
  OK Maths Standard 2/HSC-NESA/mathematics-standard-2-2020-hsc-marking-feedback.pdf (191 KB)
  OK Maths Standard 2/HSC-NESA/2021-hsc-mathematics-standard-1-marking-feedback.pdf (593 KB)
  OK Maths Standard 2/HSC-NESA/2021-hsc-mathematics-standard-1-marking-feedback.pdf (593 KB)
  OK Maths Standard 2/HSC-NESA/2021-hsc-mathematics-standard-1-mg.pdf (3315 KB)
  OK Maths Standard 2/HSC-NESA/2021-hsc-mathematics-standard-1-mg.pdf (3315 KB)
  OK Maths Standard 2/HSC-NESA/2021-hsc-mathematics-standard-1.pdf (329 KB)
  OK Maths Standard 2/HSC-NESA/2021-hsc-mathematics-standard-1.pdf (329 KB)
  OK Maths Standard 2/HSC-NESA/2021-hsc-mathematics-standard-2-marking-feedback.pdf (627 KB)
  OK Maths Standard 2/HSC-NESA/2021-hsc-mathematics-standard-2-marking-feedback.pdf (627 KB)
  OK Maths Standard 2/HSC-NESA/2021-hsc-mathematics-standard-2-mg.pdf (3119 KB)
  OK Maths Standard 2/HSC-NESA/2021-hsc-mathematics-standard-2-mg.pdf (3119 KB)
  OK Maths Standard 2/HSC-NESA/2021-hsc-mathematics-standard-2.pdf (393 KB)
  OK Maths Standard 2/HSC-NESA/2021-hsc-mathematics-standard-2.pdf (393 KB)
  OK Maths Standard 2/HSC-NESA/2022-hsc-mathematics-standard-1-mg.pdf (2370 KB)
  OK Maths Standard 2/HSC-NESA/2022-hsc-mathematics-standard-1-mg.pdf (2370 KB)
  OK Maths Standard 2/HSC-NESA/2022-hsc-mathematics-standard-1.pdf (1354 KB)
  OK Maths Standard 2/HSC-NESA/2022-hsc-mathematics-standard-1.pdf (1354 KB)
  OK Maths Standard 2/HSC-NESA/2022-hsc-mathematics-standard-2-mg.pdf (3439 KB)
  OK Maths Standard 2/HSC-NESA/2022-hsc-mathematics-standard-2-mg.pdf (3439 KB)
  OK Maths Standard 2/HSC-NESA/2022-hsc-mathematics-standard-2.pdf (1434 KB)
  OK Maths Standard 2/HSC-NESA/2022-hsc-mathematics-standard-2.pdf (1434 KB)
  OK Maths Standard 2/HSC-NESA/2022-maths-standard-1-hsc-marking-feedback.pdf (197 KB)
  OK Maths Standard 2/HSC-NESA/2022-maths-standard-1-hsc-marking-feedback.pdf (197 KB)
  OK Maths Standard 2/HSC-NESA/2022-maths-standard-2-hsc-marking-feedback.pdf (209 KB)
  OK Maths Standard 2/HSC-NESA/2022-maths-standard-2-hsc-marking-feedback.pdf (209 KB)
  OK Maths Standard 2/HSC-NESA/2023-hsc-mathematics-std1-marking-feedback.pdf (254 KB)
  OK Maths Standard 2/HSC-NESA/2023-hsc-mathematics-std1-marking-feedback.pdf (254 KB)
  OK Maths Standard 2/HSC-NESA/2023-hsc-mathematics-std2-marking-feedback.pdf (231 KB)
  OK Maths Standard 2/HSC-NESA/2023-hsc-mathematics-std2-marking-feedback.pdf (231 KB)
  OK Maths Standard 2/HSC-NESA/2023-hsc-maths-std-1-mg.pdf (4963 KB)
  OK Maths Standard 2/HSC-NESA/2023-hsc-maths-std-1-mg.pdf (4963 KB)
  OK Maths Standard 2/HSC-NESA/2023-hsc-maths-std-1.pdf (989 KB)
  OK Maths Standard 2/HSC-NESA/2023-hsc-maths-std-1.pdf (989 KB)
  OK Maths Standard 2/HSC-NESA/2023-hsc-maths-std-2-mg.pdf (4446 KB)
  OK Maths Standard 2/HSC-NESA/2023-hsc-maths-std-2-mg.pdf (4446 KB)
  OK Maths Standard 2/HSC-NESA/2023-hsc-maths-std-2.pdf (923 KB)
  OK Maths Standard 2/HSC-NESA/2023-hsc-maths-std-2.pdf (923 KB)
  OK Maths Standard 2/HSC-NESA/2024-hsc-mathematics-std1-marking-feedback.pdf (248 KB)
  OK Maths Standard 2/HSC-NESA/2024-hsc-mathematics-std1-marking-feedback.pdf (248 KB)
  OK Maths Standard 2/HSC-NESA/2024-hsc-mathematics-std2-marking-feedback_0.pdf (257 KB)
  OK Maths Standard 2/HSC-NESA/2024-hsc-mathematics-std2-marking-feedback_0.pdf (257 KB)
  OK Maths Standard 2/HSC-NESA/2024-hsc-maths-std-1-mg.pdf (426 KB)
  OK Maths Standard 2/HSC-NESA/2024-hsc-maths-std-1-mg.pdf (426 KB)
  OK Maths Standard 2/HSC-NESA/2024-hsc-maths-std-1.pdf (1286 KB)
  OK Maths Standard 2/HSC-NESA/2024-hsc-maths-std-1.pdf (1286 KB)
  OK Maths Standard 2/HSC-NESA/2024-hsc-maths-std-2-mg.pdf (1017 KB)
  OK Maths Standard 2/HSC-NESA/2024-hsc-maths-std-2-mg.pdf (1017 KB)
  OK Maths Standard 2/HSC-NESA/2024-hsc-maths-std-2.pdf (1284 KB)
  OK Maths Standard 2/HSC-NESA/2024-hsc-maths-std-2.pdf (1284 KB)
  OK Maths Standard 2/HSC-NESA/2025-hsc-maths-standard-1.pdf (1362 KB)
  OK Maths Standard 2/HSC-NESA/2025-hsc-maths-standard-1.pdf (1362 KB)
  OK Maths Standard 2/HSC-NESA/2025-hsc-maths-standard-2.pdf (521 KB)
  OK Maths Standard 2/HSC-NESA/2025-hsc-maths-standard-2.pdf (521 KB)
  OK Maths Standard 2/HSC-NESA/2025-hsc-maths-standard-1-mg.pdf (455 KB)
  OK Maths Standard 2/HSC-NESA/2025-hsc-maths-standard-1-mg.pdf (455 KB)
  OK Maths Standard 2/HSC-NESA/2025-hsc-maths-standard-2-mg.pdf (513 KB)
  OK Maths Standard 2/HSC-NESA/2025-hsc-maths-standard-2-mg.pdf (513 KB)
  OK Maths Standard 2/HSC-NESA/2025-hsc-maths-std-1-marking-feedback-section-ii.pdf (263 KB)
  OK Maths Standard 2/HSC-NESA/2025-hsc-maths-std-1-marking-feedback-section-ii.pdf (263 KB)
  OK Maths Standard 2/HSC-NESA/2025-hsc-maths-std-2-marking-feedback-section-ii.pdf (297 KB)
  OK Maths Standard 2/HSC-NESA/2025-hsc-maths-std-2-marking-feedback-section-ii.pdf (297 KB)
  OK Physics/HSC-NESA/hsc-physics-sec2-answer-booklet.pdf (471 KB)
  OK Physics/HSC-NESA/hsc-physics-sec2-answer-booklet.pdf (471 KB)
  OK Physics/HSC-NESA/physics-hsc-exam-2014-archive.pdf (621 KB)
  OK Physics/HSC-NESA/physics-hsc-exam-2014-archive.pdf (621 KB)
  OK Physics/HSC-NESA/physics-hsc-mg-2014-archive.pdf (500 KB)
  OK Physics/HSC-NESA/physics-hsc-mg-2014-archive.pdf (500 KB)
  OK Physics/HSC-NESA/2015-hsc-mg-physics-archive.pdf (663 KB)
  OK Physics/HSC-NESA/2015-hsc-mg-physics-archive.pdf (663 KB)
  OK Physics/HSC-NESA/physics-hsc-exam-2015-archive.pdf (1256 KB)
  OK Physics/HSC-NESA/physics-hsc-exam-2015-archive.pdf (1256 KB)
  OK Physics/HSC-NESA/2016-hsc-mg-physics-archive.pdf (794 KB)
  OK Physics/HSC-NESA/2016-hsc-mg-physics-archive.pdf (794 KB)
  OK Physics/HSC-NESA/2016-hsc-physics-archive.pdf (846 KB)
  OK Physics/HSC-NESA/2016-hsc-physics-archive.pdf (846 KB)
  OK Physics/HSC-NESA/2017-hsc-mg-physics-archive.pdf (1177 KB)
  OK Physics/HSC-NESA/2017-hsc-mg-physics-archive.pdf (1177 KB)
  OK Physics/HSC-NESA/2017-hsc-physics-archive.pdf (957 KB)
  OK Physics/HSC-NESA/2017-hsc-physics-archive.pdf (957 KB)
  OK Physics/HSC-NESA/2018-hsc-physics-archive.pdf (1165 KB)
  OK Physics/HSC-NESA/2018-hsc-physics-archive.pdf (1165 KB)
  OK Physics/HSC-NESA/2018-hsc-physics-mg.pdf (3001 KB)
  OK Physics/HSC-NESA/2018-hsc-physics-mg.pdf (3001 KB)
  OK Physics/HSC-NESA/2019-hsc-physics-mg.pdf (595 KB)
  OK Physics/HSC-NESA/2019-hsc-physics-mg.pdf (595 KB)
  OK Physics/HSC-NESA/2019-hsc-physics.pdf (900 KB)
  OK Physics/HSC-NESA/2019-hsc-physics.pdf (900 KB)
  OK Physics/HSC-NESA/2020-hsc-physics-mg.pdf (926 KB)
  OK Physics/HSC-NESA/2020-hsc-physics-mg.pdf (926 KB)
  OK Physics/HSC-NESA/2020-hsc-physics.pdf (1169 KB)
  OK Physics/HSC-NESA/2020-hsc-physics.pdf (1169 KB)
  OK Physics/HSC-NESA/2021-hsc-physics-mg.pdf (402 KB)
  OK Physics/HSC-NESA/2021-hsc-physics-mg.pdf (402 KB)
  OK Physics/HSC-NESA/2021-hsc-physics.pdf (1002 KB)
  OK Physics/HSC-NESA/2021-hsc-physics.pdf (1002 KB)
  OK Physics/HSC-NESA/2022-hsc-physics-mg.pdf (1474 KB)
  OK Physics/HSC-NESA/2022-hsc-physics-mg.pdf (1474 KB)
  OK Physics/HSC-NESA/2022-hsc-physics.pdf (1054 KB)
  OK Physics/HSC-NESA/2022-hsc-physics.pdf (1054 KB)
  OK Physics/HSC-NESA/2023-hsc-physics-mg.pdf (618 KB)
  OK Physics/HSC-NESA/2023-hsc-physics-mg.pdf (618 KB)
  OK Physics/HSC-NESA/2023-hsc-physics.pdf (2965 KB)
  OK Physics/HSC-NESA/2023-hsc-physics.pdf (2965 KB)
  OK Physics/HSC-NESA/2024-hsc-physics-mg.pdf (836 KB)
  OK Physics/HSC-NESA/2024-hsc-physics-mg.pdf (836 KB)
  OK Physics/HSC-NESA/2024-hsc-physics.pdf (1689 KB)
  OK Physics/HSC-NESA/2024-hsc-physics.pdf (1689 KB)
  OK Physics/HSC-NESA/2025-hsc-physics-mg.pdf (679 KB)
  OK Physics/HSC-NESA/2025-hsc-physics-mg.pdf (679 KB)
  OK Physics/HSC-NESA/2025-hsc-physics.pdf (1961 KB)
  OK Physics/HSC-NESA/2025-hsc-physics.pdf (1961 KB)
=== NESA done: ok=395 skip=0 fail=0 ===
=== NESA done: ok=395 skip=0 fail=0 ===
=== NESA downloader start ===
=== NESA downloader start ===
135 exam-pack pages across 12 subjects
135 exam-pack pages across 12 subjects
  OK Design & Technology/HSC-NESA/design-tech-hsc-exam-2015.pdf (70 KB)
  OK Design & Technology/HSC-NESA/design-tech-hsc-exam-2015.pdf (70 KB)
  OK Design & Technology/HSC-NESA/design-tech-hsc-mg-2015.pdf (211 KB)
  OK Design & Technology/HSC-NESA/design-tech-hsc-mg-2015.pdf (211 KB)
  OK Design & Technology/HSC-NESA/2016-hsc-design-and-tech.pdf (277 KB)
  OK Design & Technology/HSC-NESA/2016-hsc-design-and-tech.pdf (277 KB)
  OK Design & Technology/HSC-NESA/2016-hsc-mg-desige-and-tech.pdf (181 KB)
  OK Design & Technology/HSC-NESA/2016-hsc-mg-desige-and-tech.pdf (181 KB)
  OK Design & Technology/HSC-NESA/2017-hsc-design-and-tech.pdf (855 KB)
  OK Design & Technology/HSC-NESA/2017-hsc-design-and-tech.pdf (855 KB)
  OK Design & Technology/HSC-NESA/2017-hsc-mg-design-and-tech.pdf (164 KB)
  OK Design & Technology/HSC-NESA/2017-hsc-mg-design-and-tech.pdf (164 KB)
  OK Design & Technology/HSC-NESA/2018-hsc-design-and-tech-mg.pdf (350 KB)
  OK Design & Technology/HSC-NESA/2018-hsc-design-and-tech-mg.pdf (350 KB)
  OK Design & Technology/HSC-NESA/2018-hsc-design-and-technology.pdf (323 KB)
  OK Design & Technology/HSC-NESA/2018-hsc-design-and-technology.pdf (323 KB)
  OK Design & Technology/HSC-NESA/2019-hsc-design-and-technology-mg.pdf (122 KB)
  OK Design & Technology/HSC-NESA/2019-hsc-design-and-technology-mg.pdf (122 KB)
  OK Design & Technology/HSC-NESA/2019-hsc-design-and-technology.pdf (765 KB)
  OK Design & Technology/HSC-NESA/2019-hsc-design-and-technology.pdf (765 KB)
  OK Design & Technology/HSC-NESA/2020-hsc-design-and-technology.pdf (130 KB)
  OK Design & Technology/HSC-NESA/2020-hsc-design-and-technology.pdf (130 KB)
  OK Design & Technology/HSC-NESA/2020-hsc-design-technology-mg.pdf (218 KB)
  OK Design & Technology/HSC-NESA/2020-hsc-design-technology-mg.pdf (218 KB)
  OK Design & Technology/HSC-NESA/2021-hsc-design-and-technology-mg.pdf (457 KB)
  OK Design & Technology/HSC-NESA/2021-hsc-design-and-technology-mg.pdf (457 KB)
  OK Design & Technology/HSC-NESA/2021-hsc-design-and-technology.pdf (271 KB)
  OK Design & Technology/HSC-NESA/2021-hsc-design-and-technology.pdf (271 KB)
  OK Design & Technology/HSC-NESA/2022-hsc-design-and-tech-mg.pdf (221 KB)
  OK Design & Technology/HSC-NESA/2022-hsc-design-and-tech-mg.pdf (221 KB)
  OK Design & Technology/HSC-NESA/2022-hsc-design-and-technology.pdf (273 KB)
  OK Design & Technology/HSC-NESA/2022-hsc-design-and-technology.pdf (273 KB)
  OK Design & Technology/HSC-NESA/2023-hsc-design-and-tech-mg.pdf (230 KB)
  OK Design & Technology/HSC-NESA/2023-hsc-design-and-tech-mg.pdf (230 KB)
  OK Design & Technology/HSC-NESA/2023-hsc-design-and-tech.pdf (550 KB)
  OK Design & Technology/HSC-NESA/2023-hsc-design-and-tech.pdf (550 KB)
  OK Design & Technology/HSC-NESA/2024-hsc-design-and-tech-mg.pdf (267 KB)
  OK Design & Technology/HSC-NESA/2024-hsc-design-and-tech-mg.pdf (267 KB)
  OK Design & Technology/HSC-NESA/2024-hsc-design-and-technology.pdf (263 KB)
  OK Design & Technology/HSC-NESA/2024-hsc-design-and-technology.pdf (263 KB)
  OK Design & Technology/HSC-NESA/2025-hsc-design-and-tech.pdf (451 KB)
  OK Design & Technology/HSC-NESA/2025-hsc-design-and-tech.pdf (451 KB)
  OK Design & Technology/HSC-NESA/2025-hsc-design-and-technology-mg.pdf (383 KB)
  OK Design & Technology/HSC-NESA/2025-hsc-design-and-technology-mg.pdf (383 KB)
=== NESA done: ok=22 skip=395 fail=0 ===
=== NESA done: ok=22 skip=395 fail=0 ===
=== NESA downloader start ===
=== NESA downloader start ===
146 exam-pack pages across 13 subjects
146 exam-pack pages across 13 subjects
  OK Software/HSC-NESA/2015-hsc-sdd-mg.pdf (741 KB)
  OK Software/HSC-NESA/2015-hsc-sdd-mg.pdf (741 KB)
  OK Software/HSC-NESA/2015-hsc-sdd.pdf (493 KB)
  OK Software/HSC-NESA/2015-hsc-sdd.pdf (493 KB)
  OK Software/HSC-NESA/2016-hsc-sdd-mg.pdf (604 KB)
  OK Software/HSC-NESA/2016-hsc-sdd-mg.pdf (604 KB)
  OK Software/HSC-NESA/2016-hsc-sdd.pdf (350 KB)
  OK Software/HSC-NESA/2016-hsc-sdd.pdf (350 KB)
  OK Software/HSC-NESA/2017-hsc-sdd-mg.pdf (605 KB)
  OK Software/HSC-NESA/2017-hsc-sdd-mg.pdf (605 KB)
  OK Software/HSC-NESA/2017-hsc-sdd.pdf (422 KB)
  OK Software/HSC-NESA/2017-hsc-sdd.pdf (422 KB)
  OK Software/HSC-NESA/2018-hsc-sdd-mg.pdf (1579 KB)
  OK Software/HSC-NESA/2018-hsc-sdd-mg.pdf (1579 KB)
  OK Software/HSC-NESA/2018-hsc-sdd.pdf (627 KB)
  OK Software/HSC-NESA/2018-hsc-sdd.pdf (627 KB)
  OK Software/HSC-NESA/2019-hsc-sdd-mg.pdf (720 KB)
  OK Software/HSC-NESA/2019-hsc-sdd-mg.pdf (720 KB)
  OK Software/HSC-NESA/2019-hsc-sdd.pdf (636 KB)
  OK Software/HSC-NESA/2019-hsc-sdd.pdf (636 KB)
  OK Software/HSC-NESA/2020-hsc-sdd-mg.pdf (1143 KB)
  OK Software/HSC-NESA/2020-hsc-sdd-mg.pdf (1143 KB)
  OK Software/HSC-NESA/2020-hsc-sdd.pdf (446 KB)
  OK Software/HSC-NESA/2020-hsc-sdd.pdf (446 KB)
  OK Software/HSC-NESA/2021-hsc-sdd-mg.pdf (1745 KB)
  OK Software/HSC-NESA/2021-hsc-sdd-mg.pdf (1745 KB)
  OK Software/HSC-NESA/2021-hsc-sdd.pdf (427 KB)
  OK Software/HSC-NESA/2021-hsc-sdd.pdf (427 KB)
  OK Software/HSC-NESA/2022-hsc-sdd-mg.pdf (511 KB)
  OK Software/HSC-NESA/2022-hsc-sdd-mg.pdf (511 KB)
  OK Software/HSC-NESA/2022-hsc-sdd.pdf (517 KB)
  OK Software/HSC-NESA/2022-hsc-sdd.pdf (517 KB)
  OK Software/HSC-NESA/2023-hsc-sdd-mg.pdf (1403 KB)
  OK Software/HSC-NESA/2023-hsc-sdd-mg.pdf (1403 KB)
  OK Software/HSC-NESA/2023-hsc-sdd.pdf (1446 KB)
  OK Software/HSC-NESA/2023-hsc-sdd.pdf (1446 KB)
  OK Software/HSC-NESA/2024-hsc-sdd-mg.pdf (1609 KB)
  OK Software/HSC-NESA/2024-hsc-sdd-mg.pdf (1609 KB)
  OK Software/HSC-NESA/2024-hsc-sdd.pdf (1263 KB)
  OK Software/HSC-NESA/2024-hsc-sdd.pdf (1263 KB)
  OK Software/HSC-NESA/2025-hsc-software-engineering-mg.pdf (433 KB)
  OK Software/HSC-NESA/2025-hsc-software-engineering-mg.pdf (433 KB)
=== NESA done: ok=21 skip=417 fail=0 ===
=== NESA done: ok=21 skip=417 fail=0 ===
=== NESA downloader start ===
=== NESA downloader start ===
1232 exam-pack pages across 115 subjects
1232 exam-pack pages across 115 subjects
  OK Aboriginal Studies/HSC-NESA/aboriginal-studies-hsc-exam-2015.pdf (340 KB)
  OK Aboriginal Studies/HSC-NESA/aboriginal-studies-hsc-exam-2015.pdf (340 KB)
  OK Aboriginal Studies/HSC-NESA/aboriginal-studies-hsc-mg-2015.pdf (406 KB)
  OK Aboriginal Studies/HSC-NESA/aboriginal-studies-hsc-mg-2015.pdf (406 KB)
  OK Aboriginal Studies/HSC-NESA/2016-hsc-aboriginal-studies.pdf (935 KB)
  OK Aboriginal Studies/HSC-NESA/2016-hsc-aboriginal-studies.pdf (935 KB)
  OK Aboriginal Studies/HSC-NESA/2016-hsc-mg-aboriginal-studies.pdf (569 KB)
  OK Aboriginal Studies/HSC-NESA/2016-hsc-mg-aboriginal-studies.pdf (569 KB)
  OK Aboriginal Studies/HSC-NESA/2017-hsc-aboriginal-studies.pdf (1320 KB)
  OK Aboriginal Studies/HSC-NESA/2017-hsc-aboriginal-studies.pdf (1320 KB)
  OK Aboriginal Studies/HSC-NESA/2017-hsc-mg-aboriginal-studies.pdf (582 KB)
  OK Aboriginal Studies/HSC-NESA/2017-hsc-mg-aboriginal-studies.pdf (582 KB)
  OK Aboriginal Studies/HSC-NESA/2018-hsc-aboriginal-studies-mg.pdf (1537 KB)
  OK Aboriginal Studies/HSC-NESA/2018-hsc-aboriginal-studies-mg.pdf (1537 KB)
  OK Aboriginal Studies/HSC-NESA/2018-hsc-aboriginal-studies.pdf (397 KB)
  OK Aboriginal Studies/HSC-NESA/2018-hsc-aboriginal-studies.pdf (397 KB)
  OK Aboriginal Studies/HSC-NESA/2019-hsc-aboriginal-studies-mg.pdf (414 KB)
  OK Aboriginal Studies/HSC-NESA/2019-hsc-aboriginal-studies-mg.pdf (414 KB)
  OK Aboriginal Studies/HSC-NESA/2019-hsc-aboriginal-studies.pdf (429 KB)
  OK Aboriginal Studies/HSC-NESA/2019-hsc-aboriginal-studies.pdf (429 KB)
  OK Aboriginal Studies/HSC-NESA/2020-hsc-aboriginal-studies-mg.pdf (754 KB)
  OK Aboriginal Studies/HSC-NESA/2020-hsc-aboriginal-studies-mg.pdf (754 KB)
  OK Aboriginal Studies/HSC-NESA/2020-hsc-aboriginal-studies.pdf (1334 KB)
  OK Aboriginal Studies/HSC-NESA/2020-hsc-aboriginal-studies.pdf (1334 KB)
  OK Aboriginal Studies/HSC-NESA/2021-hsc-aboriginal-studies.pdf (1186 KB)
  OK Aboriginal Studies/HSC-NESA/2021-hsc-aboriginal-studies.pdf (1186 KB)
  OK Aboriginal Studies/HSC-NESA/2021-hsc_aboriginal_studies_mg.pdf (1778 KB)
  OK Aboriginal Studies/HSC-NESA/2021-hsc_aboriginal_studies_mg.pdf (1778 KB)
  OK Aboriginal Studies/HSC-NESA/2022-hsc-ab-studies-mg.pdf (633 KB)
  OK Aboriginal Studies/HSC-NESA/2022-hsc-ab-studies-mg.pdf (633 KB)
  OK Aboriginal Studies/HSC-NESA/2022-hsc-aboriginal-studies.pdf (534 KB)
  OK Aboriginal Studies/HSC-NESA/2022-hsc-aboriginal-studies.pdf (534 KB)
  OK Aboriginal Studies/HSC-NESA/2023-hsc-aboriginal-studies-mg.pdf (418 KB)
  OK Aboriginal Studies/HSC-NESA/2023-hsc-aboriginal-studies-mg.pdf (418 KB)
  OK Aboriginal Studies/HSC-NESA/2023-hsc-aboriginal-studies_20240509.pdf (1907 KB)
  OK Aboriginal Studies/HSC-NESA/2023-hsc-aboriginal-studies_20240509.pdf (1907 KB)
  OK Aboriginal Studies/HSC-NESA/2024-hsc-aboriginal-studies-mg.pdf (2125 KB)
  OK Aboriginal Studies/HSC-NESA/2024-hsc-aboriginal-studies-mg.pdf (2125 KB)
  OK Aboriginal Studies/HSC-NESA/2024-hsc-aboriginal-studies-cc.pdf (1558 KB)
  OK Aboriginal Studies/HSC-NESA/2024-hsc-aboriginal-studies-cc.pdf (1558 KB)
  OK Aboriginal Studies/HSC-NESA/2025-hsc-aboriginal-studies-mg.pdf (1957 KB)
  OK Aboriginal Studies/HSC-NESA/2025-hsc-aboriginal-studies-mg.pdf (1957 KB)
  OK Aboriginal Studies/HSC-NESA/2025-hsc-aboriginal-studies.pdf (1159 KB)
  OK Aboriginal Studies/HSC-NESA/2025-hsc-aboriginal-studies.pdf (1159 KB)
  OK Agriculture/HSC-NESA/2015-agriculture-hsc-exam.pdf (296 KB)
  OK Agriculture/HSC-NESA/2015-agriculture-hsc-exam.pdf (296 KB)
  OK Agriculture/HSC-NESA/2015-agriculture-hsc-mg.pdf (464 KB)
  OK Agriculture/HSC-NESA/2015-agriculture-hsc-mg.pdf (464 KB)
  OK Agriculture/HSC-NESA/2016-hsc-agriculture.pdf (448 KB)
  OK Agriculture/HSC-NESA/2016-hsc-agriculture.pdf (448 KB)
  OK Agriculture/HSC-NESA/2016-hsc-mg-agriculture.pdf (417 KB)
  OK Agriculture/HSC-NESA/2016-hsc-mg-agriculture.pdf (417 KB)
  OK Agriculture/HSC-NESA/agriculture-hsc-sect-ii-sample-writing-booklet.pdf (153 KB)
  OK Agriculture/HSC-NESA/agriculture-hsc-sect-ii-sample-writing-booklet.pdf (153 KB)
  OK Agriculture/HSC-NESA/2017-agriculture-hsc-part-i-sect-b-sample-answer-booklet.pdf (184 KB)
  OK Agriculture/HSC-NESA/2017-agriculture-hsc-part-i-sect-b-sample-answer-booklet.pdf (184 KB)
  OK Agriculture/HSC-NESA/2017-hsc-agriculture.pdf (210 KB)
  OK Agriculture/HSC-NESA/2017-hsc-agriculture.pdf (210 KB)
  OK Agriculture/HSC-NESA/2017-hsc-mg-agriculture.pdf (464 KB)
  OK Agriculture/HSC-NESA/2017-hsc-mg-agriculture.pdf (464 KB)
  OK Agriculture/HSC-NESA/2018-hsc-agriculture-mg.pdf (1159 KB)
  OK Agriculture/HSC-NESA/2018-hsc-agriculture-mg.pdf (1159 KB)
  OK Agriculture/HSC-NESA/2018-hsc-agriculture.pdf (714 KB)
  OK Agriculture/HSC-NESA/2018-hsc-agriculture.pdf (714 KB)
  OK Agriculture/HSC-NESA/2019-hsc-agriculture-mg.pdf (652 KB)
  OK Agriculture/HSC-NESA/2019-hsc-agriculture-mg.pdf (652 KB)
  OK Agriculture/HSC-NESA/2019-hsc-agriculture.pdf (579 KB)
  OK Agriculture/HSC-NESA/2019-hsc-agriculture.pdf (579 KB)
  OK Agriculture/HSC-NESA/2020-hsc-agriculture-mg.pdf (524 KB)
  OK Agriculture/HSC-NESA/2020-hsc-agriculture-mg.pdf (524 KB)
  OK Agriculture/HSC-NESA/2020-hsc-agriculture.pdf (280 KB)
  OK Agriculture/HSC-NESA/2020-hsc-agriculture.pdf (280 KB)
  OK Agriculture/HSC-NESA/2021-hsc-agriculture.pdf (469 KB)
  OK Agriculture/HSC-NESA/2021-hsc-agriculture.pdf (469 KB)
  OK Agriculture/HSC-NESA/2021_hsc-agriculture_mg.pdf (1368 KB)
  OK Agriculture/HSC-NESA/2021_hsc-agriculture_mg.pdf (1368 KB)
  OK Agriculture/HSC-NESA/2022-hsc-agriculture-mg.pdf (555 KB)
  OK Agriculture/HSC-NESA/2022-hsc-agriculture-mg.pdf (555 KB)
  OK Agriculture/HSC-NESA/2022-hsc-agriculture.pdf (325 KB)
  OK Agriculture/HSC-NESA/2022-hsc-agriculture.pdf (325 KB)
  OK Agriculture/HSC-NESA/2023-hsc-agriculture-mg.pdf (690 KB)
  OK Agriculture/HSC-NESA/2023-hsc-agriculture-mg.pdf (690 KB)
  OK Agriculture/HSC-NESA/2023-hsc-agriculture.pdf (2025 KB)
  OK Agriculture/HSC-NESA/2023-hsc-agriculture.pdf (2025 KB)
  OK Agriculture/HSC-NESA/2024-hsc-agriculture-mg.pdf (1653 KB)
  OK Agriculture/HSC-NESA/2024-hsc-agriculture-mg.pdf (1653 KB)
  OK Agriculture/HSC-NESA/2024-hsc-agriculture.pdf (1011 KB)
  OK Agriculture/HSC-NESA/2024-hsc-agriculture.pdf (1011 KB)
  OK Agriculture/HSC-NESA/2025-hsc-agriculture-mg.pdf (573 KB)
  OK Agriculture/HSC-NESA/2025-hsc-agriculture-mg.pdf (573 KB)
  OK Agriculture/HSC-NESA/2025-hsc-agriculture.pdf (314 KB)
  OK Agriculture/HSC-NESA/2025-hsc-agriculture.pdf (314 KB)
  OK Ancient History/HSC-NESA/ancient-history-hsc-exam-2014-archive.pdf (14239 KB)
  OK Ancient History/HSC-NESA/ancient-history-hsc-exam-2014-archive.pdf (14239 KB)
  OK Ancient History/HSC-NESA/ancient-history-hsc-mg-2014-archive.pdf (200 KB)
  OK Ancient History/HSC-NESA/ancient-history-hsc-mg-2014-archive.pdf (200 KB)
  OK Ancient History/HSC-NESA/hsc-ancient-history-sec-2-3-4-writing-mockup-archive.pdf (522 KB)
  OK Ancient History/HSC-NESA/hsc-ancient-history-sec-2-3-4-writing-mockup-archive.pdf (522 KB)
  OK Ancient History/HSC-NESA/ancient-history-hsc-exam-2015-archive.pdf (10668 KB)
  OK Ancient History/HSC-NESA/ancient-history-hsc-exam-2015-archive.pdf (10668 KB)
  OK Ancient History/HSC-NESA/ancient-history-hsc-mg-2015-archive.pdf (271 KB)
  OK Ancient History/HSC-NESA/ancient-history-hsc-mg-2015-archive.pdf (271 KB)
  OK Ancient History/HSC-NESA/2016-hsc-ancient-history-archive.pdf (3390 KB)
  OK Ancient History/HSC-NESA/2016-hsc-ancient-history-archive.pdf (3390 KB)
  OK Ancient History/HSC-NESA/2016-hsc-mg-ancient-history-archive.pdf (160 KB)
  OK Ancient History/HSC-NESA/2016-hsc-mg-ancient-history-archive.pdf (160 KB)
  OK Ancient History/HSC-NESA/2017-hsc-ancient-history-archive.pdf (4153 KB)
  OK Ancient History/HSC-NESA/2017-hsc-ancient-history-archive.pdf (4153 KB)
  OK Ancient History/HSC-NESA/2017-hsc-mg-ancient-history-archive.pdf (172 KB)
  OK Ancient History/HSC-NESA/2017-hsc-mg-ancient-history-archive.pdf (172 KB)
  OK Ancient History/HSC-NESA/2018-hsc-ancient-history-archive.pdf (3336 KB)
  OK Ancient History/HSC-NESA/2018-hsc-ancient-history-archive.pdf (3336 KB)
  OK Ancient History/HSC-NESA/2018-hsc-ancient-history-mg-archive.pdf (738 KB)
  OK Ancient History/HSC-NESA/2018-hsc-ancient-history-mg-archive.pdf (738 KB)
  OK Ancient History/HSC-NESA/2019-hsc-ancient-history-mg.pdf (273 KB)
  OK Ancient History/HSC-NESA/2019-hsc-ancient-history-mg.pdf (273 KB)
  OK Ancient History/HSC-NESA/2019-hsc-ancient-history.pdf (8890 KB)
  OK Ancient History/HSC-NESA/2019-hsc-ancient-history.pdf (8890 KB)
  OK Ancient History/HSC-NESA/2020-hsc-ancient-history-mg.pdf (516 KB)
  OK Ancient History/HSC-NESA/2020-hsc-ancient-history-mg.pdf (516 KB)
  OK Ancient History/HSC-NESA/2020-hsc-ancient-history.pdf (5095 KB)
  OK Ancient History/HSC-NESA/2020-hsc-ancient-history.pdf (5095 KB)
  OK Ancient History/HSC-NESA/2021-hsc-ancient-history-mg.pdf (1209 KB)
  OK Ancient History/HSC-NESA/2021-hsc-ancient-history-mg.pdf (1209 KB)
  OK Ancient History/HSC-NESA/2021-hsc-ancient-history.pdf (1476 KB)
  OK Ancient History/HSC-NESA/2021-hsc-ancient-history.pdf (1476 KB)
  OK Ancient History/HSC-NESA/2022-hsc-ancient-history-mg.pdf (570 KB)
  OK Ancient History/HSC-NESA/2022-hsc-ancient-history-mg.pdf (570 KB)
  OK Ancient History/HSC-NESA/2022-hsc-ancient-history.pdf (971 KB)
  OK Ancient History/HSC-NESA/2022-hsc-ancient-history.pdf (971 KB)
  OK Ancient History/HSC-NESA/2023-hsc-ancient-history-mg.pdf (950 KB)
  OK Ancient History/HSC-NESA/2023-hsc-ancient-history-mg.pdf (950 KB)
  OK Ancient History/HSC-NESA/2023-hsc-ancient-history_20240627.pdf (745 KB)
  OK Ancient History/HSC-NESA/2023-hsc-ancient-history_20240627.pdf (745 KB)
  OK Ancient History/HSC-NESA/2024-hsc-ancient-history-mg.pdf (595 KB)
  OK Ancient History/HSC-NESA/2024-hsc-ancient-history-mg.pdf (595 KB)
  OK Ancient History/HSC-NESA/2024-hsc-ancient-history-cc.pdf (824 KB)
  OK Ancient History/HSC-NESA/2024-hsc-ancient-history-cc.pdf (824 KB)
  OK Ancient History/HSC-NESA/2025-hsc-ancient-history-mg.pdf (873 KB)
  OK Ancient History/HSC-NESA/2025-hsc-ancient-history-mg.pdf (873 KB)
  OK Ancient History/HSC-NESA/2025-hsc-ancient-history.pdf (1370 KB)
  OK Ancient History/HSC-NESA/2025-hsc-ancient-history.pdf (1370 KB)
  OK Arabic Continuers/HSC-NESA/arabic-cont-hsc-exam-2015.pdf (270 KB)
  OK Arabic Continuers/HSC-NESA/arabic-cont-hsc-exam-2015.pdf (270 KB)
  OK Arabic Continuers/HSC-NESA/arabic-cont-hsc-exam-transcript-2015.pdf (134 KB)
  OK Arabic Continuers/HSC-NESA/arabic-cont-hsc-exam-transcript-2015.pdf (134 KB)
  OK Arabic Continuers/HSC-NESA/arabic-cont-hsc-mg-2015.pdf (287 KB)
  OK Arabic Continuers/HSC-NESA/arabic-cont-hsc-mg-2015.pdf (287 KB)
  OK Arabic Continuers/HSC-NESA/2016-hsc-arabic-cont-transcript.pdf (119 KB)
  OK Arabic Continuers/HSC-NESA/2016-hsc-arabic-cont-transcript.pdf (119 KB)
  OK Arabic Continuers/HSC-NESA/2016-hsc-arabic-cont.pdf (300 KB)
  OK Arabic Continuers/HSC-NESA/2016-hsc-arabic-cont.pdf (300 KB)
  OK Arabic Continuers/HSC-NESA/2016-hsc-mg-arabic-cont.pdf (816 KB)
  OK Arabic Continuers/HSC-NESA/2016-hsc-mg-arabic-cont.pdf (816 KB)
  OK Arabic Continuers/HSC-NESA/2017-hsc-arabic-cont-transcript.pdf (140 KB)
  OK Arabic Continuers/HSC-NESA/2017-hsc-arabic-cont-transcript.pdf (140 KB)
  OK Arabic Continuers/HSC-NESA/2017-hsc-arabic-cont.pdf (372 KB)
  OK Arabic Continuers/HSC-NESA/2017-hsc-arabic-cont.pdf (372 KB)
  OK Arabic Continuers/HSC-NESA/2017-hsc-mg-arabic-cont.pdf (281 KB)
  OK Arabic Continuers/HSC-NESA/2017-hsc-mg-arabic-cont.pdf (281 KB)
  OK Arabic Continuers/HSC-NESA/2018-hsc-arabic-cont-mg.pdf (628 KB)
  OK Arabic Continuers/HSC-NESA/2018-hsc-arabic-cont-mg.pdf (628 KB)
  OK Arabic Continuers/HSC-NESA/2018-hsc-arabic-continuers-transcript.pdf (133 KB)
  OK Arabic Continuers/HSC-NESA/2018-hsc-arabic-continuers-transcript.pdf (133 KB)
  OK Arabic Continuers/HSC-NESA/2018-hsc-arabic-continuers.pdf (440 KB)
  OK Arabic Continuers/HSC-NESA/2018-hsc-arabic-continuers.pdf (440 KB)
  OK Arabic Continuers/HSC-NESA/2019-hsc-arabic-continuers-mg.pdf (223 KB)
  OK Arabic Continuers/HSC-NESA/2019-hsc-arabic-continuers-mg.pdf (223 KB)
  OK Arabic Continuers/HSC-NESA/2019-hsc-arabic-continuers-transcript.pdf (114 KB)
  OK Arabic Continuers/HSC-NESA/2019-hsc-arabic-continuers-transcript.pdf (114 KB)
  OK Arabic Continuers/HSC-NESA/2019-hsc-arabic-continuers.pdf (322 KB)
  OK Arabic Continuers/HSC-NESA/2019-hsc-arabic-continuers.pdf (322 KB)
  OK Arabic Continuers/HSC-NESA/2020-hsc-arabic-continuers-mg.pdf (402 KB)
  OK Arabic Continuers/HSC-NESA/2020-hsc-arabic-continuers-mg.pdf (402 KB)
  OK Arabic Continuers/HSC-NESA/2020-hsc-arabic-continuers-transcript-1.pdf (237 KB)
  OK Arabic Continuers/HSC-NESA/2020-hsc-arabic-continuers-transcript-1.pdf (237 KB)
  OK Arabic Continuers/HSC-NESA/2020-hsc-arabic-continuers.pdf (427 KB)
  OK Arabic Continuers/HSC-NESA/2020-hsc-arabic-continuers.pdf (427 KB)
  OK Arabic Continuers/HSC-NESA/2021-arabic-continuers-hsc-exam-paper.pdf (445 KB)
  OK Arabic Continuers/HSC-NESA/2021-arabic-continuers-hsc-exam-paper.pdf (445 KB)
  OK Arabic Continuers/HSC-NESA/2021-arabic-continuers-hsc-exam-transcript.pdf (117 KB)
  OK Arabic Continuers/HSC-NESA/2021-arabic-continuers-hsc-exam-transcript.pdf (117 KB)
  OK Arabic Continuers/HSC-NESA/2021-hsc-arabic-continuers-mg.pdf (512 KB)
  OK Arabic Continuers/HSC-NESA/2021-hsc-arabic-continuers-mg.pdf (512 KB)
  OK Arabic Continuers/HSC-NESA/2022-hsc-arabic-continuers-mg.pdf (370 KB)
  OK Arabic Continuers/HSC-NESA/2022-hsc-arabic-continuers-mg.pdf (370 KB)
  OK Arabic Continuers/HSC-NESA/2022-hsc-arabic-continuers-transcript.pdf (155 KB)
  OK Arabic Continuers/HSC-NESA/2022-hsc-arabic-continuers-transcript.pdf (155 KB)
  OK Arabic Continuers/HSC-NESA/2022-hsc-arabic-continuers.pdf (409 KB)
  OK Arabic Continuers/HSC-NESA/2022-hsc-arabic-continuers.pdf (409 KB)
  OK Arabic Continuers/HSC-NESA/2023-hsc-arabic-continuers-mg.pdf (377 KB)
  OK Arabic Continuers/HSC-NESA/2023-hsc-arabic-continuers-mg.pdf (377 KB)
  OK Arabic Continuers/HSC-NESA/2023-hsc-arabic-continuers-transcript.pdf (547 KB)
  OK Arabic Continuers/HSC-NESA/2023-hsc-arabic-continuers-transcript.pdf (547 KB)
  OK Arabic Continuers/HSC-NESA/2023-hsc-arabic-continuers.pdf (1256 KB)
  OK Arabic Continuers/HSC-NESA/2023-hsc-arabic-continuers.pdf (1256 KB)
  OK Arabic Continuers/HSC-NESA/2024-hsc-arabic-continuers-mg.pdf (360 KB)
  OK Arabic Continuers/HSC-NESA/2024-hsc-arabic-continuers-mg.pdf (360 KB)
  OK Arabic Continuers/HSC-NESA/2024-hsc-arabic-continuers-transcript.pdf (144 KB)
  OK Arabic Continuers/HSC-NESA/2024-hsc-arabic-continuers-transcript.pdf (144 KB)
  OK Arabic Continuers/HSC-NESA/2024-hsc-arabic-continuers.pdf (354 KB)
  OK Arabic Continuers/HSC-NESA/2024-hsc-arabic-continuers.pdf (354 KB)
  OK Arabic Continuers/HSC-NESA/2025-hsc-arabic-continuers-transcript.pdf (122 KB)
  OK Arabic Continuers/HSC-NESA/2025-hsc-arabic-continuers-transcript.pdf (122 KB)
  OK Arabic Continuers/HSC-NESA/2025-hsc-arabic-continuers.pdf (849 KB)
  OK Arabic Continuers/HSC-NESA/2025-hsc-arabic-continuers.pdf (849 KB)
  OK Arabic Continuers/HSC-NESA/2025-hsc-arabic-continuers-mg.pdf (168 KB)
  OK Arabic Continuers/HSC-NESA/2025-hsc-arabic-continuers-mg.pdf (168 KB)
  OK Arabic Extension/HSC-NESA/2015-arabic-ext-hsc-exam-oral.pdf (100 KB)
  OK Arabic Extension/HSC-NESA/2015-arabic-ext-hsc-exam-oral.pdf (100 KB)
  OK Arabic Extension/HSC-NESA/2015-arabic-ext-hsc-exam.pdf (125 KB)
  OK Arabic Extension/HSC-NESA/2015-arabic-ext-hsc-exam.pdf (125 KB)
  OK Arabic Extension/HSC-NESA/2015-arabic-ext-hsc-mg.pdf (174 KB)
  OK Arabic Extension/HSC-NESA/2015-arabic-ext-hsc-mg.pdf (174 KB)
  OK Arabic Extension/HSC-NESA/2016-hsc-arabic-ext-oral.pdf (84 KB)
  OK Arabic Extension/HSC-NESA/2016-hsc-arabic-ext-oral.pdf (84 KB)
  OK Arabic Extension/HSC-NESA/2016-hsc-arabic-ext.pdf (126 KB)
  OK Arabic Extension/HSC-NESA/2016-hsc-arabic-ext.pdf (126 KB)
  OK Arabic Extension/HSC-NESA/2016-hsc-mg-arabic-ext.pdf (140 KB)
  OK Arabic Extension/HSC-NESA/2016-hsc-mg-arabic-ext.pdf (140 KB)
  OK Arabic Extension/HSC-NESA/2017-hsc-arabic-ext-oral.pdf (117 KB)
  OK Arabic Extension/HSC-NESA/2017-hsc-arabic-ext-oral.pdf (117 KB)
  OK Arabic Extension/HSC-NESA/2017-hsc-arabic-ext.pdf (118 KB)
  OK Arabic Extension/HSC-NESA/2017-hsc-arabic-ext.pdf (118 KB)
  OK Arabic Extension/HSC-NESA/2017-hsc-mg-arabic-ext.pdf (170 KB)
  OK Arabic Extension/HSC-NESA/2017-hsc-mg-arabic-ext.pdf (170 KB)
  OK Arabic Extension/HSC-NESA/2018-hsc-arabic-ext-mg.pdf (354 KB)
  OK Arabic Extension/HSC-NESA/2018-hsc-arabic-ext-mg.pdf (354 KB)
  OK Arabic Extension/HSC-NESA/2018-hsc-arabic-ext-oral.pdf (167 KB)
  OK Arabic Extension/HSC-NESA/2018-hsc-arabic-ext-oral.pdf (167 KB)
  OK Arabic Extension/HSC-NESA/2018-hsc-arabic-ext.pdf (91 KB)
  OK Arabic Extension/HSC-NESA/2018-hsc-arabic-ext.pdf (91 KB)
  OK Arabic Extension/HSC-NESA/2019-hsc-arabic-ext.pdf (186 KB)
  OK Arabic Extension/HSC-NESA/2019-hsc-arabic-ext.pdf (186 KB)
  OK Arabic Extension/HSC-NESA/2019-hsc-arabic-extension-mg.pdf (113 KB)
  OK Arabic Extension/HSC-NESA/2019-hsc-arabic-extension-mg.pdf (113 KB)
  OK Arabic Extension/HSC-NESA/2019-hsc-arabic-extension-oral.pdf (495 KB)
  OK Arabic Extension/HSC-NESA/2019-hsc-arabic-extension-oral.pdf (495 KB)
  OK Arabic Extension/HSC-NESA/2020-hsc-arabic-extension-mg.pdf (220 KB)
  OK Arabic Extension/HSC-NESA/2020-hsc-arabic-extension-mg.pdf (220 KB)
  OK Arabic Extension/HSC-NESA/2020-hsc-arabic-extension-oral.pdf (114 KB)
  OK Arabic Extension/HSC-NESA/2020-hsc-arabic-extension-oral.pdf (114 KB)
  OK Arabic Extension/HSC-NESA/2020-hsc-arabic-extension.pdf (203 KB)
  OK Arabic Extension/HSC-NESA/2020-hsc-arabic-extension.pdf (203 KB)
  OK Arabic Extension/HSC-NESA/2021-hsc-arabic-extension-mg.pdf (390 KB)
  OK Arabic Extension/HSC-NESA/2021-hsc-arabic-extension-mg.pdf (390 KB)
  OK Arabic Extension/HSC-NESA/2021-hsc-arabic-extension-oral.pdf (97 KB)
  OK Arabic Extension/HSC-NESA/2021-hsc-arabic-extension-oral.pdf (97 KB)
  OK Arabic Extension/HSC-NESA/2021-hsc-arabic-extension.pdf (165 KB)
  OK Arabic Extension/HSC-NESA/2021-hsc-arabic-extension.pdf (165 KB)
  OK Arabic Extension/HSC-NESA/2022-hsc-arabic-ext-mg.pdf (184 KB)
  OK Arabic Extension/HSC-NESA/2022-hsc-arabic-ext-mg.pdf (184 KB)
  OK Arabic Extension/HSC-NESA/2022-hsc-arabic-ext-oral.pdf (115 KB)
  OK Arabic Extension/HSC-NESA/2022-hsc-arabic-ext-oral.pdf (115 KB)
  OK Arabic Extension/HSC-NESA/2022-hsc-arabic-ext.pdf (197 KB)
  OK Arabic Extension/HSC-NESA/2022-hsc-arabic-ext.pdf (197 KB)
  OK Arabic Extension/HSC-NESA/2023-hsc-arabic-ext%2B20231127.pdf (669 KB)
  OK Arabic Extension/HSC-NESA/2023-hsc-arabic-ext%2B20231127.pdf (669 KB)
  OK Arabic Extension/HSC-NESA/2023-hsc-arabic-ext-mg.pdf (286 KB)
  OK Arabic Extension/HSC-NESA/2023-hsc-arabic-ext-mg.pdf (286 KB)
  OK Arabic Extension/HSC-NESA/2023-hsc-arabic-ext-oral.pdf (126 KB)
  OK Arabic Extension/HSC-NESA/2023-hsc-arabic-ext-oral.pdf (126 KB)
  OK Arabic Extension/HSC-NESA/2024-hsc-arabic-ext-oral.pdf (278 KB)
  OK Arabic Extension/HSC-NESA/2024-hsc-arabic-ext-oral.pdf (278 KB)
  OK Arabic Extension/HSC-NESA/2024-hsc-arabic-ext.pdf (646 KB)
  OK Arabic Extension/HSC-NESA/2024-hsc-arabic-ext.pdf (646 KB)
  OK Arabic Extension/HSC-NESA/2024-hsc-arabic-extension-mg.pdf (179 KB)
  OK Arabic Extension/HSC-NESA/2024-hsc-arabic-extension-mg.pdf (179 KB)
  OK Arabic Extension/HSC-NESA/2025-hsc-arabic-extension-oral.pdf (342 KB)
  OK Arabic Extension/HSC-NESA/2025-hsc-arabic-extension-oral.pdf (342 KB)
  OK Arabic Extension/HSC-NESA/2025-hsc-arabic-extension-mg.pdf (379 KB)
  OK Arabic Extension/HSC-NESA/2025-hsc-arabic-extension-mg.pdf (379 KB)
  OK Arabic Extension/HSC-NESA/2025-hsc-arabic-extension.pdf (685 KB)
  OK Arabic Extension/HSC-NESA/2025-hsc-arabic-extension.pdf (685 KB)
  OK Armenian Continuers/HSC-NESA/armenian-cont-hsc-exam-2015-archive.pdf (161 KB)
  OK Armenian Continuers/HSC-NESA/armenian-cont-hsc-exam-2015-archive.pdf (161 KB)
  OK Armenian Continuers/HSC-NESA/armenian-cont-hsc-exam-transcript-2015-archive.pdf (99 KB)
  OK Armenian Continuers/HSC-NESA/armenian-cont-hsc-exam-transcript-2015-archive.pdf (99 KB)
  OK Armenian Continuers/HSC-NESA/armenian-cont-hsc-mg-2015-archive.pdf (320 KB)
  OK Armenian Continuers/HSC-NESA/armenian-cont-hsc-mg-2015-archive.pdf (320 KB)
  OK Armenian Continuers/HSC-NESA/2016-hsc-armenian-archive.pdf (141 KB)
  OK Armenian Continuers/HSC-NESA/2016-hsc-armenian-archive.pdf (141 KB)
  OK Armenian Continuers/HSC-NESA/2016-hsc-armenian-transcript-archive.pdf (71 KB)
  OK Armenian Continuers/HSC-NESA/2016-hsc-armenian-transcript-archive.pdf (71 KB)
  OK Armenian Continuers/HSC-NESA/2016-hsc-mg-armenian-archive.pdf (300 KB)
  OK Armenian Continuers/HSC-NESA/2016-hsc-mg-armenian-archive.pdf (300 KB)
  OK Armenian Continuers/HSC-NESA/2017-hsc-armenian-archive.pdf (123 KB)
  OK Armenian Continuers/HSC-NESA/2017-hsc-armenian-archive.pdf (123 KB)
  OK Armenian Continuers/HSC-NESA/2017-hsc-armenian-transcript-archive-1.pdf (57 KB)
  OK Armenian Continuers/HSC-NESA/2017-hsc-armenian-transcript-archive-1.pdf (57 KB)
  OK Armenian Continuers/HSC-NESA/2017-hsc-mg-armenian-archive.pdf (316 KB)
  OK Armenian Continuers/HSC-NESA/2017-hsc-mg-armenian-archive.pdf (316 KB)
  OK Armenian Continuers/HSC-NESA/2018-hsc-armenian-mg-archive.pdf (732 KB)
  OK Armenian Continuers/HSC-NESA/2018-hsc-armenian-mg-archive.pdf (732 KB)
  OK Armenian Continuers/HSC-NESA/2018-hsc-armenian-transcript_archive.pdf (70 KB)
  OK Armenian Continuers/HSC-NESA/2018-hsc-armenian-transcript_archive.pdf (70 KB)
  OK Armenian Continuers/HSC-NESA/2018-hsc-armenian_archive.pdf (147 KB)
  OK Armenian Continuers/HSC-NESA/2018-hsc-armenian_archive.pdf (147 KB)
  OK Armenian Continuers/HSC-NESA/2019-hsc-armenian-archive.pdf (129 KB)
  OK Armenian Continuers/HSC-NESA/2019-hsc-armenian-archive.pdf (129 KB)
  OK Armenian Continuers/HSC-NESA/2019-hsc-armenian-mg.pdf (283 KB)
  OK Armenian Continuers/HSC-NESA/2019-hsc-armenian-mg.pdf (283 KB)
  OK Armenian Continuers/HSC-NESA/2019-hsc-armenian-transcript-archive.pdf (73 KB)
  OK Armenian Continuers/HSC-NESA/2019-hsc-armenian-transcript-archive.pdf (73 KB)
  OK Armenian Continuers/HSC-NESA/2020-armenian-archive.pdf (556 KB)
  OK Armenian Continuers/HSC-NESA/2020-armenian-archive.pdf (556 KB)
  OK Armenian Continuers/HSC-NESA/2020-armenian-transcript-archive.pdf (79 KB)
  OK Armenian Continuers/HSC-NESA/2020-armenian-transcript-archive.pdf (79 KB)
  OK Armenian Continuers/HSC-NESA/2020-hsc-armenian-mg-archive.pdf (947 KB)
  OK Armenian Continuers/HSC-NESA/2020-hsc-armenian-mg-archive.pdf (947 KB)
  OK Armenian Continuers/HSC-NESA/2021-armenian-archive.pdf (564 KB)
  OK Armenian Continuers/HSC-NESA/2021-armenian-archive.pdf (564 KB)
  OK Armenian Continuers/HSC-NESA/2021-armenian-transcript-archive.pdf (478 KB)
  OK Armenian Continuers/HSC-NESA/2021-armenian-transcript-archive.pdf (478 KB)
  OK Armenian Continuers/HSC-NESA/2021-hsc-armenian-mg-archive.pdf (1146 KB)
  OK Armenian Continuers/HSC-NESA/2021-hsc-armenian-mg-archive.pdf (1146 KB)
  OK Armenian Continuers/HSC-NESA/2022-hsc-armenian-archive.pdf (662 KB)
  OK Armenian Continuers/HSC-NESA/2022-hsc-armenian-archive.pdf (662 KB)
  OK Armenian Continuers/HSC-NESA/2022-hsc-armenian-mg-archive.pdf (897 KB)
  OK Armenian Continuers/HSC-NESA/2022-hsc-armenian-mg-archive.pdf (897 KB)
  OK Armenian Continuers/HSC-NESA/2022-hsc-armenian-transcript-archive.pdf (547 KB)
  OK Armenian Continuers/HSC-NESA/2022-hsc-armenian-transcript-archive.pdf (547 KB)
  OK Armenian Continuers/HSC-NESA/2023-hsc-armenian-mg.pdf (625 KB)
  OK Armenian Continuers/HSC-NESA/2023-hsc-armenian-mg.pdf (625 KB)
  OK Armenian Continuers/HSC-NESA/2023-hsc-armenian-transcript.pdf (598 KB)
  OK Armenian Continuers/HSC-NESA/2023-hsc-armenian-transcript.pdf (598 KB)
  OK Armenian Continuers/HSC-NESA/2023-hsc-armenian.pdf (673 KB)
  OK Armenian Continuers/HSC-NESA/2023-hsc-armenian.pdf (673 KB)
  OK Armenian Continuers/HSC-NESA/2024-hsc-armenian-mg.pdf (444 KB)
  OK Armenian Continuers/HSC-NESA/2024-hsc-armenian-mg.pdf (444 KB)
  OK Armenian Continuers/HSC-NESA/2024-hsc-armenian-transcript.pdf (152 KB)
  OK Armenian Continuers/HSC-NESA/2024-hsc-armenian-transcript.pdf (152 KB)
  OK Armenian Continuers/HSC-NESA/2024-hsc-armenian.pdf (407 KB)
  OK Armenian Continuers/HSC-NESA/2024-hsc-armenian.pdf (407 KB)
  OK Armenian Continuers/HSC-NESA/2025-hsc-armenian-transcript.pdf (235 KB)
  OK Armenian Continuers/HSC-NESA/2025-hsc-armenian-transcript.pdf (235 KB)
  OK Armenian Continuers/HSC-NESA/2025-hsc-armenian.pdf (1179 KB)
  OK Armenian Continuers/HSC-NESA/2025-hsc-armenian.pdf (1179 KB)
  OK Armenian Continuers/HSC-NESA/2025-hsc-armenian-mg.pdf (349 KB)
  OK Armenian Continuers/HSC-NESA/2025-hsc-armenian-mg.pdf (349 KB)
  OK Automotive/HSC-NESA/vet-auto-mechanical-tech-hsc-exam-2015.pdf (1298 KB)
  OK Automotive/HSC-NESA/vet-auto-mechanical-tech-hsc-exam-2015.pdf (1298 KB)
  OK Automotive/HSC-NESA/vet-auto-mechanical-tech-hsc-mg-2015.pdf (430 KB)
  OK Automotive/HSC-NESA/vet-auto-mechanical-tech-hsc-mg-2015.pdf (430 KB)
  OK Automotive/HSC-NESA/vet-auto-vehicle-body-hsc-exam-2015.pdf (202 KB)
  OK Automotive/HSC-NESA/vet-auto-vehicle-body-hsc-exam-2015.pdf (202 KB)
  OK Automotive/HSC-NESA/vet-auto-vehicle-body-hsc-mg-2015.pdf (197 KB)
  OK Automotive/HSC-NESA/vet-auto-vehicle-body-hsc-mg-2015.pdf (197 KB)
  OK Automotive/HSC-NESA/2016-hsc-vet-auto-mechanical-tech-archive.pdf (138 KB)
  OK Automotive/HSC-NESA/2016-hsc-vet-auto-mechanical-tech-archive.pdf (138 KB)
  OK Automotive/HSC-NESA/2016-hsc-vet-auto-vehicle-body-archive.pdf (122 KB)
  OK Automotive/HSC-NESA/2016-hsc-vet-auto-vehicle-body-archive.pdf (122 KB)
  OK Automotive/HSC-NESA/2016-hsc-mg-vet-auto-mech-tech.pdf (399 KB)
  OK Automotive/HSC-NESA/2016-hsc-mg-vet-auto-mech-tech.pdf (399 KB)
  OK Automotive/HSC-NESA/2016-hsc-mg-vet-auto-vehicle-body.pdf (391 KB)
  OK Automotive/HSC-NESA/2016-hsc-mg-vet-auto-vehicle-body.pdf (391 KB)
  OK Automotive/HSC-NESA/2017-hsc-vet-auto-mechanical-tech-archive.pdf (218 KB)
  OK Automotive/HSC-NESA/2017-hsc-vet-auto-mechanical-tech-archive.pdf (218 KB)
  OK Automotive/HSC-NESA/2017-hsc-vet-auto-vehicle-body-archive.pdf (301 KB)
  OK Automotive/HSC-NESA/2017-hsc-vet-auto-vehicle-body-archive.pdf (301 KB)
  OK Automotive/HSC-NESA/2017-hsc-mg-vet-auto-mechanical-tech.pdf (373 KB)
  OK Automotive/HSC-NESA/2017-hsc-mg-vet-auto-mechanical-tech.pdf (373 KB)
  OK Automotive/HSC-NESA/2017-hsc-mg-vet-auto-vehicle-body.pdf (382 KB)
  OK Automotive/HSC-NESA/2017-hsc-mg-vet-auto-vehicle-body.pdf (382 KB)
  OK Automotive/HSC-NESA/2018-hsc-vet-auto-mechanical-tech-archive.pdf (412 KB)
  OK Automotive/HSC-NESA/2018-hsc-vet-auto-mechanical-tech-archive.pdf (412 KB)
  OK Automotive/HSC-NESA/2018-hsc-vet-auto-vehicle-body-archive.pdf (187 KB)
  OK Automotive/HSC-NESA/2018-hsc-vet-auto-vehicle-body-archive.pdf (187 KB)
  OK Automotive/HSC-NESA/2018-hsc-auto-mechanical-tech-mg.pdf (712 KB)
  OK Automotive/HSC-NESA/2018-hsc-auto-mechanical-tech-mg.pdf (712 KB)
  OK Automotive/HSC-NESA/2018-hsc-auto-vehicle-body-mg.pdf (757 KB)
  OK Automotive/HSC-NESA/2018-hsc-auto-vehicle-body-mg.pdf (757 KB)
  OK Automotive/HSC-NESA/2019-hsc-vet-auto-mechanical-tech.pdf (141 KB)
  OK Automotive/HSC-NESA/2019-hsc-vet-auto-mechanical-tech.pdf (141 KB)
  OK Automotive/HSC-NESA/2019-hsc-vet-auto-vehicle-body.pdf (131 KB)
  OK Automotive/HSC-NESA/2019-hsc-vet-auto-vehicle-body.pdf (131 KB)
  OK Automotive/HSC-NESA/2019-hsc-vet-auto-mechanical-tech-mg.pdf (374 KB)
  OK Automotive/HSC-NESA/2019-hsc-vet-auto-mechanical-tech-mg.pdf (374 KB)
  OK Automotive/HSC-NESA/2019-hsc-vet-auto-vehicle-body-mg.pdf (131 KB)
  OK Automotive/HSC-NESA/2019-hsc-vet-auto-vehicle-body-mg.pdf (131 KB)
  OK Automotive/HSC-NESA/2020-hsc-auto-mechanical-tech-mg-archive.pdf (194 KB)
  OK Automotive/HSC-NESA/2020-hsc-auto-mechanical-tech-mg-archive.pdf (194 KB)
  OK Automotive/HSC-NESA/2020-hsc-auto-vehicle-body-mg-archive.pdf (194 KB)
  OK Automotive/HSC-NESA/2020-hsc-auto-vehicle-body-mg-archive.pdf (194 KB)
  OK Automotive/HSC-NESA/2020-hsc-vet-auto-mechanical-tech-archive.pdf (118 KB)
  OK Automotive/HSC-NESA/2020-hsc-vet-auto-mechanical-tech-archive.pdf (118 KB)
  OK Automotive/HSC-NESA/2020-hsc-vet-auto-vehicle-body-archive.pdf (116 KB)
  OK Automotive/HSC-NESA/2020-hsc-vet-auto-vehicle-body-archive.pdf (116 KB)
  OK Automotive/HSC-NESA/2021-hsc-auto-mechanical-tech-mg.pdf (851 KB)
  OK Automotive/HSC-NESA/2021-hsc-auto-mechanical-tech-mg.pdf (851 KB)
  OK Automotive/HSC-NESA/2021-hsc-auto-vehicle-body-mg.pdf (856 KB)
  OK Automotive/HSC-NESA/2021-hsc-auto-vehicle-body-mg.pdf (856 KB)
  OK Automotive/HSC-NESA/2021-hsc-vet-auto-mechanical-tech.pdf (828 KB)
  OK Automotive/HSC-NESA/2021-hsc-vet-auto-mechanical-tech.pdf (828 KB)
  OK Automotive/HSC-NESA/2021-hsc-vet-auto-vehicle-body.pdf (222 KB)
  OK Automotive/HSC-NESA/2021-hsc-vet-auto-vehicle-body.pdf (222 KB)
  OK Automotive/HSC-NESA/2022-hsc-vet-auto-mechanical-mg.pdf (370 KB)
  OK Automotive/HSC-NESA/2022-hsc-vet-auto-mechanical-mg.pdf (370 KB)
  OK Automotive/HSC-NESA/2022-hsc-vet-auto-mechanical-tech.pdf (400 KB)
  OK Automotive/HSC-NESA/2022-hsc-vet-auto-mechanical-tech.pdf (400 KB)
  OK Automotive/HSC-NESA/2022-hsc-vet-auto-vehicle-body.pdf (265 KB)
  OK Automotive/HSC-NESA/2022-hsc-vet-auto-vehicle-body.pdf (265 KB)
  OK Automotive/HSC-NESA/2022-hsc-vet-auto-vehicle-mg.pdf (365 KB)
  OK Automotive/HSC-NESA/2022-hsc-vet-auto-vehicle-mg.pdf (365 KB)
  OK Automotive/HSC-NESA/2023-hsc-vet-automotive-mg.pdf (259 KB)
  OK Automotive/HSC-NESA/2023-hsc-vet-automotive-mg.pdf (259 KB)
  OK Automotive/HSC-NESA/2023-hsc-vet-automotive.pdf (1595 KB)
  OK Automotive/HSC-NESA/2023-hsc-vet-automotive.pdf (1595 KB)
  OK Automotive/HSC-NESA/2024-hsc-vet-automotive-mg.pdf (533 KB)
  OK Automotive/HSC-NESA/2024-hsc-vet-automotive-mg.pdf (533 KB)
  OK Automotive/HSC-NESA/2024-hsc-vet-automotive.pdf (201 KB)
  OK Automotive/HSC-NESA/2024-hsc-vet-automotive.pdf (201 KB)
  OK Automotive/HSC-NESA/2025-hsc-vet-automotive-mg.pdf (191 KB)
  OK Automotive/HSC-NESA/2025-hsc-vet-automotive-mg.pdf (191 KB)
  OK Automotive/HSC-NESA/2025-hsc-vet-automotive.pdf (260 KB)
  OK Automotive/HSC-NESA/2025-hsc-vet-automotive.pdf (260 KB)
  OK Biology/HSC-NESA/2014-hsc-biology-archive.pdf (865 KB)
  OK Biology/HSC-NESA/2014-hsc-biology-archive.pdf (865 KB)
  OK Biology/HSC-NESA/hsc-biology-sec2-writing-mockup.pdf (280 KB)
  OK Biology/HSC-NESA/hsc-biology-sec2-writing-mockup.pdf (280 KB)
  OK Biology/HSC-NESA/biology-hsc-mg-2014-archive.pdf (419 KB)
  OK Biology/HSC-NESA/biology-hsc-mg-2014-archive.pdf (419 KB)
  OK Biology/HSC-NESA/2015-hsc-biology-archive.pdf (783 KB)
  OK Biology/HSC-NESA/2015-hsc-biology-archive.pdf (783 KB)
  OK Biology/HSC-NESA/biology-hsc-mg-2015.pdf (1139 KB)
  OK Biology/HSC-NESA/biology-hsc-mg-2015.pdf (1139 KB)
  OK Biology/HSC-NESA/2016-hsc-biology-archive.pdf (532 KB)
  OK Biology/HSC-NESA/2016-hsc-biology-archive.pdf (532 KB)
  OK Biology/HSC-NESA/2016-hsc-mg-biology-archive.pdf (574 KB)
  OK Biology/HSC-NESA/2016-hsc-mg-biology-archive.pdf (574 KB)
  OK Biology/HSC-NESA/2017-hsc-biology-archive.pdf (275 KB)
  OK Biology/HSC-NESA/2017-hsc-biology-archive.pdf (275 KB)
  OK Biology/HSC-NESA/2017-hsc-mg-biology-archive.pdf (259 KB)
  OK Biology/HSC-NESA/2017-hsc-mg-biology-archive.pdf (259 KB)
  OK Biology/HSC-NESA/2018-hsc-biology-archive.pdf (1767 KB)
  OK Biology/HSC-NESA/2018-hsc-biology-archive.pdf (1767 KB)
  OK Biology/HSC-NESA/2018-hsc-biology-mg-archive.pdf (1572 KB)
  OK Biology/HSC-NESA/2018-hsc-biology-mg-archive.pdf (1572 KB)
  OK Biology/HSC-NESA/2019-hsc-biology-mg.pdf (446 KB)
  OK Biology/HSC-NESA/2019-hsc-biology-mg.pdf (446 KB)
  OK Biology/HSC-NESA/2019-hsc-biology.pdf (1981 KB)
  OK Biology/HSC-NESA/2019-hsc-biology.pdf (1981 KB)
  OK Biology/HSC-NESA/2020-hsc-biology-mg.pdf (2293 KB)
  OK Biology/HSC-NESA/2020-hsc-biology-mg.pdf (2293 KB)
  OK Biology/HSC-NESA/2020-hsc-biology.pdf (473 KB)
  OK Biology/HSC-NESA/2020-hsc-biology.pdf (473 KB)
  OK Biology/HSC-NESA/2021-hsc-biology-mg.pdf (1405 KB)
  OK Biology/HSC-NESA/2021-hsc-biology-mg.pdf (1405 KB)
  OK Biology/HSC-NESA/2021-hsc-biology.pdf (1747 KB)
  OK Biology/HSC-NESA/2021-hsc-biology.pdf (1747 KB)
  OK Biology/HSC-NESA/2022-hsc-biology-mg.pdf (875 KB)
  OK Biology/HSC-NESA/2022-hsc-biology-mg.pdf (875 KB)
  OK Biology/HSC-NESA/2022-hsc-biology.pdf (950 KB)
  OK Biology/HSC-NESA/2022-hsc-biology.pdf (950 KB)
  OK Biology/HSC-NESA/2023-hsc-biology-mg.pdf (256 KB)
  OK Biology/HSC-NESA/2023-hsc-biology-mg.pdf (256 KB)
  OK Biology/HSC-NESA/2023-hsc-biology_20240326.pdf (1115 KB)
  OK Biology/HSC-NESA/2023-hsc-biology_20240326.pdf (1115 KB)
  OK Biology/HSC-NESA/2024-hsc-biology-mg.pdf (686 KB)
  OK Biology/HSC-NESA/2024-hsc-biology-mg.pdf (686 KB)
  OK Biology/HSC-NESA/2024-hsc-biology-cc.pdf (778 KB)
  OK Biology/HSC-NESA/2024-hsc-biology-cc.pdf (778 KB)
  OK Biology/HSC-NESA/2025-hsc-biology-mg.pdf (526 KB)
  OK Biology/HSC-NESA/2025-hsc-biology-mg.pdf (526 KB)
  OK Biology/HSC-NESA/2025-hsc-biology.pdf (1035 KB)
  OK Biology/HSC-NESA/2025-hsc-biology.pdf (1035 KB)
  OK Business Services/HSC-NESA/vet-business-services-hsc-exam-2015.pdf (148 KB)
  OK Business Services/HSC-NESA/vet-business-services-hsc-exam-2015.pdf (148 KB)
  OK Business Services/HSC-NESA/vet-business-services-hsc-mg-2015.pdf (506 KB)
  OK Business Services/HSC-NESA/vet-business-services-hsc-mg-2015.pdf (506 KB)
  OK Business Services/HSC-NESA/2016-hsc-mg-vet-business-services.pdf (290 KB)
  OK Business Services/HSC-NESA/2016-hsc-mg-vet-business-services.pdf (290 KB)
  OK Business Services/HSC-NESA/2016-hsc-vet-business-services.pdf (159 KB)
  OK Business Services/HSC-NESA/2016-hsc-vet-business-services.pdf (159 KB)
  OK Business Services/HSC-NESA/2017-hsc-business-services.pdf (247 KB)
  OK Business Services/HSC-NESA/2017-hsc-business-services.pdf (247 KB)
  OK Business Services/HSC-NESA/2017-hsc-mg-vet-business-services.pdf (288 KB)
  OK Business Services/HSC-NESA/2017-hsc-mg-vet-business-services.pdf (288 KB)
  OK Business Services/HSC-NESA/2018-hsc-business-services-mg.pdf (728 KB)
  OK Business Services/HSC-NESA/2018-hsc-business-services-mg.pdf (728 KB)
  OK Business Services/HSC-NESA/2018-hsc-business-services.pdf (418 KB)
  OK Business Services/HSC-NESA/2018-hsc-business-services.pdf (418 KB)
  OK Business Services/HSC-NESA/2019-hsc-vet-business-services-mg.pdf (229 KB)
  OK Business Services/HSC-NESA/2019-hsc-vet-business-services-mg.pdf (229 KB)
  OK Business Services/HSC-NESA/2019-hsc-vet-business-services.pdf (329 KB)
  OK Business Services/HSC-NESA/2019-hsc-vet-business-services.pdf (329 KB)
  OK Business Services/HSC-NESA/2020-hsc-business-services-mg.pdf (361 KB)
  OK Business Services/HSC-NESA/2020-hsc-business-services-mg.pdf (361 KB)
  OK Business Services/HSC-NESA/2020-hsc-vet-business-services.pdf (154 KB)
  OK Business Services/HSC-NESA/2020-hsc-vet-business-services.pdf (154 KB)
  OK Business Services/HSC-NESA/2021-hsc-business-services-mg.pdf (810 KB)
  OK Business Services/HSC-NESA/2021-hsc-business-services-mg.pdf (810 KB)
  OK Business Services/HSC-NESA/2021-hsc-vet-business-services.pdf (127 KB)
  OK Business Services/HSC-NESA/2021-hsc-vet-business-services.pdf (127 KB)
  OK Business Services/HSC-NESA/2022-hsc-vet-business-services-mg.pdf (432 KB)
  OK Business Services/HSC-NESA/2022-hsc-vet-business-services-mg.pdf (432 KB)
  OK Business Services/HSC-NESA/2022-hsc-vet-business-services.pdf (162 KB)
  OK Business Services/HSC-NESA/2022-hsc-vet-business-services.pdf (162 KB)
  OK Business Services/HSC-NESA/2023-hsc-vet-business-services-mg.pdf (686 KB)
  OK Business Services/HSC-NESA/2023-hsc-vet-business-services-mg.pdf (686 KB)
  OK Business Services/HSC-NESA/2023-hsc-vet-business-services.pdf (1067 KB)
  OK Business Services/HSC-NESA/2023-hsc-vet-business-services.pdf (1067 KB)
  OK Business Services/HSC-NESA/2024-hsc-vet-business-services-mg.pdf (559 KB)
  OK Business Services/HSC-NESA/2024-hsc-vet-business-services-mg.pdf (559 KB)
  OK Business Services/HSC-NESA/2024-hsc-vet-business-services.pdf (354 KB)
  OK Business Services/HSC-NESA/2024-hsc-vet-business-services.pdf (354 KB)
  OK Business Services/HSC-NESA/2025-hsc-vet-business-services.pdf (322 KB)
  OK Business Services/HSC-NESA/2025-hsc-vet-business-services.pdf (322 KB)
  OK Business Services/HSC-NESA/2025-hsc-vet-business-services-mg.pdf (225 KB)
  OK Business Services/HSC-NESA/2025-hsc-vet-business-services-mg.pdf (225 KB)
  OK Business Studies/HSC-NESA/business-studies-hsc-exam-2015.pdf (164 KB)
  OK Business Studies/HSC-NESA/business-studies-hsc-exam-2015.pdf (164 KB)
  OK Business Studies/HSC-NESA/business-studies-hsc-mg-2015.pdf (143 KB)
  OK Business Studies/HSC-NESA/business-studies-hsc-mg-2015.pdf (143 KB)
  OK Business Studies/HSC-NESA/business-studies-hsc-sample-booklet-s3-4-2015.pdf (175 KB)
  OK Business Studies/HSC-NESA/business-studies-hsc-sample-booklet-s3-4-2015.pdf (175 KB)
  OK Business Studies/HSC-NESA/2016-hsc-business-studies.pdf (129 KB)
  OK Business Studies/HSC-NESA/2016-hsc-business-studies.pdf (129 KB)
  OK Business Studies/HSC-NESA/2016-hsc-mg-business-studies.pdf (256 KB)
  OK Business Studies/HSC-NESA/2016-hsc-mg-business-studies.pdf (256 KB)
  OK Business Studies/HSC-NESA/2017-hsc-business-studies.pdf (178 KB)
  OK Business Studies/HSC-NESA/2017-hsc-business-studies.pdf (178 KB)
  OK Business Studies/HSC-NESA/2017-hsc-mg-business-studies.pdf (310 KB)
  OK Business Studies/HSC-NESA/2017-hsc-mg-business-studies.pdf (310 KB)
  OK Business Studies/HSC-NESA/2018-hsc-business-studies-mg.pdf (639 KB)
  OK Business Studies/HSC-NESA/2018-hsc-business-studies-mg.pdf (639 KB)
  OK Business Studies/HSC-NESA/2018-hsc-business-studies.pdf (311 KB)
  OK Business Studies/HSC-NESA/2018-hsc-business-studies.pdf (311 KB)
  OK Business Studies/HSC-NESA/2019-hsc-business-studies-mg.pdf (315 KB)
  OK Business Studies/HSC-NESA/2019-hsc-business-studies-mg.pdf (315 KB)
  OK Business Studies/HSC-NESA/2019-hsc-business-studies.pdf (400 KB)
  OK Business Studies/HSC-NESA/2019-hsc-business-studies.pdf (400 KB)
  OK Business Studies/HSC-NESA/2020-hsc-business-studies-mg.pdf (418 KB)
  OK Business Studies/HSC-NESA/2020-hsc-business-studies-mg.pdf (418 KB)
  OK Business Studies/HSC-NESA/2020-hsc-business-studies.pdf (271 KB)
  OK Business Studies/HSC-NESA/2020-hsc-business-studies.pdf (271 KB)
  OK Business Studies/HSC-NESA/2021-hsc-business-studies-mg.pdf (774 KB)
  OK Business Studies/HSC-NESA/2021-hsc-business-studies-mg.pdf (774 KB)
  OK Business Studies/HSC-NESA/2021-hsc-business-studies.pdf (239 KB)
  OK Business Studies/HSC-NESA/2021-hsc-business-studies.pdf (239 KB)
  OK Business Studies/HSC-NESA/2022-hsc-business-studies-mg.pdf (431 KB)
  OK Business Studies/HSC-NESA/2022-hsc-business-studies-mg.pdf (431 KB)
  OK Business Studies/HSC-NESA/2022-hsc-business-studies.pdf (536 KB)
  OK Business Studies/HSC-NESA/2022-hsc-business-studies.pdf (536 KB)
  OK Business Studies/HSC-NESA/2023-hsc-business-studies-mg.pdf (652 KB)
  OK Business Studies/HSC-NESA/2023-hsc-business-studies-mg.pdf (652 KB)
  OK Business Studies/HSC-NESA/2023-hsc-business-studies.pdf (292 KB)
  OK Business Studies/HSC-NESA/2023-hsc-business-studies.pdf (292 KB)
  OK Business Studies/HSC-NESA/2024-hsc-business-studies-mg.pdf (946 KB)
  OK Business Studies/HSC-NESA/2024-hsc-business-studies-mg.pdf (946 KB)
  OK Business Studies/HSC-NESA/2024-hsc-business-studies.pdf (461 KB)
  OK Business Studies/HSC-NESA/2024-hsc-business-studies.pdf (461 KB)
  OK Business Studies/HSC-NESA/2025-hsc-business-studies-mg.pdf (226 KB)
  OK Business Studies/HSC-NESA/2025-hsc-business-studies-mg.pdf (226 KB)
  OK Business Studies/HSC-NESA/2025-hsc-business-studies.pdf (964 KB)
  OK Business Studies/HSC-NESA/2025-hsc-business-studies.pdf (964 KB)
  OK Chemistry/HSC-NESA/chemistry-hsc-exam-2014_archive.pdf (916 KB)
  OK Chemistry/HSC-NESA/chemistry-hsc-exam-2014_archive.pdf (916 KB)
  OK Chemistry/HSC-NESA/chemistry-hsc-mg-2014-archive.pdf (324 KB)
  OK Chemistry/HSC-NESA/chemistry-hsc-mg-2014-archive.pdf (324 KB)
  OK Chemistry/HSC-NESA/chemistry-hsc-exam-2015.pdf-archive.pdf (926 KB)
  OK Chemistry/HSC-NESA/chemistry-hsc-exam-2015.pdf-archive.pdf (926 KB)
  OK Chemistry/HSC-NESA/chemistry-hsc-mg-2015-archive.pdf (632 KB)
  OK Chemistry/HSC-NESA/chemistry-hsc-mg-2015-archive.pdf (632 KB)
  OK Chemistry/HSC-NESA/2016-hsc-chemistry-archive.pdf (807 KB)
  OK Chemistry/HSC-NESA/2016-hsc-chemistry-archive.pdf (807 KB)
  OK Chemistry/HSC-NESA/2016-hsc-mg-chemistry-archive.pdf (673 KB)
  OK Chemistry/HSC-NESA/2016-hsc-mg-chemistry-archive.pdf (673 KB)
  OK Chemistry/HSC-NESA/2017-hsc-chemistry-archive.pdf (866 KB)
  OK Chemistry/HSC-NESA/2017-hsc-chemistry-archive.pdf (866 KB)
  OK Chemistry/HSC-NESA/2017-hsc-mg-chemistry-compressed.pdf (314 KB)
  OK Chemistry/HSC-NESA/2017-hsc-mg-chemistry-compressed.pdf (314 KB)
  OK Chemistry/HSC-NESA/2018-hsc-chemistry-archive.pdf (811 KB)
  OK Chemistry/HSC-NESA/2018-hsc-chemistry-archive.pdf (811 KB)
  OK Chemistry/HSC-NESA/2018-hsc-chemistry-mg-archive.pdf (2198 KB)
  OK Chemistry/HSC-NESA/2018-hsc-chemistry-mg-archive.pdf (2198 KB)
  OK Chemistry/HSC-NESA/2019-hsc-chemistry-mg.pdf (788 KB)
  OK Chemistry/HSC-NESA/2019-hsc-chemistry-mg.pdf (788 KB)
  OK Chemistry/HSC-NESA/2019-hsc-chemistry.pdf (1024 KB)
  OK Chemistry/HSC-NESA/2019-hsc-chemistry.pdf (1024 KB)
  OK Chemistry/HSC-NESA/2020-hsc-chemistry-mg.pdf (4556 KB)
  OK Chemistry/HSC-NESA/2020-hsc-chemistry-mg.pdf (4556 KB)
  OK Chemistry/HSC-NESA/2020-hsc-chemistry.pdf (1008 KB)
  OK Chemistry/HSC-NESA/2020-hsc-chemistry.pdf (1008 KB)
  OK Chemistry/HSC-NESA/2021-hsc-chemistry-mg.pdf (2020 KB)
  OK Chemistry/HSC-NESA/2021-hsc-chemistry-mg.pdf (2020 KB)
  OK Chemistry/HSC-NESA/2021-hsc-chemistry.pdf (1032 KB)
  OK Chemistry/HSC-NESA/2021-hsc-chemistry.pdf (1032 KB)
  OK Chemistry/HSC-NESA/2022-hsc-chemistry-mg.pdf (3136 KB)
  OK Chemistry/HSC-NESA/2022-hsc-chemistry-mg.pdf (3136 KB)
  OK Chemistry/HSC-NESA/2022-hsc-chemistry.pdf (1018 KB)
  OK Chemistry/HSC-NESA/2022-hsc-chemistry.pdf (1018 KB)
  OK Chemistry/HSC-NESA/2023-hsc-chemistry-mg.pdf (1514 KB)
  OK Chemistry/HSC-NESA/2023-hsc-chemistry-mg.pdf (1514 KB)
  OK Chemistry/HSC-NESA/2023-hsc-chemistry_20240318.pdf (1207 KB)
  OK Chemistry/HSC-NESA/2023-hsc-chemistry_20240318.pdf (1207 KB)
  OK Chemistry/HSC-NESA/2024-hsc-chemistry-mg.pdf (382 KB)
  OK Chemistry/HSC-NESA/2024-hsc-chemistry-mg.pdf (382 KB)
  OK Chemistry/HSC-NESA/2024-hsc-chemistry.pdf (1839 KB)
  OK Chemistry/HSC-NESA/2024-hsc-chemistry.pdf (1839 KB)
  OK Chemistry/HSC-NESA/2025-hsc-chemistry-mg.pdf (537 KB)
  OK Chemistry/HSC-NESA/2025-hsc-chemistry-mg.pdf (537 KB)
  OK Chemistry/HSC-NESA/2025-hsc-chemistry.pdf (3271 KB)
  OK Chemistry/HSC-NESA/2025-hsc-chemistry.pdf (3271 KB)
  OK Chinese Beginners/HSC-NESA/chinese-beg-hsc-exam-2015.pdf (228 KB)
  OK Chinese Beginners/HSC-NESA/chinese-beg-hsc-exam-2015.pdf (228 KB)
  OK Chinese Beginners/HSC-NESA/chinese-beg-hsc-exam-transcript-2015.pdf (204 KB)
  OK Chinese Beginners/HSC-NESA/chinese-beg-hsc-exam-transcript-2015.pdf (204 KB)
  OK Chinese Beginners/HSC-NESA/chinese-beg-hsc-mg-2015.pdf (303 KB)
  OK Chinese Beginners/HSC-NESA/chinese-beg-hsc-mg-2015.pdf (303 KB)
  OK Chinese Beginners/HSC-NESA/2016-hsc-chinese-beg-transcript.pdf (162 KB)
  OK Chinese Beginners/HSC-NESA/2016-hsc-chinese-beg-transcript.pdf (162 KB)
  OK Chinese Beginners/HSC-NESA/2016-hsc-chinese-beg.pdf (161 KB)
  OK Chinese Beginners/HSC-NESA/2016-hsc-chinese-beg.pdf (161 KB)
  OK Chinese Beginners/HSC-NESA/2016-hsc-mg-chinese-beg.pdf (300 KB)
  OK Chinese Beginners/HSC-NESA/2016-hsc-mg-chinese-beg.pdf (300 KB)
  OK Chinese Beginners/HSC-NESA/2017-hsc-chinese-beg-transcript.pdf (182 KB)
  OK Chinese Beginners/HSC-NESA/2017-hsc-chinese-beg-transcript.pdf (182 KB)
  OK Chinese Beginners/HSC-NESA/2017-hsc-chinese-beg.pdf (424 KB)
  OK Chinese Beginners/HSC-NESA/2017-hsc-chinese-beg.pdf (424 KB)
  OK Chinese Beginners/HSC-NESA/2017-hsc-mg-chinese-beg.pdf (311 KB)
  OK Chinese Beginners/HSC-NESA/2017-hsc-mg-chinese-beg.pdf (311 KB)
  OK Chinese Beginners/HSC-NESA/2018-hsc-chinese-beg-mg.pdf (783 KB)
  OK Chinese Beginners/HSC-NESA/2018-hsc-chinese-beg-mg.pdf (783 KB)
  OK Chinese Beginners/HSC-NESA/2018-hsc-chinese-beg-transcript.pdf (189 KB)
  OK Chinese Beginners/HSC-NESA/2018-hsc-chinese-beg-transcript.pdf (189 KB)
  OK Chinese Beginners/HSC-NESA/2018-hsc-chinese-beg.pdf (265 KB)
  OK Chinese Beginners/HSC-NESA/2018-hsc-chinese-beg.pdf (265 KB)
  OK Chinese Beginners/HSC-NESA/2019-hsc-chinese-beg-transcript.pdf (279 KB)
  OK Chinese Beginners/HSC-NESA/2019-hsc-chinese-beg-transcript.pdf (279 KB)
  OK Chinese Beginners/HSC-NESA/2019-hsc-chinese-beg.pdf (426 KB)
  OK Chinese Beginners/HSC-NESA/2019-hsc-chinese-beg.pdf (426 KB)
  OK Chinese Beginners/HSC-NESA/2019-hsc-chinese-beginners-mg.pdf (257 KB)
  OK Chinese Beginners/HSC-NESA/2019-hsc-chinese-beginners-mg.pdf (257 KB)
  OK Chinese Beginners/HSC-NESA/2020-hsc-chinese-beginners-mg.pdf (555 KB)
  OK Chinese Beginners/HSC-NESA/2020-hsc-chinese-beginners-mg.pdf (555 KB)
  OK Chinese Beginners/HSC-NESA/2020-hsc-chinese-beginners-transcript.pdf (144 KB)
  OK Chinese Beginners/HSC-NESA/2020-hsc-chinese-beginners-transcript.pdf (144 KB)
  OK Chinese Beginners/HSC-NESA/2020-hsc-chinese-beginners.pdf (219 KB)
  OK Chinese Beginners/HSC-NESA/2020-hsc-chinese-beginners.pdf (219 KB)
  OK Chinese Beginners/HSC-NESA/2021-hsc-chinese-beginners-mg.pdf (625 KB)
  OK Chinese Beginners/HSC-NESA/2021-hsc-chinese-beginners-mg.pdf (625 KB)
  OK Chinese Beginners/HSC-NESA/2021-hsc-chinese-beginners-transcript.pdf (165 KB)
  OK Chinese Beginners/HSC-NESA/2021-hsc-chinese-beginners-transcript.pdf (165 KB)
  OK Chinese Beginners/HSC-NESA/2021-hsc-chinese-beginners.pdf (225 KB)
  OK Chinese Beginners/HSC-NESA/2021-hsc-chinese-beginners.pdf (225 KB)
  OK Chinese Beginners/HSC-NESA/2022-hsc-chinese-beginners-mg.pdf (322 KB)
  OK Chinese Beginners/HSC-NESA/2022-hsc-chinese-beginners-mg.pdf (322 KB)
  OK Chinese Beginners/HSC-NESA/2022-hsc-chinese-beginners-transcript.pdf (171 KB)
  OK Chinese Beginners/HSC-NESA/2022-hsc-chinese-beginners-transcript.pdf (171 KB)
  OK Chinese Beginners/HSC-NESA/2022-hsc-chinese-beginners.pdf (275 KB)
  OK Chinese Beginners/HSC-NESA/2022-hsc-chinese-beginners.pdf (275 KB)
  OK Chinese Beginners/HSC-NESA/2023-hsc-chinese-beginners-mg.pdf (497 KB)
  OK Chinese Beginners/HSC-NESA/2023-hsc-chinese-beginners-mg.pdf (497 KB)
  OK Chinese Beginners/HSC-NESA/2023-hsc-chinese-beginners-transcript.pdf (1521 KB)
  OK Chinese Beginners/HSC-NESA/2023-hsc-chinese-beginners-transcript.pdf (1521 KB)
  OK Chinese Beginners/HSC-NESA/2023-hsc-chinese-beginners.pdf (1047 KB)
  OK Chinese Beginners/HSC-NESA/2023-hsc-chinese-beginners.pdf (1047 KB)
  OK Chinese Beginners/HSC-NESA/2024-chinese-beginners-hsc-exam-transcript.pdf (367 KB)
  OK Chinese Beginners/HSC-NESA/2024-chinese-beginners-hsc-exam-transcript.pdf (367 KB)
  OK Chinese Beginners/HSC-NESA/2024-hsc-chinese-beginners-mg.pdf (498 KB)
  OK Chinese Beginners/HSC-NESA/2024-hsc-chinese-beginners-mg.pdf (498 KB)
  OK Chinese Beginners/HSC-NESA/2024-hsc-chinese-beginners.pdf (877 KB)
  OK Chinese Beginners/HSC-NESA/2024-hsc-chinese-beginners.pdf (877 KB)
  OK Chinese Beginners/HSC-NESA/2025-hsc-chinese-beginners-transcript.pdf (1216 KB)
  OK Chinese Beginners/HSC-NESA/2025-hsc-chinese-beginners-transcript.pdf (1216 KB)
  OK Chinese Beginners/HSC-NESA/2025-hsc-chinese-beginners.pdf (1770 KB)
  OK Chinese Beginners/HSC-NESA/2025-hsc-chinese-beginners.pdf (1770 KB)
  OK Chinese Beginners/HSC-NESA/2025-hsc-chinese-beginners-mg.pdf (278 KB)
  OK Chinese Beginners/HSC-NESA/2025-hsc-chinese-beginners-mg.pdf (278 KB)
  OK Chinese Context/HSC-NESA/2015-hsc-heritage-chinese-exam.pdf (319 KB)
  OK Chinese Context/HSC-NESA/2015-hsc-heritage-chinese-exam.pdf (319 KB)
  OK Chinese Context/HSC-NESA/2015-hsc-heritage-chinese-mg.pdf (850 KB)
  OK Chinese Context/HSC-NESA/2015-hsc-heritage-chinese-mg.pdf (850 KB)
  OK Chinese Context/HSC-NESA/2015-hsc-heritage-chinese-transcript.pdf (157 KB)
  OK Chinese Context/HSC-NESA/2015-hsc-heritage-chinese-transcript.pdf (157 KB)
  OK Chinese Context/HSC-NESA/2016-hsc-chinese-heritage-exam.pdf (343 KB)
  OK Chinese Context/HSC-NESA/2016-hsc-chinese-heritage-exam.pdf (343 KB)
  OK Chinese Context/HSC-NESA/2016-hsc-chinese-heritage-mg.pdf (582 KB)
  OK Chinese Context/HSC-NESA/2016-hsc-chinese-heritage-mg.pdf (582 KB)
  OK Chinese Context/HSC-NESA/2016-hsc-chinese-heritage-transcript.pdf (146 KB)
  OK Chinese Context/HSC-NESA/2016-hsc-chinese-heritage-transcript.pdf (146 KB)
  OK Chinese Context/HSC-NESA/2017-hsc-chinese-in-context-exam.pdf (316 KB)
  OK Chinese Context/HSC-NESA/2017-hsc-chinese-in-context-exam.pdf (316 KB)
  OK Chinese Context/HSC-NESA/2017-hsc-chinese-in-context-mg.pdf (542 KB)
  OK Chinese Context/HSC-NESA/2017-hsc-chinese-in-context-mg.pdf (542 KB)
  OK Chinese Context/HSC-NESA/2017-hsc-chinese-in-context-transcript.pdf (140 KB)
  OK Chinese Context/HSC-NESA/2017-hsc-chinese-in-context-transcript.pdf (140 KB)
  OK Chinese Context/HSC-NESA/2018-hsc-chinese-in-context-exam.pdf (351 KB)
  OK Chinese Context/HSC-NESA/2018-hsc-chinese-in-context-exam.pdf (351 KB)
  OK Chinese Context/HSC-NESA/2018-hsc-chinese-in-context-mg.pdf (906 KB)
  OK Chinese Context/HSC-NESA/2018-hsc-chinese-in-context-mg.pdf (906 KB)
  OK Chinese Context/HSC-NESA/2018-hsc-chinese-in-context-transcript.pdf (159 KB)
  OK Chinese Context/HSC-NESA/2018-hsc-chinese-in-context-transcript.pdf (159 KB)
  OK Chinese Context/HSC-NESA/2019-hsc-chinese-in-context-exam.pdf (555 KB)
  OK Chinese Context/HSC-NESA/2019-hsc-chinese-in-context-exam.pdf (555 KB)
  OK Chinese Context/HSC-NESA/2019-hsc-chinese-in-context-mg.pdf (894 KB)
  OK Chinese Context/HSC-NESA/2019-hsc-chinese-in-context-mg.pdf (894 KB)
  OK Chinese Context/HSC-NESA/2019-hsc-chinese-in-context-transcript.pdf (282 KB)
  OK Chinese Context/HSC-NESA/2019-hsc-chinese-in-context-transcript.pdf (282 KB)
  OK Chinese Context/HSC-NESA/2020-hsc-chinese-in-context-exam.pdf (255 KB)
  OK Chinese Context/HSC-NESA/2020-hsc-chinese-in-context-exam.pdf (255 KB)
  OK Chinese Context/HSC-NESA/2020-hsc-chinese-in-context-mg.pdf (859 KB)
  OK Chinese Context/HSC-NESA/2020-hsc-chinese-in-context-mg.pdf (859 KB)
  OK Chinese Context/HSC-NESA/2020-hsc-chinese-in-context-transcript.pdf (154 KB)
  OK Chinese Context/HSC-NESA/2020-hsc-chinese-in-context-transcript.pdf (154 KB)
  OK Chinese Context/HSC-NESA/2021-hsc-chinese-in-context-exam.pdf (338 KB)
  OK Chinese Context/HSC-NESA/2021-hsc-chinese-in-context-exam.pdf (338 KB)
  OK Chinese Context/HSC-NESA/2021-hsc-chinese-in-context-mg.pdf (611 KB)
  OK Chinese Context/HSC-NESA/2021-hsc-chinese-in-context-mg.pdf (611 KB)
  OK Chinese Context/HSC-NESA/2021-hsc-chinese-in-context-transcript.pdf (244 KB)
  OK Chinese Context/HSC-NESA/2021-hsc-chinese-in-context-transcript.pdf (244 KB)
  OK Chinese Context/HSC-NESA/2022-hsc-chinese-in-context-exam.pdf (307 KB)
  OK Chinese Context/HSC-NESA/2022-hsc-chinese-in-context-exam.pdf (307 KB)
  OK Chinese Context/HSC-NESA/2022-hsc-chinese-in-context-mg.pdf (937 KB)
  OK Chinese Context/HSC-NESA/2022-hsc-chinese-in-context-mg.pdf (937 KB)
  OK Chinese Context/HSC-NESA/2022-hsc-chinese-in-context-tramscript.pdf (306 KB)
  OK Chinese Context/HSC-NESA/2022-hsc-chinese-in-context-tramscript.pdf (306 KB)
  OK Chinese Context/HSC-NESA/2023-hsc-chinese-in-context-mg.pdf (347 KB)
  OK Chinese Context/HSC-NESA/2023-hsc-chinese-in-context-mg.pdf (347 KB)
  OK Chinese Context/HSC-NESA/2023-hsc-chinese-in-context-transcript.pdf (1349 KB)
  OK Chinese Context/HSC-NESA/2023-hsc-chinese-in-context-transcript.pdf (1349 KB)
  OK Chinese Context/HSC-NESA/2023-hsc-chinese-in-context.pdf (2887 KB)
  OK Chinese Context/HSC-NESA/2023-hsc-chinese-in-context.pdf (2887 KB)
  OK Chinese Context/HSC-NESA/2024-hsc-chinese-in-context-mg.pdf (540 KB)
  OK Chinese Context/HSC-NESA/2024-hsc-chinese-in-context-mg.pdf (540 KB)
  OK Chinese Context/HSC-NESA/2024-hsc-chinese-in-context-transcript.pdf (462 KB)
  OK Chinese Context/HSC-NESA/2024-hsc-chinese-in-context-transcript.pdf (462 KB)
  OK Chinese Context/HSC-NESA/2024-hsc-chinese-in-context.pdf (491 KB)
  OK Chinese Context/HSC-NESA/2024-hsc-chinese-in-context.pdf (491 KB)
  OK Chinese Context/HSC-NESA/2025-hsc-chinese-in-context-oral.pdf (527 KB)
  OK Chinese Context/HSC-NESA/2025-hsc-chinese-in-context-oral.pdf (527 KB)
  OK Chinese Context/HSC-NESA/2025-hsc-chinese-in-context-transcript.pdf (1387 KB)
  OK Chinese Context/HSC-NESA/2025-hsc-chinese-in-context-transcript.pdf (1387 KB)
  OK Chinese Context/HSC-NESA/2025-hsc-chinese-in-context.pdf (1999 KB)
  OK Chinese Context/HSC-NESA/2025-hsc-chinese-in-context.pdf (1999 KB)
  OK Chinese Context/HSC-NESA/2025-hsc-chinese-in-context-mg.pdf (484 KB)
  OK Chinese Context/HSC-NESA/2025-hsc-chinese-in-context-mg.pdf (484 KB)
  OK Chinese Continuers/HSC-NESA/chinese-cont-hsc-exam-2015.pdf (216 KB)
  OK Chinese Continuers/HSC-NESA/chinese-cont-hsc-exam-2015.pdf (216 KB)
  OK Chinese Continuers/HSC-NESA/chinese-cont-hsc-exam-transcript-2015.pdf (161 KB)
  OK Chinese Continuers/HSC-NESA/chinese-cont-hsc-exam-transcript-2015.pdf (161 KB)
  OK Chinese Continuers/HSC-NESA/2016-hsc-chinese-cont-transcript.pdf (186 KB)
  OK Chinese Continuers/HSC-NESA/2016-hsc-chinese-cont-transcript.pdf (186 KB)
  OK Chinese Continuers/HSC-NESA/2016-hsc-chinese-cont.pdf (218 KB)
  OK Chinese Continuers/HSC-NESA/2016-hsc-chinese-cont.pdf (218 KB)
  OK Chinese Continuers/HSC-NESA/2016-hsc-mg-chinese-cont.pdf (288 KB)
  OK Chinese Continuers/HSC-NESA/2016-hsc-mg-chinese-cont.pdf (288 KB)
  OK Chinese Continuers/HSC-NESA/2017-hsc-chinese-cont-transcript.pdf (272 KB)
  OK Chinese Continuers/HSC-NESA/2017-hsc-chinese-cont-transcript.pdf (272 KB)
  OK Chinese Continuers/HSC-NESA/2017-hsc-chinese-cont.pdf (472 KB)
  OK Chinese Continuers/HSC-NESA/2017-hsc-chinese-cont.pdf (472 KB)
  OK Chinese Continuers/HSC-NESA/2017-hsc-mg-chinese-cont.pdf (277 KB)
  OK Chinese Continuers/HSC-NESA/2017-hsc-mg-chinese-cont.pdf (277 KB)
  OK Chinese Continuers/HSC-NESA/2018-hsc-chinese-cont-mg.pdf (659 KB)
  OK Chinese Continuers/HSC-NESA/2018-hsc-chinese-cont-mg.pdf (659 KB)
  OK Chinese Continuers/HSC-NESA/2018-hsc-chinese-cont-transcript.pdf (174 KB)
  OK Chinese Continuers/HSC-NESA/2018-hsc-chinese-cont-transcript.pdf (174 KB)
  OK Chinese Continuers/HSC-NESA/2018-hsc-chinese-cont.pdf (269 KB)
  OK Chinese Continuers/HSC-NESA/2018-hsc-chinese-cont.pdf (269 KB)
  OK Chinese Continuers/HSC-NESA/2019-hsc-chinese-cont-transcript.pdf (181 KB)
  OK Chinese Continuers/HSC-NESA/2019-hsc-chinese-cont-transcript.pdf (181 KB)
  OK Chinese Continuers/HSC-NESA/2019-hsc-chinese-continuers-mg.pdf (127 KB)
  OK Chinese Continuers/HSC-NESA/2019-hsc-chinese-continuers-mg.pdf (127 KB)
  OK Chinese Continuers/HSC-NESA/2019-hsc-chinese-continuers.pdf (399 KB)
  OK Chinese Continuers/HSC-NESA/2019-hsc-chinese-continuers.pdf (399 KB)
  OK Chinese Continuers/HSC-NESA/2020-hsc-chinese-continuers-mg.pdf (325 KB)
  OK Chinese Continuers/HSC-NESA/2020-hsc-chinese-continuers-mg.pdf (325 KB)
  OK Chinese Continuers/HSC-NESA/2020-hsc-chinese-continuers-transcript.pdf (165 KB)
  OK Chinese Continuers/HSC-NESA/2020-hsc-chinese-continuers-transcript.pdf (165 KB)
  OK Chinese Continuers/HSC-NESA/2020-hsc-chinese-continuers.pdf (343 KB)
  OK Chinese Continuers/HSC-NESA/2020-hsc-chinese-continuers.pdf (343 KB)
  OK Chinese Continuers/HSC-NESA/2021-hsc-chinese-continuers-mg.pdf (770 KB)
  OK Chinese Continuers/HSC-NESA/2021-hsc-chinese-continuers-mg.pdf (770 KB)
  OK Chinese Continuers/HSC-NESA/2021-hsc-chinese-continuers-transcript.pdf (203 KB)
  OK Chinese Continuers/HSC-NESA/2021-hsc-chinese-continuers-transcript.pdf (203 KB)
  OK Chinese Continuers/HSC-NESA/2021-hsc-chinese-continuers.pdf (382 KB)
  OK Chinese Continuers/HSC-NESA/2021-hsc-chinese-continuers.pdf (382 KB)
  OK Chinese Continuers/HSC-NESA/2022-hsc-chinese-continuers-mg.pdf (705 KB)
  OK Chinese Continuers/HSC-NESA/2022-hsc-chinese-continuers-mg.pdf (705 KB)
  OK Chinese Continuers/HSC-NESA/2022-hsc-chinese-continuers-transcript.pdf (206 KB)
  OK Chinese Continuers/HSC-NESA/2022-hsc-chinese-continuers-transcript.pdf (206 KB)
  OK Chinese Continuers/HSC-NESA/2022-hsc-chinese-continuers.pdf (392 KB)
  OK Chinese Continuers/HSC-NESA/2022-hsc-chinese-continuers.pdf (392 KB)
  OK Chinese Continuers/HSC-NESA/2023-hsc-chinese-continuers-mg.pdf (337 KB)
  OK Chinese Continuers/HSC-NESA/2023-hsc-chinese-continuers-mg.pdf (337 KB)
  OK Chinese Continuers/HSC-NESA/2023-hsc-chinese-continuers-transcript.pdf (1768 KB)
  OK Chinese Continuers/HSC-NESA/2023-hsc-chinese-continuers-transcript.pdf (1768 KB)
  OK Chinese Continuers/HSC-NESA/2023-hsc-chinese-continuers.pdf (1419 KB)
  OK Chinese Continuers/HSC-NESA/2023-hsc-chinese-continuers.pdf (1419 KB)
  OK Chinese Continuers/HSC-NESA/2024-hsc-chinese-continuers-mg.pdf (335 KB)
  OK Chinese Continuers/HSC-NESA/2024-hsc-chinese-continuers-mg.pdf (335 KB)
  OK Chinese Continuers/HSC-NESA/2024-hsc-chinese-continuers-transcript.pdf (261 KB)
  OK Chinese Continuers/HSC-NESA/2024-hsc-chinese-continuers-transcript.pdf (261 KB)
  OK Chinese Continuers/HSC-NESA/2024-hsc-chinese-continuers.pdf (799 KB)
  OK Chinese Continuers/HSC-NESA/2024-hsc-chinese-continuers.pdf (799 KB)
  OK Chinese Continuers/HSC-NESA/2025-hsc-chinese-continuers-transcript.pdf (1499 KB)
  OK Chinese Continuers/HSC-NESA/2025-hsc-chinese-continuers-transcript.pdf (1499 KB)
  OK Chinese Continuers/HSC-NESA/2025-hsc-chinese-continuers.pdf (758 KB)
  OK Chinese Continuers/HSC-NESA/2025-hsc-chinese-continuers.pdf (758 KB)
  OK Chinese Continuers/HSC-NESA/2025-hsc-chinese-continuers-mg.pdf (248 KB)
  OK Chinese Continuers/HSC-NESA/2025-hsc-chinese-continuers-mg.pdf (248 KB)
  OK Chinese Extension/HSC-NESA/chinese-ext-hsc-exam-2014.pdf (268 KB)
  OK Chinese Extension/HSC-NESA/chinese-ext-hsc-exam-2014.pdf (268 KB)
  OK Chinese Extension/HSC-NESA/chinese-ext-hsc-exam-oral-2014.pdf (167 KB)
  OK Chinese Extension/HSC-NESA/chinese-ext-hsc-exam-oral-2014.pdf (167 KB)
  OK Chinese Extension/HSC-NESA/chinese-ext-hsc-mg-2014.pdf (66 KB)
  OK Chinese Extension/HSC-NESA/chinese-ext-hsc-mg-2014.pdf (66 KB)
  OK Chinese Extension/HSC-NESA/chinese-ext-hsc-exam-2015.pdf (150 KB)
  OK Chinese Extension/HSC-NESA/chinese-ext-hsc-exam-2015.pdf (150 KB)
  OK Chinese Extension/HSC-NESA/chinese-ext-hsc-exam-oral-2015.pdf (92 KB)
  OK Chinese Extension/HSC-NESA/chinese-ext-hsc-exam-oral-2015.pdf (92 KB)
  OK Chinese Extension/HSC-NESA/chinese-ext-hsc-mg-2015.pdf (193 KB)
  OK Chinese Extension/HSC-NESA/chinese-ext-hsc-mg-2015.pdf (193 KB)
  OK Chinese Extension/HSC-NESA/2016-hsc-chinese-ext-oral.pdf (94 KB)
  OK Chinese Extension/HSC-NESA/2016-hsc-chinese-ext-oral.pdf (94 KB)
  OK Chinese Extension/HSC-NESA/2016-hsc-chinese-ext.pdf (173 KB)
  OK Chinese Extension/HSC-NESA/2016-hsc-chinese-ext.pdf (173 KB)
  OK Chinese Extension/HSC-NESA/2016-hsc-mg-chinese-ext.pdf (141 KB)
  OK Chinese Extension/HSC-NESA/2016-hsc-mg-chinese-ext.pdf (141 KB)
  OK Chinese Extension/HSC-NESA/2017-hsc-chinese-ext-oral.pdf (107 KB)
  OK Chinese Extension/HSC-NESA/2017-hsc-chinese-ext-oral.pdf (107 KB)
  OK Chinese Extension/HSC-NESA/2017-hsc-chinese-ext.pdf (322 KB)
  OK Chinese Extension/HSC-NESA/2017-hsc-chinese-ext.pdf (322 KB)
  OK Chinese Extension/HSC-NESA/2017-hsc-mg-chinese-ext.pdf (158 KB)
  OK Chinese Extension/HSC-NESA/2017-hsc-mg-chinese-ext.pdf (158 KB)
  OK Chinese Extension/HSC-NESA/2018-hsc-chinese-ext-mg.pdf (357 KB)
  OK Chinese Extension/HSC-NESA/2018-hsc-chinese-ext-mg.pdf (357 KB)
  OK Chinese Extension/HSC-NESA/2018-hsc-chinese-ext-oral.pdf (386 KB)
  OK Chinese Extension/HSC-NESA/2018-hsc-chinese-ext-oral.pdf (386 KB)
  OK Chinese Extension/HSC-NESA/2018-hsc-chinese-ext_0.pdf (238 KB)
  OK Chinese Extension/HSC-NESA/2018-hsc-chinese-ext_0.pdf (238 KB)
  OK Chinese Extension/HSC-NESA/2019-hsc-chinese-extension-mg.pdf (117 KB)
  OK Chinese Extension/HSC-NESA/2019-hsc-chinese-extension-mg.pdf (117 KB)
  OK Chinese Extension/HSC-NESA/2019-hsc-chinese-extension-oral.pdf (197 KB)
  OK Chinese Extension/HSC-NESA/2019-hsc-chinese-extension-oral.pdf (197 KB)
  OK Chinese Extension/HSC-NESA/2019-hsc-chinese-extension.pdf (190 KB)
  OK Chinese Extension/HSC-NESA/2019-hsc-chinese-extension.pdf (190 KB)
  OK Chinese Extension/HSC-NESA/2020-hsc-chinese-extension-mg.pdf (209 KB)
  OK Chinese Extension/HSC-NESA/2020-hsc-chinese-extension-mg.pdf (209 KB)
  OK Chinese Extension/HSC-NESA/2020-hsc-chinese-extension-oral.pdf (110 KB)
  OK Chinese Extension/HSC-NESA/2020-hsc-chinese-extension-oral.pdf (110 KB)
  OK Chinese Extension/HSC-NESA/2020-hsc-chinese-extension.pdf (171 KB)
  OK Chinese Extension/HSC-NESA/2020-hsc-chinese-extension.pdf (171 KB)
  OK Chinese Extension/HSC-NESA/2021-hsc-chinese-extension-mg.pdf (399 KB)
  OK Chinese Extension/HSC-NESA/2021-hsc-chinese-extension-mg.pdf (399 KB)
  OK Chinese Extension/HSC-NESA/2021-hsc-chinese-extension-oral.pdf (103 KB)
  OK Chinese Extension/HSC-NESA/2021-hsc-chinese-extension-oral.pdf (103 KB)
  OK Chinese Extension/HSC-NESA/2021-hsc-chinese-extension_redacted.pdf (169 KB)
  OK Chinese Extension/HSC-NESA/2021-hsc-chinese-extension_redacted.pdf (169 KB)
  OK Chinese Extension/HSC-NESA/2022-hsc-chinese-ext-mg.pdf (434 KB)
  OK Chinese Extension/HSC-NESA/2022-hsc-chinese-ext-mg.pdf (434 KB)
  OK Chinese Extension/HSC-NESA/2022-hsc-chinese-ext-oral.pdf (152 KB)
  OK Chinese Extension/HSC-NESA/2022-hsc-chinese-ext-oral.pdf (152 KB)
  OK Chinese Extension/HSC-NESA/2022-hsc-chinese-ext.pdf (188 KB)
  OK Chinese Extension/HSC-NESA/2022-hsc-chinese-ext.pdf (188 KB)
  OK Chinese Extension/HSC-NESA/2023-hsc-chinese-ext-mg.pdf (197 KB)
  OK Chinese Extension/HSC-NESA/2023-hsc-chinese-ext-mg.pdf (197 KB)
  OK Chinese Extension/HSC-NESA/2023-hsc-chinese-ext-oral.pdf (272 KB)
  OK Chinese Extension/HSC-NESA/2023-hsc-chinese-ext-oral.pdf (272 KB)
  OK Chinese Extension/HSC-NESA/2023-hsc-chinese-ext.pdf (670 KB)
  OK Chinese Extension/HSC-NESA/2023-hsc-chinese-ext.pdf (670 KB)
  OK Chinese Extension/HSC-NESA/2024-hsc-chinese-ext-oral.pdf (345 KB)
  OK Chinese Extension/HSC-NESA/2024-hsc-chinese-ext-oral.pdf (345 KB)
  OK Chinese Extension/HSC-NESA/2024-hsc-chinese-ext.pdf (296 KB)
  OK Chinese Extension/HSC-NESA/2024-hsc-chinese-ext.pdf (296 KB)
  OK Chinese Extension/HSC-NESA/2024-hsc-chinese-extension-mg.pdf (246 KB)
  OK Chinese Extension/HSC-NESA/2024-hsc-chinese-extension-mg.pdf (246 KB)
  OK Chinese Extension/HSC-NESA/2025-hsc-chinese-extension-oral.pdf (619 KB)
  OK Chinese Extension/HSC-NESA/2025-hsc-chinese-extension-oral.pdf (619 KB)
  OK Chinese Extension/HSC-NESA/2025-hsc-chinese-extension.pdf (290 KB)
  OK Chinese Extension/HSC-NESA/2025-hsc-chinese-extension.pdf (290 KB)
  OK Chinese Extension/HSC-NESA/2025-hsc-chinese-extension-mg.pdf (106 KB)
  OK Chinese Extension/HSC-NESA/2025-hsc-chinese-extension-mg.pdf (106 KB)
  OK Chinese Literature/HSC-NESA/chinese-bs-hsc-exam-2015.pdf (608 KB)
  OK Chinese Literature/HSC-NESA/chinese-bs-hsc-exam-2015.pdf (608 KB)
  OK Chinese Literature/HSC-NESA/chinese-bs-hsc-exam-transcript-2015.pdf (292 KB)
  OK Chinese Literature/HSC-NESA/chinese-bs-hsc-exam-transcript-2015.pdf (292 KB)
  OK Chinese Literature/HSC-NESA/chinese-bs-hsc-mg-2015.pdf (288 KB)
  OK Chinese Literature/HSC-NESA/chinese-bs-hsc-mg-2015.pdf (288 KB)
  OK Chinese Literature/HSC-NESA/2016-hsc-chinese-bs-transcript.pdf (240 KB)
  OK Chinese Literature/HSC-NESA/2016-hsc-chinese-bs-transcript.pdf (240 KB)
  OK Chinese Literature/HSC-NESA/2016-hsc-chinese-bs.pdf (466 KB)
  OK Chinese Literature/HSC-NESA/2016-hsc-chinese-bs.pdf (466 KB)
  OK Chinese Literature/HSC-NESA/2016-hsc-mg-chinese-background-speakers.pdf (289 KB)
  OK Chinese Literature/HSC-NESA/2016-hsc-mg-chinese-background-speakers.pdf (289 KB)
  OK Chinese Literature/HSC-NESA/2017-hsc-chinese-and-literature-transcript.pdf (345 KB)
  OK Chinese Literature/HSC-NESA/2017-hsc-chinese-and-literature-transcript.pdf (345 KB)
  OK Chinese Literature/HSC-NESA/2017-hsc-chinese-and-literature.pdf (533 KB)
  OK Chinese Literature/HSC-NESA/2017-hsc-chinese-and-literature.pdf (533 KB)
  OK Chinese Literature/HSC-NESA/2017-hsc-mg-chinese-and-literature-1.pdf (353 KB)
  OK Chinese Literature/HSC-NESA/2017-hsc-mg-chinese-and-literature-1.pdf (353 KB)
  OK Chinese Literature/HSC-NESA/2018-hsc-chinese-and-literature-mg-1.pdf (701 KB)
  OK Chinese Literature/HSC-NESA/2018-hsc-chinese-and-literature-mg-1.pdf (701 KB)
  OK Chinese Literature/HSC-NESA/2018-hsc-chinese-and-literature-transcript.pdf (282 KB)
  OK Chinese Literature/HSC-NESA/2018-hsc-chinese-and-literature-transcript.pdf (282 KB)
  OK Chinese Literature/HSC-NESA/2018-hsc-chinese-and-literature.pdf (485 KB)
  OK Chinese Literature/HSC-NESA/2018-hsc-chinese-and-literature.pdf (485 KB)
  OK Chinese Literature/HSC-NESA/2019-hsc-chinese-and-literature-mg.pdf (181 KB)
  OK Chinese Literature/HSC-NESA/2019-hsc-chinese-and-literature-mg.pdf (181 KB)
  OK Chinese Literature/HSC-NESA/2019-hsc-chinese-and-literature-transcript.pdf (252 KB)
  OK Chinese Literature/HSC-NESA/2019-hsc-chinese-and-literature-transcript.pdf (252 KB)
  OK Chinese Literature/HSC-NESA/2019-hsc-chinese-and-literature.pdf (476 KB)
  OK Chinese Literature/HSC-NESA/2019-hsc-chinese-and-literature.pdf (476 KB)
  OK Chinese Literature/HSC-NESA/2020-hsc-chinese-and-literature-mg.pdf (340 KB)
  OK Chinese Literature/HSC-NESA/2020-hsc-chinese-and-literature-mg.pdf (340 KB)
  OK Chinese Literature/HSC-NESA/2020-hsc-chinese-and-literature-transcript.pdf (214 KB)
  OK Chinese Literature/HSC-NESA/2020-hsc-chinese-and-literature-transcript.pdf (214 KB)
  OK Chinese Literature/HSC-NESA/2020-hsc-chinese-and-literature.pdf (385 KB)
  OK Chinese Literature/HSC-NESA/2020-hsc-chinese-and-literature.pdf (385 KB)
  OK Chinese Literature/HSC-NESA/2021-hsc-chinese-and-literature-mg.pdf (667 KB)
  OK Chinese Literature/HSC-NESA/2021-hsc-chinese-and-literature-mg.pdf (667 KB)
  OK Chinese Literature/HSC-NESA/2021-hsc-chinese-and-literature-transcript.pdf (283 KB)
  OK Chinese Literature/HSC-NESA/2021-hsc-chinese-and-literature-transcript.pdf (283 KB)
  OK Chinese Literature/HSC-NESA/2021-hsc-chinese-and-literature.pdf (362 KB)
  OK Chinese Literature/HSC-NESA/2021-hsc-chinese-and-literature.pdf (362 KB)
  OK Chinese Literature/HSC-NESA/2022-hsc-chinese-and-lit-mg.pdf (352 KB)
  OK Chinese Literature/HSC-NESA/2022-hsc-chinese-and-lit-mg.pdf (352 KB)
  OK Chinese Literature/HSC-NESA/2022-hsc-chinese-and-lit-transcript.pdf (253 KB)
  OK Chinese Literature/HSC-NESA/2022-hsc-chinese-and-lit-transcript.pdf (253 KB)
  OK Chinese Literature/HSC-NESA/2022-hsc-chinese-and-lit.pdf (423 KB)
  OK Chinese Literature/HSC-NESA/2022-hsc-chinese-and-lit.pdf (423 KB)
  OK Chinese Literature/HSC-NESA/2023-hsc-chinese-and-lit-mg.pdf (307 KB)
  OK Chinese Literature/HSC-NESA/2023-hsc-chinese-and-lit-mg.pdf (307 KB)
  OK Chinese Literature/HSC-NESA/2023-hsc-chinese-and-lit-transcript.pdf (1782 KB)
  OK Chinese Literature/HSC-NESA/2023-hsc-chinese-and-lit-transcript.pdf (1782 KB)
  OK Chinese Literature/HSC-NESA/2023-hsc-chinese-and-lit.pdf (947 KB)
  OK Chinese Literature/HSC-NESA/2023-hsc-chinese-and-lit.pdf (947 KB)
  OK Chinese Literature/HSC-NESA/2024-hsc-chinese-and-lit-transcript.pdf (258 KB)
  OK Chinese Literature/HSC-NESA/2024-hsc-chinese-and-lit-transcript.pdf (258 KB)
  OK Chinese Literature/HSC-NESA/2024-hsc-chinese-and-lit.pdf (555 KB)
  OK Chinese Literature/HSC-NESA/2024-hsc-chinese-and-lit.pdf (555 KB)
  OK Chinese Literature/HSC-NESA/2024-hsc-chinese-and-literature-mg.pdf (300 KB)
  OK Chinese Literature/HSC-NESA/2024-hsc-chinese-and-literature-mg.pdf (300 KB)
  OK Chinese Literature/HSC-NESA/2025-hsc-chinese-and-literature-transcript.pdf (1184 KB)
  OK Chinese Literature/HSC-NESA/2025-hsc-chinese-and-literature-transcript.pdf (1184 KB)
  OK Chinese Literature/HSC-NESA/2025-hsc-chinese-and-literature.pdf (1193 KB)
  OK Chinese Literature/HSC-NESA/2025-hsc-chinese-and-literature.pdf (1193 KB)
  OK Chinese Literature/HSC-NESA/2025-hsc-chinese-and-literature-mg.pdf (171 KB)
  OK Chinese Literature/HSC-NESA/2025-hsc-chinese-and-literature-mg.pdf (171 KB)
  OK Classical Greek Continuers/HSC-NESA/cl-greek-cont-hsc-exam-2015-archive.pdf (222 KB)
  OK Classical Greek Continuers/HSC-NESA/cl-greek-cont-hsc-exam-2015-archive.pdf (222 KB)
  OK Classical Greek Continuers/HSC-NESA/cl-greek-cont-hsc-mg-2015-archive.pdf (211 KB)
  OK Classical Greek Continuers/HSC-NESA/cl-greek-cont-hsc-mg-2015-archive.pdf (211 KB)
  OK Classical Greek Continuers/HSC-NESA/2016-hsc-classical-greek-cont-archive.pdf (160 KB)
  OK Classical Greek Continuers/HSC-NESA/2016-hsc-classical-greek-cont-archive.pdf (160 KB)
  OK Classical Greek Continuers/HSC-NESA/2016-hsc-mg-cl-greek-cont-archive.pdf (138 KB)
  OK Classical Greek Continuers/HSC-NESA/2016-hsc-mg-cl-greek-cont-archive.pdf (138 KB)
  OK Classical Greek Continuers/HSC-NESA/2017-hsc-cl-greek-cont-archive.pdf (932 KB)
  OK Classical Greek Continuers/HSC-NESA/2017-hsc-cl-greek-cont-archive.pdf (932 KB)
  OK Classical Greek Continuers/HSC-NESA/2017-hsc-mg-cl-greek-cont-archive.pdf (215 KB)
  OK Classical Greek Continuers/HSC-NESA/2017-hsc-mg-cl-greek-cont-archive.pdf (215 KB)
  OK Classical Greek Continuers/HSC-NESA/2018-hsc-classical-greek-cont%2B12062024-archive.pdf (191 KB)
  OK Classical Greek Continuers/HSC-NESA/2018-hsc-classical-greek-cont%2B12062024-archive.pdf (191 KB)
  OK Classical Greek Continuers/HSC-NESA/2018-hsc-classical-greek-continuers-mg.pdf (204 KB)
  OK Classical Greek Continuers/HSC-NESA/2018-hsc-classical-greek-continuers-mg.pdf (204 KB)
  OK Classical Greek Continuers/HSC-NESA/2019-hsc-classical-greek-continuers-archive.pdf (178 KB)
  OK Classical Greek Continuers/HSC-NESA/2019-hsc-classical-greek-continuers-archive.pdf (178 KB)
  OK Classical Greek Continuers/HSC-NESA/2019-hsc-classical-greek-continuers-mg-archive.pdf (311 KB)
  OK Classical Greek Continuers/HSC-NESA/2019-hsc-classical-greek-continuers-mg-archive.pdf (311 KB)
  OK Classical Greek Continuers/HSC-NESA/2020-hsc-classical-greek-continuers-archive-archive.pdf (583 KB)
  OK Classical Greek Continuers/HSC-NESA/2020-hsc-classical-greek-continuers-archive-archive.pdf (583 KB)
  OK Classical Greek Continuers/HSC-NESA/2020-hsc-classical-greek-continuers-mg-archive-archive.pdf (771 KB)
  OK Classical Greek Continuers/HSC-NESA/2020-hsc-classical-greek-continuers-mg-archive-archive.pdf (771 KB)
  OK Classical Greek Continuers/HSC-NESA/2021-hsc-classical-greek-continuers-archive-archive.pdf (625 KB)
  OK Classical Greek Continuers/HSC-NESA/2021-hsc-classical-greek-continuers-archive-archive.pdf (625 KB)
  OK Classical Greek Continuers/HSC-NESA/2021-hsc-classical-greek-continuers-mg-archive-archive.pdf (1453 KB)
  OK Classical Greek Continuers/HSC-NESA/2021-hsc-classical-greek-continuers-mg-archive-archive.pdf (1453 KB)
  OK Classical Greek Continuers/HSC-NESA/2022-hsc-cl-greek-continuers-archive-archive.pdf (624 KB)
  OK Classical Greek Continuers/HSC-NESA/2022-hsc-cl-greek-continuers-archive-archive.pdf (624 KB)
  OK Classical Greek Continuers/HSC-NESA/2022-hsc-cl-greek-continuers-mg-archive-archive.pdf (683 KB)
  OK Classical Greek Continuers/HSC-NESA/2022-hsc-cl-greek-continuers-mg-archive-archive.pdf (683 KB)
  OK Classical Greek Continuers/HSC-NESA/2023-hsc-cl-greek-continuers-mg.pdf (751 KB)
  OK Classical Greek Continuers/HSC-NESA/2023-hsc-cl-greek-continuers-mg.pdf (751 KB)
  OK Classical Greek Continuers/HSC-NESA/2023-hsc-cl-greek-continuers.pdf (1327 KB)
  OK Classical Greek Continuers/HSC-NESA/2023-hsc-cl-greek-continuers.pdf (1327 KB)
  OK Classical Greek Continuers/HSC-NESA/2024-hsc-cl-greek-continuers.pdf (786 KB)
  OK Classical Greek Continuers/HSC-NESA/2024-hsc-cl-greek-continuers.pdf (786 KB)
  OK Classical Greek Continuers/HSC-NESA/2024-hsc-classical-greek-continuers-mg.pdf (387 KB)
  OK Classical Greek Continuers/HSC-NESA/2024-hsc-classical-greek-continuers-mg.pdf (387 KB)
  OK Classical Greek Continuers/HSC-NESA/2025-hsc-cl-greek-continuers-mg.pdf (961 KB)
  OK Classical Greek Continuers/HSC-NESA/2025-hsc-cl-greek-continuers-mg.pdf (961 KB)
  OK Classical Greek Continuers/HSC-NESA/2025-hsc-cl-greek-continuers.pdf (1235 KB)
  OK Classical Greek Continuers/HSC-NESA/2025-hsc-cl-greek-continuers.pdf (1235 KB)
  OK Classical Greek Extension/HSC-NESA/cl-greek-ext-hsc-exam-2014.pdf (336 KB)
  OK Classical Greek Extension/HSC-NESA/cl-greek-ext-hsc-exam-2014.pdf (336 KB)
  OK Classical Greek Extension/HSC-NESA/cl-greek-ext-hsc-mg-2014.pdf (109 KB)
  OK Classical Greek Extension/HSC-NESA/cl-greek-ext-hsc-mg-2014.pdf (109 KB)
  OK Classical Greek Extension/HSC-NESA/cl-greek-ext-hsc-exam-2015.pdf (124 KB)
  OK Classical Greek Extension/HSC-NESA/cl-greek-ext-hsc-exam-2015.pdf (124 KB)
  OK Classical Greek Extension/HSC-NESA/cl-greek-ext-hsc-mg-2015.pdf (273 KB)
  OK Classical Greek Extension/HSC-NESA/cl-greek-ext-hsc-mg-2015.pdf (273 KB)
  OK Classical Greek Extension/HSC-NESA/2016-hsc-cl-greek-ext.pdf (218 KB)
  OK Classical Greek Extension/HSC-NESA/2016-hsc-cl-greek-ext.pdf (218 KB)
  OK Classical Greek Extension/HSC-NESA/2016-hsc-mg-cl-greek-ext.pdf (209 KB)
  OK Classical Greek Extension/HSC-NESA/2016-hsc-mg-cl-greek-ext.pdf (209 KB)
  OK Classical Greek Extension/HSC-NESA/2017-hsc-cl-greek-ext.pdf (454 KB)
  OK Classical Greek Extension/HSC-NESA/2017-hsc-cl-greek-ext.pdf (454 KB)
  OK Classical Greek Extension/HSC-NESA/2017-hsc-mg-cl-greek-ext.pdf (239 KB)
  OK Classical Greek Extension/HSC-NESA/2017-hsc-mg-cl-greek-ext.pdf (239 KB)
  OK Classical Greek Extension/HSC-NESA/2018-hsc-classical-greek-ext.pdf (135 KB)
  OK Classical Greek Extension/HSC-NESA/2018-hsc-classical-greek-ext.pdf (135 KB)
  OK Classical Greek Extension/HSC-NESA/2019-hsc-classical-greek-ext.pdf (145 KB)
  OK Classical Greek Extension/HSC-NESA/2019-hsc-classical-greek-ext.pdf (145 KB)
  OK Classical Greek Extension/HSC-NESA/2019-hsc-classical-greek-extension-mg.pdf (231 KB)
  OK Classical Greek Extension/HSC-NESA/2019-hsc-classical-greek-extension-mg.pdf (231 KB)
  OK Classical Greek Extension/HSC-NESA/2020-hsc-classical-greek-extension-mg.pdf (280 KB)
  OK Classical Greek Extension/HSC-NESA/2020-hsc-classical-greek-extension-mg.pdf (280 KB)
  OK Classical Greek Extension/HSC-NESA/2020-hsc-classical-greek-extension_0.pdf (182 KB)
  OK Classical Greek Extension/HSC-NESA/2020-hsc-classical-greek-extension_0.pdf (182 KB)
  OK Classical Greek Extension/HSC-NESA/2021-hsc-classical-greek-extension-mg.pdf (574 KB)
  OK Classical Greek Extension/HSC-NESA/2021-hsc-classical-greek-extension-mg.pdf (574 KB)
  OK Classical Greek Extension/HSC-NESA/2021-hsc-classical-greek-extension.pdf (189 KB)
  OK Classical Greek Extension/HSC-NESA/2021-hsc-classical-greek-extension.pdf (189 KB)
  OK Classical Greek Extension/HSC-NESA/2022-hsc-cl-greek-ext-mg.pdf (358 KB)
  OK Classical Greek Extension/HSC-NESA/2022-hsc-cl-greek-ext-mg.pdf (358 KB)
  OK Classical Greek Extension/HSC-NESA/2022-hsc-cl-greek-ext.pdf (288 KB)
  OK Classical Greek Extension/HSC-NESA/2022-hsc-cl-greek-ext.pdf (288 KB)
  OK Classical Greek Extension/HSC-NESA/2023-hsc-cl-greek-ext-mg.pdf (432 KB)
  OK Classical Greek Extension/HSC-NESA/2023-hsc-cl-greek-ext-mg.pdf (432 KB)
  OK Classical Greek Extension/HSC-NESA/2023-hsc-cl-greek-ext.pdf (982 KB)
  OK Classical Greek Extension/HSC-NESA/2023-hsc-cl-greek-ext.pdf (982 KB)
  OK Classical Greek Extension/HSC-NESA/2024-hsc-classical-greek-extension-mg.pdf (232 KB)
  OK Classical Greek Extension/HSC-NESA/2024-hsc-classical-greek-extension-mg.pdf (232 KB)
  OK Classical Greek Extension/HSC-NESA/2024-hsc-cl-greek-ext-cc.pdf (288 KB)
  OK Classical Greek Extension/HSC-NESA/2024-hsc-cl-greek-ext-cc.pdf (288 KB)
  OK Classical Greek Extension/HSC-NESA/2025-hsc-cl-greek-ext.pdf (237 KB)
  OK Classical Greek Extension/HSC-NESA/2025-hsc-cl-greek-ext.pdf (237 KB)
  OK Classical Greek Extension/HSC-NESA/2025-hsc-cl-greek-ext-mg.pdf (173 KB)
  OK Classical Greek Extension/HSC-NESA/2025-hsc-cl-greek-ext-mg.pdf (173 KB)
  OK Classical Hebrew Continuers/HSC-NESA/cl-hebrew-cont-hsc-exam-2015.pdf (152 KB)
  OK Classical Hebrew Continuers/HSC-NESA/cl-hebrew-cont-hsc-exam-2015.pdf (152 KB)
  OK Classical Hebrew Continuers/HSC-NESA/cl-hebrew-cont-hsc-mg-2015.pdf (585 KB)
  OK Classical Hebrew Continuers/HSC-NESA/cl-hebrew-cont-hsc-mg-2015.pdf (585 KB)
  OK Classical Hebrew Continuers/HSC-NESA/2016-hsc-classical-hebrew-cont-archive.pdf (186 KB)
  OK Classical Hebrew Continuers/HSC-NESA/2016-hsc-classical-hebrew-cont-archive.pdf (186 KB)
  OK Classical Hebrew Continuers/HSC-NESA/2016-hsc-mg-cl-hebrew-cont.pdf (665 KB)
  OK Classical Hebrew Continuers/HSC-NESA/2016-hsc-mg-cl-hebrew-cont.pdf (665 KB)
  OK Classical Hebrew Continuers/HSC-NESA/2017-hsc-cl-hebrew-cont.pdf (250 KB)
  OK Classical Hebrew Continuers/HSC-NESA/2017-hsc-cl-hebrew-cont.pdf (250 KB)
  OK Classical Hebrew Continuers/HSC-NESA/2017-hsc-mg-cl-hebrew-cont.pdf (665 KB)
  OK Classical Hebrew Continuers/HSC-NESA/2017-hsc-mg-cl-hebrew-cont.pdf (665 KB)
  OK Classical Hebrew Continuers/HSC-NESA/2018-hsc-classical-hebrew-cont-mg.pdf (1575 KB)
  OK Classical Hebrew Continuers/HSC-NESA/2018-hsc-classical-hebrew-cont-mg.pdf (1575 KB)
  OK Classical Hebrew Continuers/HSC-NESA/2018-hsc-classical-hebrew-cont.pdf (314 KB)
  OK Classical Hebrew Continuers/HSC-NESA/2018-hsc-classical-hebrew-cont.pdf (314 KB)
  OK Classical Hebrew Continuers/HSC-NESA/2019-hsc-classical-hebrew-cont-archive.pdf (2131 KB)
  OK Classical Hebrew Continuers/HSC-NESA/2019-hsc-classical-hebrew-cont-archive.pdf (2131 KB)
  OK Classical Hebrew Continuers/HSC-NESA/2019-hsc-classical-hebrew-continuers-mg-archive.pdf (662 KB)
  OK Classical Hebrew Continuers/HSC-NESA/2019-hsc-classical-hebrew-continuers-mg-archive.pdf (662 KB)
  OK Classical Hebrew Continuers/HSC-NESA/2020-hsc-classical-hebrew-continuers-archive-archive.pdf (1173 KB)
  OK Classical Hebrew Continuers/HSC-NESA/2020-hsc-classical-hebrew-continuers-archive-archive.pdf (1173 KB)
  OK Classical Hebrew Continuers/HSC-NESA/2020-hsc-classical-hebrew-continuers-mg-archive-archive.pdf (856 KB)
  OK Classical Hebrew Continuers/HSC-NESA/2020-hsc-classical-hebrew-continuers-mg-archive-archive.pdf (856 KB)
  OK Classical Hebrew Continuers/HSC-NESA/2021-hsc-classical-hebrew-continuers-archive.pdf (623 KB)
  OK Classical Hebrew Continuers/HSC-NESA/2021-hsc-classical-hebrew-continuers-archive.pdf (623 KB)
  OK Classical Hebrew Continuers/HSC-NESA/2021-hsc-classical-hebrew-continuers-mg-archive.pdf (1788 KB)
  OK Classical Hebrew Continuers/HSC-NESA/2021-hsc-classical-hebrew-continuers-mg-archive.pdf (1788 KB)
  OK Classical Hebrew Continuers/HSC-NESA/2022-hsc-cl-hebrew-continuers-archive-archive.pdf (628 KB)
  OK Classical Hebrew Continuers/HSC-NESA/2022-hsc-cl-hebrew-continuers-archive-archive.pdf (628 KB)
  OK Classical Hebrew Continuers/HSC-NESA/2022-hsc-cl-hebrew-continuers-mg-archive-archive.pdf (947 KB)
  OK Classical Hebrew Continuers/HSC-NESA/2022-hsc-cl-hebrew-continuers-mg-archive-archive.pdf (947 KB)
  OK Classical Hebrew Continuers/HSC-NESA/2023-hsc-cl-hebrew-continuers-mg.pdf (386 KB)
  OK Classical Hebrew Continuers/HSC-NESA/2023-hsc-cl-hebrew-continuers-mg.pdf (386 KB)
  OK Classical Hebrew Continuers/HSC-NESA/2023-hsc-cl-hebrew-continuers.pdf (1398 KB)
  OK Classical Hebrew Continuers/HSC-NESA/2023-hsc-cl-hebrew-continuers.pdf (1398 KB)
  OK Classical Hebrew Continuers/HSC-NESA/2024-hsc-cl-hebrew-continuers.pdf (498 KB)
  OK Classical Hebrew Continuers/HSC-NESA/2024-hsc-cl-hebrew-continuers.pdf (498 KB)
  OK Classical Hebrew Continuers/HSC-NESA/2024-hsc-classical-hebrew-continuers-mg.pdf (319 KB)
  OK Classical Hebrew Continuers/HSC-NESA/2024-hsc-classical-hebrew-continuers-mg.pdf (319 KB)
  OK Classical Hebrew Continuers/HSC-NESA/2025-hsc-cl-hebrew-continuers.pdf (448 KB)
  OK Classical Hebrew Continuers/HSC-NESA/2025-hsc-cl-hebrew-continuers.pdf (448 KB)
  OK Classical Hebrew Continuers/HSC-NESA/2025-hsc-cl-hebrew-continuers-mg.pdf (338 KB)
  OK Classical Hebrew Continuers/HSC-NESA/2025-hsc-cl-hebrew-continuers-mg.pdf (338 KB)
  OK Classical Hebrew Extension/HSC-NESA/2016-hsc-mg-cl-hebrew-ext-archive.pdf (229 KB)
  OK Classical Hebrew Extension/HSC-NESA/2016-hsc-mg-cl-hebrew-ext-archive.pdf (229 KB)
  OK Classical Hebrew Extension/HSC-NESA/2017-hsc-mg-cl-hebrew-ext-archive.pdf (172 KB)
  OK Classical Hebrew Extension/HSC-NESA/2017-hsc-mg-cl-hebrew-ext-archive.pdf (172 KB)
  OK Classical Hebrew Extension/HSC-NESA/2018-hsc-classical-hebrew-ext-archive.pdf (160 KB)
  OK Classical Hebrew Extension/HSC-NESA/2018-hsc-classical-hebrew-ext-archive.pdf (160 KB)
  OK Classical Hebrew Extension/HSC-NESA/2018-hsc-classical-hebrew-ext-mg-archive.pdf (463 KB)
  OK Classical Hebrew Extension/HSC-NESA/2018-hsc-classical-hebrew-ext-mg-archive.pdf (463 KB)
  OK Classical Hebrew Extension/HSC-NESA/2019-hsc-classical-hebrew-cont-archive.pdf (2131 KB)
  OK Classical Hebrew Extension/HSC-NESA/2019-hsc-classical-hebrew-cont-archive.pdf (2131 KB)
  OK Classical Hebrew Extension/HSC-NESA/2019-hsc-classical-hebrew-ext-mg-archive.pdf (181 KB)
  OK Classical Hebrew Extension/HSC-NESA/2019-hsc-classical-hebrew-ext-mg-archive.pdf (181 KB)
  OK Classical Hebrew Extension/HSC-NESA/2020-hsc-classical-hebrew-extension-archvie.pdf (240 KB)
  OK Classical Hebrew Extension/HSC-NESA/2020-hsc-classical-hebrew-extension-archvie.pdf (240 KB)
  OK Classical Hebrew Extension/HSC-NESA/2020-hsc-classical-hebrew-extension-mg-archive.pdf (220 KB)
  OK Classical Hebrew Extension/HSC-NESA/2020-hsc-classical-hebrew-extension-mg-archive.pdf (220 KB)
  OK Classical Hebrew Extension/HSC-NESA/2021-hsc-classical-hebrew-extension-archive.pdf (160 KB)
  OK Classical Hebrew Extension/HSC-NESA/2021-hsc-classical-hebrew-extension-archive.pdf (160 KB)
  OK Classical Hebrew Extension/HSC-NESA/2021-hsc-classical-hebrew-extension-mg-archive.pdf (755 KB)
  OK Classical Hebrew Extension/HSC-NESA/2021-hsc-classical-hebrew-extension-mg-archive.pdf (755 KB)
  OK Classical Hebrew Extension/HSC-NESA/2022-hsc-cl-hebrew-ext-mg.pdf (309 KB)
  OK Classical Hebrew Extension/HSC-NESA/2022-hsc-cl-hebrew-ext-mg.pdf (309 KB)
  OK Classical Hebrew Extension/HSC-NESA/2022-hsc-cl-hebrew-ext.pdf (186 KB)
  OK Classical Hebrew Extension/HSC-NESA/2022-hsc-cl-hebrew-ext.pdf (186 KB)
  OK Classical Hebrew Extension/HSC-NESA/2023-hsc-cl-hebrew-ext-mg.pdf (301 KB)
  OK Classical Hebrew Extension/HSC-NESA/2023-hsc-cl-hebrew-ext-mg.pdf (301 KB)
  OK Classical Hebrew Extension/HSC-NESA/2023-hsc-cl-hebrew-ext_20240318.pdf (969 KB)
  OK Classical Hebrew Extension/HSC-NESA/2023-hsc-cl-hebrew-ext_20240318.pdf (969 KB)
  OK Classical Hebrew Extension/HSC-NESA/2024-hsc-cl-hebrew-ext.pdf (365 KB)
  OK Classical Hebrew Extension/HSC-NESA/2024-hsc-cl-hebrew-ext.pdf (365 KB)
  OK Classical Hebrew Extension/HSC-NESA/2024-hsc-classical-hebrew-ext-mg.pdf (601 KB)
  OK Classical Hebrew Extension/HSC-NESA/2024-hsc-classical-hebrew-ext-mg.pdf (601 KB)
  OK Classical Hebrew Extension/HSC-NESA/2025-hsc-cl-hebrew-extension.pdf (258 KB)
  OK Classical Hebrew Extension/HSC-NESA/2025-hsc-cl-hebrew-extension.pdf (258 KB)
  OK Classical Hebrew Extension/HSC-NESA/2025-hsc-cl-hebrew-extension-mg.pdf (173 KB)
  OK Classical Hebrew Extension/HSC-NESA/2025-hsc-cl-hebrew-extension-mg.pdf (173 KB)
  OK Community & Family Studies/HSC-NESA/cafs-hsc-exam-2015.pdf (266 KB)
  OK Community & Family Studies/HSC-NESA/cafs-hsc-exam-2015.pdf (266 KB)
  OK Community & Family Studies/HSC-NESA/cafs-hsc-mg-2015.pdf (452 KB)
  OK Community & Family Studies/HSC-NESA/cafs-hsc-mg-2015.pdf (452 KB)
  OK Community & Family Studies/HSC-NESA/2016-cafs-hsc-sample-writing-booklet-s2.pdf (92 KB)
  OK Community & Family Studies/HSC-NESA/2016-cafs-hsc-sample-writing-booklet-s2.pdf (92 KB)
  OK Community & Family Studies/HSC-NESA/2016-hsc-community-and-family.pdf (257 KB)
  OK Community & Family Studies/HSC-NESA/2016-hsc-community-and-family.pdf (257 KB)
  OK Community & Family Studies/HSC-NESA/2016-hsc-mg-community-and-family.pdf (895 KB)
  OK Community & Family Studies/HSC-NESA/2016-hsc-mg-community-and-family.pdf (895 KB)
  OK Community & Family Studies/HSC-NESA/2017-hsc-community-and-family.pdf (227 KB)
  OK Community & Family Studies/HSC-NESA/2017-hsc-community-and-family.pdf (227 KB)
  OK Community & Family Studies/HSC-NESA/2017-hsc-mg-comm-and-family-studies.pdf (593 KB)
  OK Community & Family Studies/HSC-NESA/2017-hsc-mg-comm-and-family-studies.pdf (593 KB)
  OK Community & Family Studies/HSC-NESA/2018-hsc-community-and-fam-studies-mg.pdf (1275 KB)
  OK Community & Family Studies/HSC-NESA/2018-hsc-community-and-fam-studies-mg.pdf (1275 KB)
  OK Community & Family Studies/HSC-NESA/2018-hsc-community-and-family-studies.pdf (810 KB)
  OK Community & Family Studies/HSC-NESA/2018-hsc-community-and-family-studies.pdf (810 KB)
  OK Community & Family Studies/HSC-NESA/2019-hsc-community-and-family-studies-mg.pdf (359 KB)
  OK Community & Family Studies/HSC-NESA/2019-hsc-community-and-family-studies-mg.pdf (359 KB)
  OK Community & Family Studies/HSC-NESA/2019-hsc-community-and-family-studies.pdf (233 KB)
  OK Community & Family Studies/HSC-NESA/2019-hsc-community-and-family-studies.pdf (233 KB)
  OK Community & Family Studies/HSC-NESA/2020-hsc-community-and-family-studies-mg.pdf (412 KB)
  OK Community & Family Studies/HSC-NESA/2020-hsc-community-and-family-studies-mg.pdf (412 KB)
  OK Community & Family Studies/HSC-NESA/2020-hsc-community-and-family-studies.pdf (237 KB)
  OK Community & Family Studies/HSC-NESA/2020-hsc-community-and-family-studies.pdf (237 KB)
  OK Community & Family Studies/HSC-NESA/2021-hsc-community-and-family-studies-mg.pdf (1402 KB)
  OK Community & Family Studies/HSC-NESA/2021-hsc-community-and-family-studies-mg.pdf (1402 KB)
  OK Community & Family Studies/HSC-NESA/2021-hsc-community-and-family-studies.pdf (515 KB)
  OK Community & Family Studies/HSC-NESA/2021-hsc-community-and-family-studies.pdf (515 KB)
  OK Community & Family Studies/HSC-NESA/2022-hsc-cafs-mg.pdf (1374 KB)
  OK Community & Family Studies/HSC-NESA/2022-hsc-cafs-mg.pdf (1374 KB)
  OK Community & Family Studies/HSC-NESA/2022-hsc-community-and-family-studies.pdf (265 KB)
  OK Community & Family Studies/HSC-NESA/2022-hsc-community-and-family-studies.pdf (265 KB)
  OK Community & Family Studies/HSC-NESA/2023-hsc-cafs-mg.pdf (740 KB)
  OK Community & Family Studies/HSC-NESA/2023-hsc-cafs-mg.pdf (740 KB)
  OK Community & Family Studies/HSC-NESA/2023-hsc-cafs.pdf (268 KB)
  OK Community & Family Studies/HSC-NESA/2023-hsc-cafs.pdf (268 KB)
  OK Community & Family Studies/HSC-NESA/2024-hsc-cafs-mg.pdf (884 KB)
  OK Community & Family Studies/HSC-NESA/2024-hsc-cafs-mg.pdf (884 KB)
  OK Community & Family Studies/HSC-NESA/2024-hsc-cafs.pdf (252 KB)
  OK Community & Family Studies/HSC-NESA/2024-hsc-cafs.pdf (252 KB)
  OK Community & Family Studies/HSC-NESA/2025-hsc-cafs-mg.pdf (1317 KB)
  OK Community & Family Studies/HSC-NESA/2025-hsc-cafs-mg.pdf (1317 KB)
  OK Community & Family Studies/HSC-NESA/2025-hsc-cafs.pdf (749 KB)
  OK Community & Family Studies/HSC-NESA/2025-hsc-cafs.pdf (749 KB)
  OK Construction/HSC-NESA/vet-construction-hsc-exam-2015.pdf (1395 KB)
  OK Construction/HSC-NESA/vet-construction-hsc-exam-2015.pdf (1395 KB)
  OK Construction/HSC-NESA/vet-construction-hsc-mg-2015.pdf (618 KB)
  OK Construction/HSC-NESA/vet-construction-hsc-mg-2015.pdf (618 KB)
  OK Construction/HSC-NESA/2016-hsc-mg-vet-construction.pdf (116 KB)
  OK Construction/HSC-NESA/2016-hsc-mg-vet-construction.pdf (116 KB)
  OK Construction/HSC-NESA/2016-hsc-vet-construction.pdf (122 KB)
  OK Construction/HSC-NESA/2016-hsc-vet-construction.pdf (122 KB)
  OK Construction/HSC-NESA/2017-hsc-mg-vet-contruction.pdf (464 KB)
  OK Construction/HSC-NESA/2017-hsc-mg-vet-contruction.pdf (464 KB)
  OK Construction/HSC-NESA/2017-hsc-vet-construction.pdf (1122 KB)
  OK Construction/HSC-NESA/2017-hsc-vet-construction.pdf (1122 KB)
  OK Construction/HSC-NESA/2018-hsc-vet-construction-mg.pdf (568 KB)
  OK Construction/HSC-NESA/2018-hsc-vet-construction-mg.pdf (568 KB)
  OK Construction/HSC-NESA/2018-hsc-vet-construction_0.pdf (253 KB)
  OK Construction/HSC-NESA/2018-hsc-vet-construction_0.pdf (253 KB)
  OK Construction/HSC-NESA/2019-hsc-vet-construction-mg.pdf (308 KB)
  OK Construction/HSC-NESA/2019-hsc-vet-construction-mg.pdf (308 KB)
  OK Construction/HSC-NESA/2019-hsc-vet-construction.pdf (241 KB)
  OK Construction/HSC-NESA/2019-hsc-vet-construction.pdf (241 KB)
  OK Construction/HSC-NESA/2020-hsc-construction-mg.pdf (441 KB)
  OK Construction/HSC-NESA/2020-hsc-construction-mg.pdf (441 KB)
  OK Construction/HSC-NESA/2020-hsc-vet-construction.pdf (182 KB)
  OK Construction/HSC-NESA/2020-hsc-vet-construction.pdf (182 KB)
  OK Construction/HSC-NESA/2021-hsc-construction-mg.pdf (1116 KB)
  OK Construction/HSC-NESA/2021-hsc-construction-mg.pdf (1116 KB)
  OK Construction/HSC-NESA/2021-hsc-vet-construction.pdf (195 KB)
  OK Construction/HSC-NESA/2021-hsc-vet-construction.pdf (195 KB)
  OK Construction/HSC-NESA/2022-hsc-vet-construction-mg.pdf (720 KB)
  OK Construction/HSC-NESA/2022-hsc-vet-construction-mg.pdf (720 KB)
  OK Construction/HSC-NESA/2022-hsc-vet-construction.pdf (355 KB)
  OK Construction/HSC-NESA/2022-hsc-vet-construction.pdf (355 KB)
  OK Construction/HSC-NESA/2023-hsc-vet-construction-mg.pdf (864 KB)
  OK Construction/HSC-NESA/2023-hsc-vet-construction-mg.pdf (864 KB)
  OK Construction/HSC-NESA/2023-hsc-vet-construction.pdf (763 KB)
  OK Construction/HSC-NESA/2023-hsc-vet-construction.pdf (763 KB)
  OK Construction/HSC-NESA/2024-hsc-vet-construction-mg.pdf (1122 KB)
  OK Construction/HSC-NESA/2024-hsc-vet-construction-mg.pdf (1122 KB)
  OK Construction/HSC-NESA/2024-hsc-vet-construction.pdf (248 KB)
  OK Construction/HSC-NESA/2024-hsc-vet-construction.pdf (248 KB)
  OK Construction/HSC-NESA/2025-hsc-vet-construction-mg.pdf (219 KB)
  OK Construction/HSC-NESA/2025-hsc-vet-construction-mg.pdf (219 KB)
  OK Construction/HSC-NESA/2025-hsc-vet-construction.pdf (540 KB)
  OK Construction/HSC-NESA/2025-hsc-vet-construction.pdf (540 KB)
  OK Croatian Continuers/HSC-NESA/croatian-cont-hsc-exam-2015-archive.pdf (760 KB)
  OK Croatian Continuers/HSC-NESA/croatian-cont-hsc-exam-2015-archive.pdf (760 KB)
  OK Croatian Continuers/HSC-NESA/croatian-cont-hsc-exam-transcript-2015-archive.pdf (527 KB)
  OK Croatian Continuers/HSC-NESA/croatian-cont-hsc-exam-transcript-2015-archive.pdf (527 KB)
  OK Croatian Continuers/HSC-NESA/croatian-cont-hsc-mg-2015-archive.pdf (764 KB)
  OK Croatian Continuers/HSC-NESA/croatian-cont-hsc-mg-2015-archive.pdf (764 KB)
  OK Croatian Continuers/HSC-NESA/2016-hsc-croatian-archive.pdf (232 KB)
  OK Croatian Continuers/HSC-NESA/2016-hsc-croatian-archive.pdf (232 KB)
  OK Croatian Continuers/HSC-NESA/2016-hsc-croatian-transcript-archive.pdf (112 KB)
  OK Croatian Continuers/HSC-NESA/2016-hsc-croatian-transcript-archive.pdf (112 KB)
  OK Croatian Continuers/HSC-NESA/2016-hsc-mg-croatian-archive.pdf (285 KB)
  OK Croatian Continuers/HSC-NESA/2016-hsc-mg-croatian-archive.pdf (285 KB)
  OK Croatian Continuers/HSC-NESA/2017-hsc-croatian-archive.pdf (213 KB)
  OK Croatian Continuers/HSC-NESA/2017-hsc-croatian-archive.pdf (213 KB)
  OK Croatian Continuers/HSC-NESA/2017-hsc-croatian-transcript-archive.pdf (114 KB)
  OK Croatian Continuers/HSC-NESA/2017-hsc-croatian-transcript-archive.pdf (114 KB)
  OK Croatian Continuers/HSC-NESA/2017-hsc-mg-croatian-archive.pdf (333 KB)
  OK Croatian Continuers/HSC-NESA/2017-hsc-mg-croatian-archive.pdf (333 KB)
  OK Croatian Continuers/HSC-NESA/2018-hsc-croatian-archive.pdf (253 KB)
  OK Croatian Continuers/HSC-NESA/2018-hsc-croatian-archive.pdf (253 KB)
  OK Croatian Continuers/HSC-NESA/2018-hsc-croatian-mg-archive.pdf (741 KB)
  OK Croatian Continuers/HSC-NESA/2018-hsc-croatian-mg-archive.pdf (741 KB)
  OK Croatian Continuers/HSC-NESA/2018-hsc-croatian-transcript-archive.pdf (113 KB)
  OK Croatian Continuers/HSC-NESA/2018-hsc-croatian-transcript-archive.pdf (113 KB)
  OK Croatian Continuers/HSC-NESA/2019-hsc-croatian-archive.pdf (647 KB)
  OK Croatian Continuers/HSC-NESA/2019-hsc-croatian-archive.pdf (647 KB)
  OK Croatian Continuers/HSC-NESA/2019-hsc-croatian-mg-archive.pdf (817 KB)
  OK Croatian Continuers/HSC-NESA/2019-hsc-croatian-mg-archive.pdf (817 KB)
  OK Croatian Continuers/HSC-NESA/2019-hsc-croatian-transcript-archive.pdf (518 KB)
  OK Croatian Continuers/HSC-NESA/2019-hsc-croatian-transcript-archive.pdf (518 KB)
  OK Croatian Continuers/HSC-NESA/2020-croatian-archive.pdf (693 KB)
  OK Croatian Continuers/HSC-NESA/2020-croatian-archive.pdf (693 KB)
  OK Croatian Continuers/HSC-NESA/2020-croatian-transcript-archive.pdf (540 KB)
  OK Croatian Continuers/HSC-NESA/2020-croatian-transcript-archive.pdf (540 KB)
  OK Croatian Continuers/HSC-NESA/2020-hsc-croatian-mg-archive.pdf (1016 KB)
  OK Croatian Continuers/HSC-NESA/2020-hsc-croatian-mg-archive.pdf (1016 KB)
  OK Croatian Continuers/HSC-NESA/2021-croatian-archive.pdf (679 KB)
  OK Croatian Continuers/HSC-NESA/2021-croatian-archive.pdf (679 KB)
  OK Croatian Continuers/HSC-NESA/2021-croatian-transcript-archive.pdf (521 KB)
  OK Croatian Continuers/HSC-NESA/2021-croatian-transcript-archive.pdf (521 KB)
  OK Croatian Continuers/HSC-NESA/2021-hsc-croatian-mg-archive.pdf (1483 KB)
  OK Croatian Continuers/HSC-NESA/2021-hsc-croatian-mg-archive.pdf (1483 KB)
  OK Croatian Continuers/HSC-NESA/2022-hsc-croatian-archive.pdf (306 KB)
  OK Croatian Continuers/HSC-NESA/2022-hsc-croatian-archive.pdf (306 KB)
  OK Croatian Continuers/HSC-NESA/2022-hsc-croatian-mg-archive.pdf (222 KB)
  OK Croatian Continuers/HSC-NESA/2022-hsc-croatian-mg-archive.pdf (222 KB)
  OK Croatian Continuers/HSC-NESA/2022-hsc-croatian-transcript_archive.pdf (141 KB)
  OK Croatian Continuers/HSC-NESA/2022-hsc-croatian-transcript_archive.pdf (141 KB)
  OK Croatian Continuers/HSC-NESA/2023-hsc-croatian-transcript.pdf (627 KB)
  OK Croatian Continuers/HSC-NESA/2023-hsc-croatian-transcript.pdf (627 KB)
  OK Croatian Continuers/HSC-NESA/2023-hsc-croatian-mg.pdf (570 KB)
  OK Croatian Continuers/HSC-NESA/2023-hsc-croatian-mg.pdf (570 KB)
  OK Croatian Continuers/HSC-NESA/2023-hsc-croatian.pdf (1024 KB)
  OK Croatian Continuers/HSC-NESA/2023-hsc-croatian.pdf (1024 KB)
  OK Croatian Continuers/HSC-NESA/2024-hsc-croatian-mg.pdf (438 KB)
  OK Croatian Continuers/HSC-NESA/2024-hsc-croatian-mg.pdf (438 KB)
  OK Croatian Continuers/HSC-NESA/2024-hsc-croatian-transcript.pdf (338 KB)
  OK Croatian Continuers/HSC-NESA/2024-hsc-croatian-transcript.pdf (338 KB)
  OK Croatian Continuers/HSC-NESA/2024-hsc-croatian.pdf (451 KB)
  OK Croatian Continuers/HSC-NESA/2024-hsc-croatian.pdf (451 KB)
  OK Croatian Continuers/HSC-NESA/2025-hsc-croatian-transcript.pdf (320 KB)
  OK Croatian Continuers/HSC-NESA/2025-hsc-croatian-transcript.pdf (320 KB)
  OK Croatian Continuers/HSC-NESA/2025-hsc-croatian.pdf (1320 KB)
  OK Croatian Continuers/HSC-NESA/2025-hsc-croatian.pdf (1320 KB)
  OK Croatian Continuers/HSC-NESA/2025-hsc-croatian-mg.pdf (329 KB)
  OK Croatian Continuers/HSC-NESA/2025-hsc-croatian-mg.pdf (329 KB)
  OK Dance/HSC-NESA/dance-hsc-exam-s1-2015.pdf (90 KB)
  OK Dance/HSC-NESA/dance-hsc-exam-s1-2015.pdf (90 KB)
  OK Dance/HSC-NESA/dance-hsc-exam-s2-2015.pdf (89 KB)
  OK Dance/HSC-NESA/dance-hsc-exam-s2-2015.pdf (89 KB)
  OK Dance/HSC-NESA/dance-hsc-mg-2015.pdf (319 KB)
  OK Dance/HSC-NESA/dance-hsc-mg-2015.pdf (319 KB)
  OK Dance/HSC-NESA/2016-hsc-dance-1-core.pdf (86 KB)
  OK Dance/HSC-NESA/2016-hsc-dance-1-core.pdf (86 KB)
  OK Dance/HSC-NESA/2016-hsc-dance-2-major.pdf (81 KB)
  OK Dance/HSC-NESA/2016-hsc-dance-2-major.pdf (81 KB)
  OK Dance/HSC-NESA/2016-hsc-mg-dance-written.pdf (272 KB)
  OK Dance/HSC-NESA/2016-hsc-mg-dance-written.pdf (272 KB)
  OK Dance/HSC-NESA/2017-hsc-dance-section-1-core.pdf (106 KB)
  OK Dance/HSC-NESA/2017-hsc-dance-section-1-core.pdf (106 KB)
  OK Dance/HSC-NESA/2017-hsc-dance-section-2-major.pdf (96 KB)
  OK Dance/HSC-NESA/2017-hsc-dance-section-2-major.pdf (96 KB)
  OK Dance/HSC-NESA/2017-hsc-mg-dance.pdf (356 KB)
  OK Dance/HSC-NESA/2017-hsc-mg-dance.pdf (356 KB)
  OK Dance/HSC-NESA/2018-hsc-dance-sec-1-core.pdf (113 KB)
  OK Dance/HSC-NESA/2018-hsc-dance-sec-1-core.pdf (113 KB)
  OK Dance/HSC-NESA/2018-hsc-dance-sec-2-major.pdf (121 KB)
  OK Dance/HSC-NESA/2018-hsc-dance-sec-2-major.pdf (121 KB)
  OK Dance/HSC-NESA/2018-hsc-dance-written-mg.pdf (667 KB)
  OK Dance/HSC-NESA/2018-hsc-dance-written-mg.pdf (667 KB)
  OK Dance/HSC-NESA/2019-hsc-dance-s1-core.pdf (104 KB)
  OK Dance/HSC-NESA/2019-hsc-dance-s1-core.pdf (104 KB)
  OK Dance/HSC-NESA/2019-hsc-dance-s2-major.pdf (107 KB)
  OK Dance/HSC-NESA/2019-hsc-dance-s2-major.pdf (107 KB)
  OK Dance/HSC-NESA/2019-hsc-dance-written-mg.pdf (200 KB)
  OK Dance/HSC-NESA/2019-hsc-dance-written-mg.pdf (200 KB)
  OK Dance/HSC-NESA/2020-hsc-dance-s1-core.pdf (86 KB)
  OK Dance/HSC-NESA/2020-hsc-dance-s1-core.pdf (86 KB)
  OK Dance/HSC-NESA/2020-hsc-dance-s2-major.pdf (89 KB)
  OK Dance/HSC-NESA/2020-hsc-dance-s2-major.pdf (89 KB)
  OK Dance/HSC-NESA/2020-hsc-dance-written-mg.pdf (355 KB)
  OK Dance/HSC-NESA/2020-hsc-dance-written-mg.pdf (355 KB)
  OK Dance/HSC-NESA/2021-hsc-dance-s1-core.pdf (101 KB)
  OK Dance/HSC-NESA/2021-hsc-dance-s1-core.pdf (101 KB)
  OK Dance/HSC-NESA/2021-hsc-dance-s2-major.pdf (91 KB)
  OK Dance/HSC-NESA/2021-hsc-dance-s2-major.pdf (91 KB)
  OK Dance/HSC-NESA/2021-hsc-dance-written-mg.pdf (812 KB)
  OK Dance/HSC-NESA/2021-hsc-dance-written-mg.pdf (812 KB)
  OK Dance/HSC-NESA/2022-hsc-dance-s1-core.pdf (100 KB)
  OK Dance/HSC-NESA/2022-hsc-dance-s1-core.pdf (100 KB)
  OK Dance/HSC-NESA/2022-hsc-dance-s2-major.pdf (100 KB)
  OK Dance/HSC-NESA/2022-hsc-dance-s2-major.pdf (100 KB)
  OK Dance/HSC-NESA/2022-hsc-dance-written-mg.pdf (314 KB)
  OK Dance/HSC-NESA/2022-hsc-dance-written-mg.pdf (314 KB)
  OK Dance/HSC-NESA/2023-hsc-dance-mg.pdf (574 KB)
  OK Dance/HSC-NESA/2023-hsc-dance-mg.pdf (574 KB)
  OK Dance/HSC-NESA/2023-hsc-dance-s1-core.pdf (165 KB)
  OK Dance/HSC-NESA/2023-hsc-dance-s1-core.pdf (165 KB)
  OK Dance/HSC-NESA/2023-hsc-dance-s2-major.pdf (170 KB)
  OK Dance/HSC-NESA/2023-hsc-dance-s2-major.pdf (170 KB)
  OK Dance/HSC-NESA/2024-hsc-dance-mg.pdf (911 KB)
  OK Dance/HSC-NESA/2024-hsc-dance-mg.pdf (911 KB)
  OK Dance/HSC-NESA/2024-hsc-dance-s1-core.pdf (139 KB)
  OK Dance/HSC-NESA/2024-hsc-dance-s1-core.pdf (139 KB)
  OK Dance/HSC-NESA/2024-hsc-dance-s2-major.pdf (141 KB)
  OK Dance/HSC-NESA/2024-hsc-dance-s2-major.pdf (141 KB)
  OK Dance/HSC-NESA/2025-hsc-dance-s1-core.pdf (167 KB)
  OK Dance/HSC-NESA/2025-hsc-dance-s1-core.pdf (167 KB)
  OK Dance/HSC-NESA/2025-hsc-dance-s2-major.pdf (151 KB)
  OK Dance/HSC-NESA/2025-hsc-dance-s2-major.pdf (151 KB)
  OK Dance/HSC-NESA/2025-hsc-dance-written-mg.pdf (191 KB)
  OK Dance/HSC-NESA/2025-hsc-dance-written-mg.pdf (191 KB)
  OK Drama/HSC-NESA/drama-hsc-exam-2015.pdf (81 KB)
  OK Drama/HSC-NESA/drama-hsc-exam-2015.pdf (81 KB)
  OK Drama/HSC-NESA/drama-hsc-mg-2015.pdf (162 KB)
  OK Drama/HSC-NESA/drama-hsc-mg-2015.pdf (162 KB)
  OK Drama/HSC-NESA/drama-hsc-sample-writing-booklet-2015.pdf (178 KB)
  OK Drama/HSC-NESA/drama-hsc-sample-writing-booklet-2015.pdf (178 KB)
  OK Drama/HSC-NESA/2016-hsc-drama.pdf (81 KB)
  OK Drama/HSC-NESA/2016-hsc-drama.pdf (81 KB)
  OK Drama/HSC-NESA/2016-hsc-mg-drama.pdf (175 KB)
  OK Drama/HSC-NESA/2016-hsc-mg-drama.pdf (175 KB)
  OK Drama/HSC-NESA/2017-hsc-drama.pdf (141 KB)
  OK Drama/HSC-NESA/2017-hsc-drama.pdf (141 KB)
  OK Drama/HSC-NESA/2017-hsc-mg-drama.pdf (164 KB)
  OK Drama/HSC-NESA/2017-hsc-mg-drama.pdf (164 KB)
  OK Drama/HSC-NESA/2018-hsc-drama-mg.pdf (422 KB)
  OK Drama/HSC-NESA/2018-hsc-drama-mg.pdf (422 KB)
  OK Drama/HSC-NESA/2018-hsc-drama.pdf (109 KB)
  OK Drama/HSC-NESA/2018-hsc-drama.pdf (109 KB)
  OK Drama/HSC-NESA/2019-hsc-drama-mg.pdf (120 KB)
  OK Drama/HSC-NESA/2019-hsc-drama-mg.pdf (120 KB)
  OK Drama/HSC-NESA/2019-hsc-drama.pdf (141 KB)
  OK Drama/HSC-NESA/2019-hsc-drama.pdf (141 KB)
  OK Drama/HSC-NESA/2020-hsc-drama-mg.pdf (214 KB)
  OK Drama/HSC-NESA/2020-hsc-drama-mg.pdf (214 KB)
  OK Drama/HSC-NESA/2020-hsc-drama.pdf (66 KB)
  OK Drama/HSC-NESA/2020-hsc-drama.pdf (66 KB)
  OK Drama/HSC-NESA/2021-hsc-drama-mg.pdf (426 KB)
  OK Drama/HSC-NESA/2021-hsc-drama-mg.pdf (426 KB)
  OK Drama/HSC-NESA/2021-hsc-drama.pdf (132 KB)
  OK Drama/HSC-NESA/2021-hsc-drama.pdf (132 KB)
  OK Drama/HSC-NESA/2022-hsc-drama-mg.pdf (445 KB)
  OK Drama/HSC-NESA/2022-hsc-drama-mg.pdf (445 KB)
  OK Drama/HSC-NESA/2022-hsc-drama.pdf (125 KB)
  OK Drama/HSC-NESA/2022-hsc-drama.pdf (125 KB)
  OK Drama/HSC-NESA/2023-hsc-drama-mg.pdf (202 KB)
  OK Drama/HSC-NESA/2023-hsc-drama-mg.pdf (202 KB)
  OK Drama/HSC-NESA/2023-hsc-drama.pdf (211 KB)
  OK Drama/HSC-NESA/2023-hsc-drama.pdf (211 KB)
  OK Drama/HSC-NESA/2024-hsc-drama-mg.pdf (645 KB)
  OK Drama/HSC-NESA/2024-hsc-drama-mg.pdf (645 KB)
  OK Drama/HSC-NESA/2024-hsc-drama.pdf (189 KB)
  OK Drama/HSC-NESA/2024-hsc-drama.pdf (189 KB)
  OK Drama/HSC-NESA/2025-hsc-drama-mg.pdf (221 KB)
  OK Drama/HSC-NESA/2025-hsc-drama-mg.pdf (221 KB)
  OK Drama/HSC-NESA/2025-hsc-drama.pdf (188 KB)
  OK Drama/HSC-NESA/2025-hsc-drama.pdf (188 KB)
  OK Earth & Environmental Science/HSC-NESA/earth-env-science-hsc-exam-2014-archive.pdf (1759 KB)
  OK Earth & Environmental Science/HSC-NESA/earth-env-science-hsc-exam-2014-archive.pdf (1759 KB)
  OK Earth & Environmental Science/HSC-NESA/earth-env-science-hsc-mg-2014-archive.pdf (387 KB)
  OK Earth & Environmental Science/HSC-NESA/earth-env-science-hsc-mg-2014-archive.pdf (387 KB)
  OK Earth & Environmental Science/HSC-NESA/earth-env-science-hsc-exam-2015-archive.pdf (2005 KB)
  OK Earth & Environmental Science/HSC-NESA/earth-env-science-hsc-exam-2015-archive.pdf (2005 KB)
  OK Earth & Environmental Science/HSC-NESA/earth-env-science-hsc-mg-2015-archive.pdf (1023 KB)
  OK Earth & Environmental Science/HSC-NESA/earth-env-science-hsc-mg-2015-archive.pdf (1023 KB)
  OK Earth & Environmental Science/HSC-NESA/2016-hsc-earth-and-enviro-sci-archive.pdf (391 KB)
  OK Earth & Environmental Science/HSC-NESA/2016-hsc-earth-and-enviro-sci-archive.pdf (391 KB)
  OK Earth & Environmental Science/HSC-NESA/2016-hsc-mg-earth-and-environmental-sci-archive.pdf (995 KB)
  OK Earth & Environmental Science/HSC-NESA/2016-hsc-mg-earth-and-environmental-sci-archive.pdf (995 KB)
  OK Earth & Environmental Science/HSC-NESA/2017-hsc-earth-and-enviro-science-archive.pdf (489 KB)
  OK Earth & Environmental Science/HSC-NESA/2017-hsc-earth-and-enviro-science-archive.pdf (489 KB)
  OK Earth & Environmental Science/HSC-NESA/2017-hsc-mg-earth-and-environ.pdf (1055 KB)
  OK Earth & Environmental Science/HSC-NESA/2017-hsc-mg-earth-and-environ.pdf (1055 KB)
  OK Earth & Environmental Science/HSC-NESA/2018-hsc-earth-and-environmental-science-archive.pdf (326 KB)
  OK Earth & Environmental Science/HSC-NESA/2018-hsc-earth-and-environmental-science-archive.pdf (326 KB)
  OK Earth & Environmental Science/HSC-NESA/2018-hsc-earth-and-environmental-science-mg-archive.pdf (2150 KB)
  OK Earth & Environmental Science/HSC-NESA/2018-hsc-earth-and-environmental-science-mg-archive.pdf (2150 KB)
  OK Earth & Environmental Science/HSC-NESA/earth-env-science-sample-hsc-section-i-part-b-answer-booklet-archive.pdf (360 KB)
  OK Earth & Environmental Science/HSC-NESA/earth-env-science-sample-hsc-section-i-part-b-answer-booklet-archive.pdf (360 KB)
  OK Earth & Environmental Science/HSC-NESA/earth-env-science-sample-hsc-section-ii-writing-booklet-archive.pdf (299 KB)
  OK Earth & Environmental Science/HSC-NESA/earth-env-science-sample-hsc-section-ii-writing-booklet-archive.pdf (299 KB)
  OK Earth & Environmental Science/HSC-NESA/2019-hsc-earth-and-environmental-science-mg.pdf (1252 KB)
  OK Earth & Environmental Science/HSC-NESA/2019-hsc-earth-and-environmental-science-mg.pdf (1252 KB)
  OK Earth & Environmental Science/HSC-NESA/2019-hsc-earth-and-environmental-science.pdf (3964 KB)
  OK Earth & Environmental Science/HSC-NESA/2019-hsc-earth-and-environmental-science.pdf (3964 KB)
  OK Earth & Environmental Science/HSC-NESA/2020-hsc-earth-and-environmental-science-mg.pdf (928 KB)
  OK Earth & Environmental Science/HSC-NESA/2020-hsc-earth-and-environmental-science-mg.pdf (928 KB)
  OK Earth & Environmental Science/HSC-NESA/2020-hsc-earth-and-environmental-science.pdf (1015 KB)
  OK Earth & Environmental Science/HSC-NESA/2020-hsc-earth-and-environmental-science.pdf (1015 KB)
  OK Earth & Environmental Science/HSC-NESA/2021-hsc-earth-and-environmental-science-mg.pdf (1227 KB)
  OK Earth & Environmental Science/HSC-NESA/2021-hsc-earth-and-environmental-science-mg.pdf (1227 KB)
  OK Earth & Environmental Science/HSC-NESA/2021-hsc-earth-and-environmental-science.pdf (1499 KB)
  OK Earth & Environmental Science/HSC-NESA/2021-hsc-earth-and-environmental-science.pdf (1499 KB)
  OK Earth & Environmental Science/HSC-NESA/2022-hsc-earth-and-enviro-sci-mg.pdf (499 KB)
  OK Earth & Environmental Science/HSC-NESA/2022-hsc-earth-and-enviro-sci-mg.pdf (499 KB)
  OK Earth & Environmental Science/HSC-NESA/2022-hsc-earth-and-environmental-science.pdf (1488 KB)
  OK Earth & Environmental Science/HSC-NESA/2022-hsc-earth-and-environmental-science.pdf (1488 KB)
  OK Earth & Environmental Science/HSC-NESA/2023-hsc-earth-and-environmental-science-mg.pdf (1044 KB)
  OK Earth & Environmental Science/HSC-NESA/2023-hsc-earth-and-environmental-science-mg.pdf (1044 KB)
  OK Earth & Environmental Science/HSC-NESA/2023-hsc-earth-and-environmental-science.pdf (941 KB)
  OK Earth & Environmental Science/HSC-NESA/2023-hsc-earth-and-environmental-science.pdf (941 KB)
  OK Earth & Environmental Science/HSC-NESA/2024-hsc-earth-and-environmental-science-mg.pdf (798 KB)
  OK Earth & Environmental Science/HSC-NESA/2024-hsc-earth-and-environmental-science-mg.pdf (798 KB)
  OK Earth & Environmental Science/HSC-NESA/2024-hsc-earth-and-environmental-science-cc.pdf (3008 KB)
  OK Earth & Environmental Science/HSC-NESA/2024-hsc-earth-and-environmental-science-cc.pdf (3008 KB)
  OK Earth & Environmental Science/HSC-NESA/2025-hsc-earth-and-environment-science-mg.pdf (1547 KB)
  OK Earth & Environmental Science/HSC-NESA/2025-hsc-earth-and-environment-science-mg.pdf (1547 KB)
  OK Earth & Environmental Science/HSC-NESA/2025-hsc-earth-and-environmental-science.pdf (1847 KB)
  OK Earth & Environmental Science/HSC-NESA/2025-hsc-earth-and-environmental-science.pdf (1847 KB)
  OK Economics/HSC-NESA/economics-hsc-exam-2015.pdf (258 KB)
  OK Economics/HSC-NESA/economics-hsc-exam-2015.pdf (258 KB)
  OK Economics/HSC-NESA/economics-hsc-mg-2015.pdf (416 KB)
  OK Economics/HSC-NESA/economics-hsc-mg-2015.pdf (416 KB)
  OK Economics/HSC-NESA/2016-hsc-economics.pdf (158 KB)
  OK Economics/HSC-NESA/2016-hsc-economics.pdf (158 KB)
  OK Economics/HSC-NESA/2016-hsc-mg-economics.pdf (512 KB)
  OK Economics/HSC-NESA/2016-hsc-mg-economics.pdf (512 KB)
  OK Economics/HSC-NESA/2017-hsc-economics.pdf (243 KB)
  OK Economics/HSC-NESA/2017-hsc-economics.pdf (243 KB)
  OK Economics/HSC-NESA/2017-hsc-mg-economics.pdf (401 KB)
  OK Economics/HSC-NESA/2017-hsc-mg-economics.pdf (401 KB)
  OK Economics/HSC-NESA/2018-hsc-economics-mg.pdf (1287 KB)
  OK Economics/HSC-NESA/2018-hsc-economics-mg.pdf (1287 KB)
  OK Economics/HSC-NESA/2018-hsc-economics.pdf (720 KB)
  OK Economics/HSC-NESA/2018-hsc-economics.pdf (720 KB)
  OK Economics/HSC-NESA/2019-hsc-economics-mg.pdf (348 KB)
  OK Economics/HSC-NESA/2019-hsc-economics-mg.pdf (348 KB)
  OK Economics/HSC-NESA/2019-hsc-economics.pdf (221 KB)
  OK Economics/HSC-NESA/2019-hsc-economics.pdf (221 KB)
  OK Economics/HSC-NESA/2020-hsc-economics-mg.pdf (374 KB)
  OK Economics/HSC-NESA/2020-hsc-economics-mg.pdf (374 KB)
  OK Economics/HSC-NESA/2020-hsc-economics.pdf (187 KB)
  OK Economics/HSC-NESA/2020-hsc-economics.pdf (187 KB)
  OK Economics/HSC-NESA/2021-hsc-economics-mg.pdf (1082 KB)
  OK Economics/HSC-NESA/2021-hsc-economics-mg.pdf (1082 KB)
  OK Economics/HSC-NESA/2021-hsc-economics.pdf (765 KB)
  OK Economics/HSC-NESA/2021-hsc-economics.pdf (765 KB)
  OK Economics/HSC-NESA/2022-hsc-economics-mg.pdf (420 KB)
  OK Economics/HSC-NESA/2022-hsc-economics-mg.pdf (420 KB)
  OK Economics/HSC-NESA/2022-hsc-economics.pdf (225 KB)
  OK Economics/HSC-NESA/2022-hsc-economics.pdf (225 KB)
  OK Economics/HSC-NESA/2023-hsc-economics-mg.pdf (393 KB)
  OK Economics/HSC-NESA/2023-hsc-economics-mg.pdf (393 KB)
  OK Economics/HSC-NESA/2023-hsc-economics.pdf (430 KB)
  OK Economics/HSC-NESA/2023-hsc-economics.pdf (430 KB)
  OK Economics/HSC-NESA/2024-hsc-economics-mg.pdf (577 KB)
  OK Economics/HSC-NESA/2024-hsc-economics-mg.pdf (577 KB)
  OK Economics/HSC-NESA/2024-hsc-economics.pdf (1129 KB)
  OK Economics/HSC-NESA/2024-hsc-economics.pdf (1129 KB)
  OK Economics/HSC-NESA/2025-hsc-economics.pdf (1492 KB)
  OK Economics/HSC-NESA/2025-hsc-economics.pdf (1492 KB)
  OK Economics/HSC-NESA/2025-hsc-economics-mg.pdf (481 KB)
  OK Economics/HSC-NESA/2025-hsc-economics-mg.pdf (481 KB)
  OK Electrotechnology/HSC-NESA/vet-electrotechnology-hsc-exam-2015.pdf (366 KB)
  OK Electrotechnology/HSC-NESA/vet-electrotechnology-hsc-exam-2015.pdf (366 KB)
  OK Electrotechnology/HSC-NESA/vet-electrotechnology-hsc-mg-2015.pdf (716 KB)
  OK Electrotechnology/HSC-NESA/vet-electrotechnology-hsc-mg-2015.pdf (716 KB)
  OK Electrotechnology/HSC-NESA/2016-hsc-mg-vet-electrotechnology.pdf (462 KB)
  OK Electrotechnology/HSC-NESA/2016-hsc-mg-vet-electrotechnology.pdf (462 KB)
  OK Electrotechnology/HSC-NESA/2016-hsc-vet-electrotechnology.pdf (446 KB)
  OK Electrotechnology/HSC-NESA/2016-hsc-vet-electrotechnology.pdf (446 KB)
  OK Electrotechnology/HSC-NESA/2017-hsc-mg-vet-electrotechnology.pdf (456 KB)
  OK Electrotechnology/HSC-NESA/2017-hsc-mg-vet-electrotechnology.pdf (456 KB)
  OK Electrotechnology/HSC-NESA/2017-hsc-vet-electrotechnology.pdf (339 KB)
  OK Electrotechnology/HSC-NESA/2017-hsc-vet-electrotechnology.pdf (339 KB)
  OK Electrotechnology/HSC-NESA/2018-hsc-electrotechnology-mg.pdf (774 KB)
  OK Electrotechnology/HSC-NESA/2018-hsc-electrotechnology-mg.pdf (774 KB)
  OK Electrotechnology/HSC-NESA/2018-hsc-vet-electrotechnology.pdf (467 KB)
  OK Electrotechnology/HSC-NESA/2018-hsc-vet-electrotechnology.pdf (467 KB)
  OK Electrotechnology/HSC-NESA/2019-hsc-vet-electrotechnology-mg.pdf (437 KB)
  OK Electrotechnology/HSC-NESA/2019-hsc-vet-electrotechnology-mg.pdf (437 KB)
  OK Electrotechnology/HSC-NESA/2019-hsc-vet-electrotechnology.pdf (192 KB)
  OK Electrotechnology/HSC-NESA/2019-hsc-vet-electrotechnology.pdf (192 KB)
  OK Electrotechnology/HSC-NESA/2020-hsc-electrotechnology-mg.pdf (680 KB)
  OK Electrotechnology/HSC-NESA/2020-hsc-electrotechnology-mg.pdf (680 KB)
  OK Electrotechnology/HSC-NESA/2020-hsc-vet-electrotechnology.pdf (208 KB)
  OK Electrotechnology/HSC-NESA/2020-hsc-vet-electrotechnology.pdf (208 KB)
  OK Electrotechnology/HSC-NESA/2021-hsc-electrotechnology-mg.pdf (1012 KB)
  OK Electrotechnology/HSC-NESA/2021-hsc-electrotechnology-mg.pdf (1012 KB)
  OK Electrotechnology/HSC-NESA/2021-hsc-vet-electrotechnology.pdf (154 KB)
  OK Electrotechnology/HSC-NESA/2021-hsc-vet-electrotechnology.pdf (154 KB)
  OK Electrotechnology/HSC-NESA/2022-hsc-vet-electrotechnology-mg.pdf (626 KB)
  OK Electrotechnology/HSC-NESA/2022-hsc-vet-electrotechnology-mg.pdf (626 KB)
  OK Electrotechnology/HSC-NESA/2022-hsc-vet-electrotechnology.pdf (341 KB)
  OK Electrotechnology/HSC-NESA/2022-hsc-vet-electrotechnology.pdf (341 KB)
  OK Electrotechnology/HSC-NESA/2023-hsc-vet-electrotechnology-mg.pdf (869 KB)
  OK Electrotechnology/HSC-NESA/2023-hsc-vet-electrotechnology-mg.pdf (869 KB)
  OK Electrotechnology/HSC-NESA/2023-hsc-vet-electrotechnology.pdf (348 KB)
  OK Electrotechnology/HSC-NESA/2023-hsc-vet-electrotechnology.pdf (348 KB)
  OK Electrotechnology/HSC-NESA/2024-hsc-vet-electrotechnology-mg.pdf (418 KB)
  OK Electrotechnology/HSC-NESA/2024-hsc-vet-electrotechnology-mg.pdf (418 KB)
  OK Electrotechnology/HSC-NESA/2024-hsc-vet-electrotechnology.pdf (295 KB)
  OK Electrotechnology/HSC-NESA/2024-hsc-vet-electrotechnology.pdf (295 KB)
  OK Electrotechnology/HSC-NESA/2025-hsc-vet-electrotechnology-mg.pdf (1115 KB)
  OK Electrotechnology/HSC-NESA/2025-hsc-vet-electrotechnology-mg.pdf (1115 KB)
  OK Electrotechnology/HSC-NESA/2025-hsc-vet-electrotechnology.pdf (1071 KB)
  OK Electrotechnology/HSC-NESA/2025-hsc-vet-electrotechnology.pdf (1071 KB)
  OK Engineering Studies/HSC-NESA/2015-engineering-studies-hsc-exam.pdf (1169 KB)
  OK Engineering Studies/HSC-NESA/2015-engineering-studies-hsc-exam.pdf (1169 KB)
  OK Engineering Studies/HSC-NESA/2015-engineering-studies-hsc-mg.pdf (895 KB)
  OK Engineering Studies/HSC-NESA/2015-engineering-studies-hsc-mg.pdf (895 KB)
  OK Engineering Studies/HSC-NESA/2016-hsc-engineering-studies.pdf (458 KB)
  OK Engineering Studies/HSC-NESA/2016-hsc-engineering-studies.pdf (458 KB)
  OK Engineering Studies/HSC-NESA/2016-hsc-mg-engineering-studies.pdf (983 KB)
  OK Engineering Studies/HSC-NESA/2016-hsc-mg-engineering-studies.pdf (983 KB)
  OK Engineering Studies/HSC-NESA/2017-engineering-studies-hsc-sect-ii-sample-answer-booklet.pdf (387 KB)
  OK Engineering Studies/HSC-NESA/2017-engineering-studies-hsc-sect-ii-sample-answer-booklet.pdf (387 KB)
  OK Engineering Studies/HSC-NESA/2017-hsc-engineering-studies.pdf (921 KB)
  OK Engineering Studies/HSC-NESA/2017-hsc-engineering-studies.pdf (921 KB)
  OK Engineering Studies/HSC-NESA/2017-hsc-mg-engineering-studies.pdf (2013 KB)
  OK Engineering Studies/HSC-NESA/2017-hsc-mg-engineering-studies.pdf (2013 KB)
  OK Engineering Studies/HSC-NESA/2018-hsc-engineering-studies-mg.pdf (1811 KB)
  OK Engineering Studies/HSC-NESA/2018-hsc-engineering-studies-mg.pdf (1811 KB)
  OK Engineering Studies/HSC-NESA/2018-hsc-engineering-studies.pdf (514 KB)
  OK Engineering Studies/HSC-NESA/2018-hsc-engineering-studies.pdf (514 KB)
  OK Engineering Studies/HSC-NESA/2019-hsc-engineering-studies-mg.pdf (1138 KB)
  OK Engineering Studies/HSC-NESA/2019-hsc-engineering-studies-mg.pdf (1138 KB)
  OK Engineering Studies/HSC-NESA/2019-hsc-engineering-studies.pdf (1540 KB)
  OK Engineering Studies/HSC-NESA/2019-hsc-engineering-studies.pdf (1540 KB)
  OK Engineering Studies/HSC-NESA/2020-hsc-engineering-studies-mg.pdf (1594 KB)
  OK Engineering Studies/HSC-NESA/2020-hsc-engineering-studies-mg.pdf (1594 KB)
  OK Engineering Studies/HSC-NESA/2020-hsc-engineering-studies.pdf (962 KB)
  OK Engineering Studies/HSC-NESA/2020-hsc-engineering-studies.pdf (962 KB)
  OK Engineering Studies/HSC-NESA/2021-hsc-engineering-studies-mg.pdf (749 KB)
  OK Engineering Studies/HSC-NESA/2021-hsc-engineering-studies-mg.pdf (749 KB)
  OK Engineering Studies/HSC-NESA/2021-hsc-engineering-studies.pdf (456 KB)
  OK Engineering Studies/HSC-NESA/2021-hsc-engineering-studies.pdf (456 KB)
  OK Engineering Studies/HSC-NESA/2022-hsc-engineering-studies-mg.pdf (1424 KB)
  OK Engineering Studies/HSC-NESA/2022-hsc-engineering-studies-mg.pdf (1424 KB)
  OK Engineering Studies/HSC-NESA/2022-hsc-engineering-studies.pdf (716 KB)
  OK Engineering Studies/HSC-NESA/2022-hsc-engineering-studies.pdf (716 KB)
  OK Engineering Studies/HSC-NESA/2023-hsc-engineering-studies-mg.pdf (1299 KB)
  OK Engineering Studies/HSC-NESA/2023-hsc-engineering-studies-mg.pdf (1299 KB)
  OK Engineering Studies/HSC-NESA/2023-hsc-engineering-studies.pdf (770 KB)
  OK Engineering Studies/HSC-NESA/2023-hsc-engineering-studies.pdf (770 KB)
  OK Engineering Studies/HSC-NESA/2024-hsc-engineering-studies-mg.pdf (1349 KB)
  OK Engineering Studies/HSC-NESA/2024-hsc-engineering-studies-mg.pdf (1349 KB)
  OK Engineering Studies/HSC-NESA/2024-hsc-engineering-studies.pdf (1173 KB)
  OK Engineering Studies/HSC-NESA/2024-hsc-engineering-studies.pdf (1173 KB)
  OK Engineering Studies/HSC-NESA/2025-hsc-engineering-studies-mg_0.pdf (1509 KB)
  OK Engineering Studies/HSC-NESA/2025-hsc-engineering-studies-mg_0.pdf (1509 KB)
  OK Engineering Studies/HSC-NESA/2025-hsc-engineering-studies.pdf (1459 KB)
  OK Engineering Studies/HSC-NESA/2025-hsc-engineering-studies.pdf (1459 KB)
  OK Enterprise Computing/HSC-NESA/2025-hsc-enterprise-computing-mg.pdf (809 KB)
  OK Enterprise Computing/HSC-NESA/2025-hsc-enterprise-computing-mg.pdf (809 KB)
  OK Entertainment Industry/HSC-NESA/vet-entertainment-hsc-exam-2014.pdf (299 KB)
  OK Entertainment Industry/HSC-NESA/vet-entertainment-hsc-exam-2014.pdf (299 KB)
  OK Entertainment Industry/HSC-NESA/vet-entertainment-hsc-mg-2014.pdf (152 KB)
  OK Entertainment Industry/HSC-NESA/vet-entertainment-hsc-mg-2014.pdf (152 KB)
  OK Entertainment Industry/HSC-NESA/vet-entertainment-hsc-exam-2015.pdf (358 KB)
  OK Entertainment Industry/HSC-NESA/vet-entertainment-hsc-exam-2015.pdf (358 KB)
  OK Entertainment Industry/HSC-NESA/vet-entertainment-hsc-mg-2015.pdf (528 KB)
  OK Entertainment Industry/HSC-NESA/vet-entertainment-hsc-mg-2015.pdf (528 KB)
  OK Entertainment Industry/HSC-NESA/2016-hsc-mg-vet-entertainment.pdf (113 KB)
  OK Entertainment Industry/HSC-NESA/2016-hsc-mg-vet-entertainment.pdf (113 KB)
  OK Entertainment Industry/HSC-NESA/2016-hsc-vet-entertainment.pdf (250 KB)
  OK Entertainment Industry/HSC-NESA/2016-hsc-vet-entertainment.pdf (250 KB)
  OK Entertainment Industry/HSC-NESA/2017-hsc-mg-vet-entertainment.pdf (344 KB)
  OK Entertainment Industry/HSC-NESA/2017-hsc-mg-vet-entertainment.pdf (344 KB)
  OK Entertainment Industry/HSC-NESA/2017-hsc-vet-entertainment.pdf (424 KB)
  OK Entertainment Industry/HSC-NESA/2017-hsc-vet-entertainment.pdf (424 KB)
  OK Entertainment Industry/HSC-NESA/2018-hsc-vet-entertainment-mg.pdf (875 KB)
  OK Entertainment Industry/HSC-NESA/2018-hsc-vet-entertainment-mg.pdf (875 KB)
  OK Entertainment Industry/HSC-NESA/2018-hsc-vet-entertainment.pdf (125 KB)
  OK Entertainment Industry/HSC-NESA/2018-hsc-vet-entertainment.pdf (125 KB)
  OK Entertainment Industry/HSC-NESA/2019-hsc-vet-entertainment-mg.pdf (222 KB)
  OK Entertainment Industry/HSC-NESA/2019-hsc-vet-entertainment-mg.pdf (222 KB)
  OK Entertainment Industry/HSC-NESA/2019-hsc-vet-entertainment.pdf (542 KB)
  OK Entertainment Industry/HSC-NESA/2019-hsc-vet-entertainment.pdf (542 KB)
  OK Entertainment Industry/HSC-NESA/2020-hsc-entertainment-mg.pdf (337 KB)
  OK Entertainment Industry/HSC-NESA/2020-hsc-entertainment-mg.pdf (337 KB)
  OK Entertainment Industry/HSC-NESA/2020-hsc-vet-entertainment.pdf (108 KB)
  OK Entertainment Industry/HSC-NESA/2020-hsc-vet-entertainment.pdf (108 KB)
  OK Entertainment Industry/HSC-NESA/2021-hsc-entertainment-mg.pdf (830 KB)
  OK Entertainment Industry/HSC-NESA/2021-hsc-entertainment-mg.pdf (830 KB)
  OK Entertainment Industry/HSC-NESA/2021-hsc-vet-entertainment.pdf (249 KB)
  OK Entertainment Industry/HSC-NESA/2021-hsc-vet-entertainment.pdf (249 KB)
  OK Entertainment Industry/HSC-NESA/2022-hsc-vet-entertainment-mg.pdf (435 KB)
  OK Entertainment Industry/HSC-NESA/2022-hsc-vet-entertainment-mg.pdf (435 KB)
  OK Entertainment Industry/HSC-NESA/2022-hsc-vet-entertainment.pdf (289 KB)
  OK Entertainment Industry/HSC-NESA/2022-hsc-vet-entertainment.pdf (289 KB)
  OK Entertainment Industry/HSC-NESA/2023-hsc-vet-entertainment-mg.pdf (418 KB)
  OK Entertainment Industry/HSC-NESA/2023-hsc-vet-entertainment-mg.pdf (418 KB)
  OK Entertainment Industry/HSC-NESA/2023-hsc-vet-entertainment.pdf (537 KB)
  OK Entertainment Industry/HSC-NESA/2023-hsc-vet-entertainment.pdf (537 KB)
  OK Entertainment Industry/HSC-NESA/2024-hsc-vet-entertainment-mg.pdf (172 KB)
  OK Entertainment Industry/HSC-NESA/2024-hsc-vet-entertainment-mg.pdf (172 KB)
  OK Entertainment Industry/HSC-NESA/2024-hsc-vet-entertainment.pdf (256 KB)
  OK Entertainment Industry/HSC-NESA/2024-hsc-vet-entertainment.pdf (256 KB)
  OK Entertainment Industry/HSC-NESA/2025-hsc-vet-entertainment.pdf (501 KB)
  OK Entertainment Industry/HSC-NESA/2025-hsc-vet-entertainment.pdf (501 KB)
  OK Entertainment Industry/HSC-NESA/2025-hsc-vet-entertainment-mg.pdf (561 KB)
  OK Entertainment Industry/HSC-NESA/2025-hsc-vet-entertainment-mg.pdf (561 KB)
  OK Filipino Continuers/HSC-NESA/2015-hsc-filipino-cont-mg.pdf (475 KB)
  OK Filipino Continuers/HSC-NESA/2015-hsc-filipino-cont-mg.pdf (475 KB)
  OK Filipino Continuers/HSC-NESA/2015-hsc-filipino-cont.pdf (808 KB)
  OK Filipino Continuers/HSC-NESA/2015-hsc-filipino-cont.pdf (808 KB)
  OK Filipino Continuers/HSC-NESA/2016-hsc-filipino-cont-mg.pdf (643 KB)
  OK Filipino Continuers/HSC-NESA/2016-hsc-filipino-cont-mg.pdf (643 KB)
  OK Filipino Continuers/HSC-NESA/2016-hsc-filipino-cont.pdf (269 KB)
  OK Filipino Continuers/HSC-NESA/2016-hsc-filipino-cont.pdf (269 KB)
  OK Filipino Continuers/HSC-NESA/2016-hsc-filipino-transcript.pdf (61 KB)
  OK Filipino Continuers/HSC-NESA/2016-hsc-filipino-transcript.pdf (61 KB)
  OK Filipino Continuers/HSC-NESA/2017-hsc-filipino-cont-mg.pdf (659 KB)
  OK Filipino Continuers/HSC-NESA/2017-hsc-filipino-cont-mg.pdf (659 KB)
  OK Filipino Continuers/HSC-NESA/2017-hsc-filipino-cont-transcript.pdf (59 KB)
  OK Filipino Continuers/HSC-NESA/2017-hsc-filipino-cont-transcript.pdf (59 KB)
  OK Filipino Continuers/HSC-NESA/2017-hsc-filipino-cont.pdf (103 KB)
  OK Filipino Continuers/HSC-NESA/2017-hsc-filipino-cont.pdf (103 KB)
  OK Filipino Continuers/HSC-NESA/2018-hsc-filipino-cont-mg.pdf (1114 KB)
  OK Filipino Continuers/HSC-NESA/2018-hsc-filipino-cont-mg.pdf (1114 KB)
  OK Filipino Continuers/HSC-NESA/2018-hsc-filipino-cont-transcript.pdf (77 KB)
  OK Filipino Continuers/HSC-NESA/2018-hsc-filipino-cont-transcript.pdf (77 KB)
  OK Filipino Continuers/HSC-NESA/2018-hsc-filipino-cont.pdf (352 KB)
  OK Filipino Continuers/HSC-NESA/2018-hsc-filipino-cont.pdf (352 KB)
  OK Filipino Continuers/HSC-NESA/2019-hsc-filipino-cont-mg.pdf (468 KB)
  OK Filipino Continuers/HSC-NESA/2019-hsc-filipino-cont-mg.pdf (468 KB)
  OK Filipino Continuers/HSC-NESA/2019-hsc-filipino-cont-transcript.pdf (83 KB)
  OK Filipino Continuers/HSC-NESA/2019-hsc-filipino-cont-transcript.pdf (83 KB)
  OK Filipino Continuers/HSC-NESA/2019-hsc-filipino-cont.pdf (272 KB)
  OK Filipino Continuers/HSC-NESA/2019-hsc-filipino-cont.pdf (272 KB)
  OK Filipino Continuers/HSC-NESA/2020-hsc-filipino-cont-mg.pdf (905 KB)
  OK Filipino Continuers/HSC-NESA/2020-hsc-filipino-cont-mg.pdf (905 KB)
  OK Filipino Continuers/HSC-NESA/2020-hsc-filipino-cont-transcript.pdf (67 KB)
  OK Filipino Continuers/HSC-NESA/2020-hsc-filipino-cont-transcript.pdf (67 KB)
  OK Filipino Continuers/HSC-NESA/2020-hsc-filipino-cont.pdf (175 KB)
  OK Filipino Continuers/HSC-NESA/2020-hsc-filipino-cont.pdf (175 KB)
  OK Filipino Continuers/HSC-NESA/2021-hsc-filipino-cont-mg.pdf (1295 KB)
  OK Filipino Continuers/HSC-NESA/2021-hsc-filipino-cont-mg.pdf (1295 KB)
  OK Filipino Continuers/HSC-NESA/2021-hsc-filipino-cont-transcript.pdf (63 KB)
  OK Filipino Continuers/HSC-NESA/2021-hsc-filipino-cont-transcript.pdf (63 KB)
  OK Filipino Continuers/HSC-NESA/2021-hsc-filipino-cont.pdf (219 KB)
  OK Filipino Continuers/HSC-NESA/2021-hsc-filipino-cont.pdf (219 KB)
  OK Filipino Continuers/HSC-NESA/2022-hsc-filipino-cont-mg.pdf (239 KB)
  OK Filipino Continuers/HSC-NESA/2022-hsc-filipino-cont-mg.pdf (239 KB)
  OK Filipino Continuers/HSC-NESA/2022-hsc-filipino-cont.pdf (112 KB)
  OK Filipino Continuers/HSC-NESA/2022-hsc-filipino-cont.pdf (112 KB)
  OK Filipino Continuers/HSC-NESA/2022-hsc-filipino-transcript-archive.pdf (97 KB)
  OK Filipino Continuers/HSC-NESA/2022-hsc-filipino-transcript-archive.pdf (97 KB)
  OK Filipino Continuers/HSC-NESA/2023-hsc-filipino-mg.pdf (671 KB)
  OK Filipino Continuers/HSC-NESA/2023-hsc-filipino-mg.pdf (671 KB)
  OK Filipino Continuers/HSC-NESA/2023-hsc-filipino-transcript.pdf (563 KB)
  OK Filipino Continuers/HSC-NESA/2023-hsc-filipino-transcript.pdf (563 KB)
  OK Filipino Continuers/HSC-NESA/2023-hsc-filipino.pdf (837 KB)
  OK Filipino Continuers/HSC-NESA/2023-hsc-filipino.pdf (837 KB)
  OK Filipino Continuers/HSC-NESA/2024-hsc-filipino-mg.pdf (882 KB)
  OK Filipino Continuers/HSC-NESA/2024-hsc-filipino-mg.pdf (882 KB)
  OK Filipino Continuers/HSC-NESA/2024-hsc-filipino-transcript.pdf (143 KB)
  OK Filipino Continuers/HSC-NESA/2024-hsc-filipino-transcript.pdf (143 KB)
  OK Filipino Continuers/HSC-NESA/2024-hsc-filipino.pdf (229 KB)
  OK Filipino Continuers/HSC-NESA/2024-hsc-filipino.pdf (229 KB)
  OK Filipino Continuers/HSC-NESA/2025-hsc-filipino-transcript.pdf (278 KB)
  OK Filipino Continuers/HSC-NESA/2025-hsc-filipino-transcript.pdf (278 KB)
  OK Filipino Continuers/HSC-NESA/2025-hsc-filipino.pdf (1536 KB)
  OK Filipino Continuers/HSC-NESA/2025-hsc-filipino.pdf (1536 KB)
  OK Filipino Continuers/HSC-NESA/2025-hsc-filipino-mg.pdf (506 KB)
  OK Filipino Continuers/HSC-NESA/2025-hsc-filipino-mg.pdf (506 KB)
  OK Financial Services/HSC-NESA/vet-financial-services-hsc-exam-2015.pdf (127 KB)
  OK Financial Services/HSC-NESA/vet-financial-services-hsc-exam-2015.pdf (127 KB)
  OK Financial Services/HSC-NESA/vet-financial-services-hsc-mg-2015.pdf (818 KB)
  OK Financial Services/HSC-NESA/vet-financial-services-hsc-mg-2015.pdf (818 KB)
  OK Financial Services/HSC-NESA/2016-hsc-mg-financial-services.pdf (611 KB)
  OK Financial Services/HSC-NESA/2016-hsc-mg-financial-services.pdf (611 KB)
  OK Financial Services/HSC-NESA/2016-hsc-vet-financial-services.pdf (227 KB)
  OK Financial Services/HSC-NESA/2016-hsc-vet-financial-services.pdf (227 KB)
  OK Financial Services/HSC-NESA/2017-hsc-mg-vet-financial-services.pdf (429 KB)
  OK Financial Services/HSC-NESA/2017-hsc-mg-vet-financial-services.pdf (429 KB)
  OK Financial Services/HSC-NESA/2017-hsc-vet-financial-services.pdf (142 KB)
  OK Financial Services/HSC-NESA/2017-hsc-vet-financial-services.pdf (142 KB)
  OK Financial Services/HSC-NESA/2018-hsc-financial-services-mg.pdf (957 KB)
  OK Financial Services/HSC-NESA/2018-hsc-financial-services-mg.pdf (957 KB)
  OK Financial Services/HSC-NESA/2018-hsc-vet-financial-services.pdf (215 KB)
  OK Financial Services/HSC-NESA/2018-hsc-vet-financial-services.pdf (215 KB)
  OK Financial Services/HSC-NESA/2019-hsc-vet-financial-services-mg.pdf (323 KB)
  OK Financial Services/HSC-NESA/2019-hsc-vet-financial-services-mg.pdf (323 KB)
  OK Financial Services/HSC-NESA/2019-hsc-vet-financial-services.pdf (777 KB)
  OK Financial Services/HSC-NESA/2019-hsc-vet-financial-services.pdf (777 KB)
  OK Financial Services/HSC-NESA/2020-hsc-financial-services-mg.pdf (476 KB)
  OK Financial Services/HSC-NESA/2020-hsc-financial-services-mg.pdf (476 KB)
  OK Financial Services/HSC-NESA/2020-hsc-vet-financial-services.pdf (286 KB)
  OK Financial Services/HSC-NESA/2020-hsc-vet-financial-services.pdf (286 KB)
  OK Financial Services/HSC-NESA/2021-hsc-financial-services-mg.pdf (1076 KB)
  OK Financial Services/HSC-NESA/2021-hsc-financial-services-mg.pdf (1076 KB)
  OK Financial Services/HSC-NESA/2021-hsc-vet-financial-services.pdf (233 KB)
  OK Financial Services/HSC-NESA/2021-hsc-vet-financial-services.pdf (233 KB)
  OK Financial Services/HSC-NESA/2022-hsc-vet-financial-services-mg.pdf (528 KB)
  OK Financial Services/HSC-NESA/2022-hsc-vet-financial-services-mg.pdf (528 KB)
  OK Financial Services/HSC-NESA/2022-hsc-vet-financial-services.pdf (228 KB)
  OK Financial Services/HSC-NESA/2022-hsc-vet-financial-services.pdf (228 KB)
  OK Financial Services/HSC-NESA/2023-hsc-vet-financial-services-mg.pdf (390 KB)
  OK Financial Services/HSC-NESA/2023-hsc-vet-financial-services-mg.pdf (390 KB)
  OK Financial Services/HSC-NESA/2023-hsc-vet-financial-services.pdf (774 KB)
  OK Financial Services/HSC-NESA/2023-hsc-vet-financial-services.pdf (774 KB)
  OK Financial Services/HSC-NESA/2024-hsc-vet-financial-services-mg.pdf (576 KB)
  OK Financial Services/HSC-NESA/2024-hsc-vet-financial-services-mg.pdf (576 KB)
  OK Financial Services/HSC-NESA/2024-hsc-vet-financial-services.pdf (284 KB)
  OK Financial Services/HSC-NESA/2024-hsc-vet-financial-services.pdf (284 KB)
  OK Financial Services/HSC-NESA/2025-hsc-vet-financial-services.pdf (636 KB)
  OK Financial Services/HSC-NESA/2025-hsc-vet-financial-services.pdf (636 KB)
  OK Financial Services/HSC-NESA/2025-hsc-vet-financial-services-mg.pdf (963 KB)
  OK Financial Services/HSC-NESA/2025-hsc-vet-financial-services-mg.pdf (963 KB)
  OK Food Technology/HSC-NESA/2015-hsc-food-tech.pdf (264 KB)
  OK Food Technology/HSC-NESA/2015-hsc-food-tech.pdf (264 KB)
  OK Food Technology/HSC-NESA/food-tech-hsc-mg-2015.pdf (470 KB)
  OK Food Technology/HSC-NESA/food-tech-hsc-mg-2015.pdf (470 KB)
  OK Food Technology/HSC-NESA/2016-hsc-food-tech.pdf (160 KB)
  OK Food Technology/HSC-NESA/2016-hsc-food-tech.pdf (160 KB)
  OK Food Technology/HSC-NESA/2016-hsc-mg-food-tech.pdf (350 KB)
  OK Food Technology/HSC-NESA/2016-hsc-mg-food-tech.pdf (350 KB)
  OK Food Technology/HSC-NESA/2017-hsc-food-tech.pdf (276 KB)
  OK Food Technology/HSC-NESA/2017-hsc-food-tech.pdf (276 KB)
  OK Food Technology/HSC-NESA/2017-hsc-mg-food-tech.pdf (318 KB)
  OK Food Technology/HSC-NESA/2017-hsc-mg-food-tech.pdf (318 KB)
  OK Food Technology/HSC-NESA/2018-hsc-food-technology-mg.pdf (986 KB)
  OK Food Technology/HSC-NESA/2018-hsc-food-technology-mg.pdf (986 KB)
  OK Food Technology/HSC-NESA/2018-hsc-food-technology.pdf (342 KB)
  OK Food Technology/HSC-NESA/2018-hsc-food-technology.pdf (342 KB)
  OK Food Technology/HSC-NESA/2019-hsc-food-technology-mg.pdf (294 KB)
  OK Food Technology/HSC-NESA/2019-hsc-food-technology-mg.pdf (294 KB)
  OK Food Technology/HSC-NESA/2019-hsc-food-technology.pdf (477 KB)
  OK Food Technology/HSC-NESA/2019-hsc-food-technology.pdf (477 KB)
  OK Food Technology/HSC-NESA/2020-hsc-food-technology-mg.pdf (408 KB)
  OK Food Technology/HSC-NESA/2020-hsc-food-technology-mg.pdf (408 KB)
  OK Food Technology/HSC-NESA/2020-hsc-food-technology.pdf (258 KB)
  OK Food Technology/HSC-NESA/2020-hsc-food-technology.pdf (258 KB)
  OK Food Technology/HSC-NESA/2021-hsc-food-technology-mg.pdf (1090 KB)
  OK Food Technology/HSC-NESA/2021-hsc-food-technology-mg.pdf (1090 KB)
  OK Food Technology/HSC-NESA/2021-hsc-food-technology.pdf (300 KB)
  OK Food Technology/HSC-NESA/2021-hsc-food-technology.pdf (300 KB)
  OK Food Technology/HSC-NESA/2022-hsc-food-tech-mg.pdf (456 KB)
  OK Food Technology/HSC-NESA/2022-hsc-food-tech-mg.pdf (456 KB)
  OK Food Technology/HSC-NESA/2022-hsc-food-technology.pdf (276 KB)
  OK Food Technology/HSC-NESA/2022-hsc-food-technology.pdf (276 KB)
  OK Food Technology/HSC-NESA/2023-hsc-food-tech-mg.pdf (764 KB)
  OK Food Technology/HSC-NESA/2023-hsc-food-tech-mg.pdf (764 KB)
  OK Food Technology/HSC-NESA/2023-hsc-food-technology.pdf (1330 KB)
  OK Food Technology/HSC-NESA/2023-hsc-food-technology.pdf (1330 KB)
  OK Food Technology/HSC-NESA/2024-hsc-food-tech-mg.pdf (795 KB)
  OK Food Technology/HSC-NESA/2024-hsc-food-tech-mg.pdf (795 KB)
  OK Food Technology/HSC-NESA/2024-hsc-food-technology.pdf (450 KB)
  OK Food Technology/HSC-NESA/2024-hsc-food-technology.pdf (450 KB)
  OK Food Technology/HSC-NESA/2025-hsc-food-technology-mg.pdf (313 KB)
  OK Food Technology/HSC-NESA/2025-hsc-food-technology-mg.pdf (313 KB)
  OK Food Technology/HSC-NESA/2025-hsc-food-technology.pdf (454 KB)
  OK Food Technology/HSC-NESA/2025-hsc-food-technology.pdf (454 KB)
  OK French Beginners/HSC-NESA/french-beg-hsc-exam-2015.pdf (168 KB)
  OK French Beginners/HSC-NESA/french-beg-hsc-exam-2015.pdf (168 KB)
  OK French Beginners/HSC-NESA/french-beg-hsc-exam-transcript-2015.pdf (94 KB)
  OK French Beginners/HSC-NESA/french-beg-hsc-exam-transcript-2015.pdf (94 KB)
  OK French Beginners/HSC-NESA/french-beg-hsc-mg-2015.pdf (340 KB)
  OK French Beginners/HSC-NESA/french-beg-hsc-mg-2015.pdf (340 KB)
  OK French Beginners/HSC-NESA/2016-hsc-french-beg-transcript.pdf (112 KB)
  OK French Beginners/HSC-NESA/2016-hsc-french-beg-transcript.pdf (112 KB)
  OK French Beginners/HSC-NESA/2016-hsc-french-beg.pdf (247 KB)
  OK French Beginners/HSC-NESA/2016-hsc-french-beg.pdf (247 KB)
  OK French Beginners/HSC-NESA/2016-hsc-mg-french-beg.pdf (371 KB)
  OK French Beginners/HSC-NESA/2016-hsc-mg-french-beg.pdf (371 KB)
  OK French Beginners/HSC-NESA/2017-hsc-french-beg-transcript.pdf (84 KB)
  OK French Beginners/HSC-NESA/2017-hsc-french-beg-transcript.pdf (84 KB)
  OK French Beginners/HSC-NESA/2017-hsc-french-beg.pdf (188 KB)
  OK French Beginners/HSC-NESA/2017-hsc-french-beg.pdf (188 KB)
  OK French Beginners/HSC-NESA/2017-hsc-mg-french-beg.pdf (431 KB)
  OK French Beginners/HSC-NESA/2017-hsc-mg-french-beg.pdf (431 KB)
  OK French Beginners/HSC-NESA/2018-hsc-french-beg-mg.pdf (721 KB)
  OK French Beginners/HSC-NESA/2018-hsc-french-beg-mg.pdf (721 KB)
  OK French Beginners/HSC-NESA/2018-hsc-french-beg-transcript.pdf (104 KB)
  OK French Beginners/HSC-NESA/2018-hsc-french-beg-transcript.pdf (104 KB)
  OK French Beginners/HSC-NESA/2018-hsc-french-beg.pdf (143 KB)
  OK French Beginners/HSC-NESA/2018-hsc-french-beg.pdf (143 KB)
  OK French Beginners/HSC-NESA/2019-hsc-french-beg-transcript.pdf (112 KB)
  OK French Beginners/HSC-NESA/2019-hsc-french-beg-transcript.pdf (112 KB)
  OK French Beginners/HSC-NESA/2019-hsc-french-beg.pdf (227 KB)
  OK French Beginners/HSC-NESA/2019-hsc-french-beg.pdf (227 KB)
  OK French Beginners/HSC-NESA/2019-hsc-french-beginners-mg.pdf (230 KB)
  OK French Beginners/HSC-NESA/2019-hsc-french-beginners-mg.pdf (230 KB)
  OK French Beginners/HSC-NESA/2020-hsc-french-beginners-mg.pdf (439 KB)
  OK French Beginners/HSC-NESA/2020-hsc-french-beginners-mg.pdf (439 KB)
  OK French Beginners/HSC-NESA/2020-hsc-french-beginners-transcript.pdf (73 KB)
  OK French Beginners/HSC-NESA/2020-hsc-french-beginners-transcript.pdf (73 KB)
  OK French Beginners/HSC-NESA/2020-hsc-french-beginners.pdf (189 KB)
  OK French Beginners/HSC-NESA/2020-hsc-french-beginners.pdf (189 KB)
  OK French Beginners/HSC-NESA/2021-hsc-french-beginners-mg.pdf (834 KB)
  OK French Beginners/HSC-NESA/2021-hsc-french-beginners-mg.pdf (834 KB)
  OK French Beginners/HSC-NESA/2021-hsc-french-beginners-transcript.pdf (91 KB)
  OK French Beginners/HSC-NESA/2021-hsc-french-beginners-transcript.pdf (91 KB)
  OK French Beginners/HSC-NESA/2021-hsc-french-beginners.pdf (147 KB)
  OK French Beginners/HSC-NESA/2021-hsc-french-beginners.pdf (147 KB)
  OK French Beginners/HSC-NESA/2022-hsc-french-beginners-mg.pdf (381 KB)
  OK French Beginners/HSC-NESA/2022-hsc-french-beginners-mg.pdf (381 KB)
  OK French Beginners/HSC-NESA/2022-hsc-french-beginners-transcript.pdf (100 KB)
  OK French Beginners/HSC-NESA/2022-hsc-french-beginners-transcript.pdf (100 KB)
  OK French Beginners/HSC-NESA/2022-hsc-french-beginners.pdf (200 KB)
  OK French Beginners/HSC-NESA/2022-hsc-french-beginners.pdf (200 KB)
  OK French Beginners/HSC-NESA/2023-hsc-french-beginners-mg.pdf (611 KB)
  OK French Beginners/HSC-NESA/2023-hsc-french-beginners-mg.pdf (611 KB)
  OK French Beginners/HSC-NESA/2023-hsc-french-beginners-transcript.pdf (527 KB)
  OK French Beginners/HSC-NESA/2023-hsc-french-beginners-transcript.pdf (527 KB)
  OK French Beginners/HSC-NESA/2023-hsc-french-beginners.pdf (1243 KB)
  OK French Beginners/HSC-NESA/2023-hsc-french-beginners.pdf (1243 KB)
  OK French Beginners/HSC-NESA/2024-hsc-french-beginners-mg.pdf (668 KB)
  OK French Beginners/HSC-NESA/2024-hsc-french-beginners-mg.pdf (668 KB)
  OK French Beginners/HSC-NESA/2024-hsc-french-beginners-transcript.pdf (137 KB)
  OK French Beginners/HSC-NESA/2024-hsc-french-beginners-transcript.pdf (137 KB)
  OK French Beginners/HSC-NESA/2024-hsc-french-beginners.pdf (394 KB)
  OK French Beginners/HSC-NESA/2024-hsc-french-beginners.pdf (394 KB)
  OK French Beginners/HSC-NESA/2025-hsc-french-beginners-mg.pdf (318 KB)
  OK French Beginners/HSC-NESA/2025-hsc-french-beginners-mg.pdf (318 KB)
  OK French Beginners/HSC-NESA/2025-hsc-french-beginners-transcript.pdf (149 KB)
  OK French Beginners/HSC-NESA/2025-hsc-french-beginners-transcript.pdf (149 KB)
  OK French Beginners/HSC-NESA/2025-hsc-french-beginners.pdf (1289 KB)
  OK French Beginners/HSC-NESA/2025-hsc-french-beginners.pdf (1289 KB)
  OK French Continuers/HSC-NESA/frech-cont-hsc-exam-2015.pdf (274 KB)
  OK French Continuers/HSC-NESA/frech-cont-hsc-exam-2015.pdf (274 KB)
  OK French Continuers/HSC-NESA/frech-cont-hsc-exam-transcript-2015.pdf (97 KB)
  OK French Continuers/HSC-NESA/frech-cont-hsc-exam-transcript-2015.pdf (97 KB)
  OK French Continuers/HSC-NESA/frech-cont-hsc-mg-2015.pdf (311 KB)
  OK French Continuers/HSC-NESA/frech-cont-hsc-mg-2015.pdf (311 KB)
  OK French Continuers/HSC-NESA/2016-hsc-french-cont-transcript.pdf (99 KB)
  OK French Continuers/HSC-NESA/2016-hsc-french-cont-transcript.pdf (99 KB)
  OK French Continuers/HSC-NESA/2016-hsc-french-continuers.pdf (143 KB)
  OK French Continuers/HSC-NESA/2016-hsc-french-continuers.pdf (143 KB)
  OK French Continuers/HSC-NESA/2016-hsc-mg-french-cont.pdf (337 KB)
  OK French Continuers/HSC-NESA/2016-hsc-mg-french-cont.pdf (337 KB)
  OK French Continuers/HSC-NESA/2017-hsc-french-cont-transcript.pdf (86 KB)
  OK French Continuers/HSC-NESA/2017-hsc-french-cont-transcript.pdf (86 KB)
  OK French Continuers/HSC-NESA/2017-hsc-french-cont.pdf (264 KB)
  OK French Continuers/HSC-NESA/2017-hsc-french-cont.pdf (264 KB)
  OK French Continuers/HSC-NESA/2017-hsc-mg-french-cont.pdf (329 KB)
  OK French Continuers/HSC-NESA/2017-hsc-mg-french-cont.pdf (329 KB)
  OK French Continuers/HSC-NESA/2018-hsc-french-cont-mg.pdf (720 KB)
  OK French Continuers/HSC-NESA/2018-hsc-french-cont-mg.pdf (720 KB)
  OK French Continuers/HSC-NESA/2018-hsc-french-cont-transcript.pdf (92 KB)
  OK French Continuers/HSC-NESA/2018-hsc-french-cont-transcript.pdf (92 KB)
  OK French Continuers/HSC-NESA/2018-hsc-french-cont.pdf (176 KB)
  OK French Continuers/HSC-NESA/2018-hsc-french-cont.pdf (176 KB)
  OK French Continuers/HSC-NESA/2019-hsc-french-continuers-mg.pdf (251 KB)
  OK French Continuers/HSC-NESA/2019-hsc-french-continuers-mg.pdf (251 KB)
  OK French Continuers/HSC-NESA/2019-hsc-french-continuers-transcript.pdf (111 KB)
  OK French Continuers/HSC-NESA/2019-hsc-french-continuers-transcript.pdf (111 KB)
  OK French Continuers/HSC-NESA/2019-hsc-french-continuers.pdf (117 KB)
  OK French Continuers/HSC-NESA/2019-hsc-french-continuers.pdf (117 KB)
  OK French Continuers/HSC-NESA/2020-hsc-french-continuers-mg.pdf (331 KB)
  OK French Continuers/HSC-NESA/2020-hsc-french-continuers-mg.pdf (331 KB)
  OK French Continuers/HSC-NESA/2020-hsc-french-continuers-transcript.pdf (72 KB)
  OK French Continuers/HSC-NESA/2020-hsc-french-continuers-transcript.pdf (72 KB)
  OK French Continuers/HSC-NESA/2020-hsc-french-continuers.pdf (239 KB)
  OK French Continuers/HSC-NESA/2020-hsc-french-continuers.pdf (239 KB)
  OK French Continuers/HSC-NESA/2021-hsc-french-continuers-mg.pdf (722 KB)
  OK French Continuers/HSC-NESA/2021-hsc-french-continuers-mg.pdf (722 KB)
  OK French Continuers/HSC-NESA/2021-hsc-french-continuers-transcript.pdf (93 KB)
  OK French Continuers/HSC-NESA/2021-hsc-french-continuers-transcript.pdf (93 KB)
  OK French Continuers/HSC-NESA/2021-hsc-french-continuers.pdf (271 KB)
  OK French Continuers/HSC-NESA/2021-hsc-french-continuers.pdf (271 KB)
  OK French Continuers/HSC-NESA/2022-hsc-french-continuers-mg.pdf (393 KB)
  OK French Continuers/HSC-NESA/2022-hsc-french-continuers-mg.pdf (393 KB)
  OK French Continuers/HSC-NESA/2022-hsc-french-continuers-transcript.pdf (102 KB)
  OK French Continuers/HSC-NESA/2022-hsc-french-continuers-transcript.pdf (102 KB)
  OK French Continuers/HSC-NESA/2022-hsc-french-continuers.pdf (322 KB)
  OK French Continuers/HSC-NESA/2022-hsc-french-continuers.pdf (322 KB)
  OK French Continuers/HSC-NESA/2023-hsc-french-continuers-mg.pdf (810 KB)
  OK French Continuers/HSC-NESA/2023-hsc-french-continuers-mg.pdf (810 KB)
  OK French Continuers/HSC-NESA/2023-hsc-french-continuers-transcript.pdf (513 KB)
  OK French Continuers/HSC-NESA/2023-hsc-french-continuers-transcript.pdf (513 KB)
  OK French Continuers/HSC-NESA/2023-hsc-french-continuers.pdf (1137 KB)
  OK French Continuers/HSC-NESA/2023-hsc-french-continuers.pdf (1137 KB)
  OK French Continuers/HSC-NESA/2024-hsc-french-continuers-mg.pdf (306 KB)
  OK French Continuers/HSC-NESA/2024-hsc-french-continuers-mg.pdf (306 KB)
  OK French Continuers/HSC-NESA/2024-hsc-french-continuers-transcript.pdf (115 KB)
  OK French Continuers/HSC-NESA/2024-hsc-french-continuers-transcript.pdf (115 KB)
  OK French Continuers/HSC-NESA/2024-hsc-french-continuers.pdf (388 KB)
  OK French Continuers/HSC-NESA/2024-hsc-french-continuers.pdf (388 KB)
  OK French Continuers/HSC-NESA/2025-hsc-french-continuers-mg.pdf (256 KB)
  OK French Continuers/HSC-NESA/2025-hsc-french-continuers-mg.pdf (256 KB)
  OK French Continuers/HSC-NESA/2025-hsc-french-continuers-transcript.pdf (203 KB)
  OK French Continuers/HSC-NESA/2025-hsc-french-continuers-transcript.pdf (203 KB)
  OK French Continuers/HSC-NESA/2025-hsc-french-continuers.pdf (835 KB)
  OK French Continuers/HSC-NESA/2025-hsc-french-continuers.pdf (835 KB)
  OK French Extension/HSC-NESA/2015-hsc-french-ext-mg.pdf (219 KB)
  OK French Extension/HSC-NESA/2015-hsc-french-ext-mg.pdf (219 KB)
  OK French Extension/HSC-NESA/2015-hsc-french-ext-oral.pdf (100 KB)
  OK French Extension/HSC-NESA/2015-hsc-french-ext-oral.pdf (100 KB)
  OK French Extension/HSC-NESA/2015-hsc-french-ext.pdf (212 KB)
  OK French Extension/HSC-NESA/2015-hsc-french-ext.pdf (212 KB)
  OK French Extension/HSC-NESA/2016-hsc-french-ext-oral.pdf (81 KB)
  OK French Extension/HSC-NESA/2016-hsc-french-ext-oral.pdf (81 KB)
  OK French Extension/HSC-NESA/2016-hsc-french-ext.pdf (74 KB)
  OK French Extension/HSC-NESA/2016-hsc-french-ext.pdf (74 KB)
  OK French Extension/HSC-NESA/2016-hsc-mg-french-ext.pdf (198 KB)
  OK French Extension/HSC-NESA/2016-hsc-mg-french-ext.pdf (198 KB)
  OK French Extension/HSC-NESA/2017-hsc-french-ext-oral.pdf (101 KB)
  OK French Extension/HSC-NESA/2017-hsc-french-ext-oral.pdf (101 KB)
  OK French Extension/HSC-NESA/2017-hsc-french-ext.pdf (140 KB)
  OK French Extension/HSC-NESA/2017-hsc-french-ext.pdf (140 KB)
  OK French Extension/HSC-NESA/2017-hsc-mg-french-ext.pdf (169 KB)
  OK French Extension/HSC-NESA/2017-hsc-mg-french-ext.pdf (169 KB)
  OK French Extension/HSC-NESA/2018-hsc-french-ext-mg.pdf (445 KB)
  OK French Extension/HSC-NESA/2018-hsc-french-ext-mg.pdf (445 KB)
  OK French Extension/HSC-NESA/2018-hsc-french-ext-oral.pdf (380 KB)
  OK French Extension/HSC-NESA/2018-hsc-french-ext-oral.pdf (380 KB)
  OK French Extension/HSC-NESA/2018-hsc-french-ext.pdf (109 KB)
  OK French Extension/HSC-NESA/2018-hsc-french-ext.pdf (109 KB)
  OK French Extension/HSC-NESA/2019-hsc-french-extension-mg.pdf (124 KB)
  OK French Extension/HSC-NESA/2019-hsc-french-extension-mg.pdf (124 KB)
  OK French Extension/HSC-NESA/2019-hsc-french-extension-oral.pdf (201 KB)
  OK French Extension/HSC-NESA/2019-hsc-french-extension-oral.pdf (201 KB)
  OK French Extension/HSC-NESA/2019-hsc-french-extension.pdf (163 KB)
  OK French Extension/HSC-NESA/2019-hsc-french-extension.pdf (163 KB)
  OK French Extension/HSC-NESA/2020-hsc-french-extension-mg.pdf (258 KB)
  OK French Extension/HSC-NESA/2020-hsc-french-extension-mg.pdf (258 KB)
  OK French Extension/HSC-NESA/2020-hsc-french-extension-oral.pdf (104 KB)
  OK French Extension/HSC-NESA/2020-hsc-french-extension-oral.pdf (104 KB)
  OK French Extension/HSC-NESA/2020-hsc-french-extension.pdf (85 KB)
  OK French Extension/HSC-NESA/2020-hsc-french-extension.pdf (85 KB)
  OK French Extension/HSC-NESA/2021-hsc-french-extension-mg.pdf (540 KB)
  OK French Extension/HSC-NESA/2021-hsc-french-extension-mg.pdf (540 KB)
  OK French Extension/HSC-NESA/2021-hsc-french-extension-oral.pdf (98 KB)
  OK French Extension/HSC-NESA/2021-hsc-french-extension-oral.pdf (98 KB)
  OK French Extension/HSC-NESA/2021-hsc-french-extension.pdf (180 KB)
  OK French Extension/HSC-NESA/2021-hsc-french-extension.pdf (180 KB)
  OK French Extension/HSC-NESA/2022-hsc-french-ext-mg.pdf (216 KB)
  OK French Extension/HSC-NESA/2022-hsc-french-ext-mg.pdf (216 KB)
  OK French Extension/HSC-NESA/2022-hsc-french-ext-oral.pdf (109 KB)
  OK French Extension/HSC-NESA/2022-hsc-french-ext-oral.pdf (109 KB)
  OK French Extension/HSC-NESA/2022-hsc-french-ext.pdf (216 KB)
  OK French Extension/HSC-NESA/2022-hsc-french-ext.pdf (216 KB)
  OK French Extension/HSC-NESA/2023-hsc-french-ext-mg.pdf (313 KB)
  OK French Extension/HSC-NESA/2023-hsc-french-ext-mg.pdf (313 KB)
  OK French Extension/HSC-NESA/2023-hsc-french-ext-oral.pdf (103 KB)
  OK French Extension/HSC-NESA/2023-hsc-french-ext-oral.pdf (103 KB)
  OK French Extension/HSC-NESA/2023-hsc-french-ext-written.pdf (831 KB)
  OK French Extension/HSC-NESA/2023-hsc-french-ext-written.pdf (831 KB)
  OK French Extension/HSC-NESA/2024-hsc-french-ext-oral.pdf (273 KB)
  OK French Extension/HSC-NESA/2024-hsc-french-ext-oral.pdf (273 KB)
  OK French Extension/HSC-NESA/2024-hsc-french-extension-mg.pdf (189 KB)
  OK French Extension/HSC-NESA/2024-hsc-french-extension-mg.pdf (189 KB)
  OK French Extension/HSC-NESA/2024-hsc-french-ext-cc.pdf (274 KB)
  OK French Extension/HSC-NESA/2024-hsc-french-ext-cc.pdf (274 KB)
  OK French Extension/HSC-NESA/2025-hsc-french-extension-mg.pdf (149 KB)
  OK French Extension/HSC-NESA/2025-hsc-french-extension-mg.pdf (149 KB)
  OK French Extension/HSC-NESA/2025-hsc-french-extension-oral.pdf (281 KB)
  OK French Extension/HSC-NESA/2025-hsc-french-extension-oral.pdf (281 KB)
  OK French Extension/HSC-NESA/2025-hsc-french-extension.pdf (773 KB)
  OK French Extension/HSC-NESA/2025-hsc-french-extension.pdf (773 KB)
  OK Geography/HSC-NESA/geography-hsc-exam-2015-archive.pdf (7243 KB)
  OK Geography/HSC-NESA/geography-hsc-exam-2015-archive.pdf (7243 KB)
  OK Geography/HSC-NESA/geography-hsc-mg-2015-archive.pdf (144 KB)
  OK Geography/HSC-NESA/geography-hsc-mg-2015-archive.pdf (144 KB)
  OK Geography/HSC-NESA/2016-hsc-geography-archive.pdf (8877 KB)
  OK Geography/HSC-NESA/2016-hsc-geography-archive.pdf (8877 KB)
  OK Geography/HSC-NESA/2016-hsc-mg-geography-archive.pdf (121 KB)
  OK Geography/HSC-NESA/2016-hsc-mg-geography-archive.pdf (121 KB)
  OK Geography/HSC-NESA/2017-hsc-geography-archive.pdf (1408 KB)
  OK Geography/HSC-NESA/2017-hsc-geography-archive.pdf (1408 KB)
  OK Geography/HSC-NESA/2017-hsc-mg-geography-archive.pdf (214 KB)
  OK Geography/HSC-NESA/2017-hsc-mg-geography-archive.pdf (214 KB)
  OK Geography/HSC-NESA/2018-hsc-geography-archive.pdf (1342 KB)
  OK Geography/HSC-NESA/2018-hsc-geography-archive.pdf (1342 KB)
  OK Geography/HSC-NESA/2018-hsc-geography-mg-archive.pdf (452 KB)
  OK Geography/HSC-NESA/2018-hsc-geography-mg-archive.pdf (452 KB)
  OK Geography/HSC-NESA/2019-hsc-geography-archive.pdf (1729 KB)
  OK Geography/HSC-NESA/2019-hsc-geography-archive.pdf (1729 KB)
  OK Geography/HSC-NESA/2019-hsc-geography-mg-archive.pdf (427 KB)
  OK Geography/HSC-NESA/2019-hsc-geography-mg-archive.pdf (427 KB)
  OK Geography/HSC-NESA/2020-hsc-geography-archive.pdf (2662 KB)
  OK Geography/HSC-NESA/2020-hsc-geography-archive.pdf (2662 KB)
  OK Geography/HSC-NESA/2020-hsc-geography-mg-archive.pdf (586 KB)
  OK Geography/HSC-NESA/2020-hsc-geography-mg-archive.pdf (586 KB)
  OK Geography/HSC-NESA/2021-hsc-geography-mg-archive.pdf (526 KB)
  OK Geography/HSC-NESA/2021-hsc-geography-mg-archive.pdf (526 KB)
  OK Geography/HSC-NESA/2021-hsc-geography-archive.pdf (2230 KB)
  OK Geography/HSC-NESA/2021-hsc-geography-archive.pdf (2230 KB)
  OK Geography/HSC-NESA/2022-hsc-geography-archive.pdf (1628 KB)
  OK Geography/HSC-NESA/2022-hsc-geography-archive.pdf (1628 KB)
  OK Geography/HSC-NESA/2022-hsc-geography-mg-archive.pdf (219 KB)
  OK Geography/HSC-NESA/2022-hsc-geography-mg-archive.pdf (219 KB)
  OK Geography/HSC-NESA/2023-hsc-geography-mg-archive.pdf (544 KB)
  OK Geography/HSC-NESA/2023-hsc-geography-mg-archive.pdf (544 KB)
  OK Geography/HSC-NESA/2023-hsc-geography_20240506-archive.pdf (2347 KB)
  OK Geography/HSC-NESA/2023-hsc-geography_20240506-archive.pdf (2347 KB)
  OK Geography/HSC-NESA/2024-hsc-geography-mg-archive.pdf (491 KB)
  OK Geography/HSC-NESA/2024-hsc-geography-mg-archive.pdf (491 KB)
  OK Geography/HSC-NESA/2024-hsc-geography-archive-cc.pdf (2855 KB)
  OK Geography/HSC-NESA/2024-hsc-geography-archive-cc.pdf (2855 KB)
  OK Geography/HSC-NESA/2025-hsc-geography-mg.pdf (987 KB)
  OK Geography/HSC-NESA/2025-hsc-geography-mg.pdf (987 KB)
  OK Geography/HSC-NESA/2025-hsc-geography.pdf (7851 KB)
  OK Geography/HSC-NESA/2025-hsc-geography.pdf (7851 KB)
  OK German Beginners/HSC-NESA/german-beg-hsc-exam-2015.pdf (323 KB)
  OK German Beginners/HSC-NESA/german-beg-hsc-exam-2015.pdf (323 KB)
  OK German Beginners/HSC-NESA/german-beg-hsc-exam-transcript-2015.pdf (65 KB)
  OK German Beginners/HSC-NESA/german-beg-hsc-exam-transcript-2015.pdf (65 KB)
  OK German Beginners/HSC-NESA/german-beginners-hsc-mg-2015.pdf (316 KB)
  OK German Beginners/HSC-NESA/german-beginners-hsc-mg-2015.pdf (316 KB)
  OK German Beginners/HSC-NESA/2016-hsc-german-beg-transcript.pdf (104 KB)
  OK German Beginners/HSC-NESA/2016-hsc-german-beg-transcript.pdf (104 KB)
  OK German Beginners/HSC-NESA/2016-hsc-german-beg.pdf (152 KB)
  OK German Beginners/HSC-NESA/2016-hsc-german-beg.pdf (152 KB)
  OK German Beginners/HSC-NESA/2016-hsc-mg-german-beg.pdf (508 KB)
  OK German Beginners/HSC-NESA/2016-hsc-mg-german-beg.pdf (508 KB)
  OK German Beginners/HSC-NESA/2017-hsc-german-beg-transcript.pdf (88 KB)
  OK German Beginners/HSC-NESA/2017-hsc-german-beg-transcript.pdf (88 KB)
  OK German Beginners/HSC-NESA/2017-hsc-german-beg.pdf (156 KB)
  OK German Beginners/HSC-NESA/2017-hsc-german-beg.pdf (156 KB)
  OK German Beginners/HSC-NESA/2017-hsc-mg-german-beg.pdf (308 KB)
  OK German Beginners/HSC-NESA/2017-hsc-mg-german-beg.pdf (308 KB)
  OK German Beginners/HSC-NESA/2018-hsc-german-beg-mg.pdf (714 KB)
  OK German Beginners/HSC-NESA/2018-hsc-german-beg-mg.pdf (714 KB)
  OK German Beginners/HSC-NESA/2018-hsc-german-beg-transcript.pdf (102 KB)
  OK German Beginners/HSC-NESA/2018-hsc-german-beg-transcript.pdf (102 KB)
  OK German Beginners/HSC-NESA/2018-hsc-german-beg.pdf (133 KB)
  OK German Beginners/HSC-NESA/2018-hsc-german-beg.pdf (133 KB)
  OK German Beginners/HSC-NESA/2019-hsc-german-beg-transcript.pdf (128 KB)
  OK German Beginners/HSC-NESA/2019-hsc-german-beg-transcript.pdf (128 KB)
  OK German Beginners/HSC-NESA/2019-hsc-german-beg.pdf (357 KB)
  OK German Beginners/HSC-NESA/2019-hsc-german-beg.pdf (357 KB)
  OK German Beginners/HSC-NESA/2019-hsc-german-beginners-mg.pdf (229 KB)
  OK German Beginners/HSC-NESA/2019-hsc-german-beginners-mg.pdf (229 KB)
  OK German Beginners/HSC-NESA/2020-hsc-german-beginners-mg.pdf (357 KB)
  OK German Beginners/HSC-NESA/2020-hsc-german-beginners-mg.pdf (357 KB)
  OK German Beginners/HSC-NESA/2020-hsc-german-beginners-transcript.pdf (75 KB)
  OK German Beginners/HSC-NESA/2020-hsc-german-beginners-transcript.pdf (75 KB)
  OK German Beginners/HSC-NESA/2020-hsc-german-beginners.pdf (246 KB)
  OK German Beginners/HSC-NESA/2020-hsc-german-beginners.pdf (246 KB)
  OK German Beginners/HSC-NESA/2021-hsc-german-beginners-mg.pdf (811 KB)
  OK German Beginners/HSC-NESA/2021-hsc-german-beginners-mg.pdf (811 KB)
  OK German Beginners/HSC-NESA/2021-hsc-german-beginners-transcript.pdf (96 KB)
  OK German Beginners/HSC-NESA/2021-hsc-german-beginners-transcript.pdf (96 KB)
  OK German Beginners/HSC-NESA/2021-hsc-german-beginners.pdf (205 KB)
  OK German Beginners/HSC-NESA/2021-hsc-german-beginners.pdf (205 KB)
  OK German Beginners/HSC-NESA/2022-hsc-german-beginners-mg.pdf (372 KB)
  OK German Beginners/HSC-NESA/2022-hsc-german-beginners-mg.pdf (372 KB)
  OK German Beginners/HSC-NESA/2022-hsc-german-beginners-transcript.pdf (109 KB)
  OK German Beginners/HSC-NESA/2022-hsc-german-beginners-transcript.pdf (109 KB)
  OK German Beginners/HSC-NESA/2022-hsc-german-beginners.pdf (211 KB)
  OK German Beginners/HSC-NESA/2022-hsc-german-beginners.pdf (211 KB)
  OK German Beginners/HSC-NESA/2023-hsc-german-beginners-mg.pdf (608 KB)
  OK German Beginners/HSC-NESA/2023-hsc-german-beginners-mg.pdf (608 KB)
  OK German Beginners/HSC-NESA/2023-hsc-german-beginners-transcript.pdf (549 KB)
  OK German Beginners/HSC-NESA/2023-hsc-german-beginners-transcript.pdf (549 KB)
  OK German Beginners/HSC-NESA/2023-hsc-german-beginners.pdf (1050 KB)
  OK German Beginners/HSC-NESA/2023-hsc-german-beginners.pdf (1050 KB)
  OK German Beginners/HSC-NESA/2024-hsc-german-beginners-mg.pdf (509 KB)
  OK German Beginners/HSC-NESA/2024-hsc-german-beginners-mg.pdf (509 KB)
  OK German Beginners/HSC-NESA/2024-hsc-german-beginners-transcript.pdf (121 KB)
  OK German Beginners/HSC-NESA/2024-hsc-german-beginners-transcript.pdf (121 KB)
  OK German Beginners/HSC-NESA/2024-hsc-german-beginners.pdf (323 KB)
  OK German Beginners/HSC-NESA/2024-hsc-german-beginners.pdf (323 KB)
  OK German Beginners/HSC-NESA/2025-hsc-german-beginners-transcript.pdf (157 KB)
  OK German Beginners/HSC-NESA/2025-hsc-german-beginners-transcript.pdf (157 KB)
  OK German Beginners/HSC-NESA/2025-hsc-german-beginners.pdf (3543 KB)
  OK German Beginners/HSC-NESA/2025-hsc-german-beginners.pdf (3543 KB)
  OK German Beginners/HSC-NESA/2025-hsc-german-beginners-mg.pdf (827 KB)
  OK German Beginners/HSC-NESA/2025-hsc-german-beginners-mg.pdf (827 KB)
  OK German Continuers/HSC-NESA/german-cont-hsc-exam-2015.pdf (227 KB)
  OK German Continuers/HSC-NESA/german-cont-hsc-exam-2015.pdf (227 KB)
  OK German Continuers/HSC-NESA/german-cont-hsc-exam-transcript-2015.pdf (64 KB)
  OK German Continuers/HSC-NESA/german-cont-hsc-exam-transcript-2015.pdf (64 KB)
  OK German Continuers/HSC-NESA/german-cont-hsc-mg-2015.pdf (329 KB)
  OK German Continuers/HSC-NESA/german-cont-hsc-mg-2015.pdf (329 KB)
  OK German Continuers/HSC-NESA/2016-hsc-german-cont-transcript.pdf (99 KB)
  OK German Continuers/HSC-NESA/2016-hsc-german-cont-transcript.pdf (99 KB)
  OK German Continuers/HSC-NESA/2016-hsc-german-cont.pdf (240 KB)
  OK German Continuers/HSC-NESA/2016-hsc-german-cont.pdf (240 KB)
  OK German Continuers/HSC-NESA/2016-hsc-mg-german-cont.pdf (364 KB)
  OK German Continuers/HSC-NESA/2016-hsc-mg-german-cont.pdf (364 KB)
  OK German Continuers/HSC-NESA/2017-hsc-german-cont-transcript.pdf (86 KB)
  OK German Continuers/HSC-NESA/2017-hsc-german-cont-transcript.pdf (86 KB)
  OK German Continuers/HSC-NESA/2017-hsc-german-cont.pdf (144 KB)
  OK German Continuers/HSC-NESA/2017-hsc-german-cont.pdf (144 KB)
  OK German Continuers/HSC-NESA/2017-hsc-mg-german-cont.pdf (314 KB)
  OK German Continuers/HSC-NESA/2017-hsc-mg-german-cont.pdf (314 KB)
  OK German Continuers/HSC-NESA/2018-hsc-german-cont-mg.pdf (723 KB)
  OK German Continuers/HSC-NESA/2018-hsc-german-cont-mg.pdf (723 KB)
  OK German Continuers/HSC-NESA/2018-hsc-german-cont-transcript.pdf (92 KB)
  OK German Continuers/HSC-NESA/2018-hsc-german-cont-transcript.pdf (92 KB)
  OK German Continuers/HSC-NESA/2018-hsc-german-continuers.pdf (156 KB)
  OK German Continuers/HSC-NESA/2018-hsc-german-continuers.pdf (156 KB)
  OK German Continuers/HSC-NESA/2019-hsc-german-cont-transcript.pdf (147 KB)
  OK German Continuers/HSC-NESA/2019-hsc-german-cont-transcript.pdf (147 KB)
  OK German Continuers/HSC-NESA/2019-hsc-german-cont.pdf (395 KB)
  OK German Continuers/HSC-NESA/2019-hsc-german-cont.pdf (395 KB)
  OK German Continuers/HSC-NESA/2019-hsc-german-continuers-mg.pdf (208 KB)
  OK German Continuers/HSC-NESA/2019-hsc-german-continuers-mg.pdf (208 KB)
  OK German Continuers/HSC-NESA/2020-hsc-german-continuers-mg.pdf (337 KB)
  OK German Continuers/HSC-NESA/2020-hsc-german-continuers-mg.pdf (337 KB)
  OK German Continuers/HSC-NESA/2020-hsc-german-continuers-transcript.pdf (78 KB)
  OK German Continuers/HSC-NESA/2020-hsc-german-continuers-transcript.pdf (78 KB)
  OK German Continuers/HSC-NESA/2020-hsc-german-continuers.pdf (124 KB)
  OK German Continuers/HSC-NESA/2020-hsc-german-continuers.pdf (124 KB)
  OK German Continuers/HSC-NESA/2021-hsc-german-continuers-mg.pdf (749 KB)
  OK German Continuers/HSC-NESA/2021-hsc-german-continuers-mg.pdf (749 KB)
  OK German Continuers/HSC-NESA/2021-hsc-german-continuers-transcript.pdf (95 KB)
  OK German Continuers/HSC-NESA/2021-hsc-german-continuers-transcript.pdf (95 KB)
  OK German Continuers/HSC-NESA/2021-hsc-german-continuers.pdf (151 KB)
  OK German Continuers/HSC-NESA/2021-hsc-german-continuers.pdf (151 KB)
  OK German Continuers/HSC-NESA/2022-hsc-german-continuers-mg.pdf (401 KB)
  OK German Continuers/HSC-NESA/2022-hsc-german-continuers-mg.pdf (401 KB)
  OK German Continuers/HSC-NESA/2022-hsc-german-continuers-transcript.pdf (112 KB)
  OK German Continuers/HSC-NESA/2022-hsc-german-continuers-transcript.pdf (112 KB)
  OK German Continuers/HSC-NESA/2022-hsc-german-continuers.pdf (311 KB)
  OK German Continuers/HSC-NESA/2022-hsc-german-continuers.pdf (311 KB)
  OK German Continuers/HSC-NESA/2023-hsc-german-continuers-mg.pdf (554 KB)
  OK German Continuers/HSC-NESA/2023-hsc-german-continuers-mg.pdf (554 KB)
  OK German Continuers/HSC-NESA/2023-hsc-german-continuers-transcript.pdf (528 KB)
  OK German Continuers/HSC-NESA/2023-hsc-german-continuers-transcript.pdf (528 KB)
  OK German Continuers/HSC-NESA/2023-hsc-german-continuers.pdf (1010 KB)
  OK German Continuers/HSC-NESA/2023-hsc-german-continuers.pdf (1010 KB)
  OK German Continuers/HSC-NESA/2024-hsc-german-continuers-mg.pdf (414 KB)
  OK German Continuers/HSC-NESA/2024-hsc-german-continuers-mg.pdf (414 KB)
  OK German Continuers/HSC-NESA/2024-hsc-german-continuers-transcript.pdf (118 KB)
  OK German Continuers/HSC-NESA/2024-hsc-german-continuers-transcript.pdf (118 KB)
  OK German Continuers/HSC-NESA/2024-hsc-german-continuers.pdf (259 KB)
  OK German Continuers/HSC-NESA/2024-hsc-german-continuers.pdf (259 KB)
  OK German Continuers/HSC-NESA/2025-hsc-german-continuers-transcript.pdf (165 KB)
  OK German Continuers/HSC-NESA/2025-hsc-german-continuers-transcript.pdf (165 KB)
  OK German Continuers/HSC-NESA/2025-hsc-german-continuers.pdf (971 KB)
  OK German Continuers/HSC-NESA/2025-hsc-german-continuers.pdf (971 KB)
  OK German Continuers/HSC-NESA/2025-hsc-german-continuers-mg.pdf (836 KB)
  OK German Continuers/HSC-NESA/2025-hsc-german-continuers-mg.pdf (836 KB)
  OK German Extension/HSC-NESA/german-ext-hsc-exam-2015.pdf (243 KB)
  OK German Extension/HSC-NESA/german-ext-hsc-exam-2015.pdf (243 KB)
  OK German Extension/HSC-NESA/german-ext-hsc-exam-oral-2015.pdf (65 KB)
  OK German Extension/HSC-NESA/german-ext-hsc-exam-oral-2015.pdf (65 KB)
  OK German Extension/HSC-NESA/german-ext-hsc-mg-2015.pdf (195 KB)
  OK German Extension/HSC-NESA/german-ext-hsc-mg-2015.pdf (195 KB)
  OK German Extension/HSC-NESA/2016-hsc-german-ext-oral.pdf (93 KB)
  OK German Extension/HSC-NESA/2016-hsc-german-ext-oral.pdf (93 KB)
  OK German Extension/HSC-NESA/2016-hsc-german-ext.pdf (76 KB)
  OK German Extension/HSC-NESA/2016-hsc-german-ext.pdf (76 KB)
  OK German Extension/HSC-NESA/2016-hsc-mg-german-ext.pdf (256 KB)
  OK German Extension/HSC-NESA/2016-hsc-mg-german-ext.pdf (256 KB)
  OK German Extension/HSC-NESA/2017-hsc-german-ext-oral.pdf (90 KB)
  OK German Extension/HSC-NESA/2017-hsc-german-ext-oral.pdf (90 KB)
  OK German Extension/HSC-NESA/2017-hsc-german-ext.pdf (124 KB)
  OK German Extension/HSC-NESA/2017-hsc-german-ext.pdf (124 KB)
  OK German Extension/HSC-NESA/2017-hsc-mg-german-ext.pdf (205 KB)
  OK German Extension/HSC-NESA/2017-hsc-mg-german-ext.pdf (205 KB)
  OK German Extension/HSC-NESA/2018-hsc-german-ext-mg.pdf (433 KB)
  OK German Extension/HSC-NESA/2018-hsc-german-ext-mg.pdf (433 KB)
  OK German Extension/HSC-NESA/2018-hsc-german-ext-oral.pdf (375 KB)
  OK German Extension/HSC-NESA/2018-hsc-german-ext-oral.pdf (375 KB)
  OK German Extension/HSC-NESA/2018-hsc-german-ext.pdf (105 KB)
  OK German Extension/HSC-NESA/2018-hsc-german-ext.pdf (105 KB)
  OK German Extension/HSC-NESA/2019-hsc-german-extension-mg.pdf (139 KB)
  OK German Extension/HSC-NESA/2019-hsc-german-extension-mg.pdf (139 KB)
  OK German Extension/HSC-NESA/2019-hsc-german-extension-oral.pdf (448 KB)
  OK German Extension/HSC-NESA/2019-hsc-german-extension-oral.pdf (448 KB)
  OK German Extension/HSC-NESA/2019-hsc-german-extension.pdf (140 KB)
  OK German Extension/HSC-NESA/2019-hsc-german-extension.pdf (140 KB)
  OK German Extension/HSC-NESA/2020-hsc-german-extension-mg.pdf (218 KB)
  OK German Extension/HSC-NESA/2020-hsc-german-extension-mg.pdf (218 KB)
  OK German Extension/HSC-NESA/2020-hsc-german-extension-oral.pdf (105 KB)
  OK German Extension/HSC-NESA/2020-hsc-german-extension-oral.pdf (105 KB)
  OK German Extension/HSC-NESA/2020-hsc-german-extension.pdf (125 KB)
  OK German Extension/HSC-NESA/2020-hsc-german-extension.pdf (125 KB)
  OK German Extension/HSC-NESA/2021-hsc-german-extension-mg.pdf (383 KB)
  OK German Extension/HSC-NESA/2021-hsc-german-extension-mg.pdf (383 KB)
  OK German Extension/HSC-NESA/2021-hsc-german-extension-oral.pdf (96 KB)
  OK German Extension/HSC-NESA/2021-hsc-german-extension-oral.pdf (96 KB)
  OK German Extension/HSC-NESA/2021-hsc-german-extension.pdf (98 KB)
  OK German Extension/HSC-NESA/2021-hsc-german-extension.pdf (98 KB)
  OK German Extension/HSC-NESA/2022-hsc-german-ext-mg.pdf (220 KB)
  OK German Extension/HSC-NESA/2022-hsc-german-ext-mg.pdf (220 KB)
  OK German Extension/HSC-NESA/2022-hsc-german-ext-oral.pdf (108 KB)
  OK German Extension/HSC-NESA/2022-hsc-german-ext-oral.pdf (108 KB)
  OK German Extension/HSC-NESA/2022-hsc-german-ext.pdf (180 KB)
  OK German Extension/HSC-NESA/2022-hsc-german-ext.pdf (180 KB)
  OK German Extension/HSC-NESA/2023-hsc-german-ext-mg.pdf (292 KB)
  OK German Extension/HSC-NESA/2023-hsc-german-ext-mg.pdf (292 KB)
  OK German Extension/HSC-NESA/2023-hsc-german-ext-oral.pdf (134 KB)
  OK German Extension/HSC-NESA/2023-hsc-german-ext-oral.pdf (134 KB)
  OK German Extension/HSC-NESA/2023-hsc-german-ext.pdf (629 KB)
  OK German Extension/HSC-NESA/2023-hsc-german-ext.pdf (629 KB)
  OK German Extension/HSC-NESA/2024-hsc-german-ext-oral.pdf (311 KB)
  OK German Extension/HSC-NESA/2024-hsc-german-ext-oral.pdf (311 KB)
  OK German Extension/HSC-NESA/2024-hsc-german-ext.pdf (230 KB)
  OK German Extension/HSC-NESA/2024-hsc-german-ext.pdf (230 KB)
  OK German Extension/HSC-NESA/2024-hsc-german-extension-mg.pdf (234 KB)
  OK German Extension/HSC-NESA/2024-hsc-german-extension-mg.pdf (234 KB)
  OK German Extension/HSC-NESA/2025-hsc-german-extension-oral.pdf (280 KB)
  OK German Extension/HSC-NESA/2025-hsc-german-extension-oral.pdf (280 KB)
  OK German Extension/HSC-NESA/2025-hsc-german-ext-mg.pdf (328 KB)
  OK German Extension/HSC-NESA/2025-hsc-german-ext-mg.pdf (328 KB)
  OK German Extension/HSC-NESA/2025-hsc-german-extension.pdf (270 KB)
  OK German Extension/HSC-NESA/2025-hsc-german-extension.pdf (270 KB)
  OK History Extension/HSC-NESA/history-ext-hsc-exam-2014-archive.pdf (277 KB)
  OK History Extension/HSC-NESA/history-ext-hsc-exam-2014-archive.pdf (277 KB)
  OK History Extension/HSC-NESA/history-ext-hsc-mg-2014-archive.pdf (53 KB)
  OK History Extension/HSC-NESA/history-ext-hsc-mg-2014-archive.pdf (53 KB)
  OK History Extension/HSC-NESA/history-ext-writing-booklet-archive.pdf (237 KB)
  OK History Extension/HSC-NESA/history-ext-writing-booklet-archive.pdf (237 KB)
  OK History Extension/HSC-NESA/history-ext-hsc-exam-2015-archive.pdf (90 KB)
  OK History Extension/HSC-NESA/history-ext-hsc-exam-2015-archive.pdf (90 KB)
  OK History Extension/HSC-NESA/history-ext-hsc-mg-2015-archive.pdf (112 KB)
  OK History Extension/HSC-NESA/history-ext-hsc-mg-2015-archive.pdf (112 KB)
  OK History Extension/HSC-NESA/2016-hsc-history-ext-archive.pdf (111 KB)
  OK History Extension/HSC-NESA/2016-hsc-history-ext-archive.pdf (111 KB)
  OK History Extension/HSC-NESA/2016-hsc-mg-history-ext-archive.pdf (91 KB)
  OK History Extension/HSC-NESA/2016-hsc-mg-history-ext-archive.pdf (91 KB)
  OK History Extension/HSC-NESA/2017-hsc-history-ext-archive.pdf (227 KB)
  OK History Extension/HSC-NESA/2017-hsc-history-ext-archive.pdf (227 KB)
  OK History Extension/HSC-NESA/2017-hsc-mg-history-ext-archive.pdf (105 KB)
  OK History Extension/HSC-NESA/2017-hsc-mg-history-ext-archive.pdf (105 KB)
  OK History Extension/HSC-NESA/2018-hsc-history-ext-mg-archive.pdf (167 KB)
  OK History Extension/HSC-NESA/2018-hsc-history-ext-mg-archive.pdf (167 KB)
  OK History Extension/HSC-NESA/2018-hsc-history-extension-archive.pdf (104 KB)
  OK History Extension/HSC-NESA/2018-hsc-history-extension-archive.pdf (104 KB)
  OK History Extension/HSC-NESA/2019-hsc-history-extension-mg.pdf (63 KB)
  OK History Extension/HSC-NESA/2019-hsc-history-extension-mg.pdf (63 KB)
  OK History Extension/HSC-NESA/2019-hsc-history-extension.pdf (106 KB)
  OK History Extension/HSC-NESA/2019-hsc-history-extension.pdf (106 KB)
  OK History Extension/HSC-NESA/2020-hsc-history-extension-mg.pdf (126 KB)
  OK History Extension/HSC-NESA/2020-hsc-history-extension-mg.pdf (126 KB)
  OK History Extension/HSC-NESA/2020-hsc-history-extension.pdf (143 KB)
  OK History Extension/HSC-NESA/2020-hsc-history-extension.pdf (143 KB)
  OK History Extension/HSC-NESA/2021-hsc-history-extension-mg.pdf (201 KB)
  OK History Extension/HSC-NESA/2021-hsc-history-extension-mg.pdf (201 KB)
  OK History Extension/HSC-NESA/2021-hsc-history-extension.pdf (342 KB)
  OK History Extension/HSC-NESA/2021-hsc-history-extension.pdf (342 KB)
  OK History Extension/HSC-NESA/2022-hsc-history-ext-mg.pdf (124 KB)
  OK History Extension/HSC-NESA/2022-hsc-history-ext-mg.pdf (124 KB)
  OK History Extension/HSC-NESA/2022-hsc-history-extension.pdf (140 KB)
  OK History Extension/HSC-NESA/2022-hsc-history-extension.pdf (140 KB)
  OK History Extension/HSC-NESA/2023-hsc-history-ext-mg.pdf (203 KB)
  OK History Extension/HSC-NESA/2023-hsc-history-ext-mg.pdf (203 KB)
  OK History Extension/HSC-NESA/2023-hsc-history-extension_20240311_unredacted.pdf (225 KB)
  OK History Extension/HSC-NESA/2023-hsc-history-extension_20240311_unredacted.pdf (225 KB)
  OK History Extension/HSC-NESA/2024-hsc-history-extension-mg.pdf (195 KB)
  OK History Extension/HSC-NESA/2024-hsc-history-extension-mg.pdf (195 KB)
  OK History Extension/HSC-NESA/2024-hsc-history-extension-cc.pdf (203 KB)
  OK History Extension/HSC-NESA/2024-hsc-history-extension-cc.pdf (203 KB)
  OK History Extension/HSC-NESA/2025-hsc-history-extension.pdf (322 KB)
  OK History Extension/HSC-NESA/2025-hsc-history-extension.pdf (322 KB)
  OK History Extension/HSC-NESA/2025-hsc-history-ext-mg.pdf (135 KB)
  OK History Extension/HSC-NESA/2025-hsc-history-ext-mg.pdf (135 KB)
  OK Hospitality/HSC-NESA/vet-hospitality-food-bev-hsc-exam-2015.pdf (219 KB)
  OK Hospitality/HSC-NESA/vet-hospitality-food-bev-hsc-exam-2015.pdf (219 KB)
  OK Hospitality/HSC-NESA/vet-hospitality-food-bev-hsc-mg-2015.pdf (485 KB)
  OK Hospitality/HSC-NESA/vet-hospitality-food-bev-hsc-mg-2015.pdf (485 KB)
  OK Hospitality/HSC-NESA/vet-hospitality-kitchen-ops-cookery-hsc-exam-2015.pdf (215 KB)
  OK Hospitality/HSC-NESA/vet-hospitality-kitchen-ops-cookery-hsc-exam-2015.pdf (215 KB)
  OK Hospitality/HSC-NESA/vet-hospitality-kitchen-ops-cookery-hsc-mg-2015.pdf (330 KB)
  OK Hospitality/HSC-NESA/vet-hospitality-kitchen-ops-cookery-hsc-mg-2015.pdf (330 KB)
  OK Hospitality/HSC-NESA/2016-hsc-mg-vet-hospitality-food-and-beverage.pdf (251 KB)
  OK Hospitality/HSC-NESA/2016-hsc-mg-vet-hospitality-food-and-beverage.pdf (251 KB)
  OK Hospitality/HSC-NESA/2016-hsc-mg-vet-hospitality-kitchen-op-cookery.pdf (199 KB)
  OK Hospitality/HSC-NESA/2016-hsc-mg-vet-hospitality-kitchen-op-cookery.pdf (199 KB)
  OK Hospitality/HSC-NESA/2016-hsc-vet-hospitality-food-beverage.pdf (185 KB)
  OK Hospitality/HSC-NESA/2016-hsc-vet-hospitality-food-beverage.pdf (185 KB)
  OK Hospitality/HSC-NESA/2016-hsc-vet-hospitality-kitchen-ops-cookery.pdf (160 KB)
  OK Hospitality/HSC-NESA/2016-hsc-vet-hospitality-kitchen-ops-cookery.pdf (160 KB)
  OK Hospitality/HSC-NESA/2017-hsc-mg-vet-hospitality-food-and-beverage.pdf (301 KB)
  OK Hospitality/HSC-NESA/2017-hsc-mg-vet-hospitality-food-and-beverage.pdf (301 KB)
  OK Hospitality/HSC-NESA/2017-hsc-mg-vet-hospitality-kitchen-op-cookery.pdf (401 KB)
  OK Hospitality/HSC-NESA/2017-hsc-mg-vet-hospitality-kitchen-op-cookery.pdf (401 KB)
  OK Hospitality/HSC-NESA/2017-hsc-vet-hospitality-food-beverage.pdf (213 KB)
  OK Hospitality/HSC-NESA/2017-hsc-vet-hospitality-food-beverage.pdf (213 KB)
  OK Hospitality/HSC-NESA/2017-hsc-vet-hospitality-kitchen-ops-cookery.pdf (162 KB)
  OK Hospitality/HSC-NESA/2017-hsc-vet-hospitality-kitchen-ops-cookery.pdf (162 KB)
  OK Hospitality/HSC-NESA/2018-hsc-hospitality-food-and-beverage-mg.pdf (733 KB)
  OK Hospitality/HSC-NESA/2018-hsc-hospitality-food-and-beverage-mg.pdf (733 KB)
  OK Hospitality/HSC-NESA/2018-hsc-hospitality-kitchen-op-and-cookery-mg.pdf (751 KB)
  OK Hospitality/HSC-NESA/2018-hsc-hospitality-kitchen-op-and-cookery-mg.pdf (751 KB)
  OK Hospitality/HSC-NESA/2018-hsc-vet-hospitality-food-and-beverage.pdf (291 KB)
  OK Hospitality/HSC-NESA/2018-hsc-vet-hospitality-food-and-beverage.pdf (291 KB)
  OK Hospitality/HSC-NESA/2018-hsc-vet-hospitality-kitchen-op-and-cookery.pdf (254 KB)
  OK Hospitality/HSC-NESA/2018-hsc-vet-hospitality-kitchen-op-and-cookery.pdf (254 KB)
  OK Hospitality/HSC-NESA/2019-hsc-hospitality-food-and-beverage-mg.pdf (238 KB)
  OK Hospitality/HSC-NESA/2019-hsc-hospitality-food-and-beverage-mg.pdf (238 KB)
  OK Hospitality/HSC-NESA/2019-hsc-hospitality-kitchen-op-and-cookery-mg.pdf (251 KB)
  OK Hospitality/HSC-NESA/2019-hsc-hospitality-kitchen-op-and-cookery-mg.pdf (251 KB)
  OK Hospitality/HSC-NESA/2019-hsc-vet-hospitality-food-and-beverage.pdf (249 KB)
  OK Hospitality/HSC-NESA/2019-hsc-vet-hospitality-food-and-beverage.pdf (249 KB)
  OK Hospitality/HSC-NESA/2019-hsc-vet-hospitality-kitchen-op-and-cookery.pdf (201 KB)
  OK Hospitality/HSC-NESA/2019-hsc-vet-hospitality-kitchen-op-and-cookery.pdf (201 KB)
  OK Hospitality/HSC-NESA/2020-hsc-hospitality-food-and-beverage-mg.pdf (370 KB)
  OK Hospitality/HSC-NESA/2020-hsc-hospitality-food-and-beverage-mg.pdf (370 KB)
  OK Hospitality/HSC-NESA/2020-hsc-hospitality-kitchen-op-and-cookery-mg.pdf (367 KB)
  OK Hospitality/HSC-NESA/2020-hsc-hospitality-kitchen-op-and-cookery-mg.pdf (367 KB)
  OK Hospitality/HSC-NESA/2020-hsc-vet-hospitality-food-and-beverage.pdf (125 KB)
  OK Hospitality/HSC-NESA/2020-hsc-vet-hospitality-food-and-beverage.pdf (125 KB)
  OK Hospitality/HSC-NESA/2020-hsc-vet-hospitality-kitchen-op-and-cookery.pdf (251 KB)
  OK Hospitality/HSC-NESA/2020-hsc-vet-hospitality-kitchen-op-and-cookery.pdf (251 KB)
  OK Hospitality/HSC-NESA/2021-hsc-hospitality-food-and-beverage-mg.pdf (782 KB)
  OK Hospitality/HSC-NESA/2021-hsc-hospitality-food-and-beverage-mg.pdf (782 KB)
  OK Hospitality/HSC-NESA/2021-hsc-hospitality-kitchen-op-and-cookery-mg.pdf (879 KB)
  OK Hospitality/HSC-NESA/2021-hsc-hospitality-kitchen-op-and-cookery-mg.pdf (879 KB)
  OK Hospitality/HSC-NESA/2021-hsc-vet-hospitality-food-and-beverage.pdf (345 KB)
  OK Hospitality/HSC-NESA/2021-hsc-vet-hospitality-food-and-beverage.pdf (345 KB)
  OK Hospitality/HSC-NESA/2021-hsc-vet-hospitality-kitchen-op-and-cookery.pdf (172 KB)
  OK Hospitality/HSC-NESA/2021-hsc-vet-hospitality-kitchen-op-and-cookery.pdf (172 KB)
  OK Hospitality/HSC-NESA/2022-hsc-vet-hospitality-food-and-beverage.pdf (291 KB)
  OK Hospitality/HSC-NESA/2022-hsc-vet-hospitality-food-and-beverage.pdf (291 KB)
  OK Hospitality/HSC-NESA/2022-hsc-vet-hospitality-food-mg.pdf (420 KB)
  OK Hospitality/HSC-NESA/2022-hsc-vet-hospitality-food-mg.pdf (420 KB)
  OK Hospitality/HSC-NESA/2022-hsc-vet-hospitality-kitchen-mg.pdf (405 KB)
  OK Hospitality/HSC-NESA/2022-hsc-vet-hospitality-kitchen-mg.pdf (405 KB)
  OK Hospitality/HSC-NESA/2022-hsc-vet-hospitality-kitchen-op-and-cookery.pdf (295 KB)
  OK Hospitality/HSC-NESA/2022-hsc-vet-hospitality-kitchen-op-and-cookery.pdf (295 KB)
  OK Hospitality/HSC-NESA/2023-hsc-vet-hospitality-food-and-beverage.pdf (1146 KB)
  OK Hospitality/HSC-NESA/2023-hsc-vet-hospitality-food-and-beverage.pdf (1146 KB)
  OK Hospitality/HSC-NESA/2023-hsc-vet-hospitality-food-mg.pdf (390 KB)
  OK Hospitality/HSC-NESA/2023-hsc-vet-hospitality-food-mg.pdf (390 KB)
  OK Hospitality/HSC-NESA/2023-hsc-vet-hospitality-kitchen-mg.pdf (383 KB)
  OK Hospitality/HSC-NESA/2023-hsc-vet-hospitality-kitchen-mg.pdf (383 KB)
  OK Hospitality/HSC-NESA/2023-hsc-vet-hospitality-kitchen-op-and-cookery.pdf (1403 KB)
  OK Hospitality/HSC-NESA/2023-hsc-vet-hospitality-kitchen-op-and-cookery.pdf (1403 KB)
  OK Hospitality/HSC-NESA/2024-hsc-vet-hospitality-food-and-beverage.pdf (235 KB)
  OK Hospitality/HSC-NESA/2024-hsc-vet-hospitality-food-and-beverage.pdf (235 KB)
  OK Hospitality/HSC-NESA/2024-hsc-vet-hospitality-food-mg.pdf (740 KB)
  OK Hospitality/HSC-NESA/2024-hsc-vet-hospitality-food-mg.pdf (740 KB)
  OK Hospitality/HSC-NESA/2024-hsc-vet-hospitality-kitchen-mg.pdf (776 KB)
  OK Hospitality/HSC-NESA/2024-hsc-vet-hospitality-kitchen-mg.pdf (776 KB)
  OK Hospitality/HSC-NESA/2024-hsc-vet-hospitality-kitchen-op-and-cookery.pdf (359 KB)
  OK Hospitality/HSC-NESA/2024-hsc-vet-hospitality-kitchen-op-and-cookery.pdf (359 KB)
  OK Hospitality/HSC-NESA/2025-hsc-vet-hospitality-food.pdf (347 KB)
  OK Hospitality/HSC-NESA/2025-hsc-vet-hospitality-food.pdf (347 KB)
  OK Hospitality/HSC-NESA/2025-hsc-vet-hospitality-kitchen.pdf (357 KB)
  OK Hospitality/HSC-NESA/2025-hsc-vet-hospitality-kitchen.pdf (357 KB)
  OK Hospitality/HSC-NESA/2025-hsc-vet-hospitality-food-mg.pdf (760 KB)
  OK Hospitality/HSC-NESA/2025-hsc-vet-hospitality-food-mg.pdf (760 KB)
  OK Hospitality/HSC-NESA/2025-hsc-vet-hospitality-kitchen-mg.pdf (597 KB)
  OK Hospitality/HSC-NESA/2025-hsc-vet-hospitality-kitchen-mg.pdf (597 KB)
  OK Human Services/HSC-NESA/vet-human-services-hsc-exam-2012.pdf (139 KB)
  OK Human Services/HSC-NESA/vet-human-services-hsc-exam-2012.pdf (139 KB)
  OK Human Services/HSC-NESA/vet-human-services-hsc-mg-2012.pdf (167 KB)
  OK Human Services/HSC-NESA/vet-human-services-hsc-mg-2012.pdf (167 KB)
  OK Human Services/HSC-NESA/vet-human-services-hsc-notes-2012.pdf (107 KB)
  OK Human Services/HSC-NESA/vet-human-services-hsc-notes-2012.pdf (107 KB)
  OK Human Services/HSC-NESA/vet-human-services-hsc-sa-2012.pdf (240 KB)
  OK Human Services/HSC-NESA/vet-human-services-hsc-sa-2012.pdf (240 KB)
  OK Human Services/HSC-NESA/vet-human-services-hsc-exam-2013.pdf (90 KB)
  OK Human Services/HSC-NESA/vet-human-services-hsc-exam-2013.pdf (90 KB)
  OK Human Services/HSC-NESA/vet-human-services-hsc-mg-2013.pdf (318 KB)
  OK Human Services/HSC-NESA/vet-human-services-hsc-mg-2013.pdf (318 KB)
  OK Human Services/HSC-NESA/vet-human-services-hsc-exam-2014.pdf (150 KB)
  OK Human Services/HSC-NESA/vet-human-services-hsc-exam-2014.pdf (150 KB)
  OK Human Services/HSC-NESA/vet-human-services-hsc-mg-2014.pdf (166 KB)
  OK Human Services/HSC-NESA/vet-human-services-hsc-mg-2014.pdf (166 KB)
  OK Human Services/HSC-NESA/vet-human-services-hsc-exam-2015.pdf (110 KB)
  OK Human Services/HSC-NESA/vet-human-services-hsc-exam-2015.pdf (110 KB)
  OK Human Services/HSC-NESA/vet-human-services-hsc-mg-2015.pdf (500 KB)
  OK Human Services/HSC-NESA/vet-human-services-hsc-mg-2015.pdf (500 KB)
  OK Human Services/HSC-NESA/2016-hsc-vet-human-services.pdf (199 KB)
  OK Human Services/HSC-NESA/2016-hsc-vet-human-services.pdf (199 KB)
  OK Human Services/HSC-NESA/2016-hsc-mg-vet-human-services.pdf (448 KB)
  OK Human Services/HSC-NESA/2016-hsc-mg-vet-human-services.pdf (448 KB)
  OK Human Services/HSC-NESA/2017-hsc-mg-human-services.pdf (351 KB)
  OK Human Services/HSC-NESA/2017-hsc-mg-human-services.pdf (351 KB)
  OK Human Services/HSC-NESA/2017-hsc-vet-human-services.pdf (183 KB)
  OK Human Services/HSC-NESA/2017-hsc-vet-human-services.pdf (183 KB)
  OK Human Services/HSC-NESA/2018-hsc-human-services-mg.pdf (544 KB)
  OK Human Services/HSC-NESA/2018-hsc-human-services-mg.pdf (544 KB)
  OK Human Services/HSC-NESA/2018-hsc-vet-human-services.pdf (269 KB)
  OK Human Services/HSC-NESA/2018-hsc-vet-human-services.pdf (269 KB)
  OK Human Services/HSC-NESA/2019-hsc-vet-human-services-mg.pdf (306 KB)
  OK Human Services/HSC-NESA/2019-hsc-vet-human-services-mg.pdf (306 KB)
  OK Human Services/HSC-NESA/2019-hsc-vet-human-services.pdf (170 KB)
  OK Human Services/HSC-NESA/2019-hsc-vet-human-services.pdf (170 KB)
  OK Human Services/HSC-NESA/2020-hsc-human-services-mg.pdf (460 KB)
  OK Human Services/HSC-NESA/2020-hsc-human-services-mg.pdf (460 KB)
  OK Human Services/HSC-NESA/2020-hsc-vet-human-services.pdf (227 KB)
  OK Human Services/HSC-NESA/2020-hsc-vet-human-services.pdf (227 KB)
  OK Human Services/HSC-NESA/2021-hsc-human-services-mg.pdf (1461 KB)
  OK Human Services/HSC-NESA/2021-hsc-human-services-mg.pdf (1461 KB)
  OK Human Services/HSC-NESA/2021-hsc-vet-human-services.pdf (196 KB)
  OK Human Services/HSC-NESA/2021-hsc-vet-human-services.pdf (196 KB)
  OK Human Services/HSC-NESA/2022-hsc-vet-human-services-mg.pdf (560 KB)
  OK Human Services/HSC-NESA/2022-hsc-vet-human-services-mg.pdf (560 KB)
  OK Human Services/HSC-NESA/2022-hsc-vet-human-services.pdf (166 KB)
  OK Human Services/HSC-NESA/2022-hsc-vet-human-services.pdf (166 KB)
  OK Human Services/HSC-NESA/2023-hsc-vet-human-services-mg.pdf (542 KB)
  OK Human Services/HSC-NESA/2023-hsc-vet-human-services-mg.pdf (542 KB)
  OK Human Services/HSC-NESA/2023-hsc-vet-human-services.pdf (234 KB)
  OK Human Services/HSC-NESA/2023-hsc-vet-human-services.pdf (234 KB)
  OK Human Services/HSC-NESA/2024-hsc-vet-human-services-mg.pdf (1783 KB)
  OK Human Services/HSC-NESA/2024-hsc-vet-human-services-mg.pdf (1783 KB)
  OK Human Services/HSC-NESA/2024-hsc-vet-human-services.pdf (230 KB)
  OK Human Services/HSC-NESA/2024-hsc-vet-human-services.pdf (230 KB)
  OK Human Services/HSC-NESA/2025-hsc-vet-human-services-mg.pdf (260 KB)
  OK Human Services/HSC-NESA/2025-hsc-vet-human-services-mg.pdf (260 KB)
  OK Human Services/HSC-NESA/2025-hsc-vet-human-services.pdf (447 KB)
  OK Human Services/HSC-NESA/2025-hsc-vet-human-services.pdf (447 KB)
  OK Indonesian Beginners/HSC-NESA/indonesian-beg-hsc-exam-2015.pdf (193 KB)
  OK Indonesian Beginners/HSC-NESA/indonesian-beg-hsc-exam-2015.pdf (193 KB)
  OK Indonesian Beginners/HSC-NESA/indonesian-beg-hsc-exam-transcript-2015.pdf (110 KB)
  OK Indonesian Beginners/HSC-NESA/indonesian-beg-hsc-exam-transcript-2015.pdf (110 KB)
  OK Indonesian Beginners/HSC-NESA/indonesian-beg-hsc-mg-2015.pdf (368 KB)
  OK Indonesian Beginners/HSC-NESA/indonesian-beg-hsc-mg-2015.pdf (368 KB)
  OK Indonesian Beginners/HSC-NESA/2016-hsc-indonesian-beg-transcript.pdf (100 KB)
  OK Indonesian Beginners/HSC-NESA/2016-hsc-indonesian-beg-transcript.pdf (100 KB)
  OK Indonesian Beginners/HSC-NESA/2016-hsc-indonesian-beg.pdf (124 KB)
  OK Indonesian Beginners/HSC-NESA/2016-hsc-indonesian-beg.pdf (124 KB)
  OK Indonesian Beginners/HSC-NESA/2016-hsc-mg-indonesian-beg.pdf (322 KB)
  OK Indonesian Beginners/HSC-NESA/2016-hsc-mg-indonesian-beg.pdf (322 KB)
  OK Indonesian Beginners/HSC-NESA/2017-hsc-indonesian-beg-transcript.pdf (127 KB)
  OK Indonesian Beginners/HSC-NESA/2017-hsc-indonesian-beg-transcript.pdf (127 KB)
  OK Indonesian Beginners/HSC-NESA/2017-hsc-indonesian-beg.pdf (514 KB)
  OK Indonesian Beginners/HSC-NESA/2017-hsc-indonesian-beg.pdf (514 KB)
  OK Indonesian Beginners/HSC-NESA/2017-hsc-mg-indonesian-beg.pdf (289 KB)
  OK Indonesian Beginners/HSC-NESA/2017-hsc-mg-indonesian-beg.pdf (289 KB)
  OK Indonesian Beginners/HSC-NESA/2018-hsc-indonesian-beg-mg.pdf (719 KB)
  OK Indonesian Beginners/HSC-NESA/2018-hsc-indonesian-beg-mg.pdf (719 KB)
  OK Indonesian Beginners/HSC-NESA/2018-hsc-indonesian-beg.pdf (433 KB)
  OK Indonesian Beginners/HSC-NESA/2018-hsc-indonesian-beg.pdf (433 KB)
  OK Indonesian Beginners/HSC-NESA/2018-hsc-indonesian-beginners-transcript.pdf (104 KB)
  OK Indonesian Beginners/HSC-NESA/2018-hsc-indonesian-beginners-transcript.pdf (104 KB)
  OK Indonesian Beginners/HSC-NESA/2019-hsc-indonesian-beginners-mg.pdf (222 KB)
  OK Indonesian Beginners/HSC-NESA/2019-hsc-indonesian-beginners-mg.pdf (222 KB)
  OK Indonesian Beginners/HSC-NESA/2019-hsc-indonesian-beginners-transcript.pdf (111 KB)
  OK Indonesian Beginners/HSC-NESA/2019-hsc-indonesian-beginners-transcript.pdf (111 KB)
  OK Indonesian Beginners/HSC-NESA/2019-hsc-indonesian-beginners.pdf (140 KB)
  OK Indonesian Beginners/HSC-NESA/2019-hsc-indonesian-beginners.pdf (140 KB)
  OK Indonesian Beginners/HSC-NESA/2020-hsc-indonesian-beginners-mg.pdf (344 KB)
  OK Indonesian Beginners/HSC-NESA/2020-hsc-indonesian-beginners-mg.pdf (344 KB)
  OK Indonesian Beginners/HSC-NESA/2020-hsc-indonesian-beginners-transcript.pdf (83 KB)
  OK Indonesian Beginners/HSC-NESA/2020-hsc-indonesian-beginners-transcript.pdf (83 KB)
  OK Indonesian Beginners/HSC-NESA/2020-hsc-indonesian-beginners.pdf (528 KB)
  OK Indonesian Beginners/HSC-NESA/2020-hsc-indonesian-beginners.pdf (528 KB)
  OK Indonesian Beginners/HSC-NESA/2021-hsc-indonesian-beginners-mg.pdf (897 KB)
  OK Indonesian Beginners/HSC-NESA/2021-hsc-indonesian-beginners-mg.pdf (897 KB)
  OK Indonesian Beginners/HSC-NESA/2021-hsc-indonesian-beginners-transcript.pdf (91 KB)
  OK Indonesian Beginners/HSC-NESA/2021-hsc-indonesian-beginners-transcript.pdf (91 KB)
  OK Indonesian Beginners/HSC-NESA/2021-hsc-indonesian-beginners.pdf (211 KB)
  OK Indonesian Beginners/HSC-NESA/2021-hsc-indonesian-beginners.pdf (211 KB)
  OK Indonesian Beginners/HSC-NESA/2022-hsc-indo-beginners-mg.pdf (518 KB)
  OK Indonesian Beginners/HSC-NESA/2022-hsc-indo-beginners-mg.pdf (518 KB)
  OK Indonesian Beginners/HSC-NESA/2022-hsc-indo-beginners-transcript.pdf (102 KB)
  OK Indonesian Beginners/HSC-NESA/2022-hsc-indo-beginners-transcript.pdf (102 KB)
  OK Indonesian Beginners/HSC-NESA/2022-hsc-indo-beginners.pdf (193 KB)
  OK Indonesian Beginners/HSC-NESA/2022-hsc-indo-beginners.pdf (193 KB)
  OK Indonesian Beginners/HSC-NESA/2023-hsc-indo-beginners-mg.pdf (381 KB)
  OK Indonesian Beginners/HSC-NESA/2023-hsc-indo-beginners-mg.pdf (381 KB)
  OK Indonesian Beginners/HSC-NESA/2023-hsc-indo-beginners-transcript.pdf (523 KB)
  OK Indonesian Beginners/HSC-NESA/2023-hsc-indo-beginners-transcript.pdf (523 KB)
  OK Indonesian Beginners/HSC-NESA/2023-hsc-indo-beginners.pdf (1066 KB)
  OK Indonesian Beginners/HSC-NESA/2023-hsc-indo-beginners.pdf (1066 KB)
  OK Indonesian Beginners/HSC-NESA/2024-hsc-indo-beginners-transcript.pdf (115 KB)
  OK Indonesian Beginners/HSC-NESA/2024-hsc-indo-beginners-transcript.pdf (115 KB)
  OK Indonesian Beginners/HSC-NESA/2024-hsc-indo-beginners.pdf (354 KB)
  OK Indonesian Beginners/HSC-NESA/2024-hsc-indo-beginners.pdf (354 KB)
  OK Indonesian Beginners/HSC-NESA/2024-hsc-indonesian-beginners-mg.pdf (359 KB)
  OK Indonesian Beginners/HSC-NESA/2024-hsc-indonesian-beginners-mg.pdf (359 KB)
  OK Indonesian Beginners/HSC-NESA/2025-hsc-indonesian-beginners-mg.pdf (462 KB)
  OK Indonesian Beginners/HSC-NESA/2025-hsc-indonesian-beginners-mg.pdf (462 KB)
  OK Indonesian Beginners/HSC-NESA/2025-hsc-indonesian-beginners-transcript.pdf (144 KB)
  OK Indonesian Beginners/HSC-NESA/2025-hsc-indonesian-beginners-transcript.pdf (144 KB)
  OK Indonesian Beginners/HSC-NESA/2025-hsc-indonesian-beginners.pdf (1136 KB)
  OK Indonesian Beginners/HSC-NESA/2025-hsc-indonesian-beginners.pdf (1136 KB)
  OK Indonesian Continuers/HSC-NESA/indonesian-cont-hsc-exam-2015.pdf (242 KB)
  OK Indonesian Continuers/HSC-NESA/indonesian-cont-hsc-exam-2015.pdf (242 KB)
  OK Indonesian Continuers/HSC-NESA/indonesian-cont-hsc-exam-transcript-2015.pdf (110 KB)
  OK Indonesian Continuers/HSC-NESA/indonesian-cont-hsc-exam-transcript-2015.pdf (110 KB)
  OK Indonesian Continuers/HSC-NESA/indonesian-cont-hsc-mg-2015.pdf (263 KB)
  OK Indonesian Continuers/HSC-NESA/indonesian-cont-hsc-mg-2015.pdf (263 KB)
  OK Indonesian Continuers/HSC-NESA/2016-hsc-indonesian-cont-transcript.pdf (118 KB)
  OK Indonesian Continuers/HSC-NESA/2016-hsc-indonesian-cont-transcript.pdf (118 KB)
  OK Indonesian Continuers/HSC-NESA/2016-hsc-indonesian-cont.pdf (162 KB)
  OK Indonesian Continuers/HSC-NESA/2016-hsc-indonesian-cont.pdf (162 KB)
  OK Indonesian Continuers/HSC-NESA/2016-hsc-mg-indonesian-cont.pdf (261 KB)
  OK Indonesian Continuers/HSC-NESA/2016-hsc-mg-indonesian-cont.pdf (261 KB)
  OK Indonesian Continuers/HSC-NESA/2017-hsc-indonesian-cont-transcript.pdf (89 KB)
  OK Indonesian Continuers/HSC-NESA/2017-hsc-indonesian-cont-transcript.pdf (89 KB)
  OK Indonesian Continuers/HSC-NESA/2017-hsc-indonesian-cont.pdf (304 KB)
  OK Indonesian Continuers/HSC-NESA/2017-hsc-indonesian-cont.pdf (304 KB)
  OK Indonesian Continuers/HSC-NESA/2017-hsc-mg-indonesian-cont.pdf (270 KB)
  OK Indonesian Continuers/HSC-NESA/2017-hsc-mg-indonesian-cont.pdf (270 KB)
  OK Indonesian Continuers/HSC-NESA/2018-hsc-indonesian-cont-mg.pdf (815 KB)
  OK Indonesian Continuers/HSC-NESA/2018-hsc-indonesian-cont-mg.pdf (815 KB)
  OK Indonesian Continuers/HSC-NESA/2018-hsc-indonesian-cont-transcript.pdf (107 KB)
  OK Indonesian Continuers/HSC-NESA/2018-hsc-indonesian-cont-transcript.pdf (107 KB)
  OK Indonesian Continuers/HSC-NESA/2018-hsc-indonesian-cont.pdf (291 KB)
  OK Indonesian Continuers/HSC-NESA/2018-hsc-indonesian-cont.pdf (291 KB)
  OK Indonesian Continuers/HSC-NESA/2019-hsc-indonesian-continuers-mg.pdf (225 KB)
  OK Indonesian Continuers/HSC-NESA/2019-hsc-indonesian-continuers-mg.pdf (225 KB)
  OK Indonesian Continuers/HSC-NESA/2019-hsc-indonesian-continuers-transcript.pdf (104 KB)
  OK Indonesian Continuers/HSC-NESA/2019-hsc-indonesian-continuers-transcript.pdf (104 KB)
  OK Indonesian Continuers/HSC-NESA/2019-hsc-indonesian-continuers.pdf (298 KB)
  OK Indonesian Continuers/HSC-NESA/2019-hsc-indonesian-continuers.pdf (298 KB)
  OK Indonesian Continuers/HSC-NESA/2020-hsc-indonesian-continuers-mg.pdf (365 KB)
  OK Indonesian Continuers/HSC-NESA/2020-hsc-indonesian-continuers-mg.pdf (365 KB)
  OK Indonesian Continuers/HSC-NESA/2020-hsc-indonesian-continuers-transcript.pdf (74 KB)
  OK Indonesian Continuers/HSC-NESA/2020-hsc-indonesian-continuers-transcript.pdf (74 KB)
  OK Indonesian Continuers/HSC-NESA/2020-hsc-indonesian-continuers.pdf (345 KB)
  OK Indonesian Continuers/HSC-NESA/2020-hsc-indonesian-continuers.pdf (345 KB)
  OK Indonesian Continuers/HSC-NESA/2021-hsc-indonesian-continuers-mg.pdf (714 KB)
  OK Indonesian Continuers/HSC-NESA/2021-hsc-indonesian-continuers-mg.pdf (714 KB)
  OK Indonesian Continuers/HSC-NESA/2021-hsc-indonesian-continuers-transcript.pdf (91 KB)
  OK Indonesian Continuers/HSC-NESA/2021-hsc-indonesian-continuers-transcript.pdf (91 KB)
  OK Indonesian Continuers/HSC-NESA/2021-hsc-indonesian-continuers.pdf (239 KB)
  OK Indonesian Continuers/HSC-NESA/2021-hsc-indonesian-continuers.pdf (239 KB)
  OK Indonesian Continuers/HSC-NESA/2022-hsc-indo-continuers-mg.pdf (511 KB)
  OK Indonesian Continuers/HSC-NESA/2022-hsc-indo-continuers-mg.pdf (511 KB)
  OK Indonesian Continuers/HSC-NESA/2022-hsc-indo-continuers-transcript.pdf (106 KB)
  OK Indonesian Continuers/HSC-NESA/2022-hsc-indo-continuers-transcript.pdf (106 KB)
  OK Indonesian Continuers/HSC-NESA/2022-hsc-indo-continuers.pdf (394 KB)
  OK Indonesian Continuers/HSC-NESA/2022-hsc-indo-continuers.pdf (394 KB)
  OK Indonesian Continuers/HSC-NESA/2023-hsc-indo-continuers-mg.pdf (345 KB)
  OK Indonesian Continuers/HSC-NESA/2023-hsc-indo-continuers-mg.pdf (345 KB)
  OK Indonesian Continuers/HSC-NESA/2023-hsc-indo-continuers-transcript.pdf (518 KB)
  OK Indonesian Continuers/HSC-NESA/2023-hsc-indo-continuers-transcript.pdf (518 KB)
  OK Indonesian Continuers/HSC-NESA/2023-hsc-indo-continuers.pdf (917 KB)
  OK Indonesian Continuers/HSC-NESA/2023-hsc-indo-continuers.pdf (917 KB)
  OK Indonesian Continuers/HSC-NESA/2024-hsc-indo-continuers-transcript.pdf (114 KB)
  OK Indonesian Continuers/HSC-NESA/2024-hsc-indo-continuers-transcript.pdf (114 KB)
  OK Indonesian Continuers/HSC-NESA/2024-hsc-indo-continuers.pdf (330 KB)
  OK Indonesian Continuers/HSC-NESA/2024-hsc-indo-continuers.pdf (330 KB)
  OK Indonesian Continuers/HSC-NESA/2024-hsc-indonesian-continuers-mg.pdf (776 KB)
  OK Indonesian Continuers/HSC-NESA/2024-hsc-indonesian-continuers-mg.pdf (776 KB)
  OK Indonesian Continuers/HSC-NESA/2025-hsc-indonesian-continuers-mg.pdf (359 KB)
  OK Indonesian Continuers/HSC-NESA/2025-hsc-indonesian-continuers-mg.pdf (359 KB)
  OK Indonesian Continuers/HSC-NESA/2025-hsc-indonesian-continuers-transcript.pdf (149 KB)
  OK Indonesian Continuers/HSC-NESA/2025-hsc-indonesian-continuers-transcript.pdf (149 KB)
  OK Indonesian Continuers/HSC-NESA/2025-hsc-indonesian-continuers.pdf (1101 KB)
  OK Indonesian Continuers/HSC-NESA/2025-hsc-indonesian-continuers.pdf (1101 KB)
  OK Indonesian Extension/HSC-NESA/2015-hsc-indonesian-ext-mg.pdf (195 KB)
  OK Indonesian Extension/HSC-NESA/2015-hsc-indonesian-ext-mg.pdf (195 KB)
  OK Indonesian Extension/HSC-NESA/2015-hsc-indonesian-ext-oral.pdf (87 KB)
  OK Indonesian Extension/HSC-NESA/2015-hsc-indonesian-ext-oral.pdf (87 KB)
  OK Indonesian Extension/HSC-NESA/2015-hsc-indonesian-ext.pdf (151 KB)
  OK Indonesian Extension/HSC-NESA/2015-hsc-indonesian-ext.pdf (151 KB)
  OK Indonesian Extension/HSC-NESA/2016-hsc-indonesian-ext-oral.pdf (90 KB)
  OK Indonesian Extension/HSC-NESA/2016-hsc-indonesian-ext-oral.pdf (90 KB)
  OK Indonesian Extension/HSC-NESA/2016-hsc-indonesian-ext.pdf (101 KB)
  OK Indonesian Extension/HSC-NESA/2016-hsc-indonesian-ext.pdf (101 KB)
  OK Indonesian Extension/HSC-NESA/2016-hsc-mg-indonesian-ext.pdf (160 KB)
  OK Indonesian Extension/HSC-NESA/2016-hsc-mg-indonesian-ext.pdf (160 KB)
  OK Indonesian Extension/HSC-NESA/2017-hsc-indonesian-ext-oral.pdf (100 KB)
  OK Indonesian Extension/HSC-NESA/2017-hsc-indonesian-ext-oral.pdf (100 KB)
  OK Indonesian Extension/HSC-NESA/2017-hsc-indonesian-ext.pdf (169 KB)
  OK Indonesian Extension/HSC-NESA/2017-hsc-indonesian-ext.pdf (169 KB)
  OK Indonesian Extension/HSC-NESA/2017-hsc-mg-indonesian-ext.pdf (182 KB)
  OK Indonesian Extension/HSC-NESA/2017-hsc-mg-indonesian-ext.pdf (182 KB)
  OK Indonesian Extension/HSC-NESA/2018-hsc-indonesian-ext-mg.pdf (397 KB)
  OK Indonesian Extension/HSC-NESA/2018-hsc-indonesian-ext-mg.pdf (397 KB)
  OK Indonesian Extension/HSC-NESA/2018-hsc-indonesian-ext-oral.pdf (309 KB)
  OK Indonesian Extension/HSC-NESA/2018-hsc-indonesian-ext-oral.pdf (309 KB)
  OK Indonesian Extension/HSC-NESA/2018-hsc-indonesian-ext.pdf (83 KB)
  OK Indonesian Extension/HSC-NESA/2018-hsc-indonesian-ext.pdf (83 KB)
  OK Indonesian Extension/HSC-NESA/2019-hsc-indonesian-ext.pdf (230 KB)
  OK Indonesian Extension/HSC-NESA/2019-hsc-indonesian-ext.pdf (230 KB)
  OK Indonesian Extension/HSC-NESA/2019-hsc-indonesian-extension-mg.pdf (130 KB)
  OK Indonesian Extension/HSC-NESA/2019-hsc-indonesian-extension-mg.pdf (130 KB)
  OK Indonesian Extension/HSC-NESA/2019-hsc-indonesian-extension-oral.pdf (193 KB)
  OK Indonesian Extension/HSC-NESA/2019-hsc-indonesian-extension-oral.pdf (193 KB)
  OK Indonesian Extension/HSC-NESA/2020-hsc-indonesian-extension-mg.pdf (264 KB)
  OK Indonesian Extension/HSC-NESA/2020-hsc-indonesian-extension-mg.pdf (264 KB)
  OK Indonesian Extension/HSC-NESA/2020-hsc-indonesian-extension-oral.pdf (114 KB)
  OK Indonesian Extension/HSC-NESA/2020-hsc-indonesian-extension-oral.pdf (114 KB)
  OK Indonesian Extension/HSC-NESA/2020-hsc-indonesian-extension.pdf (91 KB)
  OK Indonesian Extension/HSC-NESA/2020-hsc-indonesian-extension.pdf (91 KB)
  OK Indonesian Extension/HSC-NESA/2021-hsc-indonesian-extension-mg.pdf (462 KB)
  OK Indonesian Extension/HSC-NESA/2021-hsc-indonesian-extension-mg.pdf (462 KB)
  OK Indonesian Extension/HSC-NESA/2021-hsc-indonesian-extension-oral.pdf (109 KB)
  OK Indonesian Extension/HSC-NESA/2021-hsc-indonesian-extension-oral.pdf (109 KB)
  OK Indonesian Extension/HSC-NESA/2021-hsc-indonesian-extension.pdf (96 KB)
  OK Indonesian Extension/HSC-NESA/2021-hsc-indonesian-extension.pdf (96 KB)
  OK Indonesian Extension/HSC-NESA/2022-hsc-indo-ext-mg.pdf (217 KB)
  OK Indonesian Extension/HSC-NESA/2022-hsc-indo-ext-mg.pdf (217 KB)
  OK Indonesian Extension/HSC-NESA/2022-hsc-indo-ext-oral.pdf (105 KB)
  OK Indonesian Extension/HSC-NESA/2022-hsc-indo-ext-oral.pdf (105 KB)
  OK Indonesian Extension/HSC-NESA/2022-hsc-indo-ext.pdf (174 KB)
  OK Indonesian Extension/HSC-NESA/2022-hsc-indo-ext.pdf (174 KB)
  OK Indonesian Extension/HSC-NESA/2023-hsc-indo-ext-mg.pdf (312 KB)
  OK Indonesian Extension/HSC-NESA/2023-hsc-indo-ext-mg.pdf (312 KB)
  OK Indonesian Extension/HSC-NESA/2023-hsc-indonesian-ext%2B20240311_unredacted.pdf (562 KB)
  OK Indonesian Extension/HSC-NESA/2023-hsc-indonesian-ext%2B20240311_unredacted.pdf (562 KB)
  OK Indonesian Extension/HSC-NESA/2023-hsc-indonesian-ext-oral.pdf (130 KB)
  OK Indonesian Extension/HSC-NESA/2023-hsc-indonesian-ext-oral.pdf (130 KB)
  OK Indonesian Extension/HSC-NESA/2024-hsc-indo-ext.pdf (255 KB)
  OK Indonesian Extension/HSC-NESA/2024-hsc-indo-ext.pdf (255 KB)
  OK Indonesian Extension/HSC-NESA/2024-hsc-indonesian-ext-oral.pdf (168 KB)
  OK Indonesian Extension/HSC-NESA/2024-hsc-indonesian-ext-oral.pdf (168 KB)
  OK Indonesian Extension/HSC-NESA/2024-hsc-indonesian-extension-mg.pdf (122 KB)
  OK Indonesian Extension/HSC-NESA/2024-hsc-indonesian-extension-mg.pdf (122 KB)
  OK Indonesian Extension/HSC-NESA/2025-hsc-indonesian-extension-oral.pdf (292 KB)
  OK Indonesian Extension/HSC-NESA/2025-hsc-indonesian-extension-oral.pdf (292 KB)
  OK Indonesian Extension/HSC-NESA/2025-hsc-indonesian-extension.pdf (631 KB)
  OK Indonesian Extension/HSC-NESA/2025-hsc-indonesian-extension.pdf (631 KB)
  OK Indonesian Extension/HSC-NESA/2025-hsc-indonesian-extension-mg.pdf (200 KB)
  OK Indonesian Extension/HSC-NESA/2025-hsc-indonesian-extension-mg.pdf (200 KB)
  OK Indonesian Literature/HSC-NESA/indonesian-bs-hsc-exam-2015.pdf (359 KB)
  OK Indonesian Literature/HSC-NESA/indonesian-bs-hsc-exam-2015.pdf (359 KB)
  OK Indonesian Literature/HSC-NESA/indonesian-bs-hsc-exam-transcript-2015.pdf (112 KB)
  OK Indonesian Literature/HSC-NESA/indonesian-bs-hsc-exam-transcript-2015.pdf (112 KB)
  OK Indonesian Literature/HSC-NESA/indonesian-bs-hsc-mg-2015.pdf (269 KB)
  OK Indonesian Literature/HSC-NESA/indonesian-bs-hsc-mg-2015.pdf (269 KB)
  OK Indonesian Literature/HSC-NESA/2016-hsc-indonesian-bs-transcript.pdf (97 KB)
  OK Indonesian Literature/HSC-NESA/2016-hsc-indonesian-bs-transcript.pdf (97 KB)
  OK Indonesian Literature/HSC-NESA/2016-hsc-indonesian-bs.pdf (90 KB)
  OK Indonesian Literature/HSC-NESA/2016-hsc-indonesian-bs.pdf (90 KB)
  OK Indonesian Literature/HSC-NESA/2016-hsc-mg-indonesian-background-speakers.pdf (259 KB)
  OK Indonesian Literature/HSC-NESA/2016-hsc-mg-indonesian-background-speakers.pdf (259 KB)
  OK Indonesian Literature/HSC-NESA/2017-hsc-indonesian-and-literature-transcript.pdf (90 KB)
  OK Indonesian Literature/HSC-NESA/2017-hsc-indonesian-and-literature-transcript.pdf (90 KB)
  OK Indonesian Literature/HSC-NESA/2017-hsc-indonesian-and-literature.pdf (177 KB)
  OK Indonesian Literature/HSC-NESA/2017-hsc-indonesian-and-literature.pdf (177 KB)
  OK Indonesian Literature/HSC-NESA/2017-hsc-mg-indonesian-and-literature.pdf (296 KB)
  OK Indonesian Literature/HSC-NESA/2017-hsc-mg-indonesian-and-literature.pdf (296 KB)
  OK Indonesian Literature/HSC-NESA/2018-hsc-indonesian-and-literature-mg.pdf (805 KB)
  OK Indonesian Literature/HSC-NESA/2018-hsc-indonesian-and-literature-mg.pdf (805 KB)
  OK Indonesian Literature/HSC-NESA/2018-hsc-indonesian-and-literature-transcript.pdf (118 KB)
  OK Indonesian Literature/HSC-NESA/2018-hsc-indonesian-and-literature-transcript.pdf (118 KB)
  OK Indonesian Literature/HSC-NESA/2018-hsc-indonesian-and-literature.pdf (110 KB)
  OK Indonesian Literature/HSC-NESA/2018-hsc-indonesian-and-literature.pdf (110 KB)
  OK Indonesian Literature/HSC-NESA/2019-hsc-indonesian-and-literature-mg.pdf (220 KB)
  OK Indonesian Literature/HSC-NESA/2019-hsc-indonesian-and-literature-mg.pdf (220 KB)
  OK Indonesian Literature/HSC-NESA/2019-hsc-indonesian-literature-transcript.pdf (122 KB)
  OK Indonesian Literature/HSC-NESA/2019-hsc-indonesian-literature-transcript.pdf (122 KB)
  OK Indonesian Literature/HSC-NESA/2019-hsc-indonesian-literature.pdf (189 KB)
  OK Indonesian Literature/HSC-NESA/2019-hsc-indonesian-literature.pdf (189 KB)
  OK Indonesian Literature/HSC-NESA/2020-hsc-indonesian-and-literature-mg.pdf (366 KB)
  OK Indonesian Literature/HSC-NESA/2020-hsc-indonesian-and-literature-mg.pdf (366 KB)
  OK Indonesian Literature/HSC-NESA/2020-hsc-indonesian-and-literature-transcript.pdf (81 KB)
  OK Indonesian Literature/HSC-NESA/2020-hsc-indonesian-and-literature-transcript.pdf (81 KB)
  OK Indonesian Literature/HSC-NESA/2020-hsc-indonesian-and-literature.pdf (194 KB)
  OK Indonesian Literature/HSC-NESA/2020-hsc-indonesian-and-literature.pdf (194 KB)
  OK Indonesian Literature/HSC-NESA/2021-hsc-indonesian-and-literature-mg.pdf (827 KB)
  OK Indonesian Literature/HSC-NESA/2021-hsc-indonesian-and-literature-mg.pdf (827 KB)
  OK Indonesian Literature/HSC-NESA/2021-hsc-indonesian-and-literature-transcript.pdf (102 KB)
  OK Indonesian Literature/HSC-NESA/2021-hsc-indonesian-and-literature-transcript.pdf (102 KB)
  OK Indonesian Literature/HSC-NESA/2021-hsc-indonesian-and-literature.pdf (192 KB)
  OK Indonesian Literature/HSC-NESA/2021-hsc-indonesian-and-literature.pdf (192 KB)
  OK Indonesian Literature/HSC-NESA/2022-hsc-indo-and-lit-mg.pdf (337 KB)
  OK Indonesian Literature/HSC-NESA/2022-hsc-indo-and-lit-mg.pdf (337 KB)
  OK Indonesian Literature/HSC-NESA/2022-hsc-indo-and-lit-transcript.pdf (108 KB)
  OK Indonesian Literature/HSC-NESA/2022-hsc-indo-and-lit-transcript.pdf (108 KB)
  OK Indonesian Literature/HSC-NESA/2022-hsc-indo-and-lit.pdf (147 KB)
  OK Indonesian Literature/HSC-NESA/2022-hsc-indo-and-lit.pdf (147 KB)
  OK Indonesian Literature/HSC-NESA/2023-hsc-indo-and-lit%2B20240306_unredacted.pdf (828 KB)
  OK Indonesian Literature/HSC-NESA/2023-hsc-indo-and-lit%2B20240306_unredacted.pdf (828 KB)
  OK Indonesian Literature/HSC-NESA/2023-hsc-indo-and-lit-mg.pdf (509 KB)
  OK Indonesian Literature/HSC-NESA/2023-hsc-indo-and-lit-mg.pdf (509 KB)
  OK Indonesian Literature/HSC-NESA/2023-hsc-indo-and-lit-transcript.pdf (522 KB)
  OK Indonesian Literature/HSC-NESA/2023-hsc-indo-and-lit-transcript.pdf (522 KB)
  OK Indonesian Literature/HSC-NESA/2024-hsc-indo-and-lit-transcript.pdf (116 KB)
  OK Indonesian Literature/HSC-NESA/2024-hsc-indo-and-lit-transcript.pdf (116 KB)
  OK Indonesian Literature/HSC-NESA/2024-hsc-indonesian-and-literature-mg.pdf (288 KB)
  OK Indonesian Literature/HSC-NESA/2024-hsc-indonesian-and-literature-mg.pdf (288 KB)
  OK Indonesian Literature/HSC-NESA/2024-hsc-indo-and-lit.pdf (425 KB)
  OK Indonesian Literature/HSC-NESA/2024-hsc-indo-and-lit.pdf (425 KB)
  OK Industrial Technology/HSC-NESA/indt-tech-automotive-hsc-exam-2015.pdf (122 KB)
  OK Industrial Technology/HSC-NESA/indt-tech-automotive-hsc-exam-2015.pdf (122 KB)
  OK Industrial Technology/HSC-NESA/indt-tech-automotive-hsc-mg-2015.pdf (213 KB)
  OK Industrial Technology/HSC-NESA/indt-tech-automotive-hsc-mg-2015.pdf (213 KB)
  OK Industrial Technology/HSC-NESA/indt-tech-electronics-hsc-exam-2015.pdf (90 KB)
  OK Industrial Technology/HSC-NESA/indt-tech-electronics-hsc-exam-2015.pdf (90 KB)
  OK Industrial Technology/HSC-NESA/indt-tech-electronics-hsc-mg-2015.pdf (231 KB)
  OK Industrial Technology/HSC-NESA/indt-tech-electronics-hsc-mg-2015.pdf (231 KB)
  OK Industrial Technology/HSC-NESA/indt-tech-graphics-hsc-exam-2015.pdf (249 KB)
  OK Industrial Technology/HSC-NESA/indt-tech-graphics-hsc-exam-2015.pdf (249 KB)
  OK Industrial Technology/HSC-NESA/indt-tech-graphics-hsc-mg-2015.pdf (311 KB)
  OK Industrial Technology/HSC-NESA/indt-tech-graphics-hsc-mg-2015.pdf (311 KB)
  OK Industrial Technology/HSC-NESA/indt-tech-metal-hsc-exam-2015.pdf (107 KB)
  OK Industrial Technology/HSC-NESA/indt-tech-metal-hsc-exam-2015.pdf (107 KB)
  OK Industrial Technology/HSC-NESA/indt-tech-metal-hsc-mg-2015.pdf (194 KB)
  OK Industrial Technology/HSC-NESA/indt-tech-metal-hsc-mg-2015.pdf (194 KB)
  OK Industrial Technology/HSC-NESA/indt-tech-multimedia-hsc-exam-2015.pdf (97 KB)
  OK Industrial Technology/HSC-NESA/indt-tech-multimedia-hsc-exam-2015.pdf (97 KB)
  OK Industrial Technology/HSC-NESA/indt-tech-multimedia-hsc-mg-2015.pdf (201 KB)
  OK Industrial Technology/HSC-NESA/indt-tech-multimedia-hsc-mg-2015.pdf (201 KB)
  OK Industrial Technology/HSC-NESA/indt-tech-timber-hsc-exam-2015.pdf (178 KB)
  OK Industrial Technology/HSC-NESA/indt-tech-timber-hsc-exam-2015.pdf (178 KB)
  OK Industrial Technology/HSC-NESA/indt-tech-timber-hsc-mg-2015.pdf (255 KB)
  OK Industrial Technology/HSC-NESA/indt-tech-timber-hsc-mg-2015.pdf (255 KB)
  OK Industrial Technology/HSC-NESA/2016-hsc-ind-tech-automotive.pdf (115 KB)
  OK Industrial Technology/HSC-NESA/2016-hsc-ind-tech-automotive.pdf (115 KB)
  OK Industrial Technology/HSC-NESA/2016-hsc-ind-tech-electronics.pdf (143 KB)
  OK Industrial Technology/HSC-NESA/2016-hsc-ind-tech-electronics.pdf (143 KB)
  OK Industrial Technology/HSC-NESA/2016-hsc-ind-tech-graphics.pdf (119 KB)
  OK Industrial Technology/HSC-NESA/2016-hsc-ind-tech-graphics.pdf (119 KB)
  OK Industrial Technology/HSC-NESA/2016-hsc-ind-tech-metal-and-engineering.pdf (247 KB)
  OK Industrial Technology/HSC-NESA/2016-hsc-ind-tech-metal-and-engineering.pdf (247 KB)
  OK Industrial Technology/HSC-NESA/2016-hsc-ind-tech-multimedia.pdf (117 KB)
  OK Industrial Technology/HSC-NESA/2016-hsc-ind-tech-multimedia.pdf (117 KB)
  OK Industrial Technology/HSC-NESA/2016-hsc-ind-tech-timber.pdf (230 KB)
  OK Industrial Technology/HSC-NESA/2016-hsc-ind-tech-timber.pdf (230 KB)
  OK Industrial Technology/HSC-NESA/2016-hsc-mg-ind-tech-automotive.pdf (170 KB)
  OK Industrial Technology/HSC-NESA/2016-hsc-mg-ind-tech-automotive.pdf (170 KB)
  OK Industrial Technology/HSC-NESA/2016-hsc-mg-ind-tech-electronics.pdf (242 KB)
  OK Industrial Technology/HSC-NESA/2016-hsc-mg-ind-tech-electronics.pdf (242 KB)
  OK Industrial Technology/HSC-NESA/2016-hsc-mg-ind-tech-graphics.pdf (383 KB)
  OK Industrial Technology/HSC-NESA/2016-hsc-mg-ind-tech-graphics.pdf (383 KB)
  OK Industrial Technology/HSC-NESA/2016-hsc-mg-ind-tech-metal-and-egineering.pdf (184 KB)
  OK Industrial Technology/HSC-NESA/2016-hsc-mg-ind-tech-metal-and-egineering.pdf (184 KB)
  OK Industrial Technology/HSC-NESA/2016-hsc-mg-ind-tech-multimedia.pdf (193 KB)
  OK Industrial Technology/HSC-NESA/2016-hsc-mg-ind-tech-multimedia.pdf (193 KB)
  OK Industrial Technology/HSC-NESA/2016-hsc-mg-ind-tech-timber.pdf (186 KB)
  OK Industrial Technology/HSC-NESA/2016-hsc-mg-ind-tech-timber.pdf (186 KB)
  OK Industrial Technology/HSC-NESA/2017-hsc-ind-tech-automotive.pdf (122 KB)
  OK Industrial Technology/HSC-NESA/2017-hsc-ind-tech-automotive.pdf (122 KB)
  OK Industrial Technology/HSC-NESA/2017-hsc-ind-tech-electronics.pdf (128 KB)
  OK Industrial Technology/HSC-NESA/2017-hsc-ind-tech-electronics.pdf (128 KB)
  OK Industrial Technology/HSC-NESA/2017-hsc-ind-tech-graphics.pdf (149 KB)
  OK Industrial Technology/HSC-NESA/2017-hsc-ind-tech-graphics.pdf (149 KB)
  OK Industrial Technology/HSC-NESA/2017-hsc-ind-tech-metal-and-engineering.pdf (131 KB)
  OK Industrial Technology/HSC-NESA/2017-hsc-ind-tech-metal-and-engineering.pdf (131 KB)
  OK Industrial Technology/HSC-NESA/2017-hsc-ind-tech-multimedia.pdf (119 KB)
  OK Industrial Technology/HSC-NESA/2017-hsc-ind-tech-multimedia.pdf (119 KB)
  OK Industrial Technology/HSC-NESA/2017-hsc-ind-tech-timber.pdf (166 KB)
  OK Industrial Technology/HSC-NESA/2017-hsc-ind-tech-timber.pdf (166 KB)
  OK Industrial Technology/HSC-NESA/2017-hsc-mg-indus-tech-auto.pdf (165 KB)
  OK Industrial Technology/HSC-NESA/2017-hsc-mg-indus-tech-auto.pdf (165 KB)
  OK Industrial Technology/HSC-NESA/2017-hsc-mg-indus-tech-electronics.pdf (179 KB)
  OK Industrial Technology/HSC-NESA/2017-hsc-mg-indus-tech-electronics.pdf (179 KB)
  OK Industrial Technology/HSC-NESA/2017-hsc-mg-indus-tech-graphics.pdf (182 KB)
  OK Industrial Technology/HSC-NESA/2017-hsc-mg-indus-tech-graphics.pdf (182 KB)
  OK Industrial Technology/HSC-NESA/2017-hsc-mg-indus-tech-metal.pdf (214 KB)
  OK Industrial Technology/HSC-NESA/2017-hsc-mg-indus-tech-metal.pdf (214 KB)
  OK Industrial Technology/HSC-NESA/2017-hsc-mg-indus-tech-multimedia.pdf (178 KB)
  OK Industrial Technology/HSC-NESA/2017-hsc-mg-indus-tech-multimedia.pdf (178 KB)
  OK Industrial Technology/HSC-NESA/2017-hsc-mg-indus-tech-timber.pdf (182 KB)
  OK Industrial Technology/HSC-NESA/2017-hsc-mg-indus-tech-timber.pdf (182 KB)
  OK Industrial Technology/HSC-NESA/2018-hsc-ind-tech-automotive-mg.pdf (367 KB)
  OK Industrial Technology/HSC-NESA/2018-hsc-ind-tech-automotive-mg.pdf (367 KB)
  OK Industrial Technology/HSC-NESA/2018-hsc-ind-tech-automotive.pdf (200 KB)
  OK Industrial Technology/HSC-NESA/2018-hsc-ind-tech-automotive.pdf (200 KB)
  OK Industrial Technology/HSC-NESA/2018-hsc-ind-tech-electronics-mg.pdf (433 KB)
  OK Industrial Technology/HSC-NESA/2018-hsc-ind-tech-electronics-mg.pdf (433 KB)
  OK Industrial Technology/HSC-NESA/2018-hsc-ind-tech-electronics.pdf (223 KB)
  OK Industrial Technology/HSC-NESA/2018-hsc-ind-tech-electronics.pdf (223 KB)
  OK Industrial Technology/HSC-NESA/2018-hsc-ind-tech-graphics-mg.pdf (603 KB)
  OK Industrial Technology/HSC-NESA/2018-hsc-ind-tech-graphics-mg.pdf (603 KB)
  OK Industrial Technology/HSC-NESA/2018-hsc-ind-tech-graphics.pdf (156 KB)
  OK Industrial Technology/HSC-NESA/2018-hsc-ind-tech-graphics.pdf (156 KB)
  OK Industrial Technology/HSC-NESA/2018-hsc-ind-tech-metal-and-engineering-mg.pdf (374 KB)
  OK Industrial Technology/HSC-NESA/2018-hsc-ind-tech-metal-and-engineering-mg.pdf (374 KB)
  OK Industrial Technology/HSC-NESA/2018-hsc-ind-tech-metal-and-engineering.pdf (106 KB)
  OK Industrial Technology/HSC-NESA/2018-hsc-ind-tech-metal-and-engineering.pdf (106 KB)
  OK Industrial Technology/HSC-NESA/2018-hsc-ind-tech-multimedia-mg.pdf (377 KB)
  OK Industrial Technology/HSC-NESA/2018-hsc-ind-tech-multimedia-mg.pdf (377 KB)
  OK Industrial Technology/HSC-NESA/2018-hsc-ind-tech-multimedia.pdf (181 KB)
  OK Industrial Technology/HSC-NESA/2018-hsc-ind-tech-multimedia.pdf (181 KB)
  OK Industrial Technology/HSC-NESA/2018-hsc-ind-tech-timber-mg.pdf (369 KB)
  OK Industrial Technology/HSC-NESA/2018-hsc-ind-tech-timber-mg.pdf (369 KB)
  OK Industrial Technology/HSC-NESA/2018-hsc-ind-tech-timber.pdf (309 KB)
  OK Industrial Technology/HSC-NESA/2018-hsc-ind-tech-timber.pdf (309 KB)
  OK Industrial Technology/HSC-NESA/2019-hsc-indt-automotive.pdf (303 KB)
  OK Industrial Technology/HSC-NESA/2019-hsc-indt-automotive.pdf (303 KB)
  OK Industrial Technology/HSC-NESA/2019-hsc-indt-electronics.pdf (323 KB)
  OK Industrial Technology/HSC-NESA/2019-hsc-indt-electronics.pdf (323 KB)
  OK Industrial Technology/HSC-NESA/2019-hsc-indt-graphics.pdf (183 KB)
  OK Industrial Technology/HSC-NESA/2019-hsc-indt-graphics.pdf (183 KB)
  OK Industrial Technology/HSC-NESA/2019-hsc-indt-metal-and-engineering.pdf (191 KB)
  OK Industrial Technology/HSC-NESA/2019-hsc-indt-metal-and-engineering.pdf (191 KB)
  OK Industrial Technology/HSC-NESA/2019-hsc-indt-multimedia.pdf (241 KB)
  OK Industrial Technology/HSC-NESA/2019-hsc-indt-multimedia.pdf (241 KB)
  OK Industrial Technology/HSC-NESA/2019-hsc-indt-timber.pdf (165 KB)
  OK Industrial Technology/HSC-NESA/2019-hsc-indt-timber.pdf (165 KB)
  OK Industrial Technology/HSC-NESA/2019-hsc-indtech-automotive-mg.pdf (191 KB)
  OK Industrial Technology/HSC-NESA/2019-hsc-indtech-automotive-mg.pdf (191 KB)
  OK Industrial Technology/HSC-NESA/2019-hsc-indtech-electronics-mg.pdf (167 KB)
  OK Industrial Technology/HSC-NESA/2019-hsc-indtech-electronics-mg.pdf (167 KB)
  OK Industrial Technology/HSC-NESA/2019-hsc-indtech-graphics-mg.pdf (327 KB)
  OK Industrial Technology/HSC-NESA/2019-hsc-indtech-graphics-mg.pdf (327 KB)
  OK Industrial Technology/HSC-NESA/2019-hsc-indtech-metal-and-egineering-mg.pdf (194 KB)
  OK Industrial Technology/HSC-NESA/2019-hsc-indtech-metal-and-egineering-mg.pdf (194 KB)
  OK Industrial Technology/HSC-NESA/2019-hsc-indtech-multimedia-mg.pdf (187 KB)
  OK Industrial Technology/HSC-NESA/2019-hsc-indtech-multimedia-mg.pdf (187 KB)
  OK Industrial Technology/HSC-NESA/2019-hsc-indtech-timber-mg.pdf (93 KB)
  OK Industrial Technology/HSC-NESA/2019-hsc-indtech-timber-mg.pdf (93 KB)
  OK Industrial Technology/HSC-NESA/2020-hsc-ind-tech-automotive.pdf (385 KB)
  OK Industrial Technology/HSC-NESA/2020-hsc-ind-tech-automotive.pdf (385 KB)
  OK Industrial Technology/HSC-NESA/2020-hsc-ind-tech-electronics.pdf (187 KB)
  OK Industrial Technology/HSC-NESA/2020-hsc-ind-tech-electronics.pdf (187 KB)
  OK Industrial Technology/HSC-NESA/2020-hsc-ind-tech-graphics.pdf (224 KB)
  OK Industrial Technology/HSC-NESA/2020-hsc-ind-tech-graphics.pdf (224 KB)
  OK Industrial Technology/HSC-NESA/2020-hsc-ind-tech-metal-and-engineering.pdf (132 KB)
  OK Industrial Technology/HSC-NESA/2020-hsc-ind-tech-metal-and-engineering.pdf (132 KB)
  OK Industrial Technology/HSC-NESA/2020-hsc-ind-tech-multimedia.pdf (125 KB)
  OK Industrial Technology/HSC-NESA/2020-hsc-ind-tech-multimedia.pdf (125 KB)
  OK Industrial Technology/HSC-NESA/2020-hsc-ind-tech-timber.pdf (165 KB)
  OK Industrial Technology/HSC-NESA/2020-hsc-ind-tech-timber.pdf (165 KB)
  OK Industrial Technology/HSC-NESA/2020-hsc-indtech-automotive-mg.pdf (273 KB)
  OK Industrial Technology/HSC-NESA/2020-hsc-indtech-automotive-mg.pdf (273 KB)
  OK Industrial Technology/HSC-NESA/2020-hsc-indtech-electronics-mg.pdf (276 KB)
  OK Industrial Technology/HSC-NESA/2020-hsc-indtech-electronics-mg.pdf (276 KB)
  OK Industrial Technology/HSC-NESA/2020-hsc-indtech-graphics-mg.pdf (382 KB)
  OK Industrial Technology/HSC-NESA/2020-hsc-indtech-graphics-mg.pdf (382 KB)
  OK Industrial Technology/HSC-NESA/2020-hsc-indtech-metal-and-egineering-mg.pdf (248 KB)
  OK Industrial Technology/HSC-NESA/2020-hsc-indtech-metal-and-egineering-mg.pdf (248 KB)
  OK Industrial Technology/HSC-NESA/2020-hsc-indtech-multimedia-mg.pdf (245 KB)
  OK Industrial Technology/HSC-NESA/2020-hsc-indtech-multimedia-mg.pdf (245 KB)
  OK Industrial Technology/HSC-NESA/2020-hsc-indtech-timber-mg.pdf (266 KB)
  OK Industrial Technology/HSC-NESA/2020-hsc-indtech-timber-mg.pdf (266 KB)
  OK Industrial Technology/HSC-NESA/2021-hsc-indtech-automotive-mg.pdf (497 KB)
  OK Industrial Technology/HSC-NESA/2021-hsc-indtech-automotive-mg.pdf (497 KB)
  OK Industrial Technology/HSC-NESA/2021-hsc-indtech-electronics-mg.pdf (491 KB)
  OK Industrial Technology/HSC-NESA/2021-hsc-indtech-electronics-mg.pdf (491 KB)
  OK Industrial Technology/HSC-NESA/2021-hsc-indtech-graphics-mg.pdf (682 KB)
  OK Industrial Technology/HSC-NESA/2021-hsc-indtech-graphics-mg.pdf (682 KB)
  OK Industrial Technology/HSC-NESA/2021-hsc-indtech-metal-and-egineering-mg.pdf (512 KB)
  OK Industrial Technology/HSC-NESA/2021-hsc-indtech-metal-and-egineering-mg.pdf (512 KB)
  OK Industrial Technology/HSC-NESA/2021-hsc-indtech-multimedia-mg.pdf (549 KB)
  OK Industrial Technology/HSC-NESA/2021-hsc-indtech-multimedia-mg.pdf (549 KB)
  OK Industrial Technology/HSC-NESA/2021-hsc-indtech-timber-mg.pdf (461 KB)
  OK Industrial Technology/HSC-NESA/2021-hsc-indtech-timber-mg.pdf (461 KB)
  OK Industrial Technology/HSC-NESA/2021-hsc-indus-tech-automotive.pdf (712 KB)
  OK Industrial Technology/HSC-NESA/2021-hsc-indus-tech-automotive.pdf (712 KB)
  OK Industrial Technology/HSC-NESA/2021-hsc-indus-tech-electronics.pdf (159 KB)
  OK Industrial Technology/HSC-NESA/2021-hsc-indus-tech-electronics.pdf (159 KB)
  OK Industrial Technology/HSC-NESA/2021-hsc-indus-tech-graphics.pdf (202 KB)
  OK Industrial Technology/HSC-NESA/2021-hsc-indus-tech-graphics.pdf (202 KB)
  OK Industrial Technology/HSC-NESA/2021-hsc-indus-tech-metal-and-engineering.pdf (262 KB)
  OK Industrial Technology/HSC-NESA/2021-hsc-indus-tech-metal-and-engineering.pdf (262 KB)
  OK Industrial Technology/HSC-NESA/2021-hsc-indus-tech-multimedia.pdf (170 KB)
  OK Industrial Technology/HSC-NESA/2021-hsc-indus-tech-multimedia.pdf (170 KB)
  OK Industrial Technology/HSC-NESA/2021-hsc-indus-tech-timber.pdf (540 KB)
  OK Industrial Technology/HSC-NESA/2021-hsc-indus-tech-timber.pdf (540 KB)
  OK Industrial Technology/HSC-NESA/2022-hsc-indus-tech-automotive-mg.pdf (280 KB)
  OK Industrial Technology/HSC-NESA/2022-hsc-indus-tech-automotive-mg.pdf (280 KB)
  OK Industrial Technology/HSC-NESA/2022-hsc-indus-tech-automotive.pdf (292 KB)
  OK Industrial Technology/HSC-NESA/2022-hsc-indus-tech-automotive.pdf (292 KB)
  OK Industrial Technology/HSC-NESA/2022-hsc-indus-tech-electronics-mg.pdf (135 KB)
  OK Industrial Technology/HSC-NESA/2022-hsc-indus-tech-electronics-mg.pdf (135 KB)
  OK Industrial Technology/HSC-NESA/2022-hsc-indus-tech-electronics.pdf (338 KB)
  OK Industrial Technology/HSC-NESA/2022-hsc-indus-tech-electronics.pdf (338 KB)
  OK Industrial Technology/HSC-NESA/2022-hsc-indus-tech-graphics-mg.pdf (354 KB)
  OK Industrial Technology/HSC-NESA/2022-hsc-indus-tech-graphics-mg.pdf (354 KB)
  OK Industrial Technology/HSC-NESA/2022-hsc-indus-tech-graphics.pdf (373 KB)
  OK Industrial Technology/HSC-NESA/2022-hsc-indus-tech-graphics.pdf (373 KB)
  OK Industrial Technology/HSC-NESA/2022-hsc-indus-tech-metal-and-egineering-mg.pdf (237 KB)
  OK Industrial Technology/HSC-NESA/2022-hsc-indus-tech-metal-and-egineering-mg.pdf (237 KB)
  OK Industrial Technology/HSC-NESA/2022-hsc-indus-tech-metal-and-engineering.pdf (442 KB)
  OK Industrial Technology/HSC-NESA/2022-hsc-indus-tech-metal-and-engineering.pdf (442 KB)
  OK Industrial Technology/HSC-NESA/2022-hsc-indus-tech-multimedia-mg.pdf (215 KB)
  OK Industrial Technology/HSC-NESA/2022-hsc-indus-tech-multimedia-mg.pdf (215 KB)
  OK Industrial Technology/HSC-NESA/2022-hsc-indus-tech-multimedia.pdf (314 KB)
  OK Industrial Technology/HSC-NESA/2022-hsc-indus-tech-multimedia.pdf (314 KB)
  OK Industrial Technology/HSC-NESA/2022-hsc-indus-tech-timber-mg.pdf (250 KB)
  OK Industrial Technology/HSC-NESA/2022-hsc-indus-tech-timber-mg.pdf (250 KB)
  OK Industrial Technology/HSC-NESA/2022-hsc-indus-tech-timber.pdf (328 KB)
  OK Industrial Technology/HSC-NESA/2022-hsc-indus-tech-timber.pdf (328 KB)
  OK Industrial Technology/HSC-NESA/2023-hsc-Indt-automotive-mg.pdf (214 KB)
  OK Industrial Technology/HSC-NESA/2023-hsc-Indt-automotive-mg.pdf (214 KB)
  OK Industrial Technology/HSC-NESA/2023-hsc-indt-electronics-mg.pdf (645 KB)
  OK Industrial Technology/HSC-NESA/2023-hsc-indt-electronics-mg.pdf (645 KB)
  OK Industrial Technology/HSC-NESA/2023-hsc-indt-graphics-mg.pdf (745 KB)
  OK Industrial Technology/HSC-NESA/2023-hsc-indt-graphics-mg.pdf (745 KB)
  OK Industrial Technology/HSC-NESA/2023-hsc-indt-metal-mg.pdf (291 KB)
  OK Industrial Technology/HSC-NESA/2023-hsc-indt-metal-mg.pdf (291 KB)
  OK Industrial Technology/HSC-NESA/2023-hsc-indt-multimedia-mg.pdf (449 KB)
  OK Industrial Technology/HSC-NESA/2023-hsc-indt-multimedia-mg.pdf (449 KB)
  OK Industrial Technology/HSC-NESA/2023-hsc-indt-timber-mg.pdf (397 KB)
  OK Industrial Technology/HSC-NESA/2023-hsc-indt-timber-mg.pdf (397 KB)
  OK Industrial Technology/HSC-NESA/2023-hsc-indus-tech-automotive.pdf (321 KB)
  OK Industrial Technology/HSC-NESA/2023-hsc-indus-tech-automotive.pdf (321 KB)
  OK Industrial Technology/HSC-NESA/2023-hsc-indus-tech-electronics.pdf (387 KB)
  OK Industrial Technology/HSC-NESA/2023-hsc-indus-tech-electronics.pdf (387 KB)
  OK Industrial Technology/HSC-NESA/2023-hsc-indus-tech-graphics.pdf (327 KB)
  OK Industrial Technology/HSC-NESA/2023-hsc-indus-tech-graphics.pdf (327 KB)
  OK Industrial Technology/HSC-NESA/2023-hsc-indus-tech-metal-and-engineering.pdf (428 KB)
  OK Industrial Technology/HSC-NESA/2023-hsc-indus-tech-metal-and-engineering.pdf (428 KB)
  OK Industrial Technology/HSC-NESA/2023-hsc-indus-tech-multimedia.pdf (316 KB)
  OK Industrial Technology/HSC-NESA/2023-hsc-indus-tech-multimedia.pdf (316 KB)
  OK Industrial Technology/HSC-NESA/2023-hsc-indus-tech-timber.pdf (623 KB)
  OK Industrial Technology/HSC-NESA/2023-hsc-indus-tech-timber.pdf (623 KB)
  OK Industrial Technology/HSC-NESA/2024-hsc-Indt-automotive-mg.pdf (157 KB)
  OK Industrial Technology/HSC-NESA/2024-hsc-Indt-automotive-mg.pdf (157 KB)
  OK Industrial Technology/HSC-NESA/2024-hsc-indt-electronics-mg.pdf (489 KB)
  OK Industrial Technology/HSC-NESA/2024-hsc-indt-electronics-mg.pdf (489 KB)
  OK Industrial Technology/HSC-NESA/2024-hsc-indt-graphics-mg.pdf (476 KB)
  OK Industrial Technology/HSC-NESA/2024-hsc-indt-graphics-mg.pdf (476 KB)
  OK Industrial Technology/HSC-NESA/2024-hsc-indt-metal-mg.pdf (474 KB)
  OK Industrial Technology/HSC-NESA/2024-hsc-indt-metal-mg.pdf (474 KB)
  OK Industrial Technology/HSC-NESA/2024-hsc-indt-multimedia-mg.pdf (434 KB)
  OK Industrial Technology/HSC-NESA/2024-hsc-indt-multimedia-mg.pdf (434 KB)
  OK Industrial Technology/HSC-NESA/2024-hsc-indt-timber-mg.pdf (431 KB)
  OK Industrial Technology/HSC-NESA/2024-hsc-indt-timber-mg.pdf (431 KB)
  OK Industrial Technology/HSC-NESA/2024-hsc-indus-tech-graphics.pdf (300 KB)
  OK Industrial Technology/HSC-NESA/2024-hsc-indus-tech-graphics.pdf (300 KB)
  OK Industrial Technology/HSC-NESA/2024-hsc-indus-tech-multimedia.pdf (229 KB)
  OK Industrial Technology/HSC-NESA/2024-hsc-indus-tech-multimedia.pdf (229 KB)
  OK Industrial Technology/HSC-NESA/2024-hsc-indus-tech-timber.pdf (257 KB)
  OK Industrial Technology/HSC-NESA/2024-hsc-indus-tech-timber.pdf (257 KB)
  OK Industrial Technology/HSC-NESA/2024-hsc-indus-tech-automotive-cc.pdf (284 KB)
  OK Industrial Technology/HSC-NESA/2024-hsc-indus-tech-automotive-cc.pdf (284 KB)
  OK Industrial Technology/HSC-NESA/2024-hsc-indus-tech-electronics-cc.pdf (437 KB)
  OK Industrial Technology/HSC-NESA/2024-hsc-indus-tech-electronics-cc.pdf (437 KB)
  OK Industrial Technology/HSC-NESA/2024-hsc-indus-tech-metal-and-engineering-cc.pdf (218 KB)
  OK Industrial Technology/HSC-NESA/2024-hsc-indus-tech-metal-and-engineering-cc.pdf (218 KB)
  OK Industrial Technology/HSC-NESA/2025-hsc-ind-tech-automotive.pdf (374 KB)
  OK Industrial Technology/HSC-NESA/2025-hsc-ind-tech-automotive.pdf (374 KB)
  OK Industrial Technology/HSC-NESA/2025-hsc-ind-tech-electronics.pdf (171 KB)
  OK Industrial Technology/HSC-NESA/2025-hsc-ind-tech-electronics.pdf (171 KB)
  OK Industrial Technology/HSC-NESA/2025-hsc-ind-tech-metal.pdf (298 KB)
  OK Industrial Technology/HSC-NESA/2025-hsc-ind-tech-metal.pdf (298 KB)
  OK Industrial Technology/HSC-NESA/2025-hsc-ind-tech-multimedia.pdf (390 KB)
  OK Industrial Technology/HSC-NESA/2025-hsc-ind-tech-multimedia.pdf (390 KB)
  OK Industrial Technology/HSC-NESA/2025-hsc-ind-tech-timber.pdf (250 KB)
  OK Industrial Technology/HSC-NESA/2025-hsc-ind-tech-timber.pdf (250 KB)
  OK Industrial Technology/HSC-NESA/2025-hsc-indus-tech-automotive-mg.pdf (343 KB)
  OK Industrial Technology/HSC-NESA/2025-hsc-indus-tech-automotive-mg.pdf (343 KB)
  OK Industrial Technology/HSC-NESA/2025-hsc-indus-tech-electronics-mg.pdf (327 KB)
  OK Industrial Technology/HSC-NESA/2025-hsc-indus-tech-electronics-mg.pdf (327 KB)
  OK Industrial Technology/HSC-NESA/2025-hsc-indus-tech-graphics-mg.pdf (448 KB)
  OK Industrial Technology/HSC-NESA/2025-hsc-indus-tech-graphics-mg.pdf (448 KB)
  OK Industrial Technology/HSC-NESA/2025-hsc-indus-tech-metal-mg.pdf (363 KB)
  OK Industrial Technology/HSC-NESA/2025-hsc-indus-tech-metal-mg.pdf (363 KB)
  OK Industrial Technology/HSC-NESA/2025-hsc-indus-tech-multimedia-mg.pdf (298 KB)
  OK Industrial Technology/HSC-NESA/2025-hsc-indus-tech-multimedia-mg.pdf (298 KB)
  OK Industrial Technology/HSC-NESA/2025-hsc-indus-tech-timber-mg.pdf (371 KB)
  OK Industrial Technology/HSC-NESA/2025-hsc-indus-tech-timber-mg.pdf (371 KB)
  OK Industrial Technology/HSC-NESA/2025-hsc-ind-tech-graphics.pdf (376 KB)
  OK Industrial Technology/HSC-NESA/2025-hsc-ind-tech-graphics.pdf (376 KB)
  OK Information & Digital Technology/HSC-NESA/vet-idt-digital-animation-hsc-exam-2015.pdf (2025 KB)
  OK Information & Digital Technology/HSC-NESA/vet-idt-digital-animation-hsc-exam-2015.pdf (2025 KB)
  OK Information & Digital Technology/HSC-NESA/vet-idt-digital-animation-hsc-mg-2015.pdf (384 KB)
  OK Information & Digital Technology/HSC-NESA/vet-idt-digital-animation-hsc-mg-2015.pdf (384 KB)
  OK Information & Digital Technology/HSC-NESA/vet-idt-digital-networking-hardware-hsc-exam-2015.pdf (496 KB)
  OK Information & Digital Technology/HSC-NESA/vet-idt-digital-networking-hardware-hsc-exam-2015.pdf (496 KB)
  OK Information & Digital Technology/HSC-NESA/vet-idt-digital-networking-hardware-hsc-mg-2015.pdf (336 KB)
  OK Information & Digital Technology/HSC-NESA/vet-idt-digital-networking-hardware-hsc-mg-2015.pdf (336 KB)
  OK Information & Digital Technology/HSC-NESA/vet-idt-web-software-applications-hsc-exam-2015.pdf (475 KB)
  OK Information & Digital Technology/HSC-NESA/vet-idt-web-software-applications-hsc-exam-2015.pdf (475 KB)
  OK Information & Digital Technology/HSC-NESA/vet-idt-web-software-applications-hsc-mg-2015.pdf (393 KB)
  OK Information & Digital Technology/HSC-NESA/vet-idt-web-software-applications-hsc-mg-2015.pdf (393 KB)
  OK Information & Digital Technology/HSC-NESA/2016-hsc-mg-idt-digital-animation.pdf (512 KB)
  OK Information & Digital Technology/HSC-NESA/2016-hsc-mg-idt-digital-animation.pdf (512 KB)
  OK Information & Digital Technology/HSC-NESA/2016-hsc-mg-idt-networking-and-hardware.pdf (397 KB)
  OK Information & Digital Technology/HSC-NESA/2016-hsc-mg-idt-networking-and-hardware.pdf (397 KB)
  OK Information & Digital Technology/HSC-NESA/2016-hsc-mg-web-and-software.pdf (385 KB)
  OK Information & Digital Technology/HSC-NESA/2016-hsc-mg-web-and-software.pdf (385 KB)
  OK Information & Digital Technology/HSC-NESA/2016-hsc-vet-idt-digital-animation.pdf (201 KB)
  OK Information & Digital Technology/HSC-NESA/2016-hsc-vet-idt-digital-animation.pdf (201 KB)
  OK Information & Digital Technology/HSC-NESA/2016-hsc-vet-idt-networking-and-hardware.pdf (160 KB)
  OK Information & Digital Technology/HSC-NESA/2016-hsc-vet-idt-networking-and-hardware.pdf (160 KB)
  OK Information & Digital Technology/HSC-NESA/2016-hsc-vet-idt-web-and-software.pdf (199 KB)
  OK Information & Digital Technology/HSC-NESA/2016-hsc-vet-idt-web-and-software.pdf (199 KB)
  OK Information & Digital Technology/HSC-NESA/2017-hsc-mg-idt-network-and-hardware.pdf (384 KB)
  OK Information & Digital Technology/HSC-NESA/2017-hsc-mg-idt-network-and-hardware.pdf (384 KB)
  OK Information & Digital Technology/HSC-NESA/2017-hsc-mg-vet-idt-digital-animation.pdf (456 KB)
  OK Information & Digital Technology/HSC-NESA/2017-hsc-mg-vet-idt-digital-animation.pdf (456 KB)
  OK Information & Digital Technology/HSC-NESA/2017-hsc-mg-vet-idt-web-and-software.pdf (323 KB)
  OK Information & Digital Technology/HSC-NESA/2017-hsc-mg-vet-idt-web-and-software.pdf (323 KB)
  OK Information & Digital Technology/HSC-NESA/2017-hsc-vet-idt-digital-animation.pdf (239 KB)
  OK Information & Digital Technology/HSC-NESA/2017-hsc-vet-idt-digital-animation.pdf (239 KB)
  OK Information & Digital Technology/HSC-NESA/2017-hsc-vet-idt-networking-and-hardware.pdf (207 KB)
  OK Information & Digital Technology/HSC-NESA/2017-hsc-vet-idt-networking-and-hardware.pdf (207 KB)
  OK Information & Digital Technology/HSC-NESA/2017-hsc-vet-idt-web-and-software.pdf (153 KB)
  OK Information & Digital Technology/HSC-NESA/2017-hsc-vet-idt-web-and-software.pdf (153 KB)
  OK Information & Digital Technology/HSC-NESA/2018-hsc-idt-digital-animation-mg.pdf (525 KB)
  OK Information & Digital Technology/HSC-NESA/2018-hsc-idt-digital-animation-mg.pdf (525 KB)
  OK Information & Digital Technology/HSC-NESA/2018-hsc-idt-net-and-hardware-mg.pdf (702 KB)
  OK Information & Digital Technology/HSC-NESA/2018-hsc-idt-net-and-hardware-mg.pdf (702 KB)
  OK Information & Digital Technology/HSC-NESA/2018-hsc-idt-web-and-software-mg.pdf (595 KB)
  OK Information & Digital Technology/HSC-NESA/2018-hsc-idt-web-and-software-mg.pdf (595 KB)
  OK Information & Digital Technology/HSC-NESA/2018-hsc-vet-idt-digital-animation.pdf (397 KB)
  OK Information & Digital Technology/HSC-NESA/2018-hsc-vet-idt-digital-animation.pdf (397 KB)
  OK Information & Digital Technology/HSC-NESA/2018-hsc-vet-idt-networking-hardware.pdf (423 KB)
  OK Information & Digital Technology/HSC-NESA/2018-hsc-vet-idt-networking-hardware.pdf (423 KB)
  OK Information & Digital Technology/HSC-NESA/2018-hsc-vet-idt-web-and-software.pdf (411 KB)
  OK Information & Digital Technology/HSC-NESA/2018-hsc-vet-idt-web-and-software.pdf (411 KB)
  OK Information & Digital Technology/HSC-NESA/2019-hsc-vet-idt-digital-animation-mg.pdf (358 KB)
  OK Information & Digital Technology/HSC-NESA/2019-hsc-vet-idt-digital-animation-mg.pdf (358 KB)
  OK Information & Digital Technology/HSC-NESA/2019-hsc-vet-idt-digital-animation.pdf (359 KB)
  OK Information & Digital Technology/HSC-NESA/2019-hsc-vet-idt-digital-animation.pdf (359 KB)
  OK Information & Digital Technology/HSC-NESA/2019-hsc-vet-idt-networking-and-hardware-mg.pdf (292 KB)
  OK Information & Digital Technology/HSC-NESA/2019-hsc-vet-idt-networking-and-hardware-mg.pdf (292 KB)
  OK Information & Digital Technology/HSC-NESA/2019-hsc-vet-idt-networking-and-hardware.pdf (255 KB)
  OK Information & Digital Technology/HSC-NESA/2019-hsc-vet-idt-networking-and-hardware.pdf (255 KB)
  OK Information & Digital Technology/HSC-NESA/2019-hsc-vet-idt-web-and-software-mg.pdf (298 KB)
  OK Information & Digital Technology/HSC-NESA/2019-hsc-vet-idt-web-and-software-mg.pdf (298 KB)
  OK Information & Digital Technology/HSC-NESA/2019-hsc-vet-idt-web-and-software.pdf (273 KB)
  OK Information & Digital Technology/HSC-NESA/2019-hsc-vet-idt-web-and-software.pdf (273 KB)
  OK Information & Digital Technology/HSC-NESA/2020-hsc-idt-networking-and-hardware-mg.pdf (340 KB)
  OK Information & Digital Technology/HSC-NESA/2020-hsc-idt-networking-and-hardware-mg.pdf (340 KB)
  OK Information & Digital Technology/HSC-NESA/2020-hsc-idt-web-and-software-mg.pdf (416 KB)
  OK Information & Digital Technology/HSC-NESA/2020-hsc-idt-web-and-software-mg.pdf (416 KB)
  OK Information & Digital Technology/HSC-NESA/2020-hsc-vet-idt-digital-animation-mg.pdf (352 KB)
  OK Information & Digital Technology/HSC-NESA/2020-hsc-vet-idt-digital-animation-mg.pdf (352 KB)
  OK Information & Digital Technology/HSC-NESA/2020-hsc-vet-idt-digital-animation.pdf (299 KB)
  OK Information & Digital Technology/HSC-NESA/2020-hsc-vet-idt-digital-animation.pdf (299 KB)
  OK Information & Digital Technology/HSC-NESA/2020-hsc-vet-idt-networking-and-hardware.pdf (136 KB)
  OK Information & Digital Technology/HSC-NESA/2020-hsc-vet-idt-networking-and-hardware.pdf (136 KB)
  OK Information & Digital Technology/HSC-NESA/2020-hsc-vet-idt-web-and-software.pdf (135 KB)
  OK Information & Digital Technology/HSC-NESA/2020-hsc-vet-idt-web-and-software.pdf (135 KB)
  OK Information & Digital Technology/HSC-NESA/2021-hsc-vet-idt-digital-animation-mg.pdf (770 KB)
  OK Information & Digital Technology/HSC-NESA/2021-hsc-vet-idt-digital-animation-mg.pdf (770 KB)
  OK Information & Digital Technology/HSC-NESA/2021-hsc-vet-idt-digital-animation.pdf (548 KB)
  OK Information & Digital Technology/HSC-NESA/2021-hsc-vet-idt-digital-animation.pdf (548 KB)
  OK Information & Digital Technology/HSC-NESA/2021-hsc-vet-idt-networking-and-hardware-mg.pdf (874 KB)
  OK Information & Digital Technology/HSC-NESA/2021-hsc-vet-idt-networking-and-hardware-mg.pdf (874 KB)
  OK Information & Digital Technology/HSC-NESA/2021-hsc-vet-idt-networking-and-hardware.pdf (308 KB)
  OK Information & Digital Technology/HSC-NESA/2021-hsc-vet-idt-networking-and-hardware.pdf (308 KB)
  OK Information & Digital Technology/HSC-NESA/2021-hsc-vet-idt-web-and-software-mg.pdf (857 KB)
  OK Information & Digital Technology/HSC-NESA/2021-hsc-vet-idt-web-and-software-mg.pdf (857 KB)
  OK Information & Digital Technology/HSC-NESA/2021-hsc-vet-idt-web-and-software.pdf (350 KB)
  OK Information & Digital Technology/HSC-NESA/2021-hsc-vet-idt-web-and-software.pdf (350 KB)
  OK Information & Digital Technology/HSC-NESA/2022-hsc-vet-idt-digital-animation.pdf (469 KB)
  OK Information & Digital Technology/HSC-NESA/2022-hsc-vet-idt-digital-animation.pdf (469 KB)
  OK Information & Digital Technology/HSC-NESA/2022-hsc-vet-idt-digital-mg.pdf (315 KB)
  OK Information & Digital Technology/HSC-NESA/2022-hsc-vet-idt-digital-mg.pdf (315 KB)
  OK Information & Digital Technology/HSC-NESA/2022-hsc-vet-idt-networking-and-hardware.pdf (213 KB)
  OK Information & Digital Technology/HSC-NESA/2022-hsc-vet-idt-networking-and-hardware.pdf (213 KB)
  OK Information & Digital Technology/HSC-NESA/2022-hsc-vet-idt-networking-mg.pdf (409 KB)
  OK Information & Digital Technology/HSC-NESA/2022-hsc-vet-idt-networking-mg.pdf (409 KB)
  OK Information & Digital Technology/HSC-NESA/2022-hsc-vet-idt-web-mg.pdf (424 KB)
  OK Information & Digital Technology/HSC-NESA/2022-hsc-vet-idt-web-mg.pdf (424 KB)
  OK Information & Digital Technology/HSC-NESA/2022-hsc-vet-idt-web-and-software.pdf (354 KB)
  OK Information & Digital Technology/HSC-NESA/2022-hsc-vet-idt-web-and-software.pdf (354 KB)
  OK Information & Digital Technology/HSC-NESA/2023-hsc-vet-idt-mg.pdf (177 KB)
  OK Information & Digital Technology/HSC-NESA/2023-hsc-vet-idt-mg.pdf (177 KB)
  OK Information & Digital Technology/HSC-NESA/2023-hsc-vet-idt.pdf (735 KB)
  OK Information & Digital Technology/HSC-NESA/2023-hsc-vet-idt.pdf (735 KB)
  OK Information & Digital Technology/HSC-NESA/2024-hsc-vet-idt-mg.pdf (333 KB)
  OK Information & Digital Technology/HSC-NESA/2024-hsc-vet-idt-mg.pdf (333 KB)
  OK Information & Digital Technology/HSC-NESA/2024-hsc-vet-information-and-digital-technology.pdf (258 KB)
  OK Information & Digital Technology/HSC-NESA/2024-hsc-vet-information-and-digital-technology.pdf (258 KB)
  OK Information & Digital Technology/HSC-NESA/2025-hsc-vet-idt-mg.pdf (305 KB)
  OK Information & Digital Technology/HSC-NESA/2025-hsc-vet-idt-mg.pdf (305 KB)
  OK Information & Digital Technology/HSC-NESA/2025-hsc-vet-idt.pdf (633 KB)
  OK Information & Digital Technology/HSC-NESA/2025-hsc-vet-idt.pdf (633 KB)
  OK Information Processes Technology/HSC-NESA/2015-hsc-ipt-mg.pdf (821 KB)
  OK Information Processes Technology/HSC-NESA/2015-hsc-ipt-mg.pdf (821 KB)
  OK Information Processes Technology/HSC-NESA/2015-hsc-ipt.pdf (449 KB)
  OK Information Processes Technology/HSC-NESA/2015-hsc-ipt.pdf (449 KB)
  OK Information Processes Technology/HSC-NESA/2016-hsc-ipt-mg.pdf (655 KB)
  OK Information Processes Technology/HSC-NESA/2016-hsc-ipt-mg.pdf (655 KB)
  OK Information Processes Technology/HSC-NESA/2016-hsc-ipt.pdf (139 KB)
  OK Information Processes Technology/HSC-NESA/2016-hsc-ipt.pdf (139 KB)
  OK Information Processes Technology/HSC-NESA/2017-hsc-ipt-mg.pdf (533 KB)
  OK Information Processes Technology/HSC-NESA/2017-hsc-ipt-mg.pdf (533 KB)
  OK Information Processes Technology/HSC-NESA/2017-hsc-ipt.pdf (327 KB)
  OK Information Processes Technology/HSC-NESA/2017-hsc-ipt.pdf (327 KB)
  OK Information Processes Technology/HSC-NESA/2018-hsc-ipt-mg.pdf (1394 KB)
  OK Information Processes Technology/HSC-NESA/2018-hsc-ipt-mg.pdf (1394 KB)
  OK Information Processes Technology/HSC-NESA/2018-hsc-ipt.pdf (372 KB)
  OK Information Processes Technology/HSC-NESA/2018-hsc-ipt.pdf (372 KB)
  OK Information Processes Technology/HSC-NESA/2019-hsc-ipt-mg.pdf (595 KB)
  OK Information Processes Technology/HSC-NESA/2019-hsc-ipt-mg.pdf (595 KB)
  OK Information Processes Technology/HSC-NESA/2019-hsc-ipt.pdf (210 KB)
  OK Information Processes Technology/HSC-NESA/2019-hsc-ipt.pdf (210 KB)
  OK Information Processes Technology/HSC-NESA/2020-hsc-information-processes-and-technology-mg.pdf (773 KB)
  OK Information Processes Technology/HSC-NESA/2020-hsc-information-processes-and-technology-mg.pdf (773 KB)
  OK Information Processes Technology/HSC-NESA/2020-hsc-ipt.pdf (690 KB)
  OK Information Processes Technology/HSC-NESA/2020-hsc-ipt.pdf (690 KB)
  OK Information Processes Technology/HSC-NESA/2021-hsc-ipt-mg.pdf (1827 KB)
  OK Information Processes Technology/HSC-NESA/2021-hsc-ipt-mg.pdf (1827 KB)
  OK Information Processes Technology/HSC-NESA/2021-hsc-ipt.pdf (179 KB)
  OK Information Processes Technology/HSC-NESA/2021-hsc-ipt.pdf (179 KB)
  OK Information Processes Technology/HSC-NESA/2022-hsc-ipt-mg.pdf (1322 KB)
  OK Information Processes Technology/HSC-NESA/2022-hsc-ipt-mg.pdf (1322 KB)
  OK Information Processes Technology/HSC-NESA/2022-hsc-ipt.pdf (178 KB)
  OK Information Processes Technology/HSC-NESA/2022-hsc-ipt.pdf (178 KB)
  OK Information Processes Technology/HSC-NESA/2023-hsc-ipt-mg.pdf (711 KB)
  OK Information Processes Technology/HSC-NESA/2023-hsc-ipt-mg.pdf (711 KB)
  OK Information Processes Technology/HSC-NESA/2023-hsc-ipt.pdf (620 KB)
  OK Information Processes Technology/HSC-NESA/2023-hsc-ipt.pdf (620 KB)
  OK Information Processes Technology/HSC-NESA/2024-hsc-ipt-mg.pdf (2087 KB)
  OK Information Processes Technology/HSC-NESA/2024-hsc-ipt-mg.pdf (2087 KB)
  OK Information Processes Technology/HSC-NESA/2024-hsc-ipt.pdf (439 KB)
  OK Information Processes Technology/HSC-NESA/2024-hsc-ipt.pdf (439 KB)
  OK Investigating Science/HSC-NESA/2019-hsc-investigating-science-mg.pdf (362 KB)
  OK Investigating Science/HSC-NESA/2019-hsc-investigating-science-mg.pdf (362 KB)
  OK Investigating Science/HSC-NESA/2019-hsc-investigating-science.pdf (603 KB)
  OK Investigating Science/HSC-NESA/2019-hsc-investigating-science.pdf (603 KB)
  OK Investigating Science/HSC-NESA/2020-hsc-investigating-science-mg.pdf (562 KB)
  OK Investigating Science/HSC-NESA/2020-hsc-investigating-science-mg.pdf (562 KB)
  OK Investigating Science/HSC-NESA/2020-hsc-investigating-science.pdf (348 KB)
  OK Investigating Science/HSC-NESA/2020-hsc-investigating-science.pdf (348 KB)
  OK Investigating Science/HSC-NESA/2021-hsc-investigating-science.pdf (487 KB)
  OK Investigating Science/HSC-NESA/2021-hsc-investigating-science.pdf (487 KB)
  OK Investigating Science/HSC-NESA/2021-hsc-investigating-science-mg.pdf (1092 KB)
  OK Investigating Science/HSC-NESA/2021-hsc-investigating-science-mg.pdf (1092 KB)
  OK Investigating Science/HSC-NESA/2022-hsc-investigating-sci-mg.pdf (476 KB)
  OK Investigating Science/HSC-NESA/2022-hsc-investigating-sci-mg.pdf (476 KB)
  OK Investigating Science/HSC-NESA/2022-hsc-investigating-science.pdf (234 KB)
  OK Investigating Science/HSC-NESA/2022-hsc-investigating-science.pdf (234 KB)
  OK Investigating Science/HSC-NESA/2023-hsc-investigating-sci-mg.pdf (481 KB)
  OK Investigating Science/HSC-NESA/2023-hsc-investigating-sci-mg.pdf (481 KB)
  OK Investigating Science/HSC-NESA/2023-hsc-investigating-science.pdf (1705 KB)
  OK Investigating Science/HSC-NESA/2023-hsc-investigating-science.pdf (1705 KB)
  OK Investigating Science/HSC-NESA/2024-hsc-investigating-science-mg.pdf (1097 KB)
  OK Investigating Science/HSC-NESA/2024-hsc-investigating-science-mg.pdf (1097 KB)
  OK Investigating Science/HSC-NESA/2024-hsc-investigating-science.pdf (448 KB)
  OK Investigating Science/HSC-NESA/2024-hsc-investigating-science.pdf (448 KB)
  OK Investigating Science/HSC-NESA/2025-hsc-investigating-science.pdf (643 KB)
  OK Investigating Science/HSC-NESA/2025-hsc-investigating-science.pdf (643 KB)
  OK Investigating Science/HSC-NESA/2025-hsc-investigating-science-mg.pdf (376 KB)
  OK Investigating Science/HSC-NESA/2025-hsc-investigating-science-mg.pdf (376 KB)
  OK Italian Beginners/HSC-NESA/italian-beg-hsc-exam-2015.pdf (128 KB)
  OK Italian Beginners/HSC-NESA/italian-beg-hsc-exam-2015.pdf (128 KB)
  OK Italian Beginners/HSC-NESA/italian-beg-hsc-exam-transcript-2015.pdf (98 KB)
  OK Italian Beginners/HSC-NESA/italian-beg-hsc-exam-transcript-2015.pdf (98 KB)
  OK Italian Beginners/HSC-NESA/italian-beg-hsc-mg-2015.pdf (351 KB)
  OK Italian Beginners/HSC-NESA/italian-beg-hsc-mg-2015.pdf (351 KB)
  OK Italian Beginners/HSC-NESA/2016-hsc-italian-beg-transcript.pdf (110 KB)
  OK Italian Beginners/HSC-NESA/2016-hsc-italian-beg-transcript.pdf (110 KB)
  OK Italian Beginners/HSC-NESA/2016-hsc-italian-beg.pdf (224 KB)
  OK Italian Beginners/HSC-NESA/2016-hsc-italian-beg.pdf (224 KB)
  OK Italian Beginners/HSC-NESA/2016-hsc-mg-italian-beg.pdf (344 KB)
  OK Italian Beginners/HSC-NESA/2016-hsc-mg-italian-beg.pdf (344 KB)
  OK Italian Beginners/HSC-NESA/2017-hsc-italian-beg-transcript.pdf (91 KB)
  OK Italian Beginners/HSC-NESA/2017-hsc-italian-beg-transcript.pdf (91 KB)
  OK Italian Beginners/HSC-NESA/2017-hsc-italian-beg.pdf (383 KB)
  OK Italian Beginners/HSC-NESA/2017-hsc-italian-beg.pdf (383 KB)
  OK Italian Beginners/HSC-NESA/2017-hsc-mg-italian-beg.pdf (282 KB)
  OK Italian Beginners/HSC-NESA/2017-hsc-mg-italian-beg.pdf (282 KB)
  OK Italian Beginners/HSC-NESA/2018-hsc-italian-beg-mg.pdf (726 KB)
  OK Italian Beginners/HSC-NESA/2018-hsc-italian-beg-mg.pdf (726 KB)
  OK Italian Beginners/HSC-NESA/2018-hsc-italian-beg-transcript.pdf (93 KB)
  OK Italian Beginners/HSC-NESA/2018-hsc-italian-beg-transcript.pdf (93 KB)
  OK Italian Beginners/HSC-NESA/2018-hsc-italian-beg.pdf (178 KB)
  OK Italian Beginners/HSC-NESA/2018-hsc-italian-beg.pdf (178 KB)
  OK Italian Beginners/HSC-NESA/2019-hsc-italian-beg-transcript.pdf (139 KB)
  OK Italian Beginners/HSC-NESA/2019-hsc-italian-beg-transcript.pdf (139 KB)
  OK Italian Beginners/HSC-NESA/2019-hsc-italian-beg.pdf (349 KB)
  OK Italian Beginners/HSC-NESA/2019-hsc-italian-beg.pdf (349 KB)
  OK Italian Beginners/HSC-NESA/2019-hsc-italian-beginners-mg.pdf (269 KB)
  OK Italian Beginners/HSC-NESA/2019-hsc-italian-beginners-mg.pdf (269 KB)
  OK Italian Beginners/HSC-NESA/2020-hsc-italian-beginners-mg.pdf (349 KB)
  OK Italian Beginners/HSC-NESA/2020-hsc-italian-beginners-mg.pdf (349 KB)
  OK Italian Beginners/HSC-NESA/2020-hsc-italian-beginners-transcript.pdf (72 KB)
  OK Italian Beginners/HSC-NESA/2020-hsc-italian-beginners-transcript.pdf (72 KB)
  OK Italian Beginners/HSC-NESA/2020-hsc-italian-beginners.pdf (611 KB)
  OK Italian Beginners/HSC-NESA/2020-hsc-italian-beginners.pdf (611 KB)
  OK Italian Beginners/HSC-NESA/2021-hsc-italian-beginners-mg.pdf (701 KB)
  OK Italian Beginners/HSC-NESA/2021-hsc-italian-beginners-mg.pdf (701 KB)
  OK Italian Beginners/HSC-NESA/2021-hsc-italian-beginners-transcript.pdf (93 KB)
  OK Italian Beginners/HSC-NESA/2021-hsc-italian-beginners-transcript.pdf (93 KB)
  OK Italian Beginners/HSC-NESA/2021-hsc-italian-beginners.pdf (209 KB)
  OK Italian Beginners/HSC-NESA/2021-hsc-italian-beginners.pdf (209 KB)
  OK Italian Beginners/HSC-NESA/2022-hsc-italian-beginners-mg.pdf (1182 KB)
  OK Italian Beginners/HSC-NESA/2022-hsc-italian-beginners-mg.pdf (1182 KB)
  OK Italian Beginners/HSC-NESA/2022-hsc-italian-beginners-transcript.pdf (106 KB)
  OK Italian Beginners/HSC-NESA/2022-hsc-italian-beginners-transcript.pdf (106 KB)
  OK Italian Beginners/HSC-NESA/2022-hsc-italian-beginners.pdf (247 KB)
  OK Italian Beginners/HSC-NESA/2022-hsc-italian-beginners.pdf (247 KB)
  OK Italian Beginners/HSC-NESA/2023-hsc-italian-beginners-mg.pdf (366 KB)
  OK Italian Beginners/HSC-NESA/2023-hsc-italian-beginners-mg.pdf (366 KB)
  OK Italian Beginners/HSC-NESA/2023-hsc-italian-beginners-transcript.pdf (519 KB)
  OK Italian Beginners/HSC-NESA/2023-hsc-italian-beginners-transcript.pdf (519 KB)
  OK Italian Beginners/HSC-NESA/2023-hsc-italian-beginners.pdf (1005 KB)
  OK Italian Beginners/HSC-NESA/2023-hsc-italian-beginners.pdf (1005 KB)
  OK Italian Beginners/HSC-NESA/2024-hsc-italian-beginners-mg.pdf (376 KB)
  OK Italian Beginners/HSC-NESA/2024-hsc-italian-beginners-mg.pdf (376 KB)
  OK Italian Beginners/HSC-NESA/2024-hsc-italian-beginners-transcript.pdf (112 KB)
  OK Italian Beginners/HSC-NESA/2024-hsc-italian-beginners-transcript.pdf (112 KB)
  OK Italian Beginners/HSC-NESA/2024-hsc-italian-beginners.pdf (380 KB)
  OK Italian Beginners/HSC-NESA/2024-hsc-italian-beginners.pdf (380 KB)
  OK Italian Beginners/HSC-NESA/2025-hsc-italian-beginners-mg.pdf (183 KB)
  OK Italian Beginners/HSC-NESA/2025-hsc-italian-beginners-mg.pdf (183 KB)
  OK Italian Beginners/HSC-NESA/2025-hsc-italian-beginners-transcript.pdf (150 KB)
  OK Italian Beginners/HSC-NESA/2025-hsc-italian-beginners-transcript.pdf (150 KB)
  OK Italian Beginners/HSC-NESA/2025-hsc-italian-beginners.pdf (1145 KB)
  OK Italian Beginners/HSC-NESA/2025-hsc-italian-beginners.pdf (1145 KB)
  OK Italian Continuers/HSC-NESA/italian-cont-hsc-exam-2015.pdf (288 KB)
  OK Italian Continuers/HSC-NESA/italian-cont-hsc-exam-2015.pdf (288 KB)
  OK Italian Continuers/HSC-NESA/italian-cont-hsc-exam-transcript-2015.pdf (72 KB)
  OK Italian Continuers/HSC-NESA/italian-cont-hsc-exam-transcript-2015.pdf (72 KB)
  OK Italian Continuers/HSC-NESA/italian-cont-hsc-mg-2015.pdf (305 KB)
  OK Italian Continuers/HSC-NESA/italian-cont-hsc-mg-2015.pdf (305 KB)
  OK Italian Continuers/HSC-NESA/2016-hsc-italian-cont-transcript.pdf (101 KB)
  OK Italian Continuers/HSC-NESA/2016-hsc-italian-cont-transcript.pdf (101 KB)
  OK Italian Continuers/HSC-NESA/2016-hsc-italian-cont.pdf (231 KB)
  OK Italian Continuers/HSC-NESA/2016-hsc-italian-cont.pdf (231 KB)
  OK Italian Continuers/HSC-NESA/2016-hsc-mg-italian-cont.pdf (264 KB)
  OK Italian Continuers/HSC-NESA/2016-hsc-mg-italian-cont.pdf (264 KB)
  OK Italian Continuers/HSC-NESA/2017-hsc-italian-cont-transcript.pdf (89 KB)
  OK Italian Continuers/HSC-NESA/2017-hsc-italian-cont-transcript.pdf (89 KB)
  OK Italian Continuers/HSC-NESA/2017-hsc-italian-cont.pdf (350 KB)
  OK Italian Continuers/HSC-NESA/2017-hsc-italian-cont.pdf (350 KB)
  OK Italian Continuers/HSC-NESA/2017-hsc-mg-italian-cont.pdf (286 KB)
  OK Italian Continuers/HSC-NESA/2017-hsc-mg-italian-cont.pdf (286 KB)
  OK Italian Continuers/HSC-NESA/2018-hsc-italian-cont-mg.pdf (700 KB)
  OK Italian Continuers/HSC-NESA/2018-hsc-italian-cont-mg.pdf (700 KB)
  OK Italian Continuers/HSC-NESA/2018-hsc-italian-cont.pdf (307 KB)
  OK Italian Continuers/HSC-NESA/2018-hsc-italian-cont.pdf (307 KB)
  OK Italian Continuers/HSC-NESA/2018-hsc-italian-continuers-transcript.pdf (112 KB)
  OK Italian Continuers/HSC-NESA/2018-hsc-italian-continuers-transcript.pdf (112 KB)
  OK Italian Continuers/HSC-NESA/2019-hsc-italian-cont.pdf (314 KB)
  OK Italian Continuers/HSC-NESA/2019-hsc-italian-cont.pdf (314 KB)
  OK Italian Continuers/HSC-NESA/2019-hsc-italian-continuers-mg.pdf (197 KB)
  OK Italian Continuers/HSC-NESA/2019-hsc-italian-continuers-mg.pdf (197 KB)
  OK Italian Continuers/HSC-NESA/2019-hsc-italian-continuers-transcript.pdf (112 KB)
  OK Italian Continuers/HSC-NESA/2019-hsc-italian-continuers-transcript.pdf (112 KB)
  OK Italian Continuers/HSC-NESA/2020-hsc-italian-continuers-mg.pdf (357 KB)
  OK Italian Continuers/HSC-NESA/2020-hsc-italian-continuers-mg.pdf (357 KB)
  OK Italian Continuers/HSC-NESA/2020-hsc-italian-continuers-transcript.pdf (70 KB)
  OK Italian Continuers/HSC-NESA/2020-hsc-italian-continuers-transcript.pdf (70 KB)
  OK Italian Continuers/HSC-NESA/2020-hsc-italian-continuers.pdf (256 KB)
  OK Italian Continuers/HSC-NESA/2020-hsc-italian-continuers.pdf (256 KB)
  OK Italian Continuers/HSC-NESA/2021-hsc-italian-continuers-mg.pdf (770 KB)
  OK Italian Continuers/HSC-NESA/2021-hsc-italian-continuers-mg.pdf (770 KB)
  OK Italian Continuers/HSC-NESA/2021-hsc-italian-continuers-transcript.pdf (126 KB)
  OK Italian Continuers/HSC-NESA/2021-hsc-italian-continuers-transcript.pdf (126 KB)
  OK Italian Continuers/HSC-NESA/2021-hsc-italian-continuers.pdf (322 KB)
  OK Italian Continuers/HSC-NESA/2021-hsc-italian-continuers.pdf (322 KB)
  OK Italian Continuers/HSC-NESA/2022-hsc-italian-continuers-mg.pdf (401 KB)
  OK Italian Continuers/HSC-NESA/2022-hsc-italian-continuers-mg.pdf (401 KB)
  OK Italian Continuers/HSC-NESA/2022-hsc-italian-continuers-transcript.pdf (112 KB)
  OK Italian Continuers/HSC-NESA/2022-hsc-italian-continuers-transcript.pdf (112 KB)
  OK Italian Continuers/HSC-NESA/2022-hsc-italian-continuers.pdf (302 KB)
  OK Italian Continuers/HSC-NESA/2022-hsc-italian-continuers.pdf (302 KB)
  OK Italian Continuers/HSC-NESA/2023-hsc-italian-continuers-mg.pdf (517 KB)
  OK Italian Continuers/HSC-NESA/2023-hsc-italian-continuers-mg.pdf (517 KB)
  OK Italian Continuers/HSC-NESA/2023-hsc-italian-continuers-transcript.pdf (543 KB)
  OK Italian Continuers/HSC-NESA/2023-hsc-italian-continuers-transcript.pdf (543 KB)
  OK Italian Continuers/HSC-NESA/2023-hsc-italian-continuers.pdf (1391 KB)
  OK Italian Continuers/HSC-NESA/2023-hsc-italian-continuers.pdf (1391 KB)
  OK Italian Continuers/HSC-NESA/2024-hsc-italian-continuers-mg.pdf (680 KB)
  OK Italian Continuers/HSC-NESA/2024-hsc-italian-continuers-mg.pdf (680 KB)
  OK Italian Continuers/HSC-NESA/2024-hsc-italian-continuers-transcript.pdf (112 KB)
  OK Italian Continuers/HSC-NESA/2024-hsc-italian-continuers-transcript.pdf (112 KB)
  OK Italian Continuers/HSC-NESA/2024-hsc-italian-continuers.pdf (408 KB)
  OK Italian Continuers/HSC-NESA/2024-hsc-italian-continuers.pdf (408 KB)
  OK Italian Continuers/HSC-NESA/2025-hsc-italian-continuers-mg.pdf (161 KB)
  OK Italian Continuers/HSC-NESA/2025-hsc-italian-continuers-mg.pdf (161 KB)
  OK Italian Continuers/HSC-NESA/2025-hsc-italian-continuers-transcript.pdf (167 KB)
  OK Italian Continuers/HSC-NESA/2025-hsc-italian-continuers-transcript.pdf (167 KB)
  OK Italian Continuers/HSC-NESA/2025-hsc-italian-continuers.pdf (233 KB)
  OK Italian Continuers/HSC-NESA/2025-hsc-italian-continuers.pdf (233 KB)
  OK Italian Extension/HSC-NESA/italian-ext-hsc-exam-2015-archive.pdf (116 KB)
  OK Italian Extension/HSC-NESA/italian-ext-hsc-exam-2015-archive.pdf (116 KB)
  OK Italian Extension/HSC-NESA/italian-ext-hsc-exam-oral-2015-archive.pdf (89 KB)
  OK Italian Extension/HSC-NESA/italian-ext-hsc-exam-oral-2015-archive.pdf (89 KB)
  OK Italian Extension/HSC-NESA/italian-ext-hsc-mg-2015-archive.pdf (135 KB)
  OK Italian Extension/HSC-NESA/italian-ext-hsc-mg-2015-archive.pdf (135 KB)
  OK Italian Extension/HSC-NESA/2016-hsc-italian-ext-archive.pdf (103 KB)
  OK Italian Extension/HSC-NESA/2016-hsc-italian-ext-archive.pdf (103 KB)
  OK Italian Extension/HSC-NESA/2016-hsc-italian-ext-oral-archive.pdf (91 KB)
  OK Italian Extension/HSC-NESA/2016-hsc-italian-ext-oral-archive.pdf (91 KB)
  OK Italian Extension/HSC-NESA/2016-hsc-mg-italian-ext-archive.pdf (94 KB)
  OK Italian Extension/HSC-NESA/2016-hsc-mg-italian-ext-archive.pdf (94 KB)
  OK Italian Extension/HSC-NESA/2017-hsc-italian-ext-archive.pdf (131 KB)
  OK Italian Extension/HSC-NESA/2017-hsc-italian-ext-archive.pdf (131 KB)
  OK Italian Extension/HSC-NESA/2017-hsc-italian-ext-oral-archive.pdf (97 KB)
  OK Italian Extension/HSC-NESA/2017-hsc-italian-ext-oral-archive.pdf (97 KB)
  OK Italian Extension/HSC-NESA/2017-hsc-mg-italian-ext-archive.pdf (111 KB)
  OK Italian Extension/HSC-NESA/2017-hsc-mg-italian-ext-archive.pdf (111 KB)
  OK Italian Extension/HSC-NESA/2018-hsc-italian-ext-archive.pdf (135 KB)
  OK Italian Extension/HSC-NESA/2018-hsc-italian-ext-archive.pdf (135 KB)
  OK Italian Extension/HSC-NESA/2018-hsc-italian-ext-mg-archive.pdf (346 KB)
  OK Italian Extension/HSC-NESA/2018-hsc-italian-ext-mg-archive.pdf (346 KB)
  OK Italian Extension/HSC-NESA/2018-hsc-italian-ext-oral-archive.pdf (331 KB)
  OK Italian Extension/HSC-NESA/2018-hsc-italian-ext-oral-archive.pdf (331 KB)
  OK Italian Extension/HSC-NESA/2019-hsc-italian-ext-archive.pdf (132 KB)
  OK Italian Extension/HSC-NESA/2019-hsc-italian-ext-archive.pdf (132 KB)
  OK Italian Extension/HSC-NESA/2019-hsc-italian-extension-mg-archive.pdf (77 KB)
  OK Italian Extension/HSC-NESA/2019-hsc-italian-extension-mg-archive.pdf (77 KB)
  OK Italian Extension/HSC-NESA/2019-hsc-italian-extension-oral-archive.pdf (403 KB)
  OK Italian Extension/HSC-NESA/2019-hsc-italian-extension-oral-archive.pdf (403 KB)
  OK Italian Extension/HSC-NESA/2020-hsc-italian-extension-mg.pdf (236 KB)
  OK Italian Extension/HSC-NESA/2020-hsc-italian-extension-mg.pdf (236 KB)
  OK Italian Extension/HSC-NESA/2020-hsc-italian-extension-oral.pdf (104 KB)
  OK Italian Extension/HSC-NESA/2020-hsc-italian-extension-oral.pdf (104 KB)
  OK Italian Extension/HSC-NESA/2020-hsc-italian-extension.pdf (69 KB)
  OK Italian Extension/HSC-NESA/2020-hsc-italian-extension.pdf (69 KB)
  OK Italian Extension/HSC-NESA/2021-hsc-italian-extension-mg.pdf (347 KB)
  OK Italian Extension/HSC-NESA/2021-hsc-italian-extension-mg.pdf (347 KB)
  OK Italian Extension/HSC-NESA/2021-hsc-italian-extension-oral.pdf (108 KB)
  OK Italian Extension/HSC-NESA/2021-hsc-italian-extension-oral.pdf (108 KB)
  OK Italian Extension/HSC-NESA/2021-hsc-italian-extension_.pdf (82 KB)
  OK Italian Extension/HSC-NESA/2021-hsc-italian-extension_.pdf (82 KB)
  OK Italian Extension/HSC-NESA/2022-hsc-italian-ext-mg.pdf (226 KB)
  OK Italian Extension/HSC-NESA/2022-hsc-italian-ext-mg.pdf (226 KB)
  OK Italian Extension/HSC-NESA/2022-hsc-italian-ext-oral.pdf (105 KB)
  OK Italian Extension/HSC-NESA/2022-hsc-italian-ext-oral.pdf (105 KB)
  OK Italian Extension/HSC-NESA/2022-hsc-italian-ext.pdf (76 KB)
  OK Italian Extension/HSC-NESA/2022-hsc-italian-ext.pdf (76 KB)
  OK Italian Extension/HSC-NESA/2023-hsc-italian-ext-mg.pdf (332 KB)
  OK Italian Extension/HSC-NESA/2023-hsc-italian-ext-mg.pdf (332 KB)
  OK Italian Extension/HSC-NESA/2023-hsc-italian-ext-oral.pdf (130 KB)
  OK Italian Extension/HSC-NESA/2023-hsc-italian-ext-oral.pdf (130 KB)
  OK Italian Extension/HSC-NESA/2023-hsc-italian-ext.pdf (569 KB)
  OK Italian Extension/HSC-NESA/2023-hsc-italian-ext.pdf (569 KB)
  OK Italian Extension/HSC-NESA/2024-hsc-italian-ext-oral.pdf (220 KB)
  OK Italian Extension/HSC-NESA/2024-hsc-italian-ext-oral.pdf (220 KB)
  OK Italian Extension/HSC-NESA/2024-hsc-italian-ext.pdf (220 KB)
  OK Italian Extension/HSC-NESA/2024-hsc-italian-ext.pdf (220 KB)
  OK Italian Extension/HSC-NESA/2024-hsc-italian-extension-mg.pdf (603 KB)
  OK Italian Extension/HSC-NESA/2024-hsc-italian-extension-mg.pdf (603 KB)
  OK Italian Extension/HSC-NESA/2025-hsc-italian-extension-mg.pdf (104 KB)
  OK Italian Extension/HSC-NESA/2025-hsc-italian-extension-mg.pdf (104 KB)
  OK Italian Extension/HSC-NESA/2025-hsc-italian-extension-oral.pdf (253 KB)
  OK Italian Extension/HSC-NESA/2025-hsc-italian-extension-oral.pdf (253 KB)
  OK Italian Extension/HSC-NESA/2025-hsc-italian-extension.pdf (310 KB)
  OK Italian Extension/HSC-NESA/2025-hsc-italian-extension.pdf (310 KB)
  OK Japanese Beginners/HSC-NESA/2015-hsc-japanese-beginners-mg.pdf (338 KB)
  OK Japanese Beginners/HSC-NESA/2015-hsc-japanese-beginners-mg.pdf (338 KB)
  OK Japanese Beginners/HSC-NESA/2015-hsc-japanese-beginners-transcript.pdf (133 KB)
  OK Japanese Beginners/HSC-NESA/2015-hsc-japanese-beginners-transcript.pdf (133 KB)
  OK Japanese Beginners/HSC-NESA/2015-hsc-japanese-beginners.pdf (575 KB)
  OK Japanese Beginners/HSC-NESA/2015-hsc-japanese-beginners.pdf (575 KB)
  OK Japanese Beginners/HSC-NESA/2016-hsc-japanese-beginners-mg.pdf (87 KB)
  OK Japanese Beginners/HSC-NESA/2016-hsc-japanese-beginners-mg.pdf (87 KB)
  OK Japanese Beginners/HSC-NESA/2016-hsc-japanese-beginners-transcript.pdf (127 KB)
  OK Japanese Beginners/HSC-NESA/2016-hsc-japanese-beginners-transcript.pdf (127 KB)
  OK Japanese Beginners/HSC-NESA/2016-hsc-japanese-beginners.pdf (349 KB)
  OK Japanese Beginners/HSC-NESA/2016-hsc-japanese-beginners.pdf (349 KB)
  OK Japanese Beginners/HSC-NESA/2017-hsc-japanese-beginners-mg.pdf (305 KB)
  OK Japanese Beginners/HSC-NESA/2017-hsc-japanese-beginners-mg.pdf (305 KB)
  OK Japanese Beginners/HSC-NESA/2017-hsc-japanese-beginners-transcript.pdf (273 KB)
  OK Japanese Beginners/HSC-NESA/2017-hsc-japanese-beginners-transcript.pdf (273 KB)
  OK Japanese Beginners/HSC-NESA/2017-hsc-japanese-beginners.pdf (476 KB)
  OK Japanese Beginners/HSC-NESA/2017-hsc-japanese-beginners.pdf (476 KB)
  OK Japanese Beginners/HSC-NESA/2018-hsc-japanese-beginners-mg.pdf (711 KB)
  OK Japanese Beginners/HSC-NESA/2018-hsc-japanese-beginners-mg.pdf (711 KB)
  OK Japanese Beginners/HSC-NESA/2018-hsc-japanese-beginners-transcript.pdf (150 KB)
  OK Japanese Beginners/HSC-NESA/2018-hsc-japanese-beginners-transcript.pdf (150 KB)
  OK Japanese Beginners/HSC-NESA/2018-hsc-japanese-beginners.pdf (947 KB)
  OK Japanese Beginners/HSC-NESA/2018-hsc-japanese-beginners.pdf (947 KB)
  OK Japanese Beginners/HSC-NESA/2019-hsc-japanese-beginners-mg.pdf (329 KB)
  OK Japanese Beginners/HSC-NESA/2019-hsc-japanese-beginners-mg.pdf (329 KB)
  OK Japanese Beginners/HSC-NESA/2019-hsc-japanese-beginners-transcript.pdf (132 KB)
  OK Japanese Beginners/HSC-NESA/2019-hsc-japanese-beginners-transcript.pdf (132 KB)
  OK Japanese Beginners/HSC-NESA/2019-hsc-japanese-beginners.pdf (184 KB)
  OK Japanese Beginners/HSC-NESA/2019-hsc-japanese-beginners.pdf (184 KB)
  OK Japanese Beginners/HSC-NESA/2020-hsc-japanese-beginners-mg.pdf (375 KB)
  OK Japanese Beginners/HSC-NESA/2020-hsc-japanese-beginners-mg.pdf (375 KB)
  OK Japanese Beginners/HSC-NESA/2020-hsc-japanese-beginners-transcript.pdf (106 KB)
  OK Japanese Beginners/HSC-NESA/2020-hsc-japanese-beginners-transcript.pdf (106 KB)
  OK Japanese Beginners/HSC-NESA/2020-hsc-japanese-beginners.pdf (298 KB)
  OK Japanese Beginners/HSC-NESA/2020-hsc-japanese-beginners.pdf (298 KB)
  OK Japanese Beginners/HSC-NESA/2021-hsc-japanese-beginners-mg.pdf (838 KB)
  OK Japanese Beginners/HSC-NESA/2021-hsc-japanese-beginners-mg.pdf (838 KB)
  OK Japanese Beginners/HSC-NESA/2021-hsc-japanese-beginners-transcript.pdf (130 KB)
  OK Japanese Beginners/HSC-NESA/2021-hsc-japanese-beginners-transcript.pdf (130 KB)
  OK Japanese Beginners/HSC-NESA/2021-hsc-japanese-beginners.pdf (243 KB)
  OK Japanese Beginners/HSC-NESA/2021-hsc-japanese-beginners.pdf (243 KB)
  OK Japanese Beginners/HSC-NESA/2022-hsc-japanese-beginners-mg.pdf (507 KB)
  OK Japanese Beginners/HSC-NESA/2022-hsc-japanese-beginners-mg.pdf (507 KB)
  OK Japanese Beginners/HSC-NESA/2022-hsc-japanese-beginners-transcript.pdf (150 KB)
  OK Japanese Beginners/HSC-NESA/2022-hsc-japanese-beginners-transcript.pdf (150 KB)
  OK Japanese Beginners/HSC-NESA/2022-hsc-japanese-beginners.pdf (259 KB)
  OK Japanese Beginners/HSC-NESA/2022-hsc-japanese-beginners.pdf (259 KB)
  OK Japanese Beginners/HSC-NESA/2023-hsc-japanese-beginners-mg.pdf (1333 KB)
  OK Japanese Beginners/HSC-NESA/2023-hsc-japanese-beginners-mg.pdf (1333 KB)
  OK Japanese Beginners/HSC-NESA/2023-hsc-japanese-beginners-transcript.pdf (642 KB)
  OK Japanese Beginners/HSC-NESA/2023-hsc-japanese-beginners-transcript.pdf (642 KB)
  OK Japanese Beginners/HSC-NESA/2023-hsc-japanese-beginners.pdf (1252 KB)
  OK Japanese Beginners/HSC-NESA/2023-hsc-japanese-beginners.pdf (1252 KB)
  OK Japanese Beginners/HSC-NESA/2024-hsc-japanese-beginners-mg.pdf (733 KB)
  OK Japanese Beginners/HSC-NESA/2024-hsc-japanese-beginners-mg.pdf (733 KB)
  OK Japanese Beginners/HSC-NESA/2024-hsc-japanese-beginners-transcript.pdf (133 KB)
  OK Japanese Beginners/HSC-NESA/2024-hsc-japanese-beginners-transcript.pdf (133 KB)
  OK Japanese Beginners/HSC-NESA/2024-hsc-japanese-beginners.pdf (290 KB)
  OK Japanese Beginners/HSC-NESA/2024-hsc-japanese-beginners.pdf (290 KB)
  OK Japanese Beginners/HSC-NESA/2025-hsc-japanese-beginners-transcript.pdf (193 KB)
  OK Japanese Beginners/HSC-NESA/2025-hsc-japanese-beginners-transcript.pdf (193 KB)
  OK Japanese Beginners/HSC-NESA/2025-hsc-japanese-beginners.pdf (812 KB)
  OK Japanese Beginners/HSC-NESA/2025-hsc-japanese-beginners.pdf (812 KB)
  OK Japanese Beginners/HSC-NESA/2025-hsc-japanese-beginners-mg.pdf (727 KB)
  OK Japanese Beginners/HSC-NESA/2025-hsc-japanese-beginners-mg.pdf (727 KB)
  OK Japanese Context/HSC-NESA/heritage-japanese-hsc-exam-2015-archive.pdf (343 KB)
  OK Japanese Context/HSC-NESA/heritage-japanese-hsc-exam-2015-archive.pdf (343 KB)
  OK Japanese Context/HSC-NESA/heritage-japanese-hsc-exam-transcript-2015-archive.pdf (162 KB)
  OK Japanese Context/HSC-NESA/heritage-japanese-hsc-exam-transcript-2015-archive.pdf (162 KB)
  OK Japanese Context/HSC-NESA/heritage-japanese-hsc-mg-2015-archive.pdf (348 KB)
  OK Japanese Context/HSC-NESA/heritage-japanese-hsc-mg-2015-archive.pdf (348 KB)
  OK Japanese Context/HSC-NESA/2016-hsc-japanese-heritage-archive.pdf (261 KB)
  OK Japanese Context/HSC-NESA/2016-hsc-japanese-heritage-archive.pdf (261 KB)
  OK Japanese Context/HSC-NESA/2016-hsc-japanese-heritage-transcript-archive.pdf (153 KB)
  OK Japanese Context/HSC-NESA/2016-hsc-japanese-heritage-transcript-archive.pdf (153 KB)
  OK Japanese Context/HSC-NESA/2016-hsc-mg-japanese-heritage.pdf (742 KB)
  OK Japanese Context/HSC-NESA/2016-hsc-mg-japanese-heritage.pdf (742 KB)
  OK Japanese Context/HSC-NESA/2017-hsc-japanese-in-context-archive.pdf (286 KB)
  OK Japanese Context/HSC-NESA/2017-hsc-japanese-in-context-archive.pdf (286 KB)
  OK Japanese Context/HSC-NESA/2017-hsc-japanese-in-context-transcript-archive.pdf (139 KB)
  OK Japanese Context/HSC-NESA/2017-hsc-japanese-in-context-transcript-archive.pdf (139 KB)
  OK Japanese Context/HSC-NESA/2017-hsc-mg-japanese-in-context-archive.pdf (464 KB)
  OK Japanese Context/HSC-NESA/2017-hsc-mg-japanese-in-context-archive.pdf (464 KB)
  OK Japanese Context/HSC-NESA/2018-hsc-japanese-in-context-archive.pdf (313 KB)
  OK Japanese Context/HSC-NESA/2018-hsc-japanese-in-context-archive.pdf (313 KB)
  OK Japanese Context/HSC-NESA/2018-hsc-japanese-in-context-mg-archive.pdf (659 KB)
  OK Japanese Context/HSC-NESA/2018-hsc-japanese-in-context-mg-archive.pdf (659 KB)
  OK Japanese Context/HSC-NESA/2018-hsc-japanese-in-context-transcript-archive.pdf (148 KB)
  OK Japanese Context/HSC-NESA/2018-hsc-japanese-in-context-transcript-archive.pdf (148 KB)
  OK Japanese Context/HSC-NESA/2019-hsc-japanese-in-context-archive.pdf (1051 KB)
  OK Japanese Context/HSC-NESA/2019-hsc-japanese-in-context-archive.pdf (1051 KB)
  OK Japanese Context/HSC-NESA/2019-hsc-japanese-in-context-mg-archive.pdf (778 KB)
  OK Japanese Context/HSC-NESA/2019-hsc-japanese-in-context-mg-archive.pdf (778 KB)
  OK Japanese Context/HSC-NESA/2019-hsc-japanese-in-context-transcript-archive.pdf (689 KB)
  OK Japanese Context/HSC-NESA/2019-hsc-japanese-in-context-transcript-archive.pdf (689 KB)
  OK Japanese Context/HSC-NESA/2020-hsc-japanese-in-context-archive.pdf (654 KB)
  OK Japanese Context/HSC-NESA/2020-hsc-japanese-in-context-archive.pdf (654 KB)
  OK Japanese Context/HSC-NESA/2020-hsc-japanese-in-context-mg-archive.pdf (862 KB)
  OK Japanese Context/HSC-NESA/2020-hsc-japanese-in-context-mg-archive.pdf (862 KB)
  OK Japanese Context/HSC-NESA/2020-hsc-japanese-in-context-transcript-archive.pdf (550 KB)
  OK Japanese Context/HSC-NESA/2020-hsc-japanese-in-context-transcript-archive.pdf (550 KB)
  OK Japanese Context/HSC-NESA/2021-hsc-japanese-in-context-mg-archive.pdf (1209 KB)
  OK Japanese Context/HSC-NESA/2021-hsc-japanese-in-context-mg-archive.pdf (1209 KB)
  OK Japanese Context/HSC-NESA/2021-japanese-in-context-archive.pdf (1040 KB)
  OK Japanese Context/HSC-NESA/2021-japanese-in-context-archive.pdf (1040 KB)
  OK Japanese Context/HSC-NESA/2021-japanese-in-context-transcript-archive.pdf (559 KB)
  OK Japanese Context/HSC-NESA/2021-japanese-in-context-transcript-archive.pdf (559 KB)
  OK Japanese Context/HSC-NESA/2022-hsc-japanese-in-context-archive.pdf (760 KB)
  OK Japanese Context/HSC-NESA/2022-hsc-japanese-in-context-archive.pdf (760 KB)
  OK Japanese Context/HSC-NESA/2022-hsc-japanese-in-context-transcript-archive.pdf (600 KB)
  OK Japanese Context/HSC-NESA/2022-hsc-japanese-in-context-transcript-archive.pdf (600 KB)
  OK Japanese Context/HSC-NESA/2022-hsc-japanese-in-context-mg-archive.pdf (419 KB)
  OK Japanese Context/HSC-NESA/2022-hsc-japanese-in-context-mg-archive.pdf (419 KB)
  OK Japanese Context/HSC-NESA/2023-hsc-japanese-in-context-mg.pdf (627 KB)
  OK Japanese Context/HSC-NESA/2023-hsc-japanese-in-context-mg.pdf (627 KB)
  OK Japanese Context/HSC-NESA/2023-hsc-japanese-in-context-transcript.pdf (326 KB)
  OK Japanese Context/HSC-NESA/2023-hsc-japanese-in-context-transcript.pdf (326 KB)
  OK Japanese Context/HSC-NESA/2023-hsc-japanese-in-context.pdf (1317 KB)
  OK Japanese Context/HSC-NESA/2023-hsc-japanese-in-context.pdf (1317 KB)
  OK Japanese Context/HSC-NESA/2024-hsc-japanese-in-context-transcript.pdf (229 KB)
  OK Japanese Context/HSC-NESA/2024-hsc-japanese-in-context-transcript.pdf (229 KB)
  OK Japanese Context/HSC-NESA/2024-hsc-japanese-in-context.pdf (463 KB)
  OK Japanese Context/HSC-NESA/2024-hsc-japanese-in-context.pdf (463 KB)
  OK Japanese Context/HSC-NESA/2024-hsc-japanese-in-context-mg.pdf (621 KB)
  OK Japanese Context/HSC-NESA/2024-hsc-japanese-in-context-mg.pdf (621 KB)
  OK Japanese Context/HSC-NESA/2025-hsc-japanese-in-context-oral.pdf (136 KB)
  OK Japanese Context/HSC-NESA/2025-hsc-japanese-in-context-oral.pdf (136 KB)
  OK Japanese Context/HSC-NESA/2025-hsc-japanese-in-context-transcript.pdf (292 KB)
  OK Japanese Context/HSC-NESA/2025-hsc-japanese-in-context-transcript.pdf (292 KB)
  OK Japanese Context/HSC-NESA/2025-hsc-japanese-in-context.pdf (774 KB)
  OK Japanese Context/HSC-NESA/2025-hsc-japanese-in-context.pdf (774 KB)
  OK Japanese Context/HSC-NESA/2025-hsc-japanese-in-context-mg.pdf (487 KB)
  OK Japanese Context/HSC-NESA/2025-hsc-japanese-in-context-mg.pdf (487 KB)
  OK Japanese Continuers/HSC-NESA/2015-hsc-japanese-continuers-mg.pdf (376 KB)
  OK Japanese Continuers/HSC-NESA/2015-hsc-japanese-continuers-mg.pdf (376 KB)
  OK Japanese Continuers/HSC-NESA/2015-hsc-japanese-continuers-transcript.pdf (189 KB)
  OK Japanese Continuers/HSC-NESA/2015-hsc-japanese-continuers-transcript.pdf (189 KB)
  OK Japanese Continuers/HSC-NESA/2015-hsc-japanese-continuers.pdf (260 KB)
  OK Japanese Continuers/HSC-NESA/2015-hsc-japanese-continuers.pdf (260 KB)
  OK Japanese Continuers/HSC-NESA/2016-hsc-japanese-continuers-mg.pdf (308 KB)
  OK Japanese Continuers/HSC-NESA/2016-hsc-japanese-continuers-mg.pdf (308 KB)
  OK Japanese Continuers/HSC-NESA/2016-hsc-japanese-continuers-transcript.pdf (158 KB)
  OK Japanese Continuers/HSC-NESA/2016-hsc-japanese-continuers-transcript.pdf (158 KB)
  OK Japanese Continuers/HSC-NESA/2016-hsc-japanese-continuers.pdf (281 KB)
  OK Japanese Continuers/HSC-NESA/2016-hsc-japanese-continuers.pdf (281 KB)
  OK Japanese Continuers/HSC-NESA/2017-hsc-japanese-continuers-mg.pdf (291 KB)
  OK Japanese Continuers/HSC-NESA/2017-hsc-japanese-continuers-mg.pdf (291 KB)
  OK Japanese Continuers/HSC-NESA/2017-hsc-japanese-continuers-transcript.pdf (144 KB)
  OK Japanese Continuers/HSC-NESA/2017-hsc-japanese-continuers-transcript.pdf (144 KB)
  OK Japanese Continuers/HSC-NESA/2017-hsc-japanese-continuers.pdf (353 KB)
  OK Japanese Continuers/HSC-NESA/2017-hsc-japanese-continuers.pdf (353 KB)
  OK Japanese Continuers/HSC-NESA/2018-hsc-japanese-continuers-mg.pdf (599 KB)
  OK Japanese Continuers/HSC-NESA/2018-hsc-japanese-continuers-mg.pdf (599 KB)
  OK Japanese Continuers/HSC-NESA/2018-hsc-japanese-continuers-transcript.pdf (148 KB)
  OK Japanese Continuers/HSC-NESA/2018-hsc-japanese-continuers-transcript.pdf (148 KB)
  OK Japanese Continuers/HSC-NESA/2018-hsc-japanese-continuers.pdf (241 KB)
  OK Japanese Continuers/HSC-NESA/2018-hsc-japanese-continuers.pdf (241 KB)
  OK Japanese Continuers/HSC-NESA/2019-hsc-japanese-continuers-mg.pdf (232 KB)
  OK Japanese Continuers/HSC-NESA/2019-hsc-japanese-continuers-mg.pdf (232 KB)
  OK Japanese Continuers/HSC-NESA/2019-hsc-japanese-continuers-transcript.pdf (278 KB)
  OK Japanese Continuers/HSC-NESA/2019-hsc-japanese-continuers-transcript.pdf (278 KB)
  OK Japanese Continuers/HSC-NESA/2019-hsc-japanese-continuers.pdf (861 KB)
  OK Japanese Continuers/HSC-NESA/2019-hsc-japanese-continuers.pdf (861 KB)
  OK Japanese Continuers/HSC-NESA/2020-hsc-japanese-continuers-mg.pdf (341 KB)
  OK Japanese Continuers/HSC-NESA/2020-hsc-japanese-continuers-mg.pdf (341 KB)
  OK Japanese Continuers/HSC-NESA/2020-hsc-japanese-continuers-transcript.pdf (117 KB)
  OK Japanese Continuers/HSC-NESA/2020-hsc-japanese-continuers-transcript.pdf (117 KB)
  OK Japanese Continuers/HSC-NESA/2020-hsc-japanese-continuers.pdf (308 KB)
  OK Japanese Continuers/HSC-NESA/2020-hsc-japanese-continuers.pdf (308 KB)
  OK Japanese Continuers/HSC-NESA/2021-hsc-japanese-continuers-mg.pdf (762 KB)
  OK Japanese Continuers/HSC-NESA/2021-hsc-japanese-continuers-mg.pdf (762 KB)
  OK Japanese Continuers/HSC-NESA/2021-hsc-japanese-continuers-transcript.pdf (136 KB)
  OK Japanese Continuers/HSC-NESA/2021-hsc-japanese-continuers-transcript.pdf (136 KB)
  OK Japanese Continuers/HSC-NESA/2021-hsc-japanese-continuers.pdf (415 KB)
  OK Japanese Continuers/HSC-NESA/2021-hsc-japanese-continuers.pdf (415 KB)
  OK Japanese Continuers/HSC-NESA/2022-hsc-japanese-continuers-mg.pdf (383 KB)
  OK Japanese Continuers/HSC-NESA/2022-hsc-japanese-continuers-mg.pdf (383 KB)
  OK Japanese Continuers/HSC-NESA/2022-hsc-japanese-continuers-transcript.pdf (162 KB)
  OK Japanese Continuers/HSC-NESA/2022-hsc-japanese-continuers-transcript.pdf (162 KB)
  OK Japanese Continuers/HSC-NESA/2022-hsc-japanese-continuers.pdf (472 KB)
  OK Japanese Continuers/HSC-NESA/2022-hsc-japanese-continuers.pdf (472 KB)
  OK Japanese Continuers/HSC-NESA/2023-hsc-japanese-continuers-mg.pdf (192 KB)
  OK Japanese Continuers/HSC-NESA/2023-hsc-japanese-continuers-mg.pdf (192 KB)
  OK Japanese Continuers/HSC-NESA/2023-hsc-japanese-continuers-transcript.pdf (594 KB)
  OK Japanese Continuers/HSC-NESA/2023-hsc-japanese-continuers-transcript.pdf (594 KB)
  OK Japanese Continuers/HSC-NESA/2023-hsc-japanese-continuers.pdf (673 KB)
  OK Japanese Continuers/HSC-NESA/2023-hsc-japanese-continuers.pdf (673 KB)
  OK Japanese Continuers/HSC-NESA/2024-hsc-japanese-continuers-mg.pdf (321 KB)
  OK Japanese Continuers/HSC-NESA/2024-hsc-japanese-continuers-mg.pdf (321 KB)
  OK Japanese Continuers/HSC-NESA/2024-hsc-japanese-continuers-transcript.pdf (143 KB)
  OK Japanese Continuers/HSC-NESA/2024-hsc-japanese-continuers-transcript.pdf (143 KB)
  OK Japanese Continuers/HSC-NESA/2024-hsc-japanese-continuers.pdf (360 KB)
  OK Japanese Continuers/HSC-NESA/2024-hsc-japanese-continuers.pdf (360 KB)
  OK Japanese Continuers/HSC-NESA/2025-hsc-japanese-continuers-transcript.pdf (211 KB)
  OK Japanese Continuers/HSC-NESA/2025-hsc-japanese-continuers-transcript.pdf (211 KB)
  OK Japanese Continuers/HSC-NESA/2025-hsc-japanese-continuers.pdf (500 KB)
  OK Japanese Continuers/HSC-NESA/2025-hsc-japanese-continuers.pdf (500 KB)
  OK Japanese Continuers/HSC-NESA/2025-hsc-japanese-continuers-mg.pdf (172 KB)
  OK Japanese Continuers/HSC-NESA/2025-hsc-japanese-continuers-mg.pdf (172 KB)
  OK Japanese Extension/HSC-NESA/japanese-ext-hsc-exam-2015-archive.pdf (562 KB)
  OK Japanese Extension/HSC-NESA/japanese-ext-hsc-exam-2015-archive.pdf (562 KB)
  OK Japanese Extension/HSC-NESA/japanese-ext-hsc-exam-oral-2015-archive.pdf (499 KB)
  OK Japanese Extension/HSC-NESA/japanese-ext-hsc-exam-oral-2015-archive.pdf (499 KB)
  OK Japanese Extension/HSC-NESA/japanese-ext-hsc-mg-2015-archive.pdf (584 KB)
  OK Japanese Extension/HSC-NESA/japanese-ext-hsc-mg-2015-archive.pdf (584 KB)
  OK Japanese Extension/HSC-NESA/2016-hsc-japanese-ext-archive.pdf (169 KB)
  OK Japanese Extension/HSC-NESA/2016-hsc-japanese-ext-archive.pdf (169 KB)
  OK Japanese Extension/HSC-NESA/2016-hsc-japanese-ext-oral-archive.pdf (106 KB)
  OK Japanese Extension/HSC-NESA/2016-hsc-japanese-ext-oral-archive.pdf (106 KB)
  OK Japanese Extension/HSC-NESA/2016-hsc-mg-japanese-ext.pdf (101 KB)
  OK Japanese Extension/HSC-NESA/2016-hsc-mg-japanese-ext.pdf (101 KB)
  OK Japanese Extension/HSC-NESA/2017-hsc-japanese-ext-archive.pdf (300 KB)
  OK Japanese Extension/HSC-NESA/2017-hsc-japanese-ext-archive.pdf (300 KB)
  OK Japanese Extension/HSC-NESA/2017-hsc-japanese-ext-oral-archive.pdf (107 KB)
  OK Japanese Extension/HSC-NESA/2017-hsc-japanese-ext-oral-archive.pdf (107 KB)
  OK Japanese Extension/HSC-NESA/2017-hsc-mg-japanese-ext-archive.pdf (118 KB)
  OK Japanese Extension/HSC-NESA/2017-hsc-mg-japanese-ext-archive.pdf (118 KB)
  OK Japanese Extension/HSC-NESA/2018-hsc-japanese-ext-archive.pdf (178 KB)
  OK Japanese Extension/HSC-NESA/2018-hsc-japanese-ext-archive.pdf (178 KB)
  OK Japanese Extension/HSC-NESA/2018-hsc-japanese-ext-mg-archive.pdf (309 KB)
  OK Japanese Extension/HSC-NESA/2018-hsc-japanese-ext-mg-archive.pdf (309 KB)
  OK Japanese Extension/HSC-NESA/2018-hsc-japanese-ext-oral-archive.pdf (330 KB)
  OK Japanese Extension/HSC-NESA/2018-hsc-japanese-ext-oral-archive.pdf (330 KB)
  OK Japanese Extension/HSC-NESA/2019-hsc-japanese-extension-archive.pdf (598 KB)
  OK Japanese Extension/HSC-NESA/2019-hsc-japanese-extension-archive.pdf (598 KB)
  OK Japanese Extension/HSC-NESA/2019-hsc-japanese-extension-mg-archive.pdf (490 KB)
  OK Japanese Extension/HSC-NESA/2019-hsc-japanese-extension-mg-archive.pdf (490 KB)
  OK Japanese Extension/HSC-NESA/2019-hsc-japanese-extension-oral-archive.pdf (811 KB)
  OK Japanese Extension/HSC-NESA/2019-hsc-japanese-extension-oral-archive.pdf (811 KB)
  OK Japanese Extension/HSC-NESA/2020-hsc-japanese-extension-mg.pdf (225 KB)
  OK Japanese Extension/HSC-NESA/2020-hsc-japanese-extension-mg.pdf (225 KB)
  OK Japanese Extension/HSC-NESA/2020-hsc-japanese-extension-oral.pdf (111 KB)
  OK Japanese Extension/HSC-NESA/2020-hsc-japanese-extension-oral.pdf (111 KB)
  OK Japanese Extension/HSC-NESA/2020-hsc-japanese-extension.pdf (221 KB)
  OK Japanese Extension/HSC-NESA/2020-hsc-japanese-extension.pdf (221 KB)
  OK Japanese Extension/HSC-NESA/2021-hsc-japanese-extension-mg.pdf (387 KB)
  OK Japanese Extension/HSC-NESA/2021-hsc-japanese-extension-mg.pdf (387 KB)
  OK Japanese Extension/HSC-NESA/2021-hsc-japanese-extension-oral.pdf (119 KB)
  OK Japanese Extension/HSC-NESA/2021-hsc-japanese-extension-oral.pdf (119 KB)
  OK Japanese Extension/HSC-NESA/2021-hsc-japanese-extension.pdf (188 KB)
  OK Japanese Extension/HSC-NESA/2021-hsc-japanese-extension.pdf (188 KB)
  OK Japanese Extension/HSC-NESA/2022-hsc-japanese-extension-mg.pdf (261 KB)
  OK Japanese Extension/HSC-NESA/2022-hsc-japanese-extension-mg.pdf (261 KB)
  OK Japanese Extension/HSC-NESA/2022-hsc-japanese-extension-oral.pdf (117 KB)
  OK Japanese Extension/HSC-NESA/2022-hsc-japanese-extension-oral.pdf (117 KB)
  OK Japanese Extension/HSC-NESA/2022-hsc-japanese-extension.pdf (285 KB)
  OK Japanese Extension/HSC-NESA/2022-hsc-japanese-extension.pdf (285 KB)
  OK Japanese Extension/HSC-NESA/2023-hsc-japanese-extension-mg.pdf (250 KB)
  OK Japanese Extension/HSC-NESA/2023-hsc-japanese-extension-mg.pdf (250 KB)
  OK Japanese Extension/HSC-NESA/2023-hsc-japanese-extension-oral.pdf (131 KB)
  OK Japanese Extension/HSC-NESA/2023-hsc-japanese-extension-oral.pdf (131 KB)
  OK Japanese Extension/HSC-NESA/2023-hsc-japanese-extension.pdf (698 KB)
  OK Japanese Extension/HSC-NESA/2023-hsc-japanese-extension.pdf (698 KB)
  OK Japanese Extension/HSC-NESA/2024-hsc-japanese-extension-mg.pdf (204 KB)
  OK Japanese Extension/HSC-NESA/2024-hsc-japanese-extension-mg.pdf (204 KB)
  OK Japanese Extension/HSC-NESA/2024-hsc-japanese-extension-oral.pdf (166 KB)
  OK Japanese Extension/HSC-NESA/2024-hsc-japanese-extension-oral.pdf (166 KB)
  OK Japanese Extension/HSC-NESA/2024-hsc-japanese-extension.pdf (215 KB)
  OK Japanese Extension/HSC-NESA/2024-hsc-japanese-extension.pdf (215 KB)
  OK Japanese Extension/HSC-NESA/2025-hsc-japanese-ext-oral.pdf (280 KB)
  OK Japanese Extension/HSC-NESA/2025-hsc-japanese-ext-oral.pdf (280 KB)
  OK Japanese Extension/HSC-NESA/2025-hsc-japanese-ext.pdf (295 KB)
  OK Japanese Extension/HSC-NESA/2025-hsc-japanese-ext.pdf (295 KB)
  OK Japanese Extension/HSC-NESA/2025-hsc-japanese-extension-mg.pdf (109 KB)
  OK Japanese Extension/HSC-NESA/2025-hsc-japanese-extension-mg.pdf (109 KB)
  OK Korean & Literature/HSC-NESA/2017-hsc-korean-and-literature-archive.pdf (248 KB)
  OK Korean & Literature/HSC-NESA/2017-hsc-korean-and-literature-archive.pdf (248 KB)
  OK Korean & Literature/HSC-NESA/2017-hsc-korean-and-literature-transcript-archive.pdf (164 KB)
  OK Korean & Literature/HSC-NESA/2017-hsc-korean-and-literature-transcript-archive.pdf (164 KB)
  OK Korean & Literature/HSC-NESA/2017-hsc-mg-korean-and-literature-archive.pdf (185 KB)
  OK Korean & Literature/HSC-NESA/2017-hsc-mg-korean-and-literature-archive.pdf (185 KB)
  OK Korean & Literature/HSC-NESA/2018-hsc-korean-and-literature-archive.pdf (266 KB)
  OK Korean & Literature/HSC-NESA/2018-hsc-korean-and-literature-archive.pdf (266 KB)
  OK Korean & Literature/HSC-NESA/2018-hsc-korean-and-literature-mg-archive.pdf (459 KB)
  OK Korean & Literature/HSC-NESA/2018-hsc-korean-and-literature-mg-archive.pdf (459 KB)
  OK Korean & Literature/HSC-NESA/2018-hsc-korean-and-literature-transcript-archive.pdf (167 KB)
  OK Korean & Literature/HSC-NESA/2018-hsc-korean-and-literature-transcript-archive.pdf (167 KB)
  OK Korean & Literature/HSC-NESA/2019-hsc-korean-and-literature-archive.pdf (329 KB)
  OK Korean & Literature/HSC-NESA/2019-hsc-korean-and-literature-archive.pdf (329 KB)
  OK Korean & Literature/HSC-NESA/2019-hsc-korean-and-literature-mg-archive.pdf (144 KB)
  OK Korean & Literature/HSC-NESA/2019-hsc-korean-and-literature-mg-archive.pdf (144 KB)
  OK Korean & Literature/HSC-NESA/2019-hsc-korean-and-literature-transcript-archive.pdf (198 KB)
  OK Korean & Literature/HSC-NESA/2019-hsc-korean-and-literature-transcript-archive.pdf (198 KB)
  OK Korean & Literature/HSC-NESA/2020-hsc-korean-and-literature-archive.pdf (280 KB)
  OK Korean & Literature/HSC-NESA/2020-hsc-korean-and-literature-archive.pdf (280 KB)
  OK Korean & Literature/HSC-NESA/2020-hsc-korean-and-literature-mg-archive.pdf (216 KB)
  OK Korean & Literature/HSC-NESA/2020-hsc-korean-and-literature-mg-archive.pdf (216 KB)
  OK Korean & Literature/HSC-NESA/2020-hsc-korean-and-literature-transcript-archive.pdf (165 KB)
  OK Korean & Literature/HSC-NESA/2020-hsc-korean-and-literature-transcript-archive.pdf (165 KB)
  OK Korean & Literature/HSC-NESA/2021-hsc-korean-and-literature-archive.pdf (341 KB)
  OK Korean & Literature/HSC-NESA/2021-hsc-korean-and-literature-archive.pdf (341 KB)
  OK Korean & Literature/HSC-NESA/2021-hsc-korean-and-literature-mg-archive.pdf (499 KB)
  OK Korean & Literature/HSC-NESA/2021-hsc-korean-and-literature-mg-archive.pdf (499 KB)
  OK Korean & Literature/HSC-NESA/2021-hsc-korean-and-literature-transcript-archive.pdf (180 KB)
  OK Korean & Literature/HSC-NESA/2021-hsc-korean-and-literature-transcript-archive.pdf (180 KB)
  OK Korean Beginners/HSC-NESA/2017-hsc-korean-beg-transcript.pdf (183 KB)
  OK Korean Beginners/HSC-NESA/2017-hsc-korean-beg-transcript.pdf (183 KB)
  OK Korean Beginners/HSC-NESA/2017-hsc-korean-beg.pdf (410 KB)
  OK Korean Beginners/HSC-NESA/2017-hsc-korean-beg.pdf (410 KB)
  OK Korean Beginners/HSC-NESA/2017-hsc-mg-korean-beg.pdf (326 KB)
  OK Korean Beginners/HSC-NESA/2017-hsc-mg-korean-beg.pdf (326 KB)
  OK Korean Beginners/HSC-NESA/2018-hsc-korean-beg-mg.pdf (720 KB)
  OK Korean Beginners/HSC-NESA/2018-hsc-korean-beg-mg.pdf (720 KB)
  OK Korean Beginners/HSC-NESA/2018-hsc-korean-beg-transcript.pdf (155 KB)
  OK Korean Beginners/HSC-NESA/2018-hsc-korean-beg-transcript.pdf (155 KB)
  OK Korean Beginners/HSC-NESA/2018-hsc-korean-beg.pdf (452 KB)
  OK Korean Beginners/HSC-NESA/2018-hsc-korean-beg.pdf (452 KB)
  OK Korean Beginners/HSC-NESA/2019-hsc-korean-beginners-mg.pdf (321 KB)
  OK Korean Beginners/HSC-NESA/2019-hsc-korean-beginners-mg.pdf (321 KB)
  OK Korean Beginners/HSC-NESA/2019-hsc-korean-beginners-transcript.pdf (215 KB)
  OK Korean Beginners/HSC-NESA/2019-hsc-korean-beginners-transcript.pdf (215 KB)
  OK Korean Beginners/HSC-NESA/2019-hsc-korean-beginners.pdf (728 KB)
  OK Korean Beginners/HSC-NESA/2019-hsc-korean-beginners.pdf (728 KB)
  OK Korean Beginners/HSC-NESA/2020-hsc-korean-beginners-mg.pdf (345 KB)
  OK Korean Beginners/HSC-NESA/2020-hsc-korean-beginners-mg.pdf (345 KB)
  OK Korean Beginners/HSC-NESA/2020-hsc-korean-beginners-transcript.pdf (144 KB)
  OK Korean Beginners/HSC-NESA/2020-hsc-korean-beginners-transcript.pdf (144 KB)
  OK Korean Beginners/HSC-NESA/2020-hsc-korean-beginners.pdf (311 KB)
  OK Korean Beginners/HSC-NESA/2020-hsc-korean-beginners.pdf (311 KB)
  OK Korean Beginners/HSC-NESA/2021-hsc-korean-beginners-mg.pdf (802 KB)
  OK Korean Beginners/HSC-NESA/2021-hsc-korean-beginners-mg.pdf (802 KB)
  OK Korean Beginners/HSC-NESA/2021-hsc-korean-beginners-transcript.pdf (176 KB)
  OK Korean Beginners/HSC-NESA/2021-hsc-korean-beginners-transcript.pdf (176 KB)
  OK Korean Beginners/HSC-NESA/2021-hsc-korean-beginners.pdf (484 KB)
  OK Korean Beginners/HSC-NESA/2021-hsc-korean-beginners.pdf (484 KB)
  OK Korean Beginners/HSC-NESA/2022-hsc-korean-beginners-mg.pdf (976 KB)
  OK Korean Beginners/HSC-NESA/2022-hsc-korean-beginners-mg.pdf (976 KB)
  OK Korean Beginners/HSC-NESA/2022-hsc-korean-beginners-transcript.pdf (190 KB)
  OK Korean Beginners/HSC-NESA/2022-hsc-korean-beginners-transcript.pdf (190 KB)
  OK Korean Beginners/HSC-NESA/2022-hsc-korean-beginners.pdf (444 KB)
  OK Korean Beginners/HSC-NESA/2022-hsc-korean-beginners.pdf (444 KB)
  OK Korean Beginners/HSC-NESA/2023-hsc-korean-beginners-mg.pdf (655 KB)
  OK Korean Beginners/HSC-NESA/2023-hsc-korean-beginners-mg.pdf (655 KB)
  OK Korean Beginners/HSC-NESA/2023-hsc-korean-beginners-transcript.pdf (559 KB)
  OK Korean Beginners/HSC-NESA/2023-hsc-korean-beginners-transcript.pdf (559 KB)
  OK Korean Beginners/HSC-NESA/2023-hsc-korean-beginners.pdf (2474 KB)
  OK Korean Beginners/HSC-NESA/2023-hsc-korean-beginners.pdf (2474 KB)
  OK Korean Beginners/HSC-NESA/2024-hsc-korean-beginners-mg.pdf (476 KB)
  OK Korean Beginners/HSC-NESA/2024-hsc-korean-beginners-mg.pdf (476 KB)
  OK Korean Beginners/HSC-NESA/2024-hsc-korean-beginners-transcript.pdf (160 KB)
  OK Korean Beginners/HSC-NESA/2024-hsc-korean-beginners-transcript.pdf (160 KB)
  OK Korean Beginners/HSC-NESA/2024-hsc-korean-beginners.pdf (432 KB)
  OK Korean Beginners/HSC-NESA/2024-hsc-korean-beginners.pdf (432 KB)
  OK Korean Beginners/HSC-NESA/2025-hsc-korean-beginners-mg.pdf (478 KB)
  OK Korean Beginners/HSC-NESA/2025-hsc-korean-beginners-mg.pdf (478 KB)
  OK Korean Beginners/HSC-NESA/2025-hsc-korean-beginners-transcript.pdf (210 KB)
  OK Korean Beginners/HSC-NESA/2025-hsc-korean-beginners-transcript.pdf (210 KB)
  OK Korean Beginners/HSC-NESA/2025-hsc-korean-beginners.pdf (1443 KB)
  OK Korean Beginners/HSC-NESA/2025-hsc-korean-beginners.pdf (1443 KB)
  OK Korean Context/HSC-NESA/heritage-korean-hsc-exam-2015-archive.pdf (264 KB)
  OK Korean Context/HSC-NESA/heritage-korean-hsc-exam-2015-archive.pdf (264 KB)
  OK Korean Context/HSC-NESA/heritage-korean-hsc-exam-transcript-2015-archive.pdf (210 KB)
  OK Korean Context/HSC-NESA/heritage-korean-hsc-exam-transcript-2015-archive.pdf (210 KB)
  OK Korean Context/HSC-NESA/heritage-korean-hsc-mg-2015-archive.pdf (306 KB)
  OK Korean Context/HSC-NESA/heritage-korean-hsc-mg-2015-archive.pdf (306 KB)
  OK Korean Context/HSC-NESA/2016-hsc-korean-heritage-archive.pdf (234 KB)
  OK Korean Context/HSC-NESA/2016-hsc-korean-heritage-archive.pdf (234 KB)
  OK Korean Context/HSC-NESA/heritage-korean-hsc-exam-transcript-2016-archive.pdf (141 KB)
  OK Korean Context/HSC-NESA/heritage-korean-hsc-exam-transcript-2016-archive.pdf (141 KB)
  OK Korean Context/HSC-NESA/heritage-korean-hsc-mg-2016-archive.pdf (482 KB)
  OK Korean Context/HSC-NESA/heritage-korean-hsc-mg-2016-archive.pdf (482 KB)
  OK Korean Context/HSC-NESA/2017-hsc-korean-in-context-archive.pdf (256 KB)
  OK Korean Context/HSC-NESA/2017-hsc-korean-in-context-archive.pdf (256 KB)
  OK Korean Context/HSC-NESA/2017-hsc-korean-in-context-transcript.pdf (140 KB)
  OK Korean Context/HSC-NESA/2017-hsc-korean-in-context-transcript.pdf (140 KB)
  OK Korean Context/HSC-NESA/2017-hsc-mg-korean-in-context-archive.pdf (350 KB)
  OK Korean Context/HSC-NESA/2017-hsc-mg-korean-in-context-archive.pdf (350 KB)
  OK Korean Context/HSC-NESA/2018-hsc-korean-in-context-archive.pdf (248 KB)
  OK Korean Context/HSC-NESA/2018-hsc-korean-in-context-archive.pdf (248 KB)
  OK Korean Context/HSC-NESA/2018-hsc-korean-in-context-mg-archive.pdf (497 KB)
  OK Korean Context/HSC-NESA/2018-hsc-korean-in-context-mg-archive.pdf (497 KB)
  OK Korean Context/HSC-NESA/2018-hsc-korean-in-context-transcript-archive.pdf (136 KB)
  OK Korean Context/HSC-NESA/2018-hsc-korean-in-context-transcript-archive.pdf (136 KB)
  OK Korean Context/HSC-NESA/2019-hsc-korean-in-context-archive.pdf (297 KB)
  OK Korean Context/HSC-NESA/2019-hsc-korean-in-context-archive.pdf (297 KB)
  OK Korean Context/HSC-NESA/2019-hsc-korean-in-context-mg-archive.pdf (329 KB)
  OK Korean Context/HSC-NESA/2019-hsc-korean-in-context-mg-archive.pdf (329 KB)
  OK Korean Context/HSC-NESA/2019-hsc-korean-in-context-transcript-archive.pdf (151 KB)
  OK Korean Context/HSC-NESA/2019-hsc-korean-in-context-transcript-archive.pdf (151 KB)
  OK Korean Context/HSC-NESA/2020-hsc-korean-in-context-archive.pdf (253 KB)
  OK Korean Context/HSC-NESA/2020-hsc-korean-in-context-archive.pdf (253 KB)
  OK Korean Context/HSC-NESA/2020-hsc-korean-in-context-mg-archive.pdf (414 KB)
  OK Korean Context/HSC-NESA/2020-hsc-korean-in-context-mg-archive.pdf (414 KB)
  OK Korean Context/HSC-NESA/2020-hsc-korean-in-context-transcript-archive.pdf (143 KB)
  OK Korean Context/HSC-NESA/2020-hsc-korean-in-context-transcript-archive.pdf (143 KB)
  OK Korean Context/HSC-NESA/2021-hsc-korean-in-context-mg-archive.pdf (779 KB)
  OK Korean Context/HSC-NESA/2021-hsc-korean-in-context-mg-archive.pdf (779 KB)
  OK Korean Context/HSC-NESA/2021-korean-in-context-archive.pdf (302 KB)
  OK Korean Context/HSC-NESA/2021-korean-in-context-archive.pdf (302 KB)
  OK Korean Context/HSC-NESA/2021-korean-in-context-transcript-archive.pdf (132 KB)
  OK Korean Context/HSC-NESA/2021-korean-in-context-transcript-archive.pdf (132 KB)
  OK Korean Context/HSC-NESA/2022-hsc-korean-in-context-archive.pdf (324 KB)
  OK Korean Context/HSC-NESA/2022-hsc-korean-in-context-archive.pdf (324 KB)
  OK Korean Context/HSC-NESA/2022-hsc-korean-in-context-mg-archive.pdf (342 KB)
  OK Korean Context/HSC-NESA/2022-hsc-korean-in-context-mg-archive.pdf (342 KB)
  OK Korean Context/HSC-NESA/2022-hsc-korean-in-context-transcript-archive.pdf (170 KB)
  OK Korean Context/HSC-NESA/2022-hsc-korean-in-context-transcript-archive.pdf (170 KB)
  OK Korean Context/HSC-NESA/2023-hsc-korean-in-context-mg.pdf (316 KB)
  OK Korean Context/HSC-NESA/2023-hsc-korean-in-context-mg.pdf (316 KB)
  OK Korean Context/HSC-NESA/2023-hsc-korean-in-context-transcript.pdf (594 KB)
  OK Korean Context/HSC-NESA/2023-hsc-korean-in-context-transcript.pdf (594 KB)
  OK Korean Context/HSC-NESA/2023-hsc-korean-in-context.pdf (1182 KB)
  OK Korean Context/HSC-NESA/2023-hsc-korean-in-context.pdf (1182 KB)
  OK Korean Context/HSC-NESA/2024-hsc-korean-in-context-mg.pdf (505 KB)
  OK Korean Context/HSC-NESA/2024-hsc-korean-in-context-mg.pdf (505 KB)
  OK Korean Context/HSC-NESA/2024-hsc-korean-in-context-transcript.pdf (194 KB)
  OK Korean Context/HSC-NESA/2024-hsc-korean-in-context-transcript.pdf (194 KB)
  OK Korean Context/HSC-NESA/2024-hsc-korean-in-context.pdf (432 KB)
  OK Korean Context/HSC-NESA/2024-hsc-korean-in-context.pdf (432 KB)
  OK Korean Context/HSC-NESA/2025-hsc-korean-in-context-oral.pdf (123 KB)
  OK Korean Context/HSC-NESA/2025-hsc-korean-in-context-oral.pdf (123 KB)
  OK Korean Context/HSC-NESA/2025-hsc-korean-in-context-transcript.pdf (258 KB)
  OK Korean Context/HSC-NESA/2025-hsc-korean-in-context-transcript.pdf (258 KB)
  OK Korean Context/HSC-NESA/2025-hsc-korean-in-context.pdf (705 KB)
  OK Korean Context/HSC-NESA/2025-hsc-korean-in-context.pdf (705 KB)
  OK Korean Context/HSC-NESA/2025-hsc-korean-in-context-mg.pdf (431 KB)
  OK Korean Context/HSC-NESA/2025-hsc-korean-in-context-mg.pdf (431 KB)
  OK Korean Continuers/HSC-NESA/korean-cont-hsc-exam-2015.pdf (365 KB)
  OK Korean Continuers/HSC-NESA/korean-cont-hsc-exam-2015.pdf (365 KB)
  OK Korean Continuers/HSC-NESA/korean-cont-hsc-exam-transcript-2015.pdf (159 KB)
  OK Korean Continuers/HSC-NESA/korean-cont-hsc-exam-transcript-2015.pdf (159 KB)
  OK Korean Continuers/HSC-NESA/korean-cont-hsc-mg-2015.pdf (309 KB)
  OK Korean Continuers/HSC-NESA/korean-cont-hsc-mg-2015.pdf (309 KB)
  OK Korean Continuers/HSC-NESA/2016-hsc-korean-cont-transcript.pdf (218 KB)
  OK Korean Continuers/HSC-NESA/2016-hsc-korean-cont-transcript.pdf (218 KB)
  OK Korean Continuers/HSC-NESA/2016-hsc-korean-cont.pdf (323 KB)
  OK Korean Continuers/HSC-NESA/2016-hsc-korean-cont.pdf (323 KB)
  OK Korean Continuers/HSC-NESA/2016-hsc-mg-korean-cont.pdf (255 KB)
  OK Korean Continuers/HSC-NESA/2016-hsc-mg-korean-cont.pdf (255 KB)
  OK Korean Continuers/HSC-NESA/2017-hsc-korean-cont-transcript.pdf (190 KB)
  OK Korean Continuers/HSC-NESA/2017-hsc-korean-cont-transcript.pdf (190 KB)
  OK Korean Continuers/HSC-NESA/2017-hsc-korean-cont.pdf (493 KB)
  OK Korean Continuers/HSC-NESA/2017-hsc-korean-cont.pdf (493 KB)
  OK Korean Continuers/HSC-NESA/2017-hsc-mg-korean-cont.pdf (265 KB)
  OK Korean Continuers/HSC-NESA/2017-hsc-mg-korean-cont.pdf (265 KB)
  OK Korean Continuers/HSC-NESA/2018-hsc-korean-cont-mg.pdf (711 KB)
  OK Korean Continuers/HSC-NESA/2018-hsc-korean-cont-mg.pdf (711 KB)
  OK Korean Continuers/HSC-NESA/2018-hsc-korean-cont-transcript.pdf (193 KB)
  OK Korean Continuers/HSC-NESA/2018-hsc-korean-cont-transcript.pdf (193 KB)
  OK Korean Continuers/HSC-NESA/2018-hsc-korean-cont.pdf (298 KB)
  OK Korean Continuers/HSC-NESA/2018-hsc-korean-cont.pdf (298 KB)
  OK Korean Continuers/HSC-NESA/2019-hsc-korean-cont-transcript.pdf (201 KB)
  OK Korean Continuers/HSC-NESA/2019-hsc-korean-cont-transcript.pdf (201 KB)
  OK Korean Continuers/HSC-NESA/2019-hsc-korean-cont.pdf (618 KB)
  OK Korean Continuers/HSC-NESA/2019-hsc-korean-cont.pdf (618 KB)
  OK Korean Continuers/HSC-NESA/2019-hsc-korean-continuers-mg.pdf (215 KB)
  OK Korean Continuers/HSC-NESA/2019-hsc-korean-continuers-mg.pdf (215 KB)
  OK Korean Continuers/HSC-NESA/2020-hsc-korean-continuers-mg.pdf (348 KB)
  OK Korean Continuers/HSC-NESA/2020-hsc-korean-continuers-mg.pdf (348 KB)
  OK Korean Continuers/HSC-NESA/2020-hsc-korean-continuers-transcript.pdf (162 KB)
  OK Korean Continuers/HSC-NESA/2020-hsc-korean-continuers-transcript.pdf (162 KB)
  OK Korean Continuers/HSC-NESA/2020-hsc-korean-continuers.pdf (446 KB)
  OK Korean Continuers/HSC-NESA/2020-hsc-korean-continuers.pdf (446 KB)
  OK Korean Continuers/HSC-NESA/2021-hsc-korean-continuers-mg.pdf (697 KB)
  OK Korean Continuers/HSC-NESA/2021-hsc-korean-continuers-mg.pdf (697 KB)
  OK Korean Continuers/HSC-NESA/2021-hsc-korean-continuers-transcript.pdf (187 KB)
  OK Korean Continuers/HSC-NESA/2021-hsc-korean-continuers-transcript.pdf (187 KB)
  OK Korean Continuers/HSC-NESA/2021-hsc-korean-continuers.pdf (591 KB)
  OK Korean Continuers/HSC-NESA/2021-hsc-korean-continuers.pdf (591 KB)
  OK Korean Continuers/HSC-NESA/2022-hsc-korean-continuers-mg.pdf (916 KB)
  OK Korean Continuers/HSC-NESA/2022-hsc-korean-continuers-mg.pdf (916 KB)
  OK Korean Continuers/HSC-NESA/2022-hsc-korean-continuers-transcript.pdf (208 KB)
  OK Korean Continuers/HSC-NESA/2022-hsc-korean-continuers-transcript.pdf (208 KB)
  OK Korean Continuers/HSC-NESA/2022-hsc-korean-continuers.pdf (614 KB)
  OK Korean Continuers/HSC-NESA/2022-hsc-korean-continuers.pdf (614 KB)
  OK Korean Continuers/HSC-NESA/2023-hsc-korean-continuers-mg.pdf (360 KB)
  OK Korean Continuers/HSC-NESA/2023-hsc-korean-continuers-mg.pdf (360 KB)
  OK Korean Continuers/HSC-NESA/2023-hsc-korean-continuers-transcript.pdf (571 KB)
  OK Korean Continuers/HSC-NESA/2023-hsc-korean-continuers-transcript.pdf (571 KB)
  OK Korean Continuers/HSC-NESA/2023-hsc-korean-continuers.pdf (1811 KB)
  OK Korean Continuers/HSC-NESA/2023-hsc-korean-continuers.pdf (1811 KB)
  OK Korean Continuers/HSC-NESA/2024-hsc-korean-continuers-mg.pdf (822 KB)
  OK Korean Continuers/HSC-NESA/2024-hsc-korean-continuers-mg.pdf (822 KB)
  OK Korean Continuers/HSC-NESA/2024-hsc-korean-continuers-transcript.pdf (175 KB)
  OK Korean Continuers/HSC-NESA/2024-hsc-korean-continuers-transcript.pdf (175 KB)
  OK Korean Continuers/HSC-NESA/2024-hsc-korean-continuers.pdf (434 KB)
  OK Korean Continuers/HSC-NESA/2024-hsc-korean-continuers.pdf (434 KB)
  OK Korean Continuers/HSC-NESA/2025-hsc-korean-continuers-transcript.pdf (216 KB)
  OK Korean Continuers/HSC-NESA/2025-hsc-korean-continuers-transcript.pdf (216 KB)
  OK Korean Continuers/HSC-NESA/2025-hsc-korean-continuers.pdf (1061 KB)
  OK Korean Continuers/HSC-NESA/2025-hsc-korean-continuers.pdf (1061 KB)
  OK Korean Continuers/HSC-NESA/2025-hsc-korean-continuers-mg.pdf (333 KB)
  OK Korean Continuers/HSC-NESA/2025-hsc-korean-continuers-mg.pdf (333 KB)
  OK Korean Literature/HSC-NESA/2022-hsc-korean-and-lit-mg.pdf (307 KB)
  OK Korean Literature/HSC-NESA/2022-hsc-korean-and-lit-mg.pdf (307 KB)
  OK Korean Literature/HSC-NESA/2022-hsc-korean-and-lit-transcript.pdf (204 KB)
  OK Korean Literature/HSC-NESA/2022-hsc-korean-and-lit-transcript.pdf (204 KB)
  OK Korean Literature/HSC-NESA/2022-hsc-korean-and-lit.pdf (501 KB)
  OK Korean Literature/HSC-NESA/2022-hsc-korean-and-lit.pdf (501 KB)
  OK Korean Literature/HSC-NESA/2023-hsc-korean-and-lit-mg.pdf (368 KB)
  OK Korean Literature/HSC-NESA/2023-hsc-korean-and-lit-mg.pdf (368 KB)
  OK Korean Literature/HSC-NESA/2023-hsc-korean-and-lit-transcript.pdf (187 KB)
  OK Korean Literature/HSC-NESA/2023-hsc-korean-and-lit-transcript.pdf (187 KB)
  OK Korean Literature/HSC-NESA/2023-hsc-korean-and-lit.pdf (804 KB)
  OK Korean Literature/HSC-NESA/2023-hsc-korean-and-lit.pdf (804 KB)
  OK Korean Literature/HSC-NESA/2024-hsc-korean-and-lit-transcript.pdf (181 KB)
  OK Korean Literature/HSC-NESA/2024-hsc-korean-and-lit-transcript.pdf (181 KB)
  OK Korean Literature/HSC-NESA/2024-hsc-korean-and-literature-mg.pdf (421 KB)
  OK Korean Literature/HSC-NESA/2024-hsc-korean-and-literature-mg.pdf (421 KB)
  OK Korean Literature/HSC-NESA/2024-hsc-korean-and-lit-cc.pdf (342 KB)
  OK Korean Literature/HSC-NESA/2024-hsc-korean-and-lit-cc.pdf (342 KB)
  OK Korean Literature/HSC-NESA/2025-hsc-korean-and-literature-transcript.pdf (244 KB)
  OK Korean Literature/HSC-NESA/2025-hsc-korean-and-literature-transcript.pdf (244 KB)
  OK Korean Literature/HSC-NESA/2025-hsc-korean-and-literature.pdf (1314 KB)
  OK Korean Literature/HSC-NESA/2025-hsc-korean-and-literature.pdf (1314 KB)
  OK Korean Literature/HSC-NESA/2025-hsc-korean-and-literature-mg.pdf (376 KB)
  OK Korean Literature/HSC-NESA/2025-hsc-korean-and-literature-mg.pdf (376 KB)
  OK Latin Continuers/HSC-NESA/2013-hsc-latin-cont-exam.pdf (98 KB)
  OK Latin Continuers/HSC-NESA/2013-hsc-latin-cont-exam.pdf (98 KB)
  OK Latin Continuers/HSC-NESA/2013-hsc-latin-cont-mg.pdf (267 KB)
  OK Latin Continuers/HSC-NESA/2013-hsc-latin-cont-mg.pdf (267 KB)
  OK Latin Continuers/HSC-NESA/2014-hsc-latin-cont-exam.pdf (344 KB)
  OK Latin Continuers/HSC-NESA/2014-hsc-latin-cont-exam.pdf (344 KB)
  OK Latin Continuers/HSC-NESA/2014-hsc-latin-cont-mg.pdf (241 KB)
  OK Latin Continuers/HSC-NESA/2014-hsc-latin-cont-mg.pdf (241 KB)
  OK Latin Continuers/HSC-NESA/2015-hsc-latin-cont-exam.pdf (242 KB)
  OK Latin Continuers/HSC-NESA/2015-hsc-latin-cont-exam.pdf (242 KB)
  OK Latin Continuers/HSC-NESA/2015-hsc-mg-latin-cont.pdf (974 KB)
  OK Latin Continuers/HSC-NESA/2015-hsc-mg-latin-cont.pdf (974 KB)
  OK Latin Continuers/HSC-NESA/2016-hsc-latin-cont-exam.pdf (346 KB)
  OK Latin Continuers/HSC-NESA/2016-hsc-latin-cont-exam.pdf (346 KB)
  OK Latin Continuers/HSC-NESA/2016-hsc-mg-latin-cont.pdf (403 KB)
  OK Latin Continuers/HSC-NESA/2016-hsc-mg-latin-cont.pdf (403 KB)
  OK Latin Continuers/HSC-NESA/2016-latin-continuers-specimen-exam.pdf (68 KB)
  OK Latin Continuers/HSC-NESA/2016-latin-continuers-specimen-exam.pdf (68 KB)
  OK Latin Continuers/HSC-NESA/2017-hsc-latin-cont-exam.pdf (150 KB)
  OK Latin Continuers/HSC-NESA/2017-hsc-latin-cont-exam.pdf (150 KB)
  OK Latin Continuers/HSC-NESA/2017-hsc-mg-latin-cont.pdf (476 KB)
  OK Latin Continuers/HSC-NESA/2017-hsc-mg-latin-cont.pdf (476 KB)
  OK Latin Continuers/HSC-NESA/2018-hsc-latin-continuers-mg.pdf (1297 KB)
  OK Latin Continuers/HSC-NESA/2018-hsc-latin-continuers-mg.pdf (1297 KB)
  OK Latin Continuers/HSC-NESA/2018-hsc-latin-continuers.pdf (116 KB)
  OK Latin Continuers/HSC-NESA/2018-hsc-latin-continuers.pdf (116 KB)
  OK Latin Continuers/HSC-NESA/2019-hsc-latin-continuers-mg.pdf (395 KB)
  OK Latin Continuers/HSC-NESA/2019-hsc-latin-continuers-mg.pdf (395 KB)
  OK Latin Continuers/HSC-NESA/2019-hsc-latin-continuers.pdf (172 KB)
  OK Latin Continuers/HSC-NESA/2019-hsc-latin-continuers.pdf (172 KB)
  OK Latin Continuers/HSC-NESA/2020-hsc-latin-continuers-mg.pdf (908 KB)
  OK Latin Continuers/HSC-NESA/2020-hsc-latin-continuers-mg.pdf (908 KB)
  OK Latin Continuers/HSC-NESA/2020-hsc-latin-continuers.pdf (149 KB)
  OK Latin Continuers/HSC-NESA/2020-hsc-latin-continuers.pdf (149 KB)
  OK Latin Continuers/HSC-NESA/2021-hsc-latin-continuers-mg.pdf (851 KB)
  OK Latin Continuers/HSC-NESA/2021-hsc-latin-continuers-mg.pdf (851 KB)
  OK Latin Continuers/HSC-NESA/2021-hsc-latin-continuers.pdf (158 KB)
  OK Latin Continuers/HSC-NESA/2021-hsc-latin-continuers.pdf (158 KB)
  OK Latin Continuers/HSC-NESA/2022-hsc-latin-continuers-mg.pdf (210 KB)
  OK Latin Continuers/HSC-NESA/2022-hsc-latin-continuers-mg.pdf (210 KB)
  OK Latin Continuers/HSC-NESA/2022-hsc-latin-continuers.pdf (152 KB)
  OK Latin Continuers/HSC-NESA/2022-hsc-latin-continuers.pdf (152 KB)
  OK Latin Continuers/HSC-NESA/2023-hsc-latin-continuers-mg.pdf (875 KB)
  OK Latin Continuers/HSC-NESA/2023-hsc-latin-continuers-mg.pdf (875 KB)
  OK Latin Continuers/HSC-NESA/2023-hsc-latin-continuers.pdf (456 KB)
  OK Latin Continuers/HSC-NESA/2023-hsc-latin-continuers.pdf (456 KB)
  OK Latin Continuers/HSC-NESA/2024-hsc-latin-continuers-mg.pdf (598 KB)
  OK Latin Continuers/HSC-NESA/2024-hsc-latin-continuers-mg.pdf (598 KB)
  OK Latin Continuers/HSC-NESA/2024-hsc-latin-continuers.pdf (412 KB)
  OK Latin Continuers/HSC-NESA/2024-hsc-latin-continuers.pdf (412 KB)
  OK Latin Continuers/HSC-NESA/2025-hsc-latin-continuers.pdf (569 KB)
  OK Latin Continuers/HSC-NESA/2025-hsc-latin-continuers.pdf (569 KB)
  OK Latin Continuers/HSC-NESA/2025-hsc-latin-continuers-mg.pdf (701 KB)
  OK Latin Continuers/HSC-NESA/2025-hsc-latin-continuers-mg.pdf (701 KB)
  OK Latin Extension/HSC-NESA/2012-hsc-latin-ext-exam.pdf (144 KB)
  OK Latin Extension/HSC-NESA/2012-hsc-latin-ext-exam.pdf (144 KB)
  OK Latin Extension/HSC-NESA/2012-hsc-latin-ext-mg_1.pdf (249 KB)
  OK Latin Extension/HSC-NESA/2012-hsc-latin-ext-mg_1.pdf (249 KB)
  OK Latin Extension/HSC-NESA/2012-hsc-latin-ext-sample-answers_1.pdf (152 KB)
  OK Latin Extension/HSC-NESA/2012-hsc-latin-ext-sample-answers_1.pdf (152 KB)
  OK Latin Extension/HSC-NESA/2013-hsc-latin-ext-exam.pdf (68 KB)
  OK Latin Extension/HSC-NESA/2013-hsc-latin-ext-exam.pdf (68 KB)
  OK Latin Extension/HSC-NESA/2013-hsc-latin-ext-mg.pdf (190 KB)
  OK Latin Extension/HSC-NESA/2013-hsc-latin-ext-mg.pdf (190 KB)
  OK Latin Extension/HSC-NESA/2014-hsc-latin-ext-mg.pdf (96 KB)
  OK Latin Extension/HSC-NESA/2014-hsc-latin-ext-mg.pdf (96 KB)
  OK Latin Extension/HSC-NESA/2014-hsc-latin-ext.pdf (300 KB)
  OK Latin Extension/HSC-NESA/2014-hsc-latin-ext.pdf (300 KB)
  OK Latin Extension/HSC-NESA/2015-hsc-latin-ext-mg.pdf (331 KB)
  OK Latin Extension/HSC-NESA/2015-hsc-latin-ext-mg.pdf (331 KB)
  OK Latin Extension/HSC-NESA/2015-hsc-latin-ext.pdf (163 KB)
  OK Latin Extension/HSC-NESA/2015-hsc-latin-ext.pdf (163 KB)
  OK Latin Extension/HSC-NESA/2016-hsc-latin-ext-mg.pdf (283 KB)
  OK Latin Extension/HSC-NESA/2016-hsc-latin-ext-mg.pdf (283 KB)
  OK Latin Extension/HSC-NESA/2016-hsc-latin-ext.pdf (126 KB)
  OK Latin Extension/HSC-NESA/2016-hsc-latin-ext.pdf (126 KB)
  OK Latin Extension/HSC-NESA/2017-hsc-latin-extension-mg.pdf (245 KB)
  OK Latin Extension/HSC-NESA/2017-hsc-latin-extension-mg.pdf (245 KB)
  OK Latin Extension/HSC-NESA/2017-hsc-latin-extension.pdf (137 KB)
  OK Latin Extension/HSC-NESA/2017-hsc-latin-extension.pdf (137 KB)
  OK Latin Extension/HSC-NESA/2018-hsc-latin-extension-mg.pdf (747 KB)
  OK Latin Extension/HSC-NESA/2018-hsc-latin-extension-mg.pdf (747 KB)
  OK Latin Extension/HSC-NESA/2018-hsc-latin-extension.pdf (207 KB)
  OK Latin Extension/HSC-NESA/2018-hsc-latin-extension.pdf (207 KB)
  OK Latin Extension/HSC-NESA/2019-hsc-latin-extension-mg.pdf (186 KB)
  OK Latin Extension/HSC-NESA/2019-hsc-latin-extension-mg.pdf (186 KB)
  OK Latin Extension/HSC-NESA/2019-hsc-latin-extension.pdf (413 KB)
  OK Latin Extension/HSC-NESA/2019-hsc-latin-extension.pdf (413 KB)
  OK Latin Extension/HSC-NESA/2020-hsc-latin-extension-mg.pdf (292 KB)
  OK Latin Extension/HSC-NESA/2020-hsc-latin-extension-mg.pdf (292 KB)
  OK Latin Extension/HSC-NESA/2020-hsc-latin-extension.pdf (132 KB)
  OK Latin Extension/HSC-NESA/2020-hsc-latin-extension.pdf (132 KB)
  OK Latin Extension/HSC-NESA/2021-hsc-latin-extension-mg.pdf (599 KB)
  OK Latin Extension/HSC-NESA/2021-hsc-latin-extension-mg.pdf (599 KB)
  OK Latin Extension/HSC-NESA/2021-hsc-latin-extension.pdf (126 KB)
  OK Latin Extension/HSC-NESA/2021-hsc-latin-extension.pdf (126 KB)
  OK Latin Extension/HSC-NESA/2022-hsc-latin-extension-mg.pdf (281 KB)
  OK Latin Extension/HSC-NESA/2022-hsc-latin-extension-mg.pdf (281 KB)
  OK Latin Extension/HSC-NESA/2022-hsc-latin-extension.pdf (262 KB)
  OK Latin Extension/HSC-NESA/2022-hsc-latin-extension.pdf (262 KB)
  OK Latin Extension/HSC-NESA/2023-hsc-latin-extension-mg.pdf (269 KB)
  OK Latin Extension/HSC-NESA/2023-hsc-latin-extension-mg.pdf (269 KB)
  OK Latin Extension/HSC-NESA/2023-hsc-latin-extension.pdf (705 KB)
  OK Latin Extension/HSC-NESA/2023-hsc-latin-extension.pdf (705 KB)
  OK Latin Extension/HSC-NESA/2024-hsc-latin-extension-mg.pdf (214 KB)
  OK Latin Extension/HSC-NESA/2024-hsc-latin-extension-mg.pdf (214 KB)
  OK Latin Extension/HSC-NESA/2024-hsc-latin-ext-cc.pdf (234 KB)
  OK Latin Extension/HSC-NESA/2024-hsc-latin-ext-cc.pdf (234 KB)
  OK Latin Extension/HSC-NESA/2025-hsc-latin-extension.pdf (561 KB)
  OK Latin Extension/HSC-NESA/2025-hsc-latin-extension.pdf (561 KB)
  OK Latin Extension/HSC-NESA/2025-hsc-latin-extension-mg.pdf (397 KB)
  OK Latin Extension/HSC-NESA/2025-hsc-latin-extension-mg.pdf (397 KB)
  OK Legal Studies/HSC-NESA/legal-studies-hsc-exam-2015.pdf (333 KB)
  OK Legal Studies/HSC-NESA/legal-studies-hsc-exam-2015.pdf (333 KB)
  OK Legal Studies/HSC-NESA/legal-studies-hsc-mg-2015.pdf (687 KB)
  OK Legal Studies/HSC-NESA/legal-studies-hsc-mg-2015.pdf (687 KB)
  OK Legal Studies/HSC-NESA/2016-hsc-legal-studies.pdf (199 KB)
  OK Legal Studies/HSC-NESA/2016-hsc-legal-studies.pdf (199 KB)
  OK Legal Studies/HSC-NESA/2016-hsc-mg-legal-studies.pdf (565 KB)
  OK Legal Studies/HSC-NESA/2016-hsc-mg-legal-studies.pdf (565 KB)
  OK Legal Studies/HSC-NESA/2016-legal-studies-hsc-sample-writing-booklet-s3.pdf (112 KB)
  OK Legal Studies/HSC-NESA/2016-legal-studies-hsc-sample-writing-booklet-s3.pdf (112 KB)
  OK Legal Studies/HSC-NESA/2017-hsc-legal-studies.pdf (268 KB)
  OK Legal Studies/HSC-NESA/2017-hsc-legal-studies.pdf (268 KB)
  OK Legal Studies/HSC-NESA/2017-hsc-mg-legal-studies.pdf (658 KB)
  OK Legal Studies/HSC-NESA/2017-hsc-mg-legal-studies.pdf (658 KB)
  OK Legal Studies/HSC-NESA/2018-hsc-legal-studies-mg.pdf (1150 KB)
  OK Legal Studies/HSC-NESA/2018-hsc-legal-studies-mg.pdf (1150 KB)
  OK Legal Studies/HSC-NESA/2018-hsc-legal-studies.pdf (249 KB)
  OK Legal Studies/HSC-NESA/2018-hsc-legal-studies.pdf (249 KB)
  OK Legal Studies/HSC-NESA/2019-hsc-legal-studies-mg.pdf (385 KB)
  OK Legal Studies/HSC-NESA/2019-hsc-legal-studies-mg.pdf (385 KB)
  OK Legal Studies/HSC-NESA/2019-hsc-legal-studies.pdf (228 KB)
  OK Legal Studies/HSC-NESA/2019-hsc-legal-studies.pdf (228 KB)
  OK Legal Studies/HSC-NESA/2020-hsc-legal-studies-mg.pdf (791 KB)
  OK Legal Studies/HSC-NESA/2020-hsc-legal-studies-mg.pdf (791 KB)
  OK Legal Studies/HSC-NESA/2020-hsc-legal-studies.pdf (186 KB)
  OK Legal Studies/HSC-NESA/2020-hsc-legal-studies.pdf (186 KB)
  OK Legal Studies/HSC-NESA/2021-hsc-legal-studies-mg.pdf (1288 KB)
  OK Legal Studies/HSC-NESA/2021-hsc-legal-studies-mg.pdf (1288 KB)
  OK Legal Studies/HSC-NESA/2021-hsc-legal-studies.pdf (134 KB)
  OK Legal Studies/HSC-NESA/2021-hsc-legal-studies.pdf (134 KB)
  OK Legal Studies/HSC-NESA/2022-hsc-legal-studies-mg.pdf (846 KB)
  OK Legal Studies/HSC-NESA/2022-hsc-legal-studies-mg.pdf (846 KB)
  OK Legal Studies/HSC-NESA/2022-hsc-legal-studies.pdf (184 KB)
  OK Legal Studies/HSC-NESA/2022-hsc-legal-studies.pdf (184 KB)
  OK Legal Studies/HSC-NESA/2023-hsc-legal-studies-mg.pdf (540 KB)
  OK Legal Studies/HSC-NESA/2023-hsc-legal-studies-mg.pdf (540 KB)
  OK Legal Studies/HSC-NESA/2023-hsc-legal-studies.pdf (754 KB)
  OK Legal Studies/HSC-NESA/2023-hsc-legal-studies.pdf (754 KB)
  OK Legal Studies/HSC-NESA/2024-hsc-legal-studies-mg.pdf (1025 KB)
  OK Legal Studies/HSC-NESA/2024-hsc-legal-studies-mg.pdf (1025 KB)
  OK Legal Studies/HSC-NESA/2024-hsc-legal-studies.pdf (309 KB)
  OK Legal Studies/HSC-NESA/2024-hsc-legal-studies.pdf (309 KB)
  OK Legal Studies/HSC-NESA/2025-hsc-legal-studies-mg.pdf (917 KB)
  OK Legal Studies/HSC-NESA/2025-hsc-legal-studies-mg.pdf (917 KB)
  OK Legal Studies/HSC-NESA/2025-hsc-legal-studies.pdf (275 KB)
  OK Legal Studies/HSC-NESA/2025-hsc-legal-studies.pdf (275 KB)
  OK Modern Greek Beginners/HSC-NESA/modern-greek-beg-hsc-exam-2015.pdf (120 KB)
  OK Modern Greek Beginners/HSC-NESA/modern-greek-beg-hsc-exam-2015.pdf (120 KB)
  OK Modern Greek Beginners/HSC-NESA/modern-greek-beg-hsc-exam-transcript-2015.pdf (114 KB)
  OK Modern Greek Beginners/HSC-NESA/modern-greek-beg-hsc-exam-transcript-2015.pdf (114 KB)
  OK Modern Greek Beginners/HSC-NESA/modern-greek-beg-hsc-mg-2015.pdf (397 KB)
  OK Modern Greek Beginners/HSC-NESA/modern-greek-beg-hsc-mg-2015.pdf (397 KB)
  OK Modern Greek Beginners/HSC-NESA/2016-hsc-mg-mod-greek-beg.pdf (104 KB)
  OK Modern Greek Beginners/HSC-NESA/2016-hsc-mg-mod-greek-beg.pdf (104 KB)
  OK Modern Greek Beginners/HSC-NESA/2016-hsc-modern-greek-beg-transcript.pdf (145 KB)
  OK Modern Greek Beginners/HSC-NESA/2016-hsc-modern-greek-beg-transcript.pdf (145 KB)
  OK Modern Greek Beginners/HSC-NESA/2016-hsc-modern-greek-beg.pdf (231 KB)
  OK Modern Greek Beginners/HSC-NESA/2016-hsc-modern-greek-beg.pdf (231 KB)
  OK Modern Greek Beginners/HSC-NESA/2017-hsc-mg-mod-greek-beg.pdf (296 KB)
  OK Modern Greek Beginners/HSC-NESA/2017-hsc-mg-mod-greek-beg.pdf (296 KB)
  OK Modern Greek Beginners/HSC-NESA/2017-hsc-modern-greek-beg-transcript.pdf (140 KB)
  OK Modern Greek Beginners/HSC-NESA/2017-hsc-modern-greek-beg-transcript.pdf (140 KB)
  OK Modern Greek Beginners/HSC-NESA/2017-hsc-modern-greek-beg.pdf (201 KB)
  OK Modern Greek Beginners/HSC-NESA/2017-hsc-modern-greek-beg.pdf (201 KB)
  OK Modern Greek Beginners/HSC-NESA/2018-hsc-modern-greek-beg-mg.pdf (717 KB)
  OK Modern Greek Beginners/HSC-NESA/2018-hsc-modern-greek-beg-mg.pdf (717 KB)
  OK Modern Greek Beginners/HSC-NESA/2018-hsc-modern-greek-beg-transcript.pdf (150 KB)
  OK Modern Greek Beginners/HSC-NESA/2018-hsc-modern-greek-beg-transcript.pdf (150 KB)
  OK Modern Greek Beginners/HSC-NESA/2018-hsc-modern-greek-beg.pdf (395 KB)
  OK Modern Greek Beginners/HSC-NESA/2018-hsc-modern-greek-beg.pdf (395 KB)
  OK Modern Greek Beginners/HSC-NESA/2019-hsc-modern-greek-beg-transcript.pdf (171 KB)
  OK Modern Greek Beginners/HSC-NESA/2019-hsc-modern-greek-beg-transcript.pdf (171 KB)
  OK Modern Greek Beginners/HSC-NESA/2019-hsc-modern-greek-beg.pdf (540 KB)
  OK Modern Greek Beginners/HSC-NESA/2019-hsc-modern-greek-beg.pdf (540 KB)
  OK Modern Greek Beginners/HSC-NESA/2019-hsc-modern-greek-beginners-mg.pdf (225 KB)
  OK Modern Greek Beginners/HSC-NESA/2019-hsc-modern-greek-beginners-mg.pdf (225 KB)
  OK Modern Greek Beginners/HSC-NESA/2020-hsc-modern-greek-beginners-mg.pdf (352 KB)
  OK Modern Greek Beginners/HSC-NESA/2020-hsc-modern-greek-beginners-mg.pdf (352 KB)
  OK Modern Greek Beginners/HSC-NESA/2020-hsc-modern-greek-beginners-transcript.pdf (94 KB)
  OK Modern Greek Beginners/HSC-NESA/2020-hsc-modern-greek-beginners-transcript.pdf (94 KB)
  OK Modern Greek Beginners/HSC-NESA/2020-hsc-modern-greek-beginners.pdf (336 KB)
  OK Modern Greek Beginners/HSC-NESA/2020-hsc-modern-greek-beginners.pdf (336 KB)
  OK Modern Greek Beginners/HSC-NESA/2021-hsc-modern-greek-beginners-mg.pdf (894 KB)
  OK Modern Greek Beginners/HSC-NESA/2021-hsc-modern-greek-beginners-mg.pdf (894 KB)
  OK Modern Greek Beginners/HSC-NESA/2021-hsc-modern-greek-beginners-transcript.pdf (157 KB)
  OK Modern Greek Beginners/HSC-NESA/2021-hsc-modern-greek-beginners-transcript.pdf (157 KB)
  OK Modern Greek Beginners/HSC-NESA/2021-hsc-modern-greek-beginners.pdf (505 KB)
  OK Modern Greek Beginners/HSC-NESA/2021-hsc-modern-greek-beginners.pdf (505 KB)
  OK Modern Greek Beginners/HSC-NESA/2022-hsc-mod-greek-beginners-mg.pdf (364 KB)
  OK Modern Greek Beginners/HSC-NESA/2022-hsc-mod-greek-beginners-mg.pdf (364 KB)
  OK Modern Greek Beginners/HSC-NESA/2022-hsc-modern-greek-beginners-transcript.pdf (142 KB)
  OK Modern Greek Beginners/HSC-NESA/2022-hsc-modern-greek-beginners-transcript.pdf (142 KB)
  OK Modern Greek Beginners/HSC-NESA/2022-hsc-modern-greek-beginners.pdf (327 KB)
  OK Modern Greek Beginners/HSC-NESA/2022-hsc-modern-greek-beginners.pdf (327 KB)
  OK Modern Greek Beginners/HSC-NESA/2023-hsc-mod-greek-beginners-mg.pdf (369 KB)
  OK Modern Greek Beginners/HSC-NESA/2023-hsc-mod-greek-beginners-mg.pdf (369 KB)
  OK Modern Greek Beginners/HSC-NESA/2023-hsc-modern-greek-beginners-transcript.pdf (817 KB)
  OK Modern Greek Beginners/HSC-NESA/2023-hsc-modern-greek-beginners-transcript.pdf (817 KB)
  OK Modern Greek Beginners/HSC-NESA/2023-hsc-modern-greek-beginners.pdf (3740 KB)
  OK Modern Greek Beginners/HSC-NESA/2023-hsc-modern-greek-beginners.pdf (3740 KB)
  OK Modern Greek Beginners/HSC-NESA/2024-hsc-mod-greek-beginners-mg.pdf (373 KB)
  OK Modern Greek Beginners/HSC-NESA/2024-hsc-mod-greek-beginners-mg.pdf (373 KB)
  OK Modern Greek Beginners/HSC-NESA/2024-hsc-modern-greek-beginners-transcript.pdf (164 KB)
  OK Modern Greek Beginners/HSC-NESA/2024-hsc-modern-greek-beginners-transcript.pdf (164 KB)
  OK Modern Greek Beginners/HSC-NESA/2024-hsc-modern-greek-beginners.pdf (480 KB)
  OK Modern Greek Beginners/HSC-NESA/2024-hsc-modern-greek-beginners.pdf (480 KB)
  OK Modern Greek Beginners/HSC-NESA/2025-hsc-modern-greek-beginners-transcript.pdf (350 KB)
  OK Modern Greek Beginners/HSC-NESA/2025-hsc-modern-greek-beginners-transcript.pdf (350 KB)
  OK Modern Greek Beginners/HSC-NESA/2025-hsc-modern-greek-beginners.pdf (398 KB)
  OK Modern Greek Beginners/HSC-NESA/2025-hsc-modern-greek-beginners.pdf (398 KB)
  OK Modern Greek Beginners/HSC-NESA/2025-hsc-mod-greek-beginners-mg.pdf (130 KB)
  OK Modern Greek Beginners/HSC-NESA/2025-hsc-mod-greek-beginners-mg.pdf (130 KB)
  OK Modern Greek Continuers/HSC-NESA/modern-greek-cont-hsc-exam-2015.pdf (335 KB)
  OK Modern Greek Continuers/HSC-NESA/modern-greek-cont-hsc-exam-2015.pdf (335 KB)
  OK Modern Greek Continuers/HSC-NESA/modern-greek-cont-hsc-exam-transcript-2015.pdf (103 KB)
  OK Modern Greek Continuers/HSC-NESA/modern-greek-cont-hsc-exam-transcript-2015.pdf (103 KB)
  OK Modern Greek Continuers/HSC-NESA/modern-greek-cont-hsc-mg-2015.pdf (334 KB)
  OK Modern Greek Continuers/HSC-NESA/modern-greek-cont-hsc-mg-2015.pdf (334 KB)
  OK Modern Greek Continuers/HSC-NESA/2016-hsc-mg-mod-greek-cont.pdf (291 KB)
  OK Modern Greek Continuers/HSC-NESA/2016-hsc-mg-mod-greek-cont.pdf (291 KB)
  OK Modern Greek Continuers/HSC-NESA/2016-hsc-modern-greek-cont-transcript.pdf (149 KB)
  OK Modern Greek Continuers/HSC-NESA/2016-hsc-modern-greek-cont-transcript.pdf (149 KB)
  OK Modern Greek Continuers/HSC-NESA/2016-hsc-modern-greek-cont.pdf (346 KB)
  OK Modern Greek Continuers/HSC-NESA/2016-hsc-modern-greek-cont.pdf (346 KB)
  OK Modern Greek Continuers/HSC-NESA/2017-hsc-mg-mod-greek-cont.pdf (309 KB)
  OK Modern Greek Continuers/HSC-NESA/2017-hsc-mg-mod-greek-cont.pdf (309 KB)
  OK Modern Greek Continuers/HSC-NESA/2017-hsc-modern-greek-cont-transcript.pdf (146 KB)
  OK Modern Greek Continuers/HSC-NESA/2017-hsc-modern-greek-cont-transcript.pdf (146 KB)
  OK Modern Greek Continuers/HSC-NESA/2017-hsc-modern-greek-cont.pdf (514 KB)
  OK Modern Greek Continuers/HSC-NESA/2017-hsc-modern-greek-cont.pdf (514 KB)
  OK Modern Greek Continuers/HSC-NESA/2018-hsc-modern-greek-cont-mg.pdf (718 KB)
  OK Modern Greek Continuers/HSC-NESA/2018-hsc-modern-greek-cont-mg.pdf (718 KB)
  OK Modern Greek Continuers/HSC-NESA/2018-hsc-modern-greek-cont-transcript.pdf (189 KB)
  OK Modern Greek Continuers/HSC-NESA/2018-hsc-modern-greek-cont-transcript.pdf (189 KB)
  OK Modern Greek Continuers/HSC-NESA/2018-hsc-modern-greek-cont.pdf (278 KB)
  OK Modern Greek Continuers/HSC-NESA/2018-hsc-modern-greek-cont.pdf (278 KB)
  OK Modern Greek Continuers/HSC-NESA/2019-hsc-modern-greek-cont-transcript.pdf (173 KB)
  OK Modern Greek Continuers/HSC-NESA/2019-hsc-modern-greek-cont-transcript.pdf (173 KB)
  OK Modern Greek Continuers/HSC-NESA/2019-hsc-modern-greek-cont.pdf (483 KB)
  OK Modern Greek Continuers/HSC-NESA/2019-hsc-modern-greek-cont.pdf (483 KB)
  OK Modern Greek Continuers/HSC-NESA/2019-hsc-modern-greek-continuers-mg.pdf (218 KB)
  OK Modern Greek Continuers/HSC-NESA/2019-hsc-modern-greek-continuers-mg.pdf (218 KB)
  OK Modern Greek Continuers/HSC-NESA/2020-hsc-modern-greek-continuers-mg.pdf (353 KB)
  OK Modern Greek Continuers/HSC-NESA/2020-hsc-modern-greek-continuers-mg.pdf (353 KB)
  OK Modern Greek Continuers/HSC-NESA/2020-hsc-modern-greek-continuers-transcript.pdf (158 KB)
  OK Modern Greek Continuers/HSC-NESA/2020-hsc-modern-greek-continuers-transcript.pdf (158 KB)
  OK Modern Greek Continuers/HSC-NESA/2020-hsc-modern-greek-continuers.pdf (416 KB)
  OK Modern Greek Continuers/HSC-NESA/2020-hsc-modern-greek-continuers.pdf (416 KB)
  OK Modern Greek Continuers/HSC-NESA/2021-hsc-modern-greek-continuers-mg.pdf (731 KB)
  OK Modern Greek Continuers/HSC-NESA/2021-hsc-modern-greek-continuers-mg.pdf (731 KB)
  OK Modern Greek Continuers/HSC-NESA/2021-hsc-modern-greek-continuers-transcript.pdf (155 KB)
  OK Modern Greek Continuers/HSC-NESA/2021-hsc-modern-greek-continuers-transcript.pdf (155 KB)
  OK Modern Greek Continuers/HSC-NESA/2021-hsc-modern-greek-continuers.pdf (457 KB)
  OK Modern Greek Continuers/HSC-NESA/2021-hsc-modern-greek-continuers.pdf (457 KB)
  OK Modern Greek Continuers/HSC-NESA/2022-hsc-mod-greek-continuers-mg.pdf (330 KB)
  OK Modern Greek Continuers/HSC-NESA/2022-hsc-mod-greek-continuers-mg.pdf (330 KB)
  OK Modern Greek Continuers/HSC-NESA/2022-hsc-modern-greek-continuers-transcript.pdf (143 KB)
  OK Modern Greek Continuers/HSC-NESA/2022-hsc-modern-greek-continuers-transcript.pdf (143 KB)
  OK Modern Greek Continuers/HSC-NESA/2022-hsc-modern-greek-continuers.pdf (423 KB)
  OK Modern Greek Continuers/HSC-NESA/2022-hsc-modern-greek-continuers.pdf (423 KB)
  OK Modern Greek Continuers/HSC-NESA/2023-hsc-mod-greek-continuers-mg.pdf (340 KB)
  OK Modern Greek Continuers/HSC-NESA/2023-hsc-mod-greek-continuers-mg.pdf (340 KB)
  OK Modern Greek Continuers/HSC-NESA/2023-hsc-modern-greek-continuers-transcript.pdf (791 KB)
  OK Modern Greek Continuers/HSC-NESA/2023-hsc-modern-greek-continuers-transcript.pdf (791 KB)
  OK Modern Greek Continuers/HSC-NESA/2023-hsc-modern-greek-continuers.pdf (1764 KB)
  OK Modern Greek Continuers/HSC-NESA/2023-hsc-modern-greek-continuers.pdf (1764 KB)
  OK Modern Greek Continuers/HSC-NESA/2024-hsc-mod-greek-continuers-mg.pdf (356 KB)
  OK Modern Greek Continuers/HSC-NESA/2024-hsc-mod-greek-continuers-mg.pdf (356 KB)
  OK Modern Greek Continuers/HSC-NESA/2024-hsc-modern-greek-continuers-transcript.pdf (176 KB)
  OK Modern Greek Continuers/HSC-NESA/2024-hsc-modern-greek-continuers-transcript.pdf (176 KB)
  OK Modern Greek Continuers/HSC-NESA/2024-hsc-modern-greek-continuers.pdf (391 KB)
  OK Modern Greek Continuers/HSC-NESA/2024-hsc-modern-greek-continuers.pdf (391 KB)
  OK Modern Greek Continuers/HSC-NESA/2025-hsc-modern-greek-continuers-transcript.pdf (447 KB)
  OK Modern Greek Continuers/HSC-NESA/2025-hsc-modern-greek-continuers-transcript.pdf (447 KB)
  OK Modern Greek Continuers/HSC-NESA/2025-hsc-modern-greek-continuers.pdf (1255 KB)
  OK Modern Greek Continuers/HSC-NESA/2025-hsc-modern-greek-continuers.pdf (1255 KB)
  OK Modern Greek Continuers/HSC-NESA/2025-hsc-mod-greek-continuers-mg.pdf (671 KB)
  OK Modern Greek Continuers/HSC-NESA/2025-hsc-mod-greek-continuers-mg.pdf (671 KB)
  OK Modern Greek Extension/HSC-NESA/2015-hsc-modern-greek-extension-mg.pdf (129 KB)
  OK Modern Greek Extension/HSC-NESA/2015-hsc-modern-greek-extension-mg.pdf (129 KB)
  OK Modern Greek Extension/HSC-NESA/2015-hsc-modern-greek-extension-oral.pdf (119 KB)
  OK Modern Greek Extension/HSC-NESA/2015-hsc-modern-greek-extension-oral.pdf (119 KB)
  OK Modern Greek Extension/HSC-NESA/2015-hsc-modern-greek-extension.pdf (175 KB)
  OK Modern Greek Extension/HSC-NESA/2015-hsc-modern-greek-extension.pdf (175 KB)
  OK Modern Greek Extension/HSC-NESA/2016-hsc-modern-greek-extension-oral.pdf (107 KB)
  OK Modern Greek Extension/HSC-NESA/2016-hsc-modern-greek-extension-oral.pdf (107 KB)
  OK Modern Greek Extension/HSC-NESA/2016-hsc-modern-greek-extension.pdf (194 KB)
  OK Modern Greek Extension/HSC-NESA/2016-hsc-modern-greek-extension.pdf (194 KB)
  OK Modern Greek Extension/HSC-NESA/2017-hsc-modern-greek-extension-mg.pdf (187 KB)
  OK Modern Greek Extension/HSC-NESA/2017-hsc-modern-greek-extension-mg.pdf (187 KB)
  OK Modern Greek Extension/HSC-NESA/2017-hsc-modern-greek-extension-oral.pdf (129 KB)
  OK Modern Greek Extension/HSC-NESA/2017-hsc-modern-greek-extension-oral.pdf (129 KB)
  OK Modern Greek Extension/HSC-NESA/2017-hsc-modern-greek-extension.pdf (211 KB)
  OK Modern Greek Extension/HSC-NESA/2017-hsc-modern-greek-extension.pdf (211 KB)
  OK Modern Greek Extension/HSC-NESA/2018-hsc-modern-greek-extension-mg.pdf (331 KB)
  OK Modern Greek Extension/HSC-NESA/2018-hsc-modern-greek-extension-mg.pdf (331 KB)
  OK Modern Greek Extension/HSC-NESA/2018-hsc-modern-greek-extension-oral.pdf (322 KB)
  OK Modern Greek Extension/HSC-NESA/2018-hsc-modern-greek-extension-oral.pdf (322 KB)
  OK Modern Greek Extension/HSC-NESA/2018-hsc-modern-greek-extension.pdf (210 KB)
  OK Modern Greek Extension/HSC-NESA/2018-hsc-modern-greek-extension.pdf (210 KB)
  OK Modern Greek Extension/HSC-NESA/2019-hsc-modern-greek-extension-mg.pdf (206 KB)
  OK Modern Greek Extension/HSC-NESA/2019-hsc-modern-greek-extension-mg.pdf (206 KB)
  OK Modern Greek Extension/HSC-NESA/2019-hsc-modern-greek-extension-oral.pdf (459 KB)
  OK Modern Greek Extension/HSC-NESA/2019-hsc-modern-greek-extension-oral.pdf (459 KB)
  OK Modern Greek Extension/HSC-NESA/2019-hsc-modern-greek-extension.pdf (227 KB)
  OK Modern Greek Extension/HSC-NESA/2019-hsc-modern-greek-extension.pdf (227 KB)
  OK Modern Greek Extension/HSC-NESA/2020-hsc-modern-greek-extension-mg.pdf (212 KB)
  OK Modern Greek Extension/HSC-NESA/2020-hsc-modern-greek-extension-mg.pdf (212 KB)
  OK Modern Greek Extension/HSC-NESA/2020-hsc-modern-greek-extension-oral.pdf (135 KB)
  OK Modern Greek Extension/HSC-NESA/2020-hsc-modern-greek-extension-oral.pdf (135 KB)
  OK Modern Greek Extension/HSC-NESA/2020-hsc-modern-greek-extension.pdf (262 KB)
  OK Modern Greek Extension/HSC-NESA/2020-hsc-modern-greek-extension.pdf (262 KB)
  OK Modern Greek Extension/HSC-NESA/2021-hsc-modern-greek-extension-mg.pdf (391 KB)
  OK Modern Greek Extension/HSC-NESA/2021-hsc-modern-greek-extension-mg.pdf (391 KB)
  OK Modern Greek Extension/HSC-NESA/2021-hsc-modern-greek-extension-oral.pdf (135 KB)
  OK Modern Greek Extension/HSC-NESA/2021-hsc-modern-greek-extension-oral.pdf (135 KB)
  OK Modern Greek Extension/HSC-NESA/2021-hsc-modern-greek-extension.pdf (201 KB)
  OK Modern Greek Extension/HSC-NESA/2021-hsc-modern-greek-extension.pdf (201 KB)
  OK Modern Greek Extension/HSC-NESA/2022-hsc-modern-greek-extension-mg.pdf (188 KB)
  OK Modern Greek Extension/HSC-NESA/2022-hsc-modern-greek-extension-mg.pdf (188 KB)
  OK Modern Greek Extension/HSC-NESA/2022-hsc-modern-greek-extension-oral.pdf (120 KB)
  OK Modern Greek Extension/HSC-NESA/2022-hsc-modern-greek-extension-oral.pdf (120 KB)
  OK Modern Greek Extension/HSC-NESA/2022-hsc-modern-greek-extension.pdf (247 KB)
  OK Modern Greek Extension/HSC-NESA/2022-hsc-modern-greek-extension.pdf (247 KB)
  OK Modern Greek Extension/HSC-NESA/2023-hsc-modern-greek-extension-mg.pdf (195 KB)
  OK Modern Greek Extension/HSC-NESA/2023-hsc-modern-greek-extension-mg.pdf (195 KB)
  OK Modern Greek Extension/HSC-NESA/2023-hsc-modern-greek-extension-oral.pdf (137 KB)
  OK Modern Greek Extension/HSC-NESA/2023-hsc-modern-greek-extension-oral.pdf (137 KB)
  OK Modern Greek Extension/HSC-NESA/2023-hsc-modern-greek-extension.pdf (679 KB)
  OK Modern Greek Extension/HSC-NESA/2023-hsc-modern-greek-extension.pdf (679 KB)
  OK Modern Greek Extension/HSC-NESA/2024-hsc-modern-greek-extension-mg.pdf (184 KB)
  OK Modern Greek Extension/HSC-NESA/2024-hsc-modern-greek-extension-mg.pdf (184 KB)
  OK Modern Greek Extension/HSC-NESA/2024-hsc-modern-greek-extension-oral.pdf (312 KB)
  OK Modern Greek Extension/HSC-NESA/2024-hsc-modern-greek-extension-oral.pdf (312 KB)
  OK Modern Greek Extension/HSC-NESA/2024-hsc-modern-greek-extension.pdf (305 KB)
  OK Modern Greek Extension/HSC-NESA/2024-hsc-modern-greek-extension.pdf (305 KB)
  OK Modern Greek Extension/HSC-NESA/2025-hsc-mod-greek-extension-mg.pdf (261 KB)
  OK Modern Greek Extension/HSC-NESA/2025-hsc-mod-greek-extension-mg.pdf (261 KB)
  OK Modern Greek Extension/HSC-NESA/2025-hsc-modern-greek-extension-oral.pdf (291 KB)
  OK Modern Greek Extension/HSC-NESA/2025-hsc-modern-greek-extension-oral.pdf (291 KB)
  OK Modern Greek Extension/HSC-NESA/2025-hsc-modern-greek-extension.pdf (291 KB)
  OK Modern Greek Extension/HSC-NESA/2025-hsc-modern-greek-extension.pdf (291 KB)
  OK Modern Hebrew Continuers/HSC-NESA/2015-hsc-modern-hebrew-continuers-mg.pdf (319 KB)
  OK Modern Hebrew Continuers/HSC-NESA/2015-hsc-modern-hebrew-continuers-mg.pdf (319 KB)
  OK Modern Hebrew Continuers/HSC-NESA/2015-hsc-modern-hebrew-continuers-transcript.pdf (131 KB)
  OK Modern Hebrew Continuers/HSC-NESA/2015-hsc-modern-hebrew-continuers-transcript.pdf (131 KB)
  OK Modern Hebrew Continuers/HSC-NESA/2015-hsc-modern-hebrew-continuers.pdf (323 KB)
  OK Modern Hebrew Continuers/HSC-NESA/2015-hsc-modern-hebrew-continuers.pdf (323 KB)
  OK Modern Hebrew Continuers/HSC-NESA/2016-hsc-modern-hebrew-continuers-mg.pdf (283 KB)
  OK Modern Hebrew Continuers/HSC-NESA/2016-hsc-modern-hebrew-continuers-mg.pdf (283 KB)
  OK Modern Hebrew Continuers/HSC-NESA/2016-hsc-modern-hebrew-continuers-transcript.pdf (152 KB)
  OK Modern Hebrew Continuers/HSC-NESA/2016-hsc-modern-hebrew-continuers-transcript.pdf (152 KB)
  OK Modern Hebrew Continuers/HSC-NESA/2016-hsc-modern-hebrew-continuers.pdf (260 KB)
  OK Modern Hebrew Continuers/HSC-NESA/2016-hsc-modern-hebrew-continuers.pdf (260 KB)
  OK Modern Hebrew Continuers/HSC-NESA/2017-hsc-modern-hebrew-continuers-mg.pdf (621 KB)
  OK Modern Hebrew Continuers/HSC-NESA/2017-hsc-modern-hebrew-continuers-mg.pdf (621 KB)
  OK Modern Hebrew Continuers/HSC-NESA/2017-hsc-modern-hebrew-continuers-transcript.pdf (131 KB)
  OK Modern Hebrew Continuers/HSC-NESA/2017-hsc-modern-hebrew-continuers-transcript.pdf (131 KB)
  OK Modern Hebrew Continuers/HSC-NESA/2017-hsc-modern-hebrew-continuers.pdf (293 KB)
  OK Modern Hebrew Continuers/HSC-NESA/2017-hsc-modern-hebrew-continuers.pdf (293 KB)
  OK Modern Hebrew Continuers/HSC-NESA/2018-hsc-modern-hebrew-continuers-mg.pdf (1060 KB)
  OK Modern Hebrew Continuers/HSC-NESA/2018-hsc-modern-hebrew-continuers-mg.pdf (1060 KB)
  OK Modern Hebrew Continuers/HSC-NESA/2018-hsc-modern-hebrew-continuers-transcript.pdf (137 KB)
  OK Modern Hebrew Continuers/HSC-NESA/2018-hsc-modern-hebrew-continuers-transcript.pdf (137 KB)
  OK Modern Hebrew Continuers/HSC-NESA/2018-hsc-modern-hebrew-continuers.pdf (336 KB)
  OK Modern Hebrew Continuers/HSC-NESA/2018-hsc-modern-hebrew-continuers.pdf (336 KB)
  OK Modern Hebrew Continuers/HSC-NESA/2019-hsc-modern-hebrew-continuers-mg.pdf (408 KB)
  OK Modern Hebrew Continuers/HSC-NESA/2019-hsc-modern-hebrew-continuers-mg.pdf (408 KB)
  OK Modern Hebrew Continuers/HSC-NESA/2019-hsc-modern-hebrew-continuers-transcript.pdf (141 KB)
  OK Modern Hebrew Continuers/HSC-NESA/2019-hsc-modern-hebrew-continuers-transcript.pdf (141 KB)
  OK Modern Hebrew Continuers/HSC-NESA/2019-hsc-modern-hebrew-continuers.pdf (418 KB)
  OK Modern Hebrew Continuers/HSC-NESA/2019-hsc-modern-hebrew-continuers.pdf (418 KB)
  OK Modern Hebrew Continuers/HSC-NESA/2020-hsc-modern-hebrew-continuers-mg.pdf (1260 KB)
  OK Modern Hebrew Continuers/HSC-NESA/2020-hsc-modern-hebrew-continuers-mg.pdf (1260 KB)
  OK Modern Hebrew Continuers/HSC-NESA/2020-hsc-modern-hebrew-continuers-transcript.pdf (171 KB)
  OK Modern Hebrew Continuers/HSC-NESA/2020-hsc-modern-hebrew-continuers-transcript.pdf (171 KB)
  OK Modern Hebrew Continuers/HSC-NESA/2020-hsc-modern-hebrew-continuers.pdf (324 KB)
  OK Modern Hebrew Continuers/HSC-NESA/2020-hsc-modern-hebrew-continuers.pdf (324 KB)
  OK Modern Hebrew Continuers/HSC-NESA/2021-hsc-modern-hebrew-continuers-mg.pdf (731 KB)
  OK Modern Hebrew Continuers/HSC-NESA/2021-hsc-modern-hebrew-continuers-mg.pdf (731 KB)
  OK Modern Hebrew Continuers/HSC-NESA/2021-hsc-modern-hebrew-continuers-transcript.pdf (137 KB)
  OK Modern Hebrew Continuers/HSC-NESA/2021-hsc-modern-hebrew-continuers-transcript.pdf (137 KB)
  OK Modern Hebrew Continuers/HSC-NESA/2021-hsc-modern-hebrew-continuers.pdf (234 KB)
  OK Modern Hebrew Continuers/HSC-NESA/2021-hsc-modern-hebrew-continuers.pdf (234 KB)
  OK Modern Hebrew Continuers/HSC-NESA/2022-hsc-mod-hebrew-continuers-mg.pdf (366 KB)
  OK Modern Hebrew Continuers/HSC-NESA/2022-hsc-mod-hebrew-continuers-mg.pdf (366 KB)
  OK Modern Hebrew Continuers/HSC-NESA/2022-hsc-modern-hebrew-continuers-transcript.pdf (237 KB)
  OK Modern Hebrew Continuers/HSC-NESA/2022-hsc-modern-hebrew-continuers-transcript.pdf (237 KB)
  OK Modern Hebrew Continuers/HSC-NESA/2022-hsc-modern-hebrew-continuers.pdf (419 KB)
  OK Modern Hebrew Continuers/HSC-NESA/2022-hsc-modern-hebrew-continuers.pdf (419 KB)
  OK Modern Hebrew Continuers/HSC-NESA/2023-hsc-modern-hebrew-continuers-mg.pdf (355 KB)
  OK Modern Hebrew Continuers/HSC-NESA/2023-hsc-modern-hebrew-continuers-mg.pdf (355 KB)
  OK Modern Hebrew Continuers/HSC-NESA/2023-hsc-modern-hebrew-continuers-transcript.pdf (598 KB)
  OK Modern Hebrew Continuers/HSC-NESA/2023-hsc-modern-hebrew-continuers-transcript.pdf (598 KB)
  OK Modern Hebrew Continuers/HSC-NESA/2023-hsc-modern-hebrew-continuers.pdf (745 KB)
  OK Modern Hebrew Continuers/HSC-NESA/2023-hsc-modern-hebrew-continuers.pdf (745 KB)
  OK Modern Hebrew Continuers/HSC-NESA/2024-hsc-modern-hebrew-continuers-mg.pdf (225 KB)
  OK Modern Hebrew Continuers/HSC-NESA/2024-hsc-modern-hebrew-continuers-mg.pdf (225 KB)
  OK Modern Hebrew Continuers/HSC-NESA/2024-hsc-modern-hebrew-continuers-transcript.pdf (153 KB)
  OK Modern Hebrew Continuers/HSC-NESA/2024-hsc-modern-hebrew-continuers-transcript.pdf (153 KB)
  OK Modern Hebrew Continuers/HSC-NESA/2024-hsc-modern-hebrew-continuers.pdf (426 KB)
  OK Modern Hebrew Continuers/HSC-NESA/2024-hsc-modern-hebrew-continuers.pdf (426 KB)
  OK Modern Hebrew Continuers/HSC-NESA/2025-hsc-modern-hebrew-continuers-transcript.pdf (389 KB)
  OK Modern Hebrew Continuers/HSC-NESA/2025-hsc-modern-hebrew-continuers-transcript.pdf (389 KB)
  OK Modern Hebrew Continuers/HSC-NESA/2025-hsc-modern-hebrew-continuers.pdf (1150 KB)
  OK Modern Hebrew Continuers/HSC-NESA/2025-hsc-modern-hebrew-continuers.pdf (1150 KB)
  OK Modern Hebrew Continuers/HSC-NESA/2025-hsc-mod-hebrew-continuers-mg.pdf (191 KB)
  OK Modern Hebrew Continuers/HSC-NESA/2025-hsc-mod-hebrew-continuers-mg.pdf (191 KB)
  OK Modern History/HSC-NESA/hsc-modern-history-sec2-4-writing-booklet.pdf (507 KB)
  OK Modern History/HSC-NESA/hsc-modern-history-sec2-4-writing-booklet.pdf (507 KB)
  OK Modern History/HSC-NESA/modern-history-hsc-exam-2014-archive.pdf (2169 KB)
  OK Modern History/HSC-NESA/modern-history-hsc-exam-2014-archive.pdf (2169 KB)
  OK Modern History/HSC-NESA/modern-history-hsc-mg-2014.pdf (126 KB)
  OK Modern History/HSC-NESA/modern-history-hsc-mg-2014.pdf (126 KB)
  OK Modern History/HSC-NESA/modern-history-hsc-exam-2015-archive.pdf (3054 KB)
  OK Modern History/HSC-NESA/modern-history-hsc-exam-2015-archive.pdf (3054 KB)
  OK Modern History/HSC-NESA/modern-history-hsc-mg-2015-archive.pdf (212 KB)
  OK Modern History/HSC-NESA/modern-history-hsc-mg-2015-archive.pdf (212 KB)
  OK Modern History/HSC-NESA/2016-hsc-mg-modern-history-archive.pdf (112 KB)
  OK Modern History/HSC-NESA/2016-hsc-mg-modern-history-archive.pdf (112 KB)
  OK Modern History/HSC-NESA/2016-hsc-modern-history-archive.pdf (441 KB)
  OK Modern History/HSC-NESA/2016-hsc-modern-history-archive.pdf (441 KB)
  OK Modern History/HSC-NESA/2017-hsc-mg-modern-history-archive.pdf (131 KB)
  OK Modern History/HSC-NESA/2017-hsc-mg-modern-history-archive.pdf (131 KB)
  OK Modern History/HSC-NESA/2017-hsc-modern-history-archive.pdf (2765 KB)
  OK Modern History/HSC-NESA/2017-hsc-modern-history-archive.pdf (2765 KB)
  OK Modern History/HSC-NESA/2018-hsc-modern-history-archive.pdf (638 KB)
  OK Modern History/HSC-NESA/2018-hsc-modern-history-archive.pdf (638 KB)
  OK Modern History/HSC-NESA/2018-hsc-modern-history-mg-archive.pdf (681 KB)
  OK Modern History/HSC-NESA/2018-hsc-modern-history-mg-archive.pdf (681 KB)
  OK Modern History/HSC-NESA/2019-hsc-modern-history-mg.pdf (247 KB)
  OK Modern History/HSC-NESA/2019-hsc-modern-history-mg.pdf (247 KB)
  OK Modern History/HSC-NESA/2019-hsc-modern-history.pdf (2827 KB)
  OK Modern History/HSC-NESA/2019-hsc-modern-history.pdf (2827 KB)
  OK Modern History/HSC-NESA/2020-hsc-modern-history-mg.pdf (655 KB)
  OK Modern History/HSC-NESA/2020-hsc-modern-history-mg.pdf (655 KB)
  OK Modern History/HSC-NESA/2020-hsc-modern-history.pdf (280 KB)
  OK Modern History/HSC-NESA/2020-hsc-modern-history.pdf (280 KB)
  OK Modern History/HSC-NESA/2021-hsc-modern-history-mg.pdf (841 KB)
  OK Modern History/HSC-NESA/2021-hsc-modern-history-mg.pdf (841 KB)
  OK Modern History/HSC-NESA/2021-hsc-modern-history.pdf (1655 KB)
  OK Modern History/HSC-NESA/2021-hsc-modern-history.pdf (1655 KB)
  OK Modern History/HSC-NESA/2022-hsc-modern-history-mg.pdf (535 KB)
  OK Modern History/HSC-NESA/2022-hsc-modern-history-mg.pdf (535 KB)
  OK Modern History/HSC-NESA/2022-hsc-modern-history.pdf (260 KB)
  OK Modern History/HSC-NESA/2022-hsc-modern-history.pdf (260 KB)
  OK Modern History/HSC-NESA/2023-hsc-modern-history-mg.pdf (744 KB)
  OK Modern History/HSC-NESA/2023-hsc-modern-history-mg.pdf (744 KB)
  OK Modern History/HSC-NESA/2023-hsc-modern-history_20240312.pdf (1457 KB)
  OK Modern History/HSC-NESA/2023-hsc-modern-history_20240312.pdf (1457 KB)
  OK Modern History/HSC-NESA/2024-hsc-modern-history-mg.pdf (1045 KB)
  OK Modern History/HSC-NESA/2024-hsc-modern-history-mg.pdf (1045 KB)
  OK Modern History/HSC-NESA/2024-hsc-modern-history-cc.pdf (1141 KB)
  OK Modern History/HSC-NESA/2024-hsc-modern-history-cc.pdf (1141 KB)
  OK Modern History/HSC-NESA/2025-hsc-modern-history-mg.pdf (374 KB)
  OK Modern History/HSC-NESA/2025-hsc-modern-history-mg.pdf (374 KB)
  OK Modern History/HSC-NESA/2025-hsc-modern-history.pdf (1426 KB)
  OK Modern History/HSC-NESA/2025-hsc-modern-history.pdf (1426 KB)
  OK Music 1/HSC-NESA/music-1-hsc-exam-2015.pdf (213 KB)
  OK Music 1/HSC-NESA/music-1-hsc-exam-2015.pdf (213 KB)
  OK Music 1/HSC-NESA/music-1-hsc-mg-2015.pdf (176 KB)
  OK Music 1/HSC-NESA/music-1-hsc-mg-2015.pdf (176 KB)
  OK Music 1/HSC-NESA/2016-hsc-mg-music-1.pdf (171 KB)
  OK Music 1/HSC-NESA/2016-hsc-mg-music-1.pdf (171 KB)
  OK Music 1/HSC-NESA/2016-hsc-music-1.pdf (164 KB)
  OK Music 1/HSC-NESA/2016-hsc-music-1.pdf (164 KB)
  OK Music 1/HSC-NESA/2017-hsc-mg-music-1.pdf (113 KB)
  OK Music 1/HSC-NESA/2017-hsc-mg-music-1.pdf (113 KB)
  OK Music 1/HSC-NESA/2017-hsc-music-1.pdf (192 KB)
  OK Music 1/HSC-NESA/2017-hsc-music-1.pdf (192 KB)
  OK Music 1/HSC-NESA/2018-hsc-music-1-mg.pdf (258 KB)
  OK Music 1/HSC-NESA/2018-hsc-music-1-mg.pdf (258 KB)
  OK Music 1/HSC-NESA/2018-hsc-music-1.pdf (223 KB)
  OK Music 1/HSC-NESA/2018-hsc-music-1.pdf (223 KB)
  OK Music 1/HSC-NESA/2019-hsc-music-1-mg.pdf (95 KB)
  OK Music 1/HSC-NESA/2019-hsc-music-1-mg.pdf (95 KB)
  OK Music 1/HSC-NESA/2019-hsc-music-1.pdf (169 KB)
  OK Music 1/HSC-NESA/2019-hsc-music-1.pdf (169 KB)
  OK Music 1/HSC-NESA/2020-hsc-music-1-mg.pdf (139 KB)
  OK Music 1/HSC-NESA/2020-hsc-music-1-mg.pdf (139 KB)
  OK Music 1/HSC-NESA/2020-hsc-music-1.pdf (243 KB)
  OK Music 1/HSC-NESA/2020-hsc-music-1.pdf (243 KB)
  OK Music 1/HSC-NESA/2021-hsc-music-1-mg.pdf (479 KB)
  OK Music 1/HSC-NESA/2021-hsc-music-1-mg.pdf (479 KB)
  OK Music 1/HSC-NESA/2021-hsc-music-1.pdf (249 KB)
  OK Music 1/HSC-NESA/2021-hsc-music-1.pdf (249 KB)
  OK Music 1/HSC-NESA/2022-hsc-music-1-mg.pdf (264 KB)
  OK Music 1/HSC-NESA/2022-hsc-music-1-mg.pdf (264 KB)
  OK Music 1/HSC-NESA/2022-hsc-music-1.pdf (845 KB)
  OK Music 1/HSC-NESA/2022-hsc-music-1.pdf (845 KB)
  OK Music 1/HSC-NESA/2023-hsc-music-1-mg.pdf (299 KB)
  OK Music 1/HSC-NESA/2023-hsc-music-1-mg.pdf (299 KB)
  OK Music 1/HSC-NESA/2023-hsc-music-1.pdf (716 KB)
  OK Music 1/HSC-NESA/2023-hsc-music-1.pdf (716 KB)
  OK Music 1/HSC-NESA/2024-hsc-music-1-mg.pdf (690 KB)
  OK Music 1/HSC-NESA/2024-hsc-music-1-mg.pdf (690 KB)
  OK Music 1/HSC-NESA/2024-hsc-music-1.pdf (193 KB)
  OK Music 1/HSC-NESA/2024-hsc-music-1.pdf (193 KB)
  OK Music 1/HSC-NESA/2025-hsc-music-1.pdf (436 KB)
  OK Music 1/HSC-NESA/2025-hsc-music-1.pdf (436 KB)
  OK Music 1/HSC-NESA/2025-hsc-music-1-mg.pdf (551 KB)
  OK Music 1/HSC-NESA/2025-hsc-music-1-mg.pdf (551 KB)
  OK Music 2/HSC-NESA/music-2-hsc-exam-2015.pdf (1836 KB)
  OK Music 2/HSC-NESA/music-2-hsc-exam-2015.pdf (1836 KB)
  OK Music 2/HSC-NESA/music-2-hsc-mg-2015.pdf (212 KB)
  OK Music 2/HSC-NESA/music-2-hsc-mg-2015.pdf (212 KB)
  OK Music 2/HSC-NESA/2016-hsc-mg-music-2.pdf (603 KB)
  OK Music 2/HSC-NESA/2016-hsc-mg-music-2.pdf (603 KB)
  OK Music 2/HSC-NESA/2016-hsc-music-2.pdf (1455 KB)
  OK Music 2/HSC-NESA/2016-hsc-music-2.pdf (1455 KB)
  OK Music 2/HSC-NESA/2017-hsc-mg-music-2.pdf (197 KB)
  OK Music 2/HSC-NESA/2017-hsc-mg-music-2.pdf (197 KB)
  OK Music 2/HSC-NESA/2017-hsc-music-2.pdf (2517 KB)
  OK Music 2/HSC-NESA/2017-hsc-music-2.pdf (2517 KB)
  OK Music 2/HSC-NESA/2018-hsc-music-2-mg.pdf (401 KB)
  OK Music 2/HSC-NESA/2018-hsc-music-2-mg.pdf (401 KB)
  OK Music 2/HSC-NESA/2018-hsc-music-2.pdf (4679 KB)
  OK Music 2/HSC-NESA/2018-hsc-music-2.pdf (4679 KB)
  OK Music 2/HSC-NESA/2019-hsc-music-2-mg.pdf (144 KB)
  OK Music 2/HSC-NESA/2019-hsc-music-2-mg.pdf (144 KB)
  OK Music 2/HSC-NESA/2019-hsc-music-2.pdf (2093 KB)
  OK Music 2/HSC-NESA/2019-hsc-music-2.pdf (2093 KB)
  OK Music 2/HSC-NESA/2020-hsc-music-2-mg.pdf (328 KB)
  OK Music 2/HSC-NESA/2020-hsc-music-2-mg.pdf (328 KB)
  OK Music 2/HSC-NESA/2020-hsc-music-2.pdf (4096 KB)
  OK Music 2/HSC-NESA/2020-hsc-music-2.pdf (4096 KB)
  OK Music 2/HSC-NESA/2021-hsc-music-2-mg.pdf (567 KB)
  OK Music 2/HSC-NESA/2021-hsc-music-2-mg.pdf (567 KB)
  OK Music 2/HSC-NESA/2021-hsc-music-2.pdf (1044 KB)
  OK Music 2/HSC-NESA/2021-hsc-music-2.pdf (1044 KB)
  OK Music 2/HSC-NESA/2022-hsc-music-2-mg.pdf (258 KB)
  OK Music 2/HSC-NESA/2022-hsc-music-2-mg.pdf (258 KB)
  OK Music 2/HSC-NESA/2022-hsc-music-2.pdf (3201 KB)
  OK Music 2/HSC-NESA/2022-hsc-music-2.pdf (3201 KB)
  OK Music 2/HSC-NESA/2023-hsc-music-2-mg.pdf (341 KB)
  OK Music 2/HSC-NESA/2023-hsc-music-2-mg.pdf (341 KB)
  OK Music 2/HSC-NESA/2023-hsc-music-2.pdf (9144 KB)
  OK Music 2/HSC-NESA/2023-hsc-music-2.pdf (9144 KB)
  OK Music 2/HSC-NESA/2024-hsc-music-2-mg.pdf (1288 KB)
  OK Music 2/HSC-NESA/2024-hsc-music-2-mg.pdf (1288 KB)
  OK Music 2/HSC-NESA/2024-hsc-music-2-cc.pdf (884 KB)
  OK Music 2/HSC-NESA/2024-hsc-music-2-cc.pdf (884 KB)
  OK Music 2/HSC-NESA/2025-hsc-music-2-sight-singing.pdf (420 KB)
  OK Music 2/HSC-NESA/2025-hsc-music-2-sight-singing.pdf (420 KB)
  OK Music 2/HSC-NESA/2025-hsc-music-2.pdf (24231 KB)
  OK Music 2/HSC-NESA/2025-hsc-music-2.pdf (24231 KB)
  OK Music 2/HSC-NESA/2025-hsc-music-2-mg.pdf (1053 KB)
  OK Music 2/HSC-NESA/2025-hsc-music-2-mg.pdf (1053 KB)
  OK PDHPE/HSC-NESA/pdhpe-hsc-exam-2015.pdf (179 KB)
  OK PDHPE/HSC-NESA/pdhpe-hsc-exam-2015.pdf (179 KB)
  OK PDHPE/HSC-NESA/pdhpe-hsc-mg-2015.pdf (615 KB)
  OK PDHPE/HSC-NESA/pdhpe-hsc-mg-2015.pdf (615 KB)
  OK PDHPE/HSC-NESA/2016-hsc-mg-pdhpe.pdf (461 KB)
  OK PDHPE/HSC-NESA/2016-hsc-mg-pdhpe.pdf (461 KB)
  OK PDHPE/HSC-NESA/2016-hsc-pdhpe.pdf (197 KB)
  OK PDHPE/HSC-NESA/2016-hsc-pdhpe.pdf (197 KB)
  OK PDHPE/HSC-NESA/2017-hsc-mg-pdhpe.pdf (433 KB)
  OK PDHPE/HSC-NESA/2017-hsc-mg-pdhpe.pdf (433 KB)
  OK PDHPE/HSC-NESA/2017-hsc-pdhpe.pdf (376 KB)
  OK PDHPE/HSC-NESA/2017-hsc-pdhpe.pdf (376 KB)
  OK PDHPE/HSC-NESA/2018-hsc-pdhpe-mg.pdf (210 KB)
  OK PDHPE/HSC-NESA/2018-hsc-pdhpe-mg.pdf (210 KB)
  OK PDHPE/HSC-NESA/2018-hsc-pdhpe.pdf (225 KB)
  OK PDHPE/HSC-NESA/2018-hsc-pdhpe.pdf (225 KB)
  OK PDHPE/HSC-NESA/2019-hsc-pdhpe-mg.pdf (418 KB)
  OK PDHPE/HSC-NESA/2019-hsc-pdhpe-mg.pdf (418 KB)
  OK PDHPE/HSC-NESA/2019-hsc-pdhpe.pdf (272 KB)
  OK PDHPE/HSC-NESA/2019-hsc-pdhpe.pdf (272 KB)
  OK PDHPE/HSC-NESA/2020-hsc-pdhpe-mg.pdf (818 KB)
  OK PDHPE/HSC-NESA/2020-hsc-pdhpe-mg.pdf (818 KB)
  OK PDHPE/HSC-NESA/2020-hsc-pdhpe.pdf (194 KB)
  OK PDHPE/HSC-NESA/2020-hsc-pdhpe.pdf (194 KB)
  OK PDHPE/HSC-NESA/2021-hsc-pdhpe-mg.pdf (1426 KB)
  OK PDHPE/HSC-NESA/2021-hsc-pdhpe-mg.pdf (1426 KB)
  OK PDHPE/HSC-NESA/2021-hsc-pdhpe.pdf (651 KB)
  OK PDHPE/HSC-NESA/2021-hsc-pdhpe.pdf (651 KB)
  OK PDHPE/HSC-NESA/2022-hsc-pdhpe-mg.pdf (737 KB)
  OK PDHPE/HSC-NESA/2022-hsc-pdhpe-mg.pdf (737 KB)
  OK PDHPE/HSC-NESA/2022-hsc-pdhpe.pdf (202 KB)
  OK PDHPE/HSC-NESA/2022-hsc-pdhpe.pdf (202 KB)
  OK PDHPE/HSC-NESA/2023-hsc-pdhpe-mg.pdf (899 KB)
  OK PDHPE/HSC-NESA/2023-hsc-pdhpe-mg.pdf (899 KB)
  OK PDHPE/HSC-NESA/2023-hsc-pdhpe.pdf (256 KB)
  OK PDHPE/HSC-NESA/2023-hsc-pdhpe.pdf (256 KB)
  OK PDHPE/HSC-NESA/2024-hsc-pdhpe-mg.pdf (1253 KB)
  OK PDHPE/HSC-NESA/2024-hsc-pdhpe-mg.pdf (1253 KB)
  OK PDHPE/HSC-NESA/2024-hsc-pdhpe.pdf (644 KB)
  OK PDHPE/HSC-NESA/2024-hsc-pdhpe.pdf (644 KB)
  OK PDHPE/HSC-NESA/2025-hsc-pdhpe-mg.pdf (580 KB)
  OK PDHPE/HSC-NESA/2025-hsc-pdhpe-mg.pdf (580 KB)
  OK PDHPE/HSC-NESA/2025-hsc-pdhpe.pdf (922 KB)
  OK PDHPE/HSC-NESA/2025-hsc-pdhpe.pdf (922 KB)
  OK Primary Industries/HSC-NESA/vet-primary-industries-hsc-exam-2015.pdf (105 KB)
  OK Primary Industries/HSC-NESA/vet-primary-industries-hsc-exam-2015.pdf (105 KB)
  OK Primary Industries/HSC-NESA/vet-primary-industries-hsc-mg-2015.pdf (538 KB)
  OK Primary Industries/HSC-NESA/vet-primary-industries-hsc-mg-2015.pdf (538 KB)
  OK Primary Industries/HSC-NESA/2016-hsc-vet-primary-industries-mg.pdf (334 KB)
  OK Primary Industries/HSC-NESA/2016-hsc-vet-primary-industries-mg.pdf (334 KB)
  OK Primary Industries/HSC-NESA/2016-hsc-vet-primary-industries.pdf (177 KB)
  OK Primary Industries/HSC-NESA/2016-hsc-vet-primary-industries.pdf (177 KB)
  OK Primary Industries/HSC-NESA/2017-hsc-mg-vet-primary-industries.pdf (388 KB)
  OK Primary Industries/HSC-NESA/2017-hsc-mg-vet-primary-industries.pdf (388 KB)
  OK Primary Industries/HSC-NESA/2017-hsc-vet-primary-industries.pdf (165 KB)
  OK Primary Industries/HSC-NESA/2017-hsc-vet-primary-industries.pdf (165 KB)
  OK Primary Industries/HSC-NESA/2018-hsc-primary-industries-mg.pdf (733 KB)
  OK Primary Industries/HSC-NESA/2018-hsc-primary-industries-mg.pdf (733 KB)
  OK Primary Industries/HSC-NESA/2018-hsc-vet-primary-industries.pdf (186 KB)
  OK Primary Industries/HSC-NESA/2018-hsc-vet-primary-industries.pdf (186 KB)
  OK Primary Industries/HSC-NESA/2019-hsc-vet-primary-industries-mg.pdf (311 KB)
  OK Primary Industries/HSC-NESA/2019-hsc-vet-primary-industries-mg.pdf (311 KB)
  OK Primary Industries/HSC-NESA/2019-hsc-vet-primary-industries.pdf (298 KB)
  OK Primary Industries/HSC-NESA/2019-hsc-vet-primary-industries.pdf (298 KB)
  OK Primary Industries/HSC-NESA/2020-hsc-primary-industries-mg.pdf (420 KB)
  OK Primary Industries/HSC-NESA/2020-hsc-primary-industries-mg.pdf (420 KB)
  OK Primary Industries/HSC-NESA/2020-hsc-vet-primary-industries.pdf (160 KB)
  OK Primary Industries/HSC-NESA/2020-hsc-vet-primary-industries.pdf (160 KB)
  OK Primary Industries/HSC-NESA/2021-hsc-primary-industries-mg.pdf (814 KB)
  OK Primary Industries/HSC-NESA/2021-hsc-primary-industries-mg.pdf (814 KB)
  OK Primary Industries/HSC-NESA/2021-hsc-vet-primary-industries.pdf (585 KB)
  OK Primary Industries/HSC-NESA/2021-hsc-vet-primary-industries.pdf (585 KB)
  OK Primary Industries/HSC-NESA/2022-hsc-vet-primary-industries-mg.pdf (961 KB)
  OK Primary Industries/HSC-NESA/2022-hsc-vet-primary-industries-mg.pdf (961 KB)
  OK Primary Industries/HSC-NESA/2022-hsc-vet-primary-industries.pdf (275 KB)
  OK Primary Industries/HSC-NESA/2022-hsc-vet-primary-industries.pdf (275 KB)
  OK Primary Industries/HSC-NESA/2023-hsc-vet-primary-industries-mg.pdf (837 KB)
  OK Primary Industries/HSC-NESA/2023-hsc-vet-primary-industries-mg.pdf (837 KB)
  OK Primary Industries/HSC-NESA/2023-hsc-vet-primary-industries.pdf (3238 KB)
  OK Primary Industries/HSC-NESA/2023-hsc-vet-primary-industries.pdf (3238 KB)
  OK Primary Industries/HSC-NESA/2024-hsc-vet-primary-industries-mg.pdf (988 KB)
  OK Primary Industries/HSC-NESA/2024-hsc-vet-primary-industries-mg.pdf (988 KB)
  OK Primary Industries/HSC-NESA/2024-hsc-vet-primary-industries.pdf (432 KB)
  OK Primary Industries/HSC-NESA/2024-hsc-vet-primary-industries.pdf (432 KB)
  OK Primary Industries/HSC-NESA/2025-hsc-vet-primary-industries.pdf (709 KB)
  OK Primary Industries/HSC-NESA/2025-hsc-vet-primary-industries.pdf (709 KB)
  OK Primary Industries/HSC-NESA/2025-hsc-vet-primary-industries-mg.pdf (545 KB)
  OK Primary Industries/HSC-NESA/2025-hsc-vet-primary-industries-mg.pdf (545 KB)
  OK Retail Services/HSC-NESA/vet-retail-services-hsc-exam-2013.pdf (141 KB)
  OK Retail Services/HSC-NESA/vet-retail-services-hsc-exam-2013.pdf (141 KB)
  OK Retail Services/HSC-NESA/vet-retail-services-hsc-mg-2013.pdf (286 KB)
  OK Retail Services/HSC-NESA/vet-retail-services-hsc-mg-2013.pdf (286 KB)
  OK Retail Services/HSC-NESA/vet-retail-services-hsc-exam-2014.pdf (405 KB)
  OK Retail Services/HSC-NESA/vet-retail-services-hsc-exam-2014.pdf (405 KB)
  OK Retail Services/HSC-NESA/vet-retail-services-hsc-mg-2014.pdf (254 KB)
  OK Retail Services/HSC-NESA/vet-retail-services-hsc-mg-2014.pdf (254 KB)
  OK Retail Services/HSC-NESA/vet-retail-services-hsc-exam-2015.pdf (204 KB)
  OK Retail Services/HSC-NESA/vet-retail-services-hsc-exam-2015.pdf (204 KB)
  OK Retail Services/HSC-NESA/vet-retail-services-hsc-mg-2015.pdf (599 KB)
  OK Retail Services/HSC-NESA/vet-retail-services-hsc-mg-2015.pdf (599 KB)
  OK Retail Services/HSC-NESA/2016-hsc-mg-vet-retail-services.pdf (618 KB)
  OK Retail Services/HSC-NESA/2016-hsc-mg-vet-retail-services.pdf (618 KB)
  OK Retail Services/HSC-NESA/2016-hsc-vet-retail-services.pdf (138 KB)
  OK Retail Services/HSC-NESA/2016-hsc-vet-retail-services.pdf (138 KB)
  OK Retail Services/HSC-NESA/2017-hsc-mg-vet-retail-services.pdf (247 KB)
  OK Retail Services/HSC-NESA/2017-hsc-mg-vet-retail-services.pdf (247 KB)
  OK Retail Services/HSC-NESA/2017-hsc-vet-retail-services.pdf (375 KB)
  OK Retail Services/HSC-NESA/2017-hsc-vet-retail-services.pdf (375 KB)
  OK Retail Services/HSC-NESA/2018-hsc-retail-services-mg.pdf (926 KB)
  OK Retail Services/HSC-NESA/2018-hsc-retail-services-mg.pdf (926 KB)
  OK Retail Services/HSC-NESA/2018-hsc-vet-retail-services.pdf (290 KB)
  OK Retail Services/HSC-NESA/2018-hsc-vet-retail-services.pdf (290 KB)
  OK Retail Services/HSC-NESA/2019-hsc-vet-retail-services-mg.pdf (267 KB)
  OK Retail Services/HSC-NESA/2019-hsc-vet-retail-services-mg.pdf (267 KB)
  OK Retail Services/HSC-NESA/2019-hsc-vet-retail-services.pdf (466 KB)
  OK Retail Services/HSC-NESA/2019-hsc-vet-retail-services.pdf (466 KB)
  OK Retail Services/HSC-NESA/2020-hsc-retail-services-mg.pdf (431 KB)
  OK Retail Services/HSC-NESA/2020-hsc-retail-services-mg.pdf (431 KB)
  OK Retail Services/HSC-NESA/2020-hsc-vet-retail-services.pdf (189 KB)
  OK Retail Services/HSC-NESA/2020-hsc-vet-retail-services.pdf (189 KB)
  OK Retail Services/HSC-NESA/2021-hsc-retail-services-mg.pdf (1254 KB)
  OK Retail Services/HSC-NESA/2021-hsc-retail-services-mg.pdf (1254 KB)
  OK Retail Services/HSC-NESA/2021-hsc-vet-retail-services.pdf (125 KB)
  OK Retail Services/HSC-NESA/2021-hsc-vet-retail-services.pdf (125 KB)
  OK Retail Services/HSC-NESA/2022-hsc-vet-retail-services-mg.pdf (349 KB)
  OK Retail Services/HSC-NESA/2022-hsc-vet-retail-services-mg.pdf (349 KB)
  OK Retail Services/HSC-NESA/2022-hsc-vet-retail-services.pdf (164 KB)
  OK Retail Services/HSC-NESA/2022-hsc-vet-retail-services.pdf (164 KB)
  OK Retail Services/HSC-NESA/2023-hsc-vet-retail-services-mg.pdf (804 KB)
  OK Retail Services/HSC-NESA/2023-hsc-vet-retail-services-mg.pdf (804 KB)
  OK Retail Services/HSC-NESA/2023-hsc-vet-retail-services.pdf (551 KB)
  OK Retail Services/HSC-NESA/2023-hsc-vet-retail-services.pdf (551 KB)
  OK Retail Services/HSC-NESA/2024-hsc-vet-retail-services-mg.pdf (1074 KB)
  OK Retail Services/HSC-NESA/2024-hsc-vet-retail-services-mg.pdf (1074 KB)
  OK Retail Services/HSC-NESA/2024-hsc-vet-retail-services.pdf (227 KB)
  OK Retail Services/HSC-NESA/2024-hsc-vet-retail-services.pdf (227 KB)
  OK Retail Services/HSC-NESA/2025-hsc-vet-retail-services-mg.pdf (530 KB)
  OK Retail Services/HSC-NESA/2025-hsc-vet-retail-services-mg.pdf (530 KB)
  OK Retail Services/HSC-NESA/2025-hsc-vet-retail-services.pdf (219 KB)
  OK Retail Services/HSC-NESA/2025-hsc-vet-retail-services.pdf (219 KB)
  OK Science Extension/HSC-NESA/2019-hsc-science-extension-mg.pdf (161 KB)
  OK Science Extension/HSC-NESA/2019-hsc-science-extension-mg.pdf (161 KB)
  OK Science Extension/HSC-NESA/2020-hsc-science-extension-mg.pdf (273 KB)
  OK Science Extension/HSC-NESA/2020-hsc-science-extension-mg.pdf (273 KB)
  OK Science Extension/HSC-NESA/2021-hsc-science-extension-mg.pdf (661 KB)
  OK Science Extension/HSC-NESA/2021-hsc-science-extension-mg.pdf (661 KB)
  OK Science Extension/HSC-NESA/2022-hsc-science-extension-mg.pdf (401 KB)
  OK Science Extension/HSC-NESA/2022-hsc-science-extension-mg.pdf (401 KB)
  OK Science Extension/HSC-NESA/2023-hsc-science-extension-mg.pdf (300 KB)
  OK Science Extension/HSC-NESA/2023-hsc-science-extension-mg.pdf (300 KB)
  OK Science Extension/HSC-NESA/2024-hsc-science-extension-mg.pdf (526 KB)
  OK Science Extension/HSC-NESA/2024-hsc-science-extension-mg.pdf (526 KB)
  OK Science Extension/HSC-NESA/2025-hsc-science-extension-mg.pdf (136 KB)
  OK Science Extension/HSC-NESA/2025-hsc-science-extension-mg.pdf (136 KB)
  OK Serbian Continuers/HSC-NESA/serbian-cont-hsc-exam-2015_0.pdf (414 KB)
  OK Serbian Continuers/HSC-NESA/serbian-cont-hsc-exam-2015_0.pdf (414 KB)
  OK Serbian Continuers/HSC-NESA/serbian-cont-hsc-exam-transcript-2015.pdf (135 KB)
  OK Serbian Continuers/HSC-NESA/serbian-cont-hsc-exam-transcript-2015.pdf (135 KB)
  OK Serbian Continuers/HSC-NESA/serbian-cont-hsc-mg-2015.pdf (408 KB)
  OK Serbian Continuers/HSC-NESA/serbian-cont-hsc-mg-2015.pdf (408 KB)
  OK Serbian Continuers/HSC-NESA/2016-hsc-mg-serbian.pdf (677 KB)
  OK Serbian Continuers/HSC-NESA/2016-hsc-mg-serbian.pdf (677 KB)
  OK Serbian Continuers/HSC-NESA/2016-hsc-serbian-transcript.pdf (157 KB)
  OK Serbian Continuers/HSC-NESA/2016-hsc-serbian-transcript.pdf (157 KB)
  OK Serbian Continuers/HSC-NESA/2016-hsc-serbian.pdf (395 KB)
  OK Serbian Continuers/HSC-NESA/2016-hsc-serbian.pdf (395 KB)
  OK Serbian Continuers/HSC-NESA/2017-hsc-mg-serbian.pdf (707 KB)
  OK Serbian Continuers/HSC-NESA/2017-hsc-mg-serbian.pdf (707 KB)
  OK Serbian Continuers/HSC-NESA/2017-hsc-serbian-transcript.pdf (120 KB)
  OK Serbian Continuers/HSC-NESA/2017-hsc-serbian-transcript.pdf (120 KB)
  OK Serbian Continuers/HSC-NESA/2017-hsc-serbian.pdf (386 KB)
  OK Serbian Continuers/HSC-NESA/2017-hsc-serbian.pdf (386 KB)
  OK Serbian Continuers/HSC-NESA/2018-hsc-serbian-mg.pdf (1114 KB)
  OK Serbian Continuers/HSC-NESA/2018-hsc-serbian-mg.pdf (1114 KB)
  OK Serbian Continuers/HSC-NESA/2018-hsc-serbian-transcript.pdf (131 KB)
  OK Serbian Continuers/HSC-NESA/2018-hsc-serbian-transcript.pdf (131 KB)
  OK Serbian Continuers/HSC-NESA/2018-hsc-serbian.pdf (236 KB)
  OK Serbian Continuers/HSC-NESA/2018-hsc-serbian.pdf (236 KB)
  OK Serbian Continuers/HSC-NESA/2019-hsc-serbian-mg.pdf (610 KB)
  OK Serbian Continuers/HSC-NESA/2019-hsc-serbian-mg.pdf (610 KB)
  OK Serbian Continuers/HSC-NESA/2019-hsc-serbian-transcript.pdf (129 KB)
  OK Serbian Continuers/HSC-NESA/2019-hsc-serbian-transcript.pdf (129 KB)
  OK Serbian Continuers/HSC-NESA/2019-hsc-serbian.pdf (155 KB)
  OK Serbian Continuers/HSC-NESA/2019-hsc-serbian.pdf (155 KB)
  OK Serbian Continuers/HSC-NESA/2020-hsc-serbian-mg.pdf (1098 KB)
  OK Serbian Continuers/HSC-NESA/2020-hsc-serbian-mg.pdf (1098 KB)
  OK Serbian Continuers/HSC-NESA/2020-serbian-transcript.pdf (100 KB)
  OK Serbian Continuers/HSC-NESA/2020-serbian-transcript.pdf (100 KB)
  OK Serbian Continuers/HSC-NESA/2020-serbian.pdf (202 KB)
  OK Serbian Continuers/HSC-NESA/2020-serbian.pdf (202 KB)
  OK Serbian Continuers/HSC-NESA/2021-hsc-serbian-mg.pdf (1456 KB)
  OK Serbian Continuers/HSC-NESA/2021-hsc-serbian-mg.pdf (1456 KB)
  OK Serbian Continuers/HSC-NESA/2021-serbian-transcript.pdf (123 KB)
  OK Serbian Continuers/HSC-NESA/2021-serbian-transcript.pdf (123 KB)
  OK Serbian Continuers/HSC-NESA/2021-serbian.pdf (244 KB)
  OK Serbian Continuers/HSC-NESA/2021-serbian.pdf (244 KB)
  OK Serbian Continuers/HSC-NESA/2022-hsc-serbian-mg.pdf (505 KB)
  OK Serbian Continuers/HSC-NESA/2022-hsc-serbian-mg.pdf (505 KB)
  OK Serbian Continuers/HSC-NESA/2022-hsc-serbian-transcript.pdf (169 KB)
  OK Serbian Continuers/HSC-NESA/2022-hsc-serbian-transcript.pdf (169 KB)
  OK Serbian Continuers/HSC-NESA/2022-hsc-serbian.pdf (492 KB)
  OK Serbian Continuers/HSC-NESA/2022-hsc-serbian.pdf (492 KB)
  OK Serbian Continuers/HSC-NESA/2023-hsc-serbian-mg.pdf (396 KB)
  OK Serbian Continuers/HSC-NESA/2023-hsc-serbian-mg.pdf (396 KB)
  OK Serbian Continuers/HSC-NESA/2023-hsc-serbian-transcript.pdf (646 KB)
  OK Serbian Continuers/HSC-NESA/2023-hsc-serbian-transcript.pdf (646 KB)
  OK Serbian Continuers/HSC-NESA/2023-hsc-serbian.pdf (1419 KB)
  OK Serbian Continuers/HSC-NESA/2023-hsc-serbian.pdf (1419 KB)
  OK Serbian Continuers/HSC-NESA/2024-hsc-serbian-mg.pdf (884 KB)
  OK Serbian Continuers/HSC-NESA/2024-hsc-serbian-mg.pdf (884 KB)
  OK Serbian Continuers/HSC-NESA/2024-hsc-serbian-transcript.pdf (335 KB)
  OK Serbian Continuers/HSC-NESA/2024-hsc-serbian-transcript.pdf (335 KB)
  OK Serbian Continuers/HSC-NESA/2024-hsc-serbian.pdf (333 KB)
  OK Serbian Continuers/HSC-NESA/2024-hsc-serbian.pdf (333 KB)
  OK Serbian Continuers/HSC-NESA/2025-hsc-serbian-transcript.pdf (318 KB)
  OK Serbian Continuers/HSC-NESA/2025-hsc-serbian-transcript.pdf (318 KB)
  OK Serbian Continuers/HSC-NESA/2025-hsc-serbian.pdf (1606 KB)
  OK Serbian Continuers/HSC-NESA/2025-hsc-serbian.pdf (1606 KB)
  OK Serbian Continuers/HSC-NESA/2025-hsc-serbian-mg.pdf (301 KB)
  OK Serbian Continuers/HSC-NESA/2025-hsc-serbian-mg.pdf (301 KB)
  OK Society & Culture/HSC-NESA/society-culture-hsc-exam-2015.pdf (189 KB)
  OK Society & Culture/HSC-NESA/society-culture-hsc-exam-2015.pdf (189 KB)
  OK Society & Culture/HSC-NESA/society-culture-hsc-mg-2015.pdf (276 KB)
  OK Society & Culture/HSC-NESA/society-culture-hsc-mg-2015.pdf (276 KB)
  OK Society & Culture/HSC-NESA/2016-hsc-mg-society-culture.pdf (382 KB)
  OK Society & Culture/HSC-NESA/2016-hsc-mg-society-culture.pdf (382 KB)
  OK Society & Culture/HSC-NESA/2016-hsc-society-and-culture.pdf (124 KB)
  OK Society & Culture/HSC-NESA/2016-hsc-society-and-culture.pdf (124 KB)
  OK Society & Culture/HSC-NESA/2017-hsc-mg-society-and-culture.pdf (261 KB)
  OK Society & Culture/HSC-NESA/2017-hsc-mg-society-and-culture.pdf (261 KB)
  OK Society & Culture/HSC-NESA/2017-hsc-society-and-culture.pdf (100 KB)
  OK Society & Culture/HSC-NESA/2017-hsc-society-and-culture.pdf (100 KB)
  OK Society & Culture/HSC-NESA/2018-hsc-society-and-culture-mg.pdf (726 KB)
  OK Society & Culture/HSC-NESA/2018-hsc-society-and-culture-mg.pdf (726 KB)
  OK Society & Culture/HSC-NESA/2018-hsc-society-and-culture.pdf (182 KB)
  OK Society & Culture/HSC-NESA/2018-hsc-society-and-culture.pdf (182 KB)
  OK Society & Culture/HSC-NESA/2019-hsc-society-and-culture-mg.pdf (211 KB)
  OK Society & Culture/HSC-NESA/2019-hsc-society-and-culture-mg.pdf (211 KB)
  OK Society & Culture/HSC-NESA/2019-hsc-society-and-culture.pdf (145 KB)
  OK Society & Culture/HSC-NESA/2019-hsc-society-and-culture.pdf (145 KB)
  OK Society & Culture/HSC-NESA/2020-hsc-society-and-culture-mg.pdf (393 KB)
  OK Society & Culture/HSC-NESA/2020-hsc-society-and-culture-mg.pdf (393 KB)
  OK Society & Culture/HSC-NESA/2020-hsc-society-and-culture.pdf (178 KB)
  OK Society & Culture/HSC-NESA/2020-hsc-society-and-culture.pdf (178 KB)
  OK Society & Culture/HSC-NESA/2021-hsc-society-and-culture-mg.pdf (845 KB)
  OK Society & Culture/HSC-NESA/2021-hsc-society-and-culture-mg.pdf (845 KB)
  OK Society & Culture/HSC-NESA/2021-hsc-society-and-culture.pdf (165 KB)
  OK Society & Culture/HSC-NESA/2021-hsc-society-and-culture.pdf (165 KB)
  OK Society & Culture/HSC-NESA/2022-hsc-society-and-culture-mg.pdf (348 KB)
  OK Society & Culture/HSC-NESA/2022-hsc-society-and-culture-mg.pdf (348 KB)
  OK Society & Culture/HSC-NESA/2022-hsc-society-and-culture.pdf (155 KB)
  OK Society & Culture/HSC-NESA/2022-hsc-society-and-culture.pdf (155 KB)
  OK Society & Culture/HSC-NESA/2023-hsc-society-and-culture-mg.pdf (702 KB)
  OK Society & Culture/HSC-NESA/2023-hsc-society-and-culture-mg.pdf (702 KB)
  OK Society & Culture/HSC-NESA/2023-hsc-society-and-culture.pdf (312 KB)
  OK Society & Culture/HSC-NESA/2023-hsc-society-and-culture.pdf (312 KB)
  OK Society & Culture/HSC-NESA/2024-hsc-society-and-culture-mg.pdf (964 KB)
  OK Society & Culture/HSC-NESA/2024-hsc-society-and-culture-mg.pdf (964 KB)
  OK Society & Culture/HSC-NESA/2024-hsc-society-and-culture.pdf (325 KB)
  OK Society & Culture/HSC-NESA/2024-hsc-society-and-culture.pdf (325 KB)
  OK Society & Culture/HSC-NESA/2025-hsc-society-and-culture-mg.pdf (745 KB)
  OK Society & Culture/HSC-NESA/2025-hsc-society-and-culture-mg.pdf (745 KB)
  OK Society & Culture/HSC-NESA/2025-hsc-society-and-culture.pdf (257 KB)
  OK Society & Culture/HSC-NESA/2025-hsc-society-and-culture.pdf (257 KB)
  OK Spanish Beginners/HSC-NESA/spanish-beg-hsc-exam-2015.pdf (622 KB)
  OK Spanish Beginners/HSC-NESA/spanish-beg-hsc-exam-2015.pdf (622 KB)
  OK Spanish Beginners/HSC-NESA/spanish-beg-hsc-exam-transcript-2015.pdf (108 KB)
  OK Spanish Beginners/HSC-NESA/spanish-beg-hsc-exam-transcript-2015.pdf (108 KB)
  OK Spanish Beginners/HSC-NESA/spanish-beg-hsc-mg-2015.pdf (353 KB)
  OK Spanish Beginners/HSC-NESA/spanish-beg-hsc-mg-2015.pdf (353 KB)
  OK Spanish Beginners/HSC-NESA/2016-hsc-mg-spanish-beg.pdf (487 KB)
  OK Spanish Beginners/HSC-NESA/2016-hsc-mg-spanish-beg.pdf (487 KB)
  OK Spanish Beginners/HSC-NESA/2016-hsc-spanish-beg-transcript.pdf (95 KB)
  OK Spanish Beginners/HSC-NESA/2016-hsc-spanish-beg-transcript.pdf (95 KB)
  OK Spanish Beginners/HSC-NESA/2016-hsc-spanish-beg.pdf (107 KB)
  OK Spanish Beginners/HSC-NESA/2016-hsc-spanish-beg.pdf (107 KB)
  OK Spanish Beginners/HSC-NESA/2017-hsc-mg-spanish-beg.pdf (296 KB)
  OK Spanish Beginners/HSC-NESA/2017-hsc-mg-spanish-beg.pdf (296 KB)
  OK Spanish Beginners/HSC-NESA/2017-hsc-spanish-beg-transcript.pdf (85 KB)
  OK Spanish Beginners/HSC-NESA/2017-hsc-spanish-beg-transcript.pdf (85 KB)
  OK Spanish Beginners/HSC-NESA/2017-hsc-spanish-beg.pdf (191 KB)
  OK Spanish Beginners/HSC-NESA/2017-hsc-spanish-beg.pdf (191 KB)
  OK Spanish Beginners/HSC-NESA/2018-hsc-spanish-beg-mg.pdf (700 KB)
  OK Spanish Beginners/HSC-NESA/2018-hsc-spanish-beg-mg.pdf (700 KB)
  OK Spanish Beginners/HSC-NESA/2018-hsc-spanish-beg-transcript.pdf (92 KB)
  OK Spanish Beginners/HSC-NESA/2018-hsc-spanish-beg-transcript.pdf (92 KB)
  OK Spanish Beginners/HSC-NESA/2018-hsc-spanish-beg.pdf (162 KB)
  OK Spanish Beginners/HSC-NESA/2018-hsc-spanish-beg.pdf (162 KB)
  OK Spanish Beginners/HSC-NESA/2019-hsc-spanish-beg-transcript.pdf (63 KB)
  OK Spanish Beginners/HSC-NESA/2019-hsc-spanish-beg-transcript.pdf (63 KB)
  OK Spanish Beginners/HSC-NESA/2019-hsc-spanish-beg.pdf (173 KB)
  OK Spanish Beginners/HSC-NESA/2019-hsc-spanish-beg.pdf (173 KB)
  OK Spanish Beginners/HSC-NESA/2019-hsc-spanish-beginners-mg.pdf (252 KB)
  OK Spanish Beginners/HSC-NESA/2019-hsc-spanish-beginners-mg.pdf (252 KB)
  OK Spanish Beginners/HSC-NESA/2020-hsc-spanish-beginners-mg.pdf (357 KB)
  OK Spanish Beginners/HSC-NESA/2020-hsc-spanish-beginners-mg.pdf (357 KB)
  OK Spanish Beginners/HSC-NESA/2020-hsc-spanish-beginners-transcript.pdf (71 KB)
  OK Spanish Beginners/HSC-NESA/2020-hsc-spanish-beginners-transcript.pdf (71 KB)
  OK Spanish Beginners/HSC-NESA/2020-hsc-spanish-beginners.pdf (234 KB)
  OK Spanish Beginners/HSC-NESA/2020-hsc-spanish-beginners.pdf (234 KB)
  OK Spanish Beginners/HSC-NESA/2021-hsc-spanish-beginners-mg.pdf (825 KB)
  OK Spanish Beginners/HSC-NESA/2021-hsc-spanish-beginners-mg.pdf (825 KB)
  OK Spanish Beginners/HSC-NESA/2021-hsc-spanish-beginners-transcript.pdf (88 KB)
  OK Spanish Beginners/HSC-NESA/2021-hsc-spanish-beginners-transcript.pdf (88 KB)
  OK Spanish Beginners/HSC-NESA/2021-hsc-spanish-beginners.pdf (167 KB)
  OK Spanish Beginners/HSC-NESA/2021-hsc-spanish-beginners.pdf (167 KB)
  OK Spanish Beginners/HSC-NESA/2022-hsc-spanish-beginners-mg.pdf (207 KB)
  OK Spanish Beginners/HSC-NESA/2022-hsc-spanish-beginners-mg.pdf (207 KB)
  OK Spanish Beginners/HSC-NESA/2022-hsc-spanish-beginners-transcript.pdf (99 KB)
  OK Spanish Beginners/HSC-NESA/2022-hsc-spanish-beginners-transcript.pdf (99 KB)
  OK Spanish Beginners/HSC-NESA/2022-hsc-spanish-beginners.pdf (283 KB)
  OK Spanish Beginners/HSC-NESA/2022-hsc-spanish-beginners.pdf (283 KB)
  OK Spanish Beginners/HSC-NESA/2023-hsc-spanish-beginners-mg.pdf (426 KB)
  OK Spanish Beginners/HSC-NESA/2023-hsc-spanish-beginners-mg.pdf (426 KB)
  OK Spanish Beginners/HSC-NESA/2023-hsc-spanish-beginners-transcript.pdf (489 KB)
  OK Spanish Beginners/HSC-NESA/2023-hsc-spanish-beginners-transcript.pdf (489 KB)
  OK Spanish Beginners/HSC-NESA/2023-hsc-spanish-beginners.pdf (1428 KB)
  OK Spanish Beginners/HSC-NESA/2023-hsc-spanish-beginners.pdf (1428 KB)
  OK Spanish Beginners/HSC-NESA/2024-hsc-spanish-beginners-mg.pdf (914 KB)
  OK Spanish Beginners/HSC-NESA/2024-hsc-spanish-beginners-mg.pdf (914 KB)
  OK Spanish Beginners/HSC-NESA/2024-hsc-spanish-beginners-transcript.pdf (109 KB)
  OK Spanish Beginners/HSC-NESA/2024-hsc-spanish-beginners-transcript.pdf (109 KB)
  OK Spanish Beginners/HSC-NESA/2024-hsc-spanish-beginners.pdf (260 KB)
  OK Spanish Beginners/HSC-NESA/2024-hsc-spanish-beginners.pdf (260 KB)
  OK Spanish Beginners/HSC-NESA/2025-hsc-spanish-beginners-mg.pdf (329 KB)
  OK Spanish Beginners/HSC-NESA/2025-hsc-spanish-beginners-mg.pdf (329 KB)
  OK Spanish Beginners/HSC-NESA/2025-hsc-spanish-beginners-transcript.pdf (164 KB)
  OK Spanish Beginners/HSC-NESA/2025-hsc-spanish-beginners-transcript.pdf (164 KB)
  OK Spanish Beginners/HSC-NESA/2025-hsc-spanish-beginners.pdf (616 KB)
  OK Spanish Beginners/HSC-NESA/2025-hsc-spanish-beginners.pdf (616 KB)
  OK Spanish Continuers/HSC-NESA/2015-hsc-spanish-continuers-mg.pdf (189 KB)
  OK Spanish Continuers/HSC-NESA/2015-hsc-spanish-continuers-mg.pdf (189 KB)
  OK Spanish Continuers/HSC-NESA/2015-hsc-spanish-continuers-transcript.pdf (104 KB)
  OK Spanish Continuers/HSC-NESA/2015-hsc-spanish-continuers-transcript.pdf (104 KB)
  OK Spanish Continuers/HSC-NESA/2015-hsc-spanish-continuers.pdf (354 KB)
  OK Spanish Continuers/HSC-NESA/2015-hsc-spanish-continuers.pdf (354 KB)
  OK Spanish Continuers/HSC-NESA/2016-hsc-spanish-continuers-mg.pdf (287 KB)
  OK Spanish Continuers/HSC-NESA/2016-hsc-spanish-continuers-mg.pdf (287 KB)
  OK Spanish Continuers/HSC-NESA/2016-hsc-spanish-continuers-transcript.pdf (88 KB)
  OK Spanish Continuers/HSC-NESA/2016-hsc-spanish-continuers-transcript.pdf (88 KB)
  OK Spanish Continuers/HSC-NESA/2016-hsc-spanish-continuers.pdf (252 KB)
  OK Spanish Continuers/HSC-NESA/2016-hsc-spanish-continuers.pdf (252 KB)
  OK Spanish Continuers/HSC-NESA/2017-hsc-spanish-continuers-mg.pdf (292 KB)
  OK Spanish Continuers/HSC-NESA/2017-hsc-spanish-continuers-mg.pdf (292 KB)
  OK Spanish Continuers/HSC-NESA/2017-hsc-spanish-continuers-transcript.pdf (106 KB)
  OK Spanish Continuers/HSC-NESA/2017-hsc-spanish-continuers-transcript.pdf (106 KB)
  OK Spanish Continuers/HSC-NESA/2017-hsc-spanish-continuers.pdf (137 KB)
  OK Spanish Continuers/HSC-NESA/2017-hsc-spanish-continuers.pdf (137 KB)
  OK Spanish Continuers/HSC-NESA/2018-hsc-spanish-continuers-mg.pdf (685 KB)
  OK Spanish Continuers/HSC-NESA/2018-hsc-spanish-continuers-mg.pdf (685 KB)
  OK Spanish Continuers/HSC-NESA/2018-hsc-spanish-continuers-transcript.pdf (95 KB)
  OK Spanish Continuers/HSC-NESA/2018-hsc-spanish-continuers-transcript.pdf (95 KB)
  OK Spanish Continuers/HSC-NESA/2018-hsc-spanish-continuers.pdf (194 KB)
  OK Spanish Continuers/HSC-NESA/2018-hsc-spanish-continuers.pdf (194 KB)
  OK Spanish Continuers/HSC-NESA/2019-hsc-spanish-continuers-mg.pdf (216 KB)
  OK Spanish Continuers/HSC-NESA/2019-hsc-spanish-continuers-mg.pdf (216 KB)
  OK Spanish Continuers/HSC-NESA/2019-hsc-spanish-continuers-transcript.pdf (97 KB)
  OK Spanish Continuers/HSC-NESA/2019-hsc-spanish-continuers-transcript.pdf (97 KB)
  OK Spanish Continuers/HSC-NESA/2019-hsc-spanish-continuers.pdf (405 KB)
  OK Spanish Continuers/HSC-NESA/2019-hsc-spanish-continuers.pdf (405 KB)
  OK Spanish Continuers/HSC-NESA/2020-hsc-spanish-continuers-mg.pdf (346 KB)
  OK Spanish Continuers/HSC-NESA/2020-hsc-spanish-continuers-mg.pdf (346 KB)
  OK Spanish Continuers/HSC-NESA/2020-hsc-spanish-continuers-transcript.pdf (74 KB)
  OK Spanish Continuers/HSC-NESA/2020-hsc-spanish-continuers-transcript.pdf (74 KB)
  OK Spanish Continuers/HSC-NESA/2020-hsc-spanish-continuers.pdf (294 KB)
  OK Spanish Continuers/HSC-NESA/2020-hsc-spanish-continuers.pdf (294 KB)
  OK Spanish Continuers/HSC-NESA/2021-hsc-spanish-continuers-mg.pdf (800 KB)
  OK Spanish Continuers/HSC-NESA/2021-hsc-spanish-continuers-mg.pdf (800 KB)
  OK Spanish Continuers/HSC-NESA/2021-hsc-spanish-continuers-transcript.pdf (94 KB)
  OK Spanish Continuers/HSC-NESA/2021-hsc-spanish-continuers-transcript.pdf (94 KB)
  OK Spanish Continuers/HSC-NESA/2021-hsc-spanish-continuers.pdf (369 KB)
  OK Spanish Continuers/HSC-NESA/2021-hsc-spanish-continuers.pdf (369 KB)
  OK Spanish Continuers/HSC-NESA/2022-hsc-spanish-continuers-mg.pdf (335 KB)
  OK Spanish Continuers/HSC-NESA/2022-hsc-spanish-continuers-mg.pdf (335 KB)
  OK Spanish Continuers/HSC-NESA/2022-hsc-spanish-continuers-transcript.pdf (100 KB)
  OK Spanish Continuers/HSC-NESA/2022-hsc-spanish-continuers-transcript.pdf (100 KB)
  OK Spanish Continuers/HSC-NESA/2022-hsc-spanish-continuers.pdf (461 KB)
  OK Spanish Continuers/HSC-NESA/2022-hsc-spanish-continuers.pdf (461 KB)
  OK Spanish Continuers/HSC-NESA/2023-hsc-spanish-continuers-mg.pdf (344 KB)
  OK Spanish Continuers/HSC-NESA/2023-hsc-spanish-continuers-mg.pdf (344 KB)
  OK Spanish Continuers/HSC-NESA/2023-hsc-spanish-continuers-transcript.pdf (557 KB)
  OK Spanish Continuers/HSC-NESA/2023-hsc-spanish-continuers-transcript.pdf (557 KB)
  OK Spanish Continuers/HSC-NESA/2023-hsc-spanish-continuers.pdf (917 KB)
  OK Spanish Continuers/HSC-NESA/2023-hsc-spanish-continuers.pdf (917 KB)
  OK Spanish Continuers/HSC-NESA/2024-hsc-spanish-continuers-mg.pdf (386 KB)
  OK Spanish Continuers/HSC-NESA/2024-hsc-spanish-continuers-mg.pdf (386 KB)
  OK Spanish Continuers/HSC-NESA/2024-hsc-spanish-continuers-transcript.pdf (108 KB)
  OK Spanish Continuers/HSC-NESA/2024-hsc-spanish-continuers-transcript.pdf (108 KB)
  OK Spanish Continuers/HSC-NESA/2024-hsc-spanish-continuers.pdf (504 KB)
  OK Spanish Continuers/HSC-NESA/2024-hsc-spanish-continuers.pdf (504 KB)
  OK Spanish Continuers/HSC-NESA/2025-hsc-spanish-continuers-mg.pdf (218 KB)
  OK Spanish Continuers/HSC-NESA/2025-hsc-spanish-continuers-mg.pdf (218 KB)
  OK Spanish Continuers/HSC-NESA/2025-hsc-spanish-continuers-transcript.pdf (164 KB)
  OK Spanish Continuers/HSC-NESA/2025-hsc-spanish-continuers-transcript.pdf (164 KB)
  OK Spanish Continuers/HSC-NESA/2025-hsc-spanish-continuers.pdf (339 KB)
  OK Spanish Continuers/HSC-NESA/2025-hsc-spanish-continuers.pdf (339 KB)
  OK Spanish Extension/HSC-NESA/2014-hsc-spanish-ext-exam.pdf (168 KB)
  OK Spanish Extension/HSC-NESA/2014-hsc-spanish-ext-exam.pdf (168 KB)
  OK Spanish Extension/HSC-NESA/2014-hsc-spanish-ext-mg.pdf (68 KB)
  OK Spanish Extension/HSC-NESA/2014-hsc-spanish-ext-mg.pdf (68 KB)
  OK Spanish Extension/HSC-NESA/2014-hsc-spanish-ext-oral.pdf (158 KB)
  OK Spanish Extension/HSC-NESA/2014-hsc-spanish-ext-oral.pdf (158 KB)
  OK Spanish Extension/HSC-NESA/2015-hsc-spanish-ext-exam.pdf (83 KB)
  OK Spanish Extension/HSC-NESA/2015-hsc-spanish-ext-exam.pdf (83 KB)
  OK Spanish Extension/HSC-NESA/2015-hsc-spanish-ext-mg.pdf (185 KB)
  OK Spanish Extension/HSC-NESA/2015-hsc-spanish-ext-mg.pdf (185 KB)
  OK Spanish Extension/HSC-NESA/2015-hsc-spanish-ext-oral.pdf (137 KB)
  OK Spanish Extension/HSC-NESA/2015-hsc-spanish-ext-oral.pdf (137 KB)
  OK Spanish Extension/HSC-NESA/2016-hsc-spanish-ext-exam.pdf (73 KB)
  OK Spanish Extension/HSC-NESA/2016-hsc-spanish-ext-exam.pdf (73 KB)
  OK Spanish Extension/HSC-NESA/2016-hsc-spanish-ext-mg.pdf (256 KB)
  OK Spanish Extension/HSC-NESA/2016-hsc-spanish-ext-mg.pdf (256 KB)
  OK Spanish Extension/HSC-NESA/2016-hsc-spanish-ext-oral.pdf (90 KB)
  OK Spanish Extension/HSC-NESA/2016-hsc-spanish-ext-oral.pdf (90 KB)
  OK Spanish Extension/HSC-NESA/2017-hsc-spanish-ext-exam.pdf (139 KB)
  OK Spanish Extension/HSC-NESA/2017-hsc-spanish-ext-exam.pdf (139 KB)
  OK Spanish Extension/HSC-NESA/2017-hsc-spanish-ext-mg.pdf (167 KB)
  OK Spanish Extension/HSC-NESA/2017-hsc-spanish-ext-mg.pdf (167 KB)
  OK Spanish Extension/HSC-NESA/2017-hsc-spanish-ext-oral.pdf (95 KB)
  OK Spanish Extension/HSC-NESA/2017-hsc-spanish-ext-oral.pdf (95 KB)
  OK Spanish Extension/HSC-NESA/2018-hsc-spanish-ext-exam.pdf (90 KB)
  OK Spanish Extension/HSC-NESA/2018-hsc-spanish-ext-exam.pdf (90 KB)
  OK Spanish Extension/HSC-NESA/2018-hsc-spanish-ext-mg.pdf (361 KB)
  OK Spanish Extension/HSC-NESA/2018-hsc-spanish-ext-mg.pdf (361 KB)
  OK Spanish Extension/HSC-NESA/2018-hsc-spanish-ext-oral.pdf (380 KB)
  OK Spanish Extension/HSC-NESA/2018-hsc-spanish-ext-oral.pdf (380 KB)
  OK Spanish Extension/HSC-NESA/2019-hsc-spanish-extension-mg.pdf (127 KB)
  OK Spanish Extension/HSC-NESA/2019-hsc-spanish-extension-mg.pdf (127 KB)
  OK Spanish Extension/HSC-NESA/2019-hsc-spanish-extension-oral.pdf (182 KB)
  OK Spanish Extension/HSC-NESA/2019-hsc-spanish-extension-oral.pdf (182 KB)
  OK Spanish Extension/HSC-NESA/2019-hsc-spanish-extension.pdf (192 KB)
  OK Spanish Extension/HSC-NESA/2019-hsc-spanish-extension.pdf (192 KB)
  OK Spanish Extension/HSC-NESA/2020-hsc-spanish-extension-mg.pdf (208 KB)
  OK Spanish Extension/HSC-NESA/2020-hsc-spanish-extension-mg.pdf (208 KB)
  OK Spanish Extension/HSC-NESA/2020-hsc-spanish-extension-oral.pdf (105 KB)
  OK Spanish Extension/HSC-NESA/2020-hsc-spanish-extension-oral.pdf (105 KB)
  OK Spanish Extension/HSC-NESA/2020-hsc-spanish-extension.pdf (198 KB)
  OK Spanish Extension/HSC-NESA/2020-hsc-spanish-extension.pdf (198 KB)
  OK Spanish Extension/HSC-NESA/2021-hsc-spanish-extension-mg.pdf (389 KB)
  OK Spanish Extension/HSC-NESA/2021-hsc-spanish-extension-mg.pdf (389 KB)
  OK Spanish Extension/HSC-NESA/2021-hsc-spanish-extension-oral.pdf (101 KB)
  OK Spanish Extension/HSC-NESA/2021-hsc-spanish-extension-oral.pdf (101 KB)
  OK Spanish Extension/HSC-NESA/2021-hsc-spanish-extension.pdf (156 KB)
  OK Spanish Extension/HSC-NESA/2021-hsc-spanish-extension.pdf (156 KB)
  OK Spanish Extension/HSC-NESA/2022-hsc-spanish-ext-mg.pdf (103 KB)
  OK Spanish Extension/HSC-NESA/2022-hsc-spanish-ext-mg.pdf (103 KB)
  OK Spanish Extension/HSC-NESA/2022-hsc-spanish-ext-oral.pdf (103 KB)
  OK Spanish Extension/HSC-NESA/2022-hsc-spanish-ext-oral.pdf (103 KB)
  OK Spanish Extension/HSC-NESA/2022-hsc-spanish-ext.pdf (262 KB)
  OK Spanish Extension/HSC-NESA/2022-hsc-spanish-ext.pdf (262 KB)
  OK Spanish Extension/HSC-NESA/2023-hsc-spanish-ext%2B20240311_unredacted.pdf (623 KB)
  OK Spanish Extension/HSC-NESA/2023-hsc-spanish-ext%2B20240311_unredacted.pdf (623 KB)
  OK Spanish Extension/HSC-NESA/2023-hsc-spanish-ext-mg.pdf (202 KB)
  OK Spanish Extension/HSC-NESA/2023-hsc-spanish-ext-mg.pdf (202 KB)
  OK Spanish Extension/HSC-NESA/2023-hsc-spanish-ext-oral.pdf (130 KB)
  OK Spanish Extension/HSC-NESA/2023-hsc-spanish-ext-oral.pdf (130 KB)
  OK Spanish Extension/HSC-NESA/2024-hsc-spanish-ext-mg.pdf (372 KB)
  OK Spanish Extension/HSC-NESA/2024-hsc-spanish-ext-mg.pdf (372 KB)
  OK Spanish Extension/HSC-NESA/2024-hsc-spanish-ext-oral.pdf (295 KB)
  OK Spanish Extension/HSC-NESA/2024-hsc-spanish-ext-oral.pdf (295 KB)
  OK Spanish Extension/HSC-NESA/2024-hsc-spanish-ext.pdf (294 KB)
  OK Spanish Extension/HSC-NESA/2024-hsc-spanish-ext.pdf (294 KB)
  OK Spanish Extension/HSC-NESA/2025-hsc-spanish-extension-mg.pdf (139 KB)
  OK Spanish Extension/HSC-NESA/2025-hsc-spanish-extension-mg.pdf (139 KB)
  OK Spanish Extension/HSC-NESA/2025-hsc-spanish-extension-oral.pdf (295 KB)
  OK Spanish Extension/HSC-NESA/2025-hsc-spanish-extension-oral.pdf (295 KB)
  OK Spanish Extension/HSC-NESA/2025-hsc-spanish-extension.pdf (326 KB)
  OK Spanish Extension/HSC-NESA/2025-hsc-spanish-extension.pdf (326 KB)
  OK Studies of Religion/HSC-NESA/studies-religion-1-hsc-exam-2015.pdf (637 KB)
  OK Studies of Religion/HSC-NESA/studies-religion-1-hsc-exam-2015.pdf (637 KB)
  OK Studies of Religion/HSC-NESA/studies-religion-2-hsc-exam-2015.pdf (470 KB)
  OK Studies of Religion/HSC-NESA/studies-religion-2-hsc-exam-2015.pdf (470 KB)
  OK Studies of Religion/HSC-NESA/studies-religion-hsc-mg-2015.pdf (272 KB)
  OK Studies of Religion/HSC-NESA/studies-religion-hsc-mg-2015.pdf (272 KB)
  OK Studies of Religion/HSC-NESA/2016-hsc-mg-studies-of-religion.pdf (223 KB)
  OK Studies of Religion/HSC-NESA/2016-hsc-mg-studies-of-religion.pdf (223 KB)
  OK Studies of Religion/HSC-NESA/2016-hsc-sor-1.pdf (100 KB)
  OK Studies of Religion/HSC-NESA/2016-hsc-sor-1.pdf (100 KB)
  OK Studies of Religion/HSC-NESA/2016-hsc-sor-2.pdf (140 KB)
  OK Studies of Religion/HSC-NESA/2016-hsc-sor-2.pdf (140 KB)
  OK Studies of Religion/HSC-NESA/2017-hsc-mg-studies-of-religion.pdf (431 KB)
  OK Studies of Religion/HSC-NESA/2017-hsc-mg-studies-of-religion.pdf (431 KB)
  OK Studies of Religion/HSC-NESA/2017-hsc-sor-1.pdf (140 KB)
  OK Studies of Religion/HSC-NESA/2017-hsc-sor-1.pdf (140 KB)
  OK Studies of Religion/HSC-NESA/2017-hsc-sor-2.pdf (154 KB)
  OK Studies of Religion/HSC-NESA/2017-hsc-sor-2.pdf (154 KB)
  OK Studies of Religion/HSC-NESA/2018-hsc-sor-1.pdf (229 KB)
  OK Studies of Religion/HSC-NESA/2018-hsc-sor-1.pdf (229 KB)
  OK Studies of Religion/HSC-NESA/2018-hsc-sor-2.pdf (245 KB)
  OK Studies of Religion/HSC-NESA/2018-hsc-sor-2.pdf (245 KB)
  OK Studies of Religion/HSC-NESA/2018-hsc-studies-of-religion-mg.pdf (1292 KB)
  OK Studies of Religion/HSC-NESA/2018-hsc-studies-of-religion-mg.pdf (1292 KB)
  OK Studies of Religion/HSC-NESA/2019-hsc-sor-1.pdf (244 KB)
  OK Studies of Religion/HSC-NESA/2019-hsc-sor-1.pdf (244 KB)
  OK Studies of Religion/HSC-NESA/2019-hsc-sor-2.pdf (261 KB)
  OK Studies of Religion/HSC-NESA/2019-hsc-sor-2.pdf (261 KB)
  OK Studies of Religion/HSC-NESA/2019-hsc-studies-of-religion-mg.pdf (510 KB)
  OK Studies of Religion/HSC-NESA/2019-hsc-studies-of-religion-mg.pdf (510 KB)
  OK Studies of Religion/HSC-NESA/2020-hsc-sor-1.pdf (701 KB)
  OK Studies of Religion/HSC-NESA/2020-hsc-sor-1.pdf (701 KB)
  OK Studies of Religion/HSC-NESA/2020-hsc-sor-2.pdf (2728 KB)
  OK Studies of Religion/HSC-NESA/2020-hsc-sor-2.pdf (2728 KB)
  OK Studies of Religion/HSC-NESA/2020-hsc-studies-of-religion-mg.pdf (609 KB)
  OK Studies of Religion/HSC-NESA/2020-hsc-studies-of-religion-mg.pdf (609 KB)
  OK Studies of Religion/HSC-NESA/2021-hsc-sor-1.pdf (867 KB)
  OK Studies of Religion/HSC-NESA/2021-hsc-sor-1.pdf (867 KB)
  OK Studies of Religion/HSC-NESA/2021-hsc-sor-2.pdf (824 KB)
  OK Studies of Religion/HSC-NESA/2021-hsc-sor-2.pdf (824 KB)
  OK Studies of Religion/HSC-NESA/2021-hsc-studies-of-religion-mg.pdf (519 KB)
  OK Studies of Religion/HSC-NESA/2021-hsc-studies-of-religion-mg.pdf (519 KB)
  OK Studies of Religion/HSC-NESA/2022-hsc-sor-1.pdf (185 KB)
  OK Studies of Religion/HSC-NESA/2022-hsc-sor-1.pdf (185 KB)
  OK Studies of Religion/HSC-NESA/2022-hsc-sor-2.pdf (230 KB)
  OK Studies of Religion/HSC-NESA/2022-hsc-sor-2.pdf (230 KB)
  OK Studies of Religion/HSC-NESA/2022-hsc-studies-of-religion-mg.pdf (716 KB)
  OK Studies of Religion/HSC-NESA/2022-hsc-studies-of-religion-mg.pdf (716 KB)
  OK Studies of Religion/HSC-NESA/2023-hsc-sor-1.pdf (357 KB)
  OK Studies of Religion/HSC-NESA/2023-hsc-sor-1.pdf (357 KB)
  OK Studies of Religion/HSC-NESA/2023-hsc-sor-2_20240311.pdf (438 KB)
  OK Studies of Religion/HSC-NESA/2023-hsc-sor-2_20240311.pdf (438 KB)
  OK Studies of Religion/HSC-NESA/2023-hsc-studies-of-religion-mg.pdf (902 KB)
  OK Studies of Religion/HSC-NESA/2023-hsc-studies-of-religion-mg.pdf (902 KB)
  OK Studies of Religion/HSC-NESA/2024-hsc-sor-1.pdf (210 KB)
  OK Studies of Religion/HSC-NESA/2024-hsc-sor-1.pdf (210 KB)
  OK Studies of Religion/HSC-NESA/2024-hsc-sor-2.pdf (223 KB)
  OK Studies of Religion/HSC-NESA/2024-hsc-sor-2.pdf (223 KB)
  OK Studies of Religion/HSC-NESA/2024-hsc-studies-of-religion-mg.pdf (331 KB)
  OK Studies of Religion/HSC-NESA/2024-hsc-studies-of-religion-mg.pdf (331 KB)
  OK Studies of Religion/HSC-NESA/2025-hsc-studies-of-religion-1.pdf (384 KB)
  OK Studies of Religion/HSC-NESA/2025-hsc-studies-of-religion-1.pdf (384 KB)
  OK Studies of Religion/HSC-NESA/2025-hsc-studies-of-religion-2.pdf (584 KB)
  OK Studies of Religion/HSC-NESA/2025-hsc-studies-of-religion-2.pdf (584 KB)
  OK Studies of Religion/HSC-NESA/2025-hsc-studies-of-religion-mg.pdf (1179 KB)
  OK Studies of Religion/HSC-NESA/2025-hsc-studies-of-religion-mg.pdf (1179 KB)
  OK Swedish Continuers/HSC-NESA/2015-swedish-cont-hsc-exam-archive.pdf (208 KB)
  OK Swedish Continuers/HSC-NESA/2015-swedish-cont-hsc-exam-archive.pdf (208 KB)
  OK Swedish Continuers/HSC-NESA/2015-swedish-cont-hsc-exam-transcript-archive.pdf (73 KB)
  OK Swedish Continuers/HSC-NESA/2015-swedish-cont-hsc-exam-transcript-archive.pdf (73 KB)
  OK Swedish Continuers/HSC-NESA/2015-swedish-cont-hsc-mg-achive.pdf (313 KB)
  OK Swedish Continuers/HSC-NESA/2015-swedish-cont-hsc-mg-achive.pdf (313 KB)
  OK Swedish Continuers/HSC-NESA/2016-hsc-swedish-mg.pdf (616 KB)
  OK Swedish Continuers/HSC-NESA/2016-hsc-swedish-mg.pdf (616 KB)
  OK Swedish Continuers/HSC-NESA/2016-hsc-swedish-transcript.pdf (55 KB)
  OK Swedish Continuers/HSC-NESA/2016-hsc-swedish-transcript.pdf (55 KB)
  OK Swedish Continuers/HSC-NESA/2016-hsc-swedish.pdf (118 KB)
  OK Swedish Continuers/HSC-NESA/2016-hsc-swedish.pdf (118 KB)
  OK Swedish Continuers/HSC-NESA/2017-hsc-swedish-mg.pdf (308 KB)
  OK Swedish Continuers/HSC-NESA/2017-hsc-swedish-mg.pdf (308 KB)
  OK Swedish Continuers/HSC-NESA/2017-hsc-swedish-transcript.pdf (55 KB)
  OK Swedish Continuers/HSC-NESA/2017-hsc-swedish-transcript.pdf (55 KB)
  OK Swedish Continuers/HSC-NESA/2017-hsc-swedish.pdf (241 KB)
  OK Swedish Continuers/HSC-NESA/2017-hsc-swedish.pdf (241 KB)
  OK Swedish Continuers/HSC-NESA/2018-hsc-swedish-mg.pdf (1135 KB)
  OK Swedish Continuers/HSC-NESA/2018-hsc-swedish-mg.pdf (1135 KB)
  OK Swedish Continuers/HSC-NESA/2018-hsc-swedish-transcript-archive.pdf (68 KB)
  OK Swedish Continuers/HSC-NESA/2018-hsc-swedish-transcript-archive.pdf (68 KB)
  OK Swedish Continuers/HSC-NESA/2018-hsc-swedish.pdf (249 KB)
  OK Swedish Continuers/HSC-NESA/2018-hsc-swedish.pdf (249 KB)
  OK Swedish Continuers/HSC-NESA/2019-hsc-swedish-mg.pdf (394 KB)
  OK Swedish Continuers/HSC-NESA/2019-hsc-swedish-mg.pdf (394 KB)
  OK Swedish Continuers/HSC-NESA/2019-hsc-swedish-transcript.pdf (79 KB)
  OK Swedish Continuers/HSC-NESA/2019-hsc-swedish-transcript.pdf (79 KB)
  OK Swedish Continuers/HSC-NESA/2019-hsc-swedish.pdf (338 KB)
  OK Swedish Continuers/HSC-NESA/2019-hsc-swedish.pdf (338 KB)
  OK Swedish Continuers/HSC-NESA/2020-hsc-swedish-mg.pdf (424 KB)
  OK Swedish Continuers/HSC-NESA/2020-hsc-swedish-mg.pdf (424 KB)
  OK Swedish Continuers/HSC-NESA/2020-hsc-swedish.pdf (231 KB)
  OK Swedish Continuers/HSC-NESA/2020-hsc-swedish.pdf (231 KB)
  OK Swedish Continuers/HSC-NESA/2020-swedish-transcript.pdf (66 KB)
  OK Swedish Continuers/HSC-NESA/2020-swedish-transcript.pdf (66 KB)
  OK Swedish Continuers/HSC-NESA/2021-hsc-swedish-mg.pdf (1052 KB)
  OK Swedish Continuers/HSC-NESA/2021-hsc-swedish-mg.pdf (1052 KB)
  OK Swedish Continuers/HSC-NESA/2021-swedish.pdf (212 KB)
  OK Swedish Continuers/HSC-NESA/2021-swedish.pdf (212 KB)
  OK Swedish Continuers/HSC-NESA/2021-swedish-transcript.pdf (171 KB)
  OK Swedish Continuers/HSC-NESA/2021-swedish-transcript.pdf (171 KB)
  OK Swedish Continuers/HSC-NESA/2022-hsc-swedish-mg.pdf (506 KB)
  OK Swedish Continuers/HSC-NESA/2022-hsc-swedish-mg.pdf (506 KB)
  OK Swedish Continuers/HSC-NESA/2022-hsc-swedish-transcript.pdf (112 KB)
  OK Swedish Continuers/HSC-NESA/2022-hsc-swedish-transcript.pdf (112 KB)
  OK Swedish Continuers/HSC-NESA/2022-hsc-swedish.pdf (347 KB)
  OK Swedish Continuers/HSC-NESA/2022-hsc-swedish.pdf (347 KB)
  OK Swedish Continuers/HSC-NESA/2023-hsc-swedish-mg.pdf (486 KB)
  OK Swedish Continuers/HSC-NESA/2023-hsc-swedish-mg.pdf (486 KB)
  OK Swedish Continuers/HSC-NESA/2023-hsc-swedish-transcript.pdf (566 KB)
  OK Swedish Continuers/HSC-NESA/2023-hsc-swedish-transcript.pdf (566 KB)
  OK Swedish Continuers/HSC-NESA/2023-hsc-swedish.pdf (606 KB)
  OK Swedish Continuers/HSC-NESA/2023-hsc-swedish.pdf (606 KB)
  OK Swedish Continuers/HSC-NESA/2024-hsc-swedish-cont-exam.pdf (369 KB)
  OK Swedish Continuers/HSC-NESA/2024-hsc-swedish-cont-exam.pdf (369 KB)
  OK Swedish Continuers/HSC-NESA/2024-hsc-swedish-cont-mg.pdf (770 KB)
  OK Swedish Continuers/HSC-NESA/2024-hsc-swedish-cont-mg.pdf (770 KB)
  OK Swedish Continuers/HSC-NESA/2024-hsc-swedish-cont-transcript.pdf (147 KB)
  OK Swedish Continuers/HSC-NESA/2024-hsc-swedish-cont-transcript.pdf (147 KB)
  OK Swedish Continuers/HSC-NESA/2025-hsc-swedish-transcript.pdf (272 KB)
  OK Swedish Continuers/HSC-NESA/2025-hsc-swedish-transcript.pdf (272 KB)
  OK Swedish Continuers/HSC-NESA/2025-hsc-swedish.pdf (1342 KB)
  OK Swedish Continuers/HSC-NESA/2025-hsc-swedish.pdf (1342 KB)
  OK Swedish Continuers/HSC-NESA/2025-hsc-swedish-mg.pdf (368 KB)
  OK Swedish Continuers/HSC-NESA/2025-hsc-swedish-mg.pdf (368 KB)
  OK Textiles & Design/HSC-NESA/textiles-design-hsc-exam-2011.pdf (323 KB)
  OK Textiles & Design/HSC-NESA/textiles-design-hsc-exam-2011.pdf (323 KB)
  OK Textiles & Design/HSC-NESA/textiles-design-hsc-mg-2011.pdf (105 KB)
  OK Textiles & Design/HSC-NESA/textiles-design-hsc-mg-2011.pdf (105 KB)
  OK Textiles & Design/HSC-NESA/textiles-design-hsc-sa-2011.pdf (138 KB)
  OK Textiles & Design/HSC-NESA/textiles-design-hsc-sa-2011.pdf (138 KB)
  OK Textiles & Design/HSC-NESA/textiles-design-hsc-exam-2012.pdf (166 KB)
  OK Textiles & Design/HSC-NESA/textiles-design-hsc-exam-2012.pdf (166 KB)
  OK Textiles & Design/HSC-NESA/textiles-design-hsc-mg-2012.pdf (163 KB)
  OK Textiles & Design/HSC-NESA/textiles-design-hsc-mg-2012.pdf (163 KB)
  OK Textiles & Design/HSC-NESA/textiles-design-hsc-notes-2012.pdf (605 KB)
  OK Textiles & Design/HSC-NESA/textiles-design-hsc-notes-2012.pdf (605 KB)
  OK Textiles & Design/HSC-NESA/textiles-design-hsc-sa-2012.pdf (177 KB)
  OK Textiles & Design/HSC-NESA/textiles-design-hsc-sa-2012.pdf (177 KB)
  OK Textiles & Design/HSC-NESA/textiles-design-hsc-exam-2013.pdf (147 KB)
  OK Textiles & Design/HSC-NESA/textiles-design-hsc-exam-2013.pdf (147 KB)
  OK Textiles & Design/HSC-NESA/textiles-design-hsc-mg-2013.pdf (142 KB)
  OK Textiles & Design/HSC-NESA/textiles-design-hsc-mg-2013.pdf (142 KB)
  OK Textiles & Design/HSC-NESA/textiles-design-hsc-exam-2014.pdf (225 KB)
  OK Textiles & Design/HSC-NESA/textiles-design-hsc-exam-2014.pdf (225 KB)
  OK Textiles & Design/HSC-NESA/textiles-design-hsc-mg-2014.pdf (236 KB)
  OK Textiles & Design/HSC-NESA/textiles-design-hsc-mg-2014.pdf (236 KB)
  OK Textiles & Design/HSC-NESA/textiles-design-hsc-exam-2015.pdf (178 KB)
  OK Textiles & Design/HSC-NESA/textiles-design-hsc-exam-2015.pdf (178 KB)
  OK Textiles & Design/HSC-NESA/textiles-design-hsc-mg-2015.pdf (292 KB)
  OK Textiles & Design/HSC-NESA/textiles-design-hsc-mg-2015.pdf (292 KB)
  OK Textiles & Design/HSC-NESA/2016-hsc-mg-textiles-and-design.pdf (300 KB)
  OK Textiles & Design/HSC-NESA/2016-hsc-mg-textiles-and-design.pdf (300 KB)
  OK Textiles & Design/HSC-NESA/2016-hsc-textiles-and-design.pdf (215 KB)
  OK Textiles & Design/HSC-NESA/2016-hsc-textiles-and-design.pdf (215 KB)
  OK Textiles & Design/HSC-NESA/2017-hsc-mg-textiles-and-design.pdf (250 KB)
  OK Textiles & Design/HSC-NESA/2017-hsc-mg-textiles-and-design.pdf (250 KB)
  OK Textiles & Design/HSC-NESA/2017-hsc-textiles-and-design.pdf (179 KB)
  OK Textiles & Design/HSC-NESA/2017-hsc-textiles-and-design.pdf (179 KB)
  OK Textiles & Design/HSC-NESA/2018-hsc-textiles-and-design-mg.pdf (503 KB)
  OK Textiles & Design/HSC-NESA/2018-hsc-textiles-and-design-mg.pdf (503 KB)
  OK Textiles & Design/HSC-NESA/2018-hsc-textiles-and-design.pdf (193 KB)
  OK Textiles & Design/HSC-NESA/2018-hsc-textiles-and-design.pdf (193 KB)
  OK Textiles & Design/HSC-NESA/2019-hsc-textiles-and-design-mg.pdf (189 KB)
  OK Textiles & Design/HSC-NESA/2019-hsc-textiles-and-design-mg.pdf (189 KB)
  OK Textiles & Design/HSC-NESA/2019-hsc-textiles-and-design.pdf (297 KB)
  OK Textiles & Design/HSC-NESA/2019-hsc-textiles-and-design.pdf (297 KB)
  OK Textiles & Design/HSC-NESA/2020-hsc-textiles-and-design-mg.pdf (287 KB)
  OK Textiles & Design/HSC-NESA/2020-hsc-textiles-and-design-mg.pdf (287 KB)
  OK Textiles & Design/HSC-NESA/2020-hsc-textiles-and-design.pdf (2366 KB)
  OK Textiles & Design/HSC-NESA/2020-hsc-textiles-and-design.pdf (2366 KB)
  OK Textiles & Design/HSC-NESA/2021-hsc-textiles-and-design-mg.pdf (622 KB)
  OK Textiles & Design/HSC-NESA/2021-hsc-textiles-and-design-mg.pdf (622 KB)
  OK Textiles & Design/HSC-NESA/2021-hsc-textiles-and-design.pdf (241 KB)
  OK Textiles & Design/HSC-NESA/2021-hsc-textiles-and-design.pdf (241 KB)
  OK Textiles & Design/HSC-NESA/2022-hsc-textiles-and-design-mg.pdf (304 KB)
  OK Textiles & Design/HSC-NESA/2022-hsc-textiles-and-design-mg.pdf (304 KB)
  OK Textiles & Design/HSC-NESA/2022-hsc-textiles-and-design.pdf (220 KB)
  OK Textiles & Design/HSC-NESA/2022-hsc-textiles-and-design.pdf (220 KB)
  OK Textiles & Design/HSC-NESA/2023-hsc-textiles-and-design-mg.pdf (458 KB)
  OK Textiles & Design/HSC-NESA/2023-hsc-textiles-and-design-mg.pdf (458 KB)
  OK Textiles & Design/HSC-NESA/2023-hsc-textiles-and-design.pdf (723 KB)
  OK Textiles & Design/HSC-NESA/2023-hsc-textiles-and-design.pdf (723 KB)
  OK Textiles & Design/HSC-NESA/2024-hsc-textile-and-design.pdf (288 KB)
  OK Textiles & Design/HSC-NESA/2024-hsc-textile-and-design.pdf (288 KB)
  OK Textiles & Design/HSC-NESA/2024-hsc-textiles-and-design-mg.pdf (244 KB)
  OK Textiles & Design/HSC-NESA/2024-hsc-textiles-and-design-mg.pdf (244 KB)
  OK Textiles & Design/HSC-NESA/2025-hsc-textiles-and-design-mg.pdf (253 KB)
  OK Textiles & Design/HSC-NESA/2025-hsc-textiles-and-design-mg.pdf (253 KB)
  OK Textiles & Design/HSC-NESA/2025-hsc-textiles-and-design.pdf (255 KB)
  OK Textiles & Design/HSC-NESA/2025-hsc-textiles-and-design.pdf (255 KB)
  OK Tourism Travel & Events/HSC-NESA/vet-tourism-travel-events-hsc-exam-2015.pdf (266 KB)
  OK Tourism Travel & Events/HSC-NESA/vet-tourism-travel-events-hsc-exam-2015.pdf (266 KB)
  OK Tourism Travel & Events/HSC-NESA/vet-tourism-travel-events-hsc-mg-2015.pdf (645 KB)
  OK Tourism Travel & Events/HSC-NESA/vet-tourism-travel-events-hsc-mg-2015.pdf (645 KB)
  OK Tourism Travel & Events/HSC-NESA/2016-hsc-mg-vet-tourism-travel-and-events.pdf (642 KB)
  OK Tourism Travel & Events/HSC-NESA/2016-hsc-mg-vet-tourism-travel-and-events.pdf (642 KB)
  OK Tourism Travel & Events/HSC-NESA/2016-hsc-vet-tourism-travel-and-events.pdf (212 KB)
  OK Tourism Travel & Events/HSC-NESA/2016-hsc-vet-tourism-travel-and-events.pdf (212 KB)
  OK Tourism Travel & Events/HSC-NESA/2017-hsc-mg-tourism.pdf (535 KB)
  OK Tourism Travel & Events/HSC-NESA/2017-hsc-mg-tourism.pdf (535 KB)
  OK Tourism Travel & Events/HSC-NESA/2017-hsc-vet-tourism-travel-and-events.pdf (210 KB)
  OK Tourism Travel & Events/HSC-NESA/2017-hsc-vet-tourism-travel-and-events.pdf (210 KB)
  OK Tourism Travel & Events/HSC-NESA/2018-hsc-tourism-travel-and-events-mg.pdf (1054 KB)
  OK Tourism Travel & Events/HSC-NESA/2018-hsc-tourism-travel-and-events-mg.pdf (1054 KB)
  OK Tourism Travel & Events/HSC-NESA/2018-hsc-vet-tourism-travel-and-events.pdf (210 KB)
  OK Tourism Travel & Events/HSC-NESA/2018-hsc-vet-tourism-travel-and-events.pdf (210 KB)
  OK Tourism Travel & Events/HSC-NESA/2019-hsc-vet-tourism-travel-and-events-mg.pdf (310 KB)
  OK Tourism Travel & Events/HSC-NESA/2019-hsc-vet-tourism-travel-and-events-mg.pdf (310 KB)
  OK Tourism Travel & Events/HSC-NESA/2019-hsc-vet-tourism-travel-and-events.pdf (283 KB)
  OK Tourism Travel & Events/HSC-NESA/2019-hsc-vet-tourism-travel-and-events.pdf (283 KB)
  OK Tourism Travel & Events/HSC-NESA/2020-hsc-tourism-travel-and-events-mg.pdf (454 KB)
  OK Tourism Travel & Events/HSC-NESA/2020-hsc-tourism-travel-and-events-mg.pdf (454 KB)
  OK Tourism Travel & Events/HSC-NESA/2020-hsc-vet-tourism-travel-and-events.pdf (152 KB)
  OK Tourism Travel & Events/HSC-NESA/2020-hsc-vet-tourism-travel-and-events.pdf (152 KB)
  OK Tourism Travel & Events/HSC-NESA/2021-hsc-tourism-travel-and-events-mg.pdf (1325 KB)
  OK Tourism Travel & Events/HSC-NESA/2021-hsc-tourism-travel-and-events-mg.pdf (1325 KB)
  OK Tourism Travel & Events/HSC-NESA/2021-hsc-vet-tourism-travel-and-events.pdf (262 KB)
  OK Tourism Travel & Events/HSC-NESA/2021-hsc-vet-tourism-travel-and-events.pdf (262 KB)
  OK Tourism Travel & Events/HSC-NESA/2022-hsc-vet-tourism-mg.pdf (323 KB)
  OK Tourism Travel & Events/HSC-NESA/2022-hsc-vet-tourism-mg.pdf (323 KB)
  OK Tourism Travel & Events/HSC-NESA/2022-hsc-vet-tourism-travel-and-events.pdf (133 KB)
  OK Tourism Travel & Events/HSC-NESA/2022-hsc-vet-tourism-travel-and-events.pdf (133 KB)
  OK Tourism Travel & Events/HSC-NESA/2023-hsc-vet-tourism-mg.pdf (968 KB)
  OK Tourism Travel & Events/HSC-NESA/2023-hsc-vet-tourism-mg.pdf (968 KB)
  OK Tourism Travel & Events/HSC-NESA/2023-hsc-vet-tourism-travel-and-events.pdf (478 KB)
  OK Tourism Travel & Events/HSC-NESA/2023-hsc-vet-tourism-travel-and-events.pdf (478 KB)
  OK Tourism Travel & Events/HSC-NESA/2024-hsc-vet-tourisim-travel-and-events.pdf (223 KB)
  OK Tourism Travel & Events/HSC-NESA/2024-hsc-vet-tourisim-travel-and-events.pdf (223 KB)
  OK Tourism Travel & Events/HSC-NESA/2024-hsc-vet-tourism-mg.pdf (525 KB)
  OK Tourism Travel & Events/HSC-NESA/2024-hsc-vet-tourism-mg.pdf (525 KB)
  OK Tourism Travel & Events/HSC-NESA/2025-hsc-vet-tourism.pdf (510 KB)
  OK Tourism Travel & Events/HSC-NESA/2025-hsc-vet-tourism.pdf (510 KB)
  OK Tourism Travel & Events/HSC-NESA/2025-hsc-vet-tourism-mg.pdf (193 KB)
  OK Tourism Travel & Events/HSC-NESA/2025-hsc-vet-tourism-mg.pdf (193 KB)
  OK Vietnamese Continuers/HSC-NESA/2015-hsc-vietnamese-continuers%2Btranscript.pdf (184 KB)
  OK Vietnamese Continuers/HSC-NESA/2015-hsc-vietnamese-continuers%2Btranscript.pdf (184 KB)
  OK Vietnamese Continuers/HSC-NESA/2015-hsc-vietnamese-continuers-mg.pdf (333 KB)
  OK Vietnamese Continuers/HSC-NESA/2015-hsc-vietnamese-continuers-mg.pdf (333 KB)
  OK Vietnamese Continuers/HSC-NESA/2015-hsc-vietnamese-continuers.pdf (334 KB)
  OK Vietnamese Continuers/HSC-NESA/2015-hsc-vietnamese-continuers.pdf (334 KB)
  OK Vietnamese Continuers/HSC-NESA/2016-hsc-vietnamese-continuers%2Btranscript.pdf (178 KB)
  OK Vietnamese Continuers/HSC-NESA/2016-hsc-vietnamese-continuers%2Btranscript.pdf (178 KB)
  OK Vietnamese Continuers/HSC-NESA/2016-hsc-vietnamese-continuers-mg.pdf (376 KB)
  OK Vietnamese Continuers/HSC-NESA/2016-hsc-vietnamese-continuers-mg.pdf (376 KB)
  OK Vietnamese Continuers/HSC-NESA/2016-hsc-vietnamese-continuers.pdf (463 KB)
  OK Vietnamese Continuers/HSC-NESA/2016-hsc-vietnamese-continuers.pdf (463 KB)
  OK Vietnamese Continuers/HSC-NESA/2017-hsc-vietnamese-continuers%2Btranscript.pdf (179 KB)
  OK Vietnamese Continuers/HSC-NESA/2017-hsc-vietnamese-continuers%2Btranscript.pdf (179 KB)
  OK Vietnamese Continuers/HSC-NESA/2017-hsc-vietnamese-continuers-mg.pdf (1047 KB)
  OK Vietnamese Continuers/HSC-NESA/2017-hsc-vietnamese-continuers-mg.pdf (1047 KB)
  OK Vietnamese Continuers/HSC-NESA/2017-hsc-vietnamese-continuers.pdf (327 KB)
  OK Vietnamese Continuers/HSC-NESA/2017-hsc-vietnamese-continuers.pdf (327 KB)
  OK Vietnamese Continuers/HSC-NESA/2018-hsc-vietnamese-continuers%2Btranscript.pdf (172 KB)
  OK Vietnamese Continuers/HSC-NESA/2018-hsc-vietnamese-continuers%2Btranscript.pdf (172 KB)
  OK Vietnamese Continuers/HSC-NESA/2018-hsc-vietnamese-continuers-mg.pdf (947 KB)
  OK Vietnamese Continuers/HSC-NESA/2018-hsc-vietnamese-continuers-mg.pdf (947 KB)
  OK Vietnamese Continuers/HSC-NESA/2018-hsc-vietnamese-continuers.pdf (435 KB)
  OK Vietnamese Continuers/HSC-NESA/2018-hsc-vietnamese-continuers.pdf (435 KB)
  OK Vietnamese Continuers/HSC-NESA/2019-hsc-vietnamese-continuers%2Btranscript.pdf (189 KB)
  OK Vietnamese Continuers/HSC-NESA/2019-hsc-vietnamese-continuers%2Btranscript.pdf (189 KB)
  OK Vietnamese Continuers/HSC-NESA/2019-hsc-vietnamese-continuers-mg.pdf (566 KB)
  OK Vietnamese Continuers/HSC-NESA/2019-hsc-vietnamese-continuers-mg.pdf (566 KB)
  OK Vietnamese Continuers/HSC-NESA/2019-hsc-vietnamese-continuers.pdf (356 KB)
  OK Vietnamese Continuers/HSC-NESA/2019-hsc-vietnamese-continuers.pdf (356 KB)
  OK Vietnamese Continuers/HSC-NESA/2020-hsc-vietnamese-continuers-mg.pdf (429 KB)
  OK Vietnamese Continuers/HSC-NESA/2020-hsc-vietnamese-continuers-mg.pdf (429 KB)
  OK Vietnamese Continuers/HSC-NESA/2020-hsc-vietnamese-continuers-transcript.pdf (141 KB)
  OK Vietnamese Continuers/HSC-NESA/2020-hsc-vietnamese-continuers-transcript.pdf (141 KB)
  OK Vietnamese Continuers/HSC-NESA/2020-hsc-vietnamese-continuers.pdf (270 KB)
  OK Vietnamese Continuers/HSC-NESA/2020-hsc-vietnamese-continuers.pdf (270 KB)
  OK Vietnamese Continuers/HSC-NESA/2021-hsc-vietnamese-continuers-mg.pdf (916 KB)
  OK Vietnamese Continuers/HSC-NESA/2021-hsc-vietnamese-continuers-mg.pdf (916 KB)
  OK Vietnamese Continuers/HSC-NESA/2021-hsc-vietnamese-continuers-transcript.pdf (163 KB)
  OK Vietnamese Continuers/HSC-NESA/2021-hsc-vietnamese-continuers-transcript.pdf (163 KB)
  OK Vietnamese Continuers/HSC-NESA/2021-hsc-vietnamese-continuers.pdf (334 KB)
  OK Vietnamese Continuers/HSC-NESA/2021-hsc-vietnamese-continuers.pdf (334 KB)
  OK Vietnamese Continuers/HSC-NESA/2022-hsc-vietnamese-continuers-mg.pdf (333 KB)
  OK Vietnamese Continuers/HSC-NESA/2022-hsc-vietnamese-continuers-mg.pdf (333 KB)
  OK Vietnamese Continuers/HSC-NESA/2022-hsc-vietnamese-continuers-transcript.pdf (172 KB)
  OK Vietnamese Continuers/HSC-NESA/2022-hsc-vietnamese-continuers-transcript.pdf (172 KB)
  OK Vietnamese Continuers/HSC-NESA/2022-hsc-vietnamese-continuers.pdf (488 KB)
  OK Vietnamese Continuers/HSC-NESA/2022-hsc-vietnamese-continuers.pdf (488 KB)
  OK Vietnamese Continuers/HSC-NESA/2023-hsc-vietnamese-continuers-mg.pdf (568 KB)
  OK Vietnamese Continuers/HSC-NESA/2023-hsc-vietnamese-continuers-mg.pdf (568 KB)
  OK Vietnamese Continuers/HSC-NESA/2023-hsc-vietnamese-continuers-transcript.pdf (599 KB)
  OK Vietnamese Continuers/HSC-NESA/2023-hsc-vietnamese-continuers-transcript.pdf (599 KB)
  OK Vietnamese Continuers/HSC-NESA/2023-hsc-vietnamese-continuers.pdf (1731 KB)
  OK Vietnamese Continuers/HSC-NESA/2023-hsc-vietnamese-continuers.pdf (1731 KB)
  OK Vietnamese Continuers/HSC-NESA/2024-hsc-vietnamese%2Bcontinuers-transcript.pdf (193 KB)
  OK Vietnamese Continuers/HSC-NESA/2024-hsc-vietnamese%2Bcontinuers-transcript.pdf (193 KB)
  OK Vietnamese Continuers/HSC-NESA/2024-hsc-vietnamese-continuers-mg.pdf (777 KB)
  OK Vietnamese Continuers/HSC-NESA/2024-hsc-vietnamese-continuers-mg.pdf (777 KB)
  OK Vietnamese Continuers/HSC-NESA/2024-hsc-vietnamese-continuers.pdf (381 KB)
  OK Vietnamese Continuers/HSC-NESA/2024-hsc-vietnamese-continuers.pdf (381 KB)
  OK Vietnamese Continuers/HSC-NESA/2025-hsc-vietnamese-continuers-transcript.pdf (429 KB)
  OK Vietnamese Continuers/HSC-NESA/2025-hsc-vietnamese-continuers-transcript.pdf (429 KB)
  OK Vietnamese Continuers/HSC-NESA/2025-hsc-vietnamese-continuers.pdf (1245 KB)
  OK Vietnamese Continuers/HSC-NESA/2025-hsc-vietnamese-continuers.pdf (1245 KB)
  OK Vietnamese Continuers/HSC-NESA/2025-hsc-vietnamese-continuers-mg.pdf (471 KB)
  OK Vietnamese Continuers/HSC-NESA/2025-hsc-vietnamese-continuers-mg.pdf (471 KB)
  OK Visual Arts/HSC-NESA/visual-arts-hsc-exam-2013-archive.pdf (1870 KB)
  OK Visual Arts/HSC-NESA/visual-arts-hsc-exam-2013-archive.pdf (1870 KB)
  OK Visual Arts/HSC-NESA/visual-arts-hsc-mg-2013-archive.pdf (183 KB)
  OK Visual Arts/HSC-NESA/visual-arts-hsc-mg-2013-archive.pdf (183 KB)
  OK Visual Arts/HSC-NESA/visual-arts-hsc-exam-2014-archive.pdf (7246 KB)
  OK Visual Arts/HSC-NESA/visual-arts-hsc-exam-2014-archive.pdf (7246 KB)
  OK Visual Arts/HSC-NESA/visual-arts-hsc-mg-2014-archive.pdf (108 KB)
  OK Visual Arts/HSC-NESA/visual-arts-hsc-mg-2014-archive.pdf (108 KB)
  OK Visual Arts/HSC-NESA/visual-arts-hsc-exam-2015-archive.pdf (638 KB)
  OK Visual Arts/HSC-NESA/visual-arts-hsc-exam-2015-archive.pdf (638 KB)
  OK Visual Arts/HSC-NESA/visual-arts-hsc-mg-2015-archive.pdf (248 KB)
  OK Visual Arts/HSC-NESA/visual-arts-hsc-mg-2015-archive.pdf (248 KB)
  OK Visual Arts/HSC-NESA/2016-hsc-mg-visual-arts-archive.pdf (338 KB)
  OK Visual Arts/HSC-NESA/2016-hsc-mg-visual-arts-archive.pdf (338 KB)
  OK Visual Arts/HSC-NESA/2016-hsc-visual-arts-archive.pdf (5639 KB)
  OK Visual Arts/HSC-NESA/2016-hsc-visual-arts-archive.pdf (5639 KB)
  OK Visual Arts/HSC-NESA/2017-hsc-mg-visual-arts-archive.pdf (324 KB)
  OK Visual Arts/HSC-NESA/2017-hsc-mg-visual-arts-archive.pdf (324 KB)
  OK Visual Arts/HSC-NESA/2017-hsc-visual-arts-archive.pdf (1327 KB)
  OK Visual Arts/HSC-NESA/2017-hsc-visual-arts-archive.pdf (1327 KB)
  OK Visual Arts/HSC-NESA/2018-hsc-visual-art-mg.pdf (544 KB)
  OK Visual Arts/HSC-NESA/2018-hsc-visual-art-mg.pdf (544 KB)
  OK Visual Arts/HSC-NESA/2018-hsc-visual-arts.pdf (3909 KB)
  OK Visual Arts/HSC-NESA/2018-hsc-visual-arts.pdf (3909 KB)
  OK Visual Arts/HSC-NESA/2019-hsc-visual-arts-mg.pdf (243 KB)
  OK Visual Arts/HSC-NESA/2019-hsc-visual-arts-mg.pdf (243 KB)
  OK Visual Arts/HSC-NESA/2019-hsc-visual-arts.pdf (2731 KB)
  OK Visual Arts/HSC-NESA/2019-hsc-visual-arts.pdf (2731 KB)
  OK Visual Arts/HSC-NESA/2020-hsc-visual-arts-mg.pdf (584 KB)
  OK Visual Arts/HSC-NESA/2020-hsc-visual-arts-mg.pdf (584 KB)
  OK Visual Arts/HSC-NESA/2020-hsc-visual-arts.pdf (1404 KB)
  OK Visual Arts/HSC-NESA/2020-hsc-visual-arts.pdf (1404 KB)
  OK Visual Arts/HSC-NESA/2021-hsc-visual-arts-mg.pdf (591 KB)
  OK Visual Arts/HSC-NESA/2021-hsc-visual-arts-mg.pdf (591 KB)
  OK Visual Arts/HSC-NESA/2021-hsc-visual-arts.pdf (955 KB)
  OK Visual Arts/HSC-NESA/2021-hsc-visual-arts.pdf (955 KB)
  OK Visual Arts/HSC-NESA/2022-hsc-visual-arts-mg.pdf (293 KB)
  OK Visual Arts/HSC-NESA/2022-hsc-visual-arts-mg.pdf (293 KB)
  OK Visual Arts/HSC-NESA/2022-hsc-visual-arts.pdf (1735 KB)
  OK Visual Arts/HSC-NESA/2022-hsc-visual-arts.pdf (1735 KB)
  OK Visual Arts/HSC-NESA/2023-hsc-visual-arts-mg.pdf (513 KB)
  OK Visual Arts/HSC-NESA/2023-hsc-visual-arts-mg.pdf (513 KB)
  OK Visual Arts/HSC-NESA/2023-hsc-visual-arts.pdf (1844 KB)
  OK Visual Arts/HSC-NESA/2023-hsc-visual-arts.pdf (1844 KB)
  OK Visual Arts/HSC-NESA/2024-hsc-visual-arts-mg.pdf (753 KB)
  OK Visual Arts/HSC-NESA/2024-hsc-visual-arts-mg.pdf (753 KB)
  OK Visual Arts/HSC-NESA/2024-hsc-visual-arts.pdf (1126 KB)
  OK Visual Arts/HSC-NESA/2024-hsc-visual-arts.pdf (1126 KB)
  OK Visual Arts/HSC-NESA/2025-hsc-visual-arts-mg.pdf (694 KB)
  OK Visual Arts/HSC-NESA/2025-hsc-visual-arts-mg.pdf (694 KB)
  OK Visual Arts/HSC-NESA/2025-hsc-visual-arts.pdf (17717 KB)
  OK Visual Arts/HSC-NESA/2025-hsc-visual-arts.pdf (17717 KB)
=== NESA done: ok=2598 skip=438 fail=0 ===
=== NESA done: ok=2598 skip=438 fail=0 ===
